practice_code,registered_patients,pct_0_14,pct_65plus,pct_75plus,pct_80plus,pct_male
A81001,3749,16.004,23.313,12.563,7.255,50.147
A81002,18649,15.041,23.358,11.245,6.097,49.542
A81004,11398,17.099,20.433,9.844,5.79,51.72
A81005,7585,12.564,32.011,17.798,9.769,48.991
A81006,14591,16.448,20.684,9.499,4.921,49.736
A81007,10485,16.052,19.619,9.299,5.322,49.9
A81009,7982,16.5,18.842,7.868,4.335,50.551
A81011,11986,15.835,22.718,10.679,5.548,48.74
A81012,5672,19.587,13.664,4.989,2.786,52.204
A81013,7763,15.406,21.937,10.486,5.23,48.77
A81014,4109,14.261,27.671,13.799,7.861,50.426
A81016,12553,19.605,12.443,5.417,2.9,53.509
A81017,18279,16.352,17.961,7.894,3.972,49.877
A81018,10169,15.596,22.49,10.857,5.959,51.254
A81019,8845,19.062,17.117,6.874,3.584,49.158
A81020,7818,18.01,21.566,10.924,6.306,49.655
A81021,26524,17.833,20.163,9.542,5.252,48.884
A81022,9348,14.26,24.722,12.11,5.809,49.904
A81023,8274,16.679,11.76,4.472,2.308,52.913
A81025,4091,16.28,20.973,10.022,5.867,51.014
A81026,20766,19.835,15.439,6.824,3.636,51.474
A81027,14271,14.778,24.602,12.452,6.818,49.562
A81029,6918,16.753,12.605,5.175,2.616,55.71
A81030,16945,17.386,19.433,9.649,5.482,49.938
A81031,13613,17.366,19.408,9.278,5.392,48.762
A81032,11675,14.099,26.955,14.364,8.06,48.48
A81034,20949,17.313,17.013,7.237,3.671,50.203
A81035,9650,16.549,18.01,7.845,3.813,53.14
A81036,16086,15.678,22.069,11.066,5.993,49.155
A81037,6289,14.152,14.12,6.185,3.546,54.206
A81038,3739,21.771,13.052,5.055,2.835,50.388
A81039,13109,17.004,21.398,10.649,5.454,48.318
A81040,8507,15.869,22.099,9.58,4.949,49.559
A81041,9399,15.8,23.407,10.139,5.245,50.144
A81042,15722,18.56,17.536,7.2,4.026,50.242
A81044,19374,15.763,20.827,9.373,4.929,50.031
A81045,6276,14.308,22.371,11.17,6.326,50.844
A81046,12231,16.499,22.345,10.939,6.533,49.849
A81048,7125,11.789,30.554,17.558,10.54,49.375
A81049,6384,19.283,16.494,6.955,3.697,49.577
A81051,7263,17.334,18.642,8.096,3.993,50.2
A81052,10019,15.96,22.807,11.279,6.158,47.949
A81053,5823,15.25,24.403,11.592,6.2,51.503
A81054,8478,14.909,22.387,10.616,5.615,49.292
A81056,2376,13.468,25.505,10.732,6.608,49.411
A81057,10043,17.027,19.655,8.384,4.341,47.436
A81058,9211,17.468,21.865,10.433,5.537,47.226
A81060,6293,16.002,22.883,10.265,5.307,48.387
A81063,5344,15.625,20.677,9.45,4.884,53.069
A81064,8067,17.057,10.4,4.649,2.628,55.163
A81066,5541,14.979,22.74,10.07,5.125,48.295
A81067,10803,17.236,15.903,6.544,3.045,53.467
A81070,6177,17.792,14.684,6.767,3.319,49.927
A81602,2218,12.173,29.08,15.915,8.972,50.0
A81608,17866,15.863,7.556,2.776,1.259,53.258
A81610,7746,17.286,19.739,8.533,4.686,49.045
A81611,9675,17.922,19.959,9.023,4.765,48.506
A81612,4121,15.142,23.708,10.92,5.678,48.362
A81618,9897,11.69,29.807,16.126,8.972,48.681
A81621,2810,24.947,10.569,3.665,2.1,49.217
A81622,5609,18.702,16.42,8.183,4.6,50.472
A81629,10831,19.075,11.679,5.161,2.327,53.135
A81631,7472,16.14,20.998,9.837,5.046,48.207
A82003,11930,12.598,26.253,13.646,7.485,49.765
A82004,2200,11.364,30.818,13.455,6.818,50.409
A82005,5709,8.092,26.117,12.437,7.672,51.865
A82006,5160,12.481,32.209,16.027,8.605,49.574
A82007,11490,15.587,20.218,10.104,5.239,49.321
A82008,12083,14.914,22.66,11.893,6.753,50.459
A82009,9152,15.778,21.7,11.407,6.174,49.213
A82010,6693,14.089,24.563,11.49,6.32,48.588
A82012,16734,12.28,31.308,15.418,8.372,49.635
A82013,6449,12.622,31.121,16.018,9.226,49.837
A82014,4232,9.641,33.767,16.753,9.121,49.858
A82015,13356,15.581,15.836,7.727,4.35,51.243
A82016,40805,15.853,21.394,10.462,5.82,49.592
A82018,13696,15.472,20.962,9.901,5.323,49.394
A82020,15213,16.887,20.857,10.011,5.324,49.655
A82021,18016,12.472,27.886,13.827,7.427,49.362
A82022,5192,13.81,29.102,15.505,8.956,49.326
A82023,6505,13.851,26.933,13.098,7.041,49.731
A82024,5955,12.208,30.814,15.231,8.228,49.874
A82025,11810,13.878,23.319,11.482,5.953,48.857
A82026,17179,13.388,27.068,14.331,8.184,48.629
A82027,10014,11.344,27.422,14.45,8.009,50.16
A82028,8342,9.926,29.765,15.632,8.883,49.928
A82029,3540,11.497,31.78,14.718,7.429,50.113
A82030,6515,12.663,32.402,16.639,9.547,48.949
A82031,3325,12.0,29.504,12.361,6.436,49.895
A82032,13867,15.346,23.92,12.101,6.548,49.643
A82033,7923,14.086,27.515,13.253,7.169,49.754
A82035,14374,12.203,28.016,14.686,8.39,49.52
A82036,11670,13.865,24.602,12.468,6.924,49.597
A82037,4438,11.469,34.047,16.99,9.554,49.504
A82038,4641,14.2,26.287,12.67,6.68,49.601
A82039,8745,14.431,24.082,11.95,6.621,49.663
A82041,13745,14.049,23.143,11.306,6.17,50.782
A82044,23049,16.022,21.025,9.723,5.215,50.631
A82045,9167,15.098,24.632,12.49,6.403,48.598
A82046,4665,10.139,20.557,10.289,6.367,53.419
A82047,33380,15.611,22.124,10.992,5.968,49.949
A82053,7474,9.901,39.524,22.09,13.005,48.488
A82055,7347,14.251,26.528,12.658,6.561,49.149
A82062,6427,16.431,20.429,9.834,5.15,51.004
A82064,6334,12.614,28.15,13.309,6.789,49.621
A82068,4741,12.951,24.193,12.381,6.56,50.074
A82070,6626,9.87,29.762,16.496,9.433,49.668
A82071,4128,12.863,24.467,12.888,7.001,52.301
A82072,7345,15.371,20.477,9.707,5.242,52.566
A82075,7624,14.363,22.39,10.1,5.26,48.636
A82608,4731,14.204,24.815,11.943,6.362,51.448
A82613,1010,11.881,30.99,15.644,8.119,52.475
A82617,2808,13.497,30.306,12.749,6.838,50.712
A82620,1003,9.172,24.925,11.565,6.879,52.542
A82629,2957,12.141,23.706,11.431,5.952,55.462
A82631,3731,13.24,28.491,13.401,7.451,49.317
A82646,3852,14.2,26.454,12.098,6.646,50.779
A82647,3319,9.611,33.173,17.053,9.672,48.087
A82650,2995,10.484,31.052,15.426,7.913,50.751
A82651,4983,13.165,28.818,14.088,7.305,52.258
A82654,7929,14.554,20.709,10.064,5.902,51.217
A83001,15878,16.904,20.456,9.453,4.661,48.91
A83003,9182,14.223,23.764,10.531,5.195,50.349
A83005,12186,15.994,22.674,10.972,5.58,48.4
A83006,8671,16.353,19.029,9.203,5.121,49.337
A83007,10278,14.341,24.012,10.644,6.013,49.231
A83008,5397,15.953,21.104,10.024,5.17,50.584
A83009,7592,11.855,26.199,14.16,8.72,49.249
A83010,13195,13.725,24.721,13.028,7.745,49.829
A83011,34261,5.102,9.168,4.848,2.837,51.134
A83012,15526,15.683,20.997,9.796,5.475,48.982
A83013,13386,18.355,16.368,7.187,3.832,50.082
A83014,6342,14.049,23.384,11.369,6.102,50.993
A83015,9702,14.317,24.892,13.173,7.267,49.32
A83016,10786,15.075,23.401,10.755,5.822,49.666
A83018,16601,13.144,23.914,11.487,6.391,50.015
A83020,13539,15.193,24.256,11.685,6.359,49.457
A83021,16079,16.425,20.692,9.795,4.944,49.568
A83022,26668,15.528,21.899,10.121,5.261,49.291
A83023,12555,16.408,19.705,9.351,4.652,50.434
A83024,5502,13.995,26.445,12.959,7.088,49.237
A83025,13630,14.989,21.086,9.596,4.666,49.846
A83026,10723,15.872,20.05,9.438,4.812,49.986
A83027,7671,15.239,18.759,8.591,4.68,48.56
A83028,9307,12.453,26.389,12.249,6.812,48.931
A83029,5277,13.549,25.261,12.488,6.424,49.308
A83030,14479,16.659,17.639,8.274,4.372,49.941
A83031,11773,14.1,25.372,13.242,7.56,48.917
A83032,2642,10.977,31.151,15.481,9.084,48.297
A83033,10313,15.863,21.332,10.511,5.74,49.433
A83034,11609,16.539,19.338,9.441,5.582,49.841
A83035,7157,10.06,32.597,16.278,8.593,49.979
A83036,10251,13.111,31.304,16.74,9.141,48.766
A83037,12944,13.821,25.618,13.18,7.324,49.158
A83038,6224,15.472,19.955,9.431,5.463,47.96
A83040,12273,16.312,17.999,8.14,4.367,50.126
A83041,7336,15.063,22.737,10.878,6.243,49.359
A83043,2706,9.682,34.405,16.741,8.204,50.739
A83044,8331,15.436,20.37,9.423,5.414,48.938
A83045,14905,14.814,22.737,10.728,5.696,49.44
A83046,10992,12.036,30.995,15.448,8.652,48.572
A83047,14837,15.758,19.35,9.355,5.041,50.394
A83048,6293,13.332,26.569,13.396,7.485,48.753
A83049,16609,15.973,19.851,9.019,4.943,48.684
A83050,12601,13.578,23.046,11.055,5.896,49.044
A83051,11484,15.778,21.917,10.232,5.878,49.39
A83052,8578,14.63,24.796,11.879,5.491,49.51
A83054,17047,15.164,23.359,11.462,6.201,49.217
A83055,5112,14.593,27.25,15.258,7.942,47.105
A83057,18180,16.023,20.737,9.846,5.512,50.088
A83060,2860,12.937,27.028,11.783,6.189,50.0
A83061,3707,11.06,29.593,14.702,7.904,49.177
A83066,12966,17.569,17.677,7.828,4.095,50.517
A83070,5926,13.483,27.59,14.344,8.201,49.477
A83071,4711,15.92,19.635,7.896,4.118,48.27
A83072,4104,14.474,28.314,15.96,9.04,49.147
A83073,5286,14.056,24.839,12.656,6.81,49.395
A83074,11931,17.434,19.546,8.524,4.182,49.065
A83075,8307,14.145,22.439,9.859,5.297,50.969
A83610,3575,16.476,17.986,7.58,3.664,50.042
A83616,8718,16.77,19.27,8.27,4.015,50.596
A83617,2705,12.606,23.401,10.721,5.582,49.057
A83618,7657,14.941,23.273,10.761,5.668,48.962
A83619,3419,16.759,17.724,7.078,3.919,50.161
A83622,1769,15.037,24.534,10.854,5.314,51.102
A83626,2308,15.035,23.484,9.792,4.419,50.52
A83627,6595,18.529,15.572,6.202,3.033,49.507
A83634,2794,16.428,23.658,11.489,6.407,51.181
A83635,4627,18.478,14.653,6.613,3.847,49.989
A83636,5766,15.626,20.794,9.469,5.22,48.907
A83637,4091,13.346,23.711,10.755,5.5,52.945
A83641,4884,16.4,14.087,6.388,3.092,54.361
A83644,3575,14.294,21.566,10.434,5.65,51.944
A84002,6241,9.614,38.183,17.673,9.71,48.806
A84005,12932,15.148,22.603,10.447,5.467,48.206
A84006,18940,11.637,32.101,15.729,8.559,48.728
A84007,10872,14.192,28.394,15.351,8.977,49.641
A84008,4484,8.72,38.314,18.109,9.634,48.662
A84009,26883,16.661,20.831,9.724,4.873,49.905
A84011,8711,15.245,27.322,14.729,8.357,49.099
A84013,6306,14.859,22.328,10.799,5.82,49.064
A84014,14056,15.922,21.763,10.75,5.535,48.968
A84016,6794,14.572,21.828,10.377,5.21,48.793
A84018,7318,11.984,35.775,17.491,10.249,47.827
A84020,8108,13.641,26.221,13.345,7.906,49.815
A84022,12320,12.468,31.015,14.537,7.914,48.044
A84024,10418,12.296,30.697,16.174,9.244,48.243
A84025,5502,14.395,25.863,11.887,5.616,50.182
A84026,9224,11.795,30.16,15.882,8.836,49.295
A84027,3433,11.506,32.479,13.895,7.37,49.519
A84028,20002,14.609,22.113,10.194,5.274,49.995
A84029,4750,12.147,30.989,13.242,6.4,49.558
A84030,11788,14.108,24.652,13.59,6.795,47.743
A84031,11057,12.734,29.945,14.859,8.339,48.069
A84033,5891,12.494,30.657,15.227,8.403,49.296
A84034,5624,12.34,32.183,16.234,8.819,49.271
A84035,5945,13.507,28.848,15.475,8.377,48.797
A84036,49318,15.282,23.411,10.765,5.432,49.38
A84037,6016,12.999,25.798,12.6,5.951,49.701
A84038,9256,15.644,24.082,12.64,5.672,47.58
A84039,7283,13.978,27.791,13.319,7.112,48.098
A84040,3342,11.281,33.543,15.2,8.049,49.91
A84042,2182,9.853,32.86,14.62,8.799,50.321
A84044,7079,13.095,30.047,14.564,7.854,48.835
A84045,5264,11.436,32.314,15.388,7.941,50.152
A84047,5423,11.765,29.559,15.637,8.962,48.552
A84604,4903,10.116,37.1,17.357,9.015,48.521
A84614,2202,14.805,21.117,10.899,5.495,50.545
A84619,4368,14.789,23.718,10.783,6.158,48.558
A85001,7432,14.868,21.165,10.751,6.082,49.489
A85002,3754,12.12,23.815,11.561,6.34,52.318
A85004,10003,15.585,22.343,9.897,5.308,48.825
A85005,17969,15.972,17.68,8.687,4.942,52.067
A85006,14593,14.699,17.968,8.346,4.399,50.12
A85007,8781,14.52,22.526,11.457,6.537,47.626
A85008,15296,14.952,23.411,12.245,7.041,49.085
A85009,6505,14.958,19.124,8.793,4.965,51.668
A85010,11527,14.835,22.243,11.078,6.281,48.746
A85011,7150,15.902,21.622,10.098,6.056,49.538
A85013,3752,12.127,18.923,8.529,4.478,55.277
A85014,20152,14.842,23.035,12.123,6.898,48.978
A85016,12270,16.911,19.25,8.916,4.711,48.851
A85017,8684,25.829,10.191,4.813,2.568,49.85
A85018,4725,14.497,24.275,12.275,7.175,49.63
A85019,10574,14.28,16.9,6.856,3.509,52.535
A85020,15660,13.608,29.393,16.475,9.24,49.004
A85021,4420,12.059,7.941,3.688,1.855,64.91
A85024,2576,13.432,24.34,11.025,5.707,51.281
A85026,5798,16.143,16.385,7.382,3.587,50.483
A85611,5648,14.926,17.971,7.365,3.931,49.274
A85614,8466,10.099,10.087,4.288,2.209,51.689
A85616,5068,13.082,24.625,11.661,6.235,49.941
A85617,3913,16.662,20.342,10.861,5.265,47.841
A86003,42656,6.801,6.705,3.066,1.69,54.07
A86004,14198,20.418,11.1,5.022,2.965,54.973
A86005,6013,16.847,17.179,7.8,4.357,50.358
A86006,5787,14.187,23.881,10.921,5.927,49.594
A86008,13382,17.456,17.927,7.562,3.654,49.985
A86010,10693,12.728,12.709,5.48,2.937,51.426
A86011,10833,17.456,18.564,8.096,4.292,50.272
A86012,12495,19.496,9.884,4.258,2.561,54.262
A86013,7501,17.598,21.89,10.719,6.053,48.327
A86016,9417,14.75,20.452,9.536,4.938,48.604
A86017,11859,15.642,14.048,5.633,3.137,54.086
A86018,13197,13.602,24.998,13.147,7.684,48.625
A86020,27316,12.601,16.862,8.288,4.565,50.513
A86021,10011,17.78,20.288,10.668,6.443,50.514
A86022,8464,15.005,25.13,12.571,7.018,47.767
A86023,10384,14.156,17.585,6.953,3.65,50.905
A86024,6909,14.821,13.403,6.137,3.792,52.786
A86025,13681,19.421,15.891,6.812,3.472,48.651
A86026,7662,17.398,20.791,11.198,6.591,47.86
A86027,22210,1.878,1.315,0.446,0.207,56.398
A86028,7829,16.413,17.563,7.855,4.075,51.143
A86029,20475,10.545,11.56,5.304,2.979,54.618
A86030,10642,18.07,16.595,7.254,3.731,50.404
A86031,10954,19.317,12.626,5.267,3.25,50.575
A86033,8036,24.316,12.593,6.272,4.044,48.955
A86037,8570,17.328,9.09,3.746,1.972,60.163
A86038,6250,15.28,20.208,9.776,5.296,48.672
A86040,6622,21.625,12.927,5.119,2.492,48.958
A86041,6717,16.868,18.997,8.828,4.66,49.903
A86601,9024,15.824,20.047,9.574,4.92,50.0
A87002,21419,12.741,24.861,12.648,7.372,50.049
A87004,24400,14.48,22.443,10.93,5.84,48.869
A87005,13901,14.517,27.279,14.085,7.863,47.903
A87007,17695,15.552,20.921,9.624,4.888,49.845
A87008,9118,18.304,19.675,10.891,6.197,47.576
A87009,15448,15.109,21.051,9.231,4.713,49.366
A87011,6265,13.823,26.56,13.743,7.215,49.976
A87012,7438,15.219,24.2,12.019,6.346,48.736
A87013,9353,15.204,20.175,8.682,5.014,49.364
A87016,12877,15.353,18.879,8.069,3.906,50.276
A87017,6816,16.344,25.015,12.955,6.734,47.521
A87020,13326,13.252,24.839,12.457,6.829,48.754
A87022,9632,19.228,13.559,5.295,2.481,49.522
A87029,21200,15.679,19.335,8.278,4.387,49.811
A87030,6283,18.096,12.351,4.998,2.833,49.117
A87612,6560,16.037,20.671,9.634,4.802,47.363
A87615,5544,16.649,18.831,9.47,4.455,49.387
A88001,3638,16.245,20.698,10.693,6.075,52.529
A88002,16635,15.666,21.365,9.42,5.17,51.115
A88003,22658,13.748,22.901,10.862,6.068,50.759
A88004,8992,15.136,20.552,9.108,4.804,49.666
A88005,4455,17.486,19.416,8.754,4.287,52.884
A88006,7749,15.731,22.596,10.014,5.175,48.664
A88008,6323,13.459,21.841,9.932,4.855,53.139
A88009,5894,13.59,25.076,12.555,7.296,50.288
A88010,3602,14.742,22.71,11.188,6.302,50.416
A88012,6061,16.449,21.894,9.074,4.57,49.167
A88013,19307,17.393,19.081,8.924,4.838,49.246
A88014,2865,13.089,13.962,6.213,3.176,60.663
A88015,7399,15.272,19.07,8.123,4.555,52.75
A88016,8391,15.171,23.025,11.131,6.197,47.527
A88022,11128,17.937,16.58,6.946,3.855,48.634
A88023,5328,13.589,26.502,13.889,7.62,48.536
A88025,4296,12.058,26.606,12.011,6.681,48.301
A88601,4477,13.357,22.493,10.565,5.405,50.168
A88608,5995,14.479,21.835,10.025,5.571,52.16
A88613,4190,16.205,21.265,11.217,5.728,48.854
A89001,13602,16.806,19.38,8.19,4.595,49.39
A89002,6923,12.697,14.892,6.399,3.091,54.514
A89004,11887,15.513,23.067,11.895,6.621,49.651
A89005,5863,14.924,23.793,11.615,6.737,50.64
A89006,7980,16.942,15.226,6.855,3.697,51.967
A89007,10055,14.451,20.587,10.184,5.46,49.826
A89008,5442,16.924,17.512,7.589,4.612,50.625
A89009,9769,16.911,19.736,9.08,5.477,48.818
A89010,12145,14.483,24.652,12.096,6.711,49.247
A89011,4855,17.137,20.515,9.351,5.088,49.186
A89012,11652,15.757,21.713,9.303,3.467,50.3
A89013,5623,10.048,21.305,11.453,6.669,52.605
A89015,9169,11.572,29.054,15.214,9.292,47.552
A89016,9285,11.998,21.928,10.598,5.902,51.169
A89017,14324,15.268,18.577,7.596,4.049,51.18
A89018,5205,13.987,19.75,9.241,5.168,52.008
A89019,14748,16.436,20.24,9.181,5.072,48.888
A89020,8544,13.167,18.422,8.193,4.412,54.003
A89021,8528,15.607,21.06,9.932,5.253,49.461
A89022,5221,13.982,25.321,13.484,6.665,48.822
A89023,8414,16.413,22.451,10.625,6.049,48.11
A89024,7968,15.55,20.356,10.316,5.271,48.368
A89025,9916,16.307,18.193,7.836,3.278,49.405
A89026,7184,13.586,24.457,11.386,5.387,49.736
A89027,6360,16.321,18.884,8.349,4.214,47.374
A89028,7508,14.584,22.416,11.335,6.193,49.893
A89030,6630,14.796,22.73,11.599,6.124,48.989
A89031,7419,15.002,12.185,5.162,2.763,51.826
A89032,9194,14.39,23.135,10.779,6.124,48.804
A89034,4170,12.158,11.966,4.964,2.422,57.266
A89035,10811,17.288,19.462,8.593,4.68,48.007
A89036,2234,14.682,19.964,8.505,4.208,53.984
A89040,4562,10.215,24.989,12.012,6.927,55.042
A89041,8097,17.933,17.29,7.336,3.816,48.549
A89614,4530,16.071,19.448,9.691,5.453,50.022
A89616,2929,14.92,20.417,8.672,3.824,47.934
A89617,3566,13.573,25.603,11.497,6.141,51.991
A89623,3085,16.434,16.694,7.78,4.149,54.457
B81003,12754,13.909,27.317,14.936,8.742,48.745
B81004,12439,11.199,35.775,18.177,9.076,48.959
B81005,16870,13.954,25.335,12.667,6.734,49.455
B81006,11629,12.383,34.044,19.039,10.947,50.477
B81007,9935,12.612,28.213,14.182,7.499,49.139
B81008,38067,17.845,17.805,7.702,3.961,50.634
B81009,8669,14.869,24.224,12.804,6.402,49.694
B81011,10622,17.407,18.518,8.652,4.585,49.077
B81012,3214,14.686,21.189,9.365,5.04,52.925
B81013,8963,15.776,16.78,8.569,4.853,51.791
B81015,17103,15.138,21.207,10.443,5.578,50.184
B81016,10154,17.934,17.422,8.066,4.107,49.271
B81017,16602,14.956,8.794,3.542,1.891,62.125
B81018,9275,19.946,15.191,6.361,3.17,50.005
B81020,8682,15.284,22.714,10.954,5.321,47.236
B81022,12714,13.316,27.238,14.189,8.628,49.229
B81024,11297,14.234,29.388,16.19,9.454,48.632
B81025,33616,12.655,30.643,15.436,7.821,49.759
B81026,20280,17.175,16.918,7.682,4.107,51.78
B81027,7891,16.335,16.665,7.084,3.852,51.907
B81029,11922,14.075,23.436,11.357,5.888,49.312
B81030,24736,14.582,26.848,14.881,8.672,48.63
B81031,21158,15.195,22.228,10.181,5.487,49.433
B81032,5880,14.048,8.197,2.908,1.429,53.912
B81034,11512,12.431,32.879,16.348,8.652,49.878
B81035,6965,14.472,20.431,10.079,5.341,50.251
B81036,19016,14.167,25.426,13.142,6.989,48.764
B81037,14579,12.717,30.75,16.249,8.91,49.071
B81038,8188,16.341,21.898,10.589,5.606,48.864
B81039,34750,16.711,20.636,9.721,5.378,50.325
B81040,16000,19.8,15.731,6.513,3.506,50.325
B81041,6206,12.746,26.942,13.422,6.945,49.855
B81042,13614,13.831,29.448,15.22,8.212,47.304
B81043,14979,12.684,29.074,14.474,7.644,49.469
B81045,12371,15.367,22.302,11.179,5.885,49.559
B81046,8992,18.594,16.214,6.628,3.503,50.612
B81047,7604,14.571,15.163,6.405,3.222,55.234
B81048,55983,15.989,17.03,7.849,4.169,50.899
B81051,10941,10.849,33.306,17.0,9.496,48.186
B81054,8092,12.58,20.539,9.392,4.783,52.805
B81061,48576,15.411,23.596,11.93,6.666,48.462
B81063,7384,11.999,29.645,14.789,7.692,48.524
B81064,10814,17.394,19.059,9.58,5.456,49.122
B81068,17638,15.994,21.079,10.472,5.687,50.465
B81069,30337,13.324,31.087,15.671,8.234,49.191
B81074,11590,14.271,22.899,11.104,5.66,50.802
B81075,3987,12.992,26.16,13.494,7.474,48.909
B81082,6745,14.455,23.944,12.172,6.953,48.05
B81085,38510,21.439,10.66,4.355,2.308,49.925
B81087,7854,14.489,22.167,10.644,5.59,49.962
B81088,8291,13.171,24.834,11.398,5.934,49.56
B81090,4793,16.003,16.733,7.803,4.611,50.636
B81091,5221,14.442,23.616,11.607,6.474,49.971
B81092,12504,13.476,28.143,13.62,7.254,48.768
B81097,2580,16.783,17.442,8.217,4.457,53.023
B81099,10682,13.724,26.671,13.368,7.124,49.448
B81100,4219,15.691,32.164,20.005,12.349,47.713
B81101,23882,14.346,24.073,12.105,6.834,48.576
B81104,7447,7.386,5.492,2.149,1.276,54.008
B81108,4464,15.614,20.968,9.789,5.735,48.925
B81109,22478,13.289,26.506,13.551,7.358,49.84
B81112,21437,18.356,13.687,6.279,3.368,50.697
B81113,10069,17.569,19.019,8.998,4.757,49.359
B81118,7719,18.746,18.914,9.496,5.286,50.395
B81119,6388,18.363,14.59,6.215,3.006,49.436
B81606,4342,19.093,15.016,6.241,3.339,52.464
B81616,2934,16.121,20.552,10.975,6.442,51.329
B81617,16675,21.253,8.384,3.574,1.919,53.217
B81619,2524,15.333,22.979,11.846,6.418,51.03
B81628,2852,13.324,28.752,13.499,7.258,49.194
B81631,4711,18.595,17.533,7.536,2.951,51.284
B81635,3706,13.033,29.682,14.139,7.043,50.189
B81642,4358,13.011,29.693,15.259,8.765,48.623
B81645,2079,16.306,13.324,4.762,2.405,54.016
B81647,3078,14.1,26.153,11.241,5.231,48.765
B81648,1635,13.333,23.792,8.379,3.425,52.538
B81653,7482,12.604,28.963,16.934,10.171,49.666
B81655,3269,18.201,16.396,7.464,3.946,49.526
B81656,6763,22.239,13.056,5.308,2.41,50.347
B81663,2918,18.711,18.06,7.3,2.913,53.187
B81665,2383,15.946,18.422,7.386,3.861,51.364
B81666,2673,11.972,28.919,16.162,9.465,49.046
B81697,2957,18.228,19.445,8.894,4.768,51.099
B82002,8055,14.153,28.802,14.836,8.529,48.38
B82004,11127,13.103,28.579,14.649,7.855,49.42
B82005,58214,15.689,15.337,7.62,4.276,50.093
B82007,9705,11.005,34.477,17.568,9.768,49.645
B82008,8792,11.408,30.755,16.924,10.168,50.0
B82010,7697,14.057,24.49,12.836,7.535,49.201
B82011,5789,13.56,26.205,11.435,6.132,49.421
B82012,15697,15.691,24.431,13.073,7.677,48.965
B82013,20598,13.579,19.963,9.423,5.209,50.209
B82014,6826,14.533,22.502,12.584,7.486,50.249
B82016,15779,14.564,20.844,10.882,6.42,48.115
B82017,13337,11.269,31.146,15.356,8.15,49.396
B82018,6864,12.908,28.686,13.709,7.255,48.966
B82019,4341,17.968,20.571,8.961,4.193,48.238
B82021,10017,13.497,21.533,10.951,6.16,47.509
B82022,5690,12.091,33.603,18.77,11.142,48.172
B82023,6085,15.629,23.665,11.339,6.343,48.907
B82024,8876,17.812,22.375,10.94,6.073,48.299
B82025,21116,14.487,23.788,11.891,6.573,50.161
B82026,31867,13.506,29.234,16.29,9.405,48.407
B82027,14090,13.584,22.392,11.597,6.749,48.616
B82029,3218,10.193,34.152,15.631,8.421,49.814
B82030,5849,11.968,32.142,16.276,8.531,48.966
B82031,11244,19.166,17.867,8.707,4.74,49.173
B82032,12399,15.421,26.413,12.904,7.243,48.383
B82033,10945,11.174,35.267,19.059,10.827,48.223
B82034,6337,9.91,33.707,16.727,9.61,47.83
B82035,3643,11.941,27.834,14.795,7.823,49.629
B82036,7744,14.14,25.659,14.153,7.955,47.843
B82037,8782,10.567,39.456,21.054,11.751,48.463
B82038,24260,14.604,22.201,11.142,6.167,51.373
B82041,15837,15.432,24.639,12.199,6.586,49.631
B82042,8591,13.06,28.588,14.608,8.241,48.26
B82044,9493,11.682,33.109,17.982,10.692,48.731
B82045,4102,9.581,35.178,16.333,8.581,51.633
B82046,3072,12.435,30.404,13.77,6.673,51.172
B82047,16901,4.81,7.662,4.467,2.793,46.577
B82049,8213,13.82,27.176,13.844,8.048,47.766
B82050,21691,13.831,28.791,14.942,8.197,48.462
B82053,15527,14.201,25.884,12.655,6.865,48.973
B82054,16551,11.999,32.85,17.455,9.915,48.311
B82057,7539,16.74,22.43,10.585,5.77,49.343
B82059,11439,13.812,25.203,13.096,7.466,49.803
B82060,12906,15.125,24.392,12.924,7.477,48.915
B82061,7433,11.974,32.921,16.346,9.35,49.684
B82063,9705,11.643,34.323,17.63,9.098,47.924
B82064,3605,12.594,26.352,12.372,6.214,49.015
B82066,10168,13.464,29.288,14.683,7.976,49.312
B82067,8713,15.586,24.458,12.154,6.473,48.594
B82068,3609,12.552,32.696,17.318,10.64,50.319
B82069,7648,13.049,27.262,13.964,7.754,49.098
B82071,7388,13.914,29.575,15.579,8.378,49.31
B82072,5098,11.259,31.954,16.261,8.964,49.333
B82073,10840,15.849,21.504,10.535,5.554,49.437
B82074,18688,15.705,20.997,10.932,5.881,49.267
B82075,9525,12.924,29.029,14.719,8.157,48.273
B82077,6214,12.037,32.588,16.994,9.463,48.761
B82078,6165,9.911,36.853,18.637,10.349,48.451
B82079,3769,11.25,33.006,17.272,10.056,48.289
B82080,18813,14.059,26.753,14.421,7.883,48.716
B82081,7210,13.578,26.269,13.911,7.989,48.377
B82083,44452,12.341,16.042,7.966,4.474,49.213
B82086,5131,11.83,30.559,14.461,7.211,49.834
B82088,10643,13.784,21.094,10.73,6.023,51.142
B82097,11301,17.14,17.945,6.734,3.132,50.234
B82098,27317,11.121,17.301,8.508,4.521,49.101
B82100,8707,12.622,26.519,12.817,6.638,47.72
B82101,5290,11.474,33.667,16.711,9.206,48.998
B82104,8356,25.227,9.885,4.392,2.441,44.806
B82105,9426,14.937,24.432,12.094,6.79,49.31
B82106,4756,12.784,31.96,16.274,8.663,47.771
B82609,4210,13.088,28.242,12.708,7.292,48.456
B82619,1821,15.266,29.489,14.552,7.853,48.71
B82622,1569,9.178,36.01,18.419,9.369,50.478
B82628,4499,10.802,36.853,17.782,10.047,47.699
B83002,5636,13.644,27.75,15.827,9.12,48.048
B83005,6871,22.835,9.882,3.828,2.139,51.419
B83008,20047,20.986,11.668,4.629,2.509,51.594
B83009,15956,18.037,19.548,9.558,5.045,48.051
B83010,10109,17.519,16.104,7.251,4.115,51.33
B83012,11210,20.696,12.239,5.718,3.211,50.419
B83014,13785,14.262,24.955,12.891,7.167,49.351
B83015,8862,20.797,12.977,5.518,2.855,49.707
B83016,8842,23.445,8.935,3.574,2.036,48.518
B83018,12498,17.195,18.595,8.777,4.825,49.28
B83019,7230,16.086,25.104,13.195,7.289,49.115
B83020,18263,17.226,18.962,8.471,4.32,49.504
B83022,10043,13.462,29.254,15.643,8.334,49.398
B83025,4525,21.702,9.834,3.845,1.901,52.663
B83026,5913,24.455,5.293,1.911,1.082,52.85
B83028,10855,17.144,19.742,9.314,4.975,49.203
B83029,10195,17.332,20.471,9.848,5.257,49.564
B83031,3921,15.2,24.024,10.661,5.101,49.171
B83032,4464,23.365,8.916,3.383,1.837,54.772
B83033,86427,15.692,22.352,10.964,5.94,49.405
B83034,6940,21.988,9.063,3.17,1.916,52.176
B83035,15839,22.729,8.485,3.378,1.755,51.777
B83037,10028,13.712,27.343,14.25,7.359,47.756
B83038,18773,21.163,12.555,5.769,3.345,49.363
B83039,24337,16.046,20.693,10.359,5.555,48.938
B83041,14592,20.121,12.26,4.838,2.467,50.644
B83042,9101,21.404,13.647,6.01,3.219,48.863
B83045,12392,17.301,18.649,8.586,4.664,48.443
B83051,9777,11.599,0.563,0.174,0.051,65.889
B83052,23332,22.493,9.065,3.617,1.937,50.291
B83054,6180,17.152,16.667,7.686,4.013,47.573
B83055,31793,21.017,12.704,5.174,2.702,49.8
B83056,8629,19.701,17.43,8.39,4.96,48.801
B83058,8757,24.495,4.259,1.53,0.879,53.226
B83062,9172,21.053,13.018,5.048,2.715,49.4
B83063,19262,16.909,16.182,7.221,3.816,50.384
B83064,11525,21.024,16.278,7.358,4.069,48.868
B83067,7830,13.308,24.253,11.762,6.309,49.042
B83604,4813,23.063,8.124,2.93,1.621,51.714
B83611,11843,23.508,6.797,2.466,1.444,53.694
B83614,9743,23.453,7.308,2.987,1.673,51.021
B83620,3500,11.029,42.486,23.057,12.429,46.943
B83622,4330,21.986,8.36,2.679,1.455,52.24
B83624,17011,11.581,30.439,17.218,10.916,48.498
B83626,6488,24.276,7.182,2.805,1.449,50.74
B83627,3525,19.461,11.489,4.738,2.582,54.553
B83628,9886,21.677,6.1,2.114,1.224,53.854
B83629,3198,22.514,10.819,4.378,2.033,51.094
B83641,10838,23.99,7.178,2.639,1.522,50.987
B83642,4665,22.487,8.081,2.658,1.415,51.961
B83653,7900,23.291,7.177,2.557,1.519,51.304
B83657,5521,13.82,1.395,0.163,0.036,72.161
B83659,3994,22.033,6.209,2.554,1.627,52.554
B83660,5879,21.67,7.229,2.5,1.361,55.111
B83661,2966,23.129,8.092,2.697,1.821,50.775
B84001,10203,15.672,17.769,7.39,3.421,50.867
B84003,7737,12.718,23.989,11.994,6.734,49.554
B84004,18589,12.341,24.052,10.646,5.148,48.921
B84006,16091,14.89,20.577,9.682,4.823,48.866
B84007,10606,14.332,22.233,10.23,5.308,49.161
B84008,16440,14.446,24.234,12.159,6.673,48.467
B84009,11535,15.05,22.367,10.724,5.548,48.791
B84010,10141,16.783,19.111,9.259,4.506,49.64
B84011,11008,12.482,25.709,13.826,7.476,49.282
B84012,28519,18.668,16.059,7.868,4.534,51.39
B84013,9323,17.494,20.723,9.707,5.556,48.74
B84014,5535,14.237,26.703,14.128,7.696,49.377
B84016,11390,16.585,19.245,9.464,5.154,49.219
B84019,17175,19.528,13.747,6.568,3.622,50.818
B84021,8643,16.777,21.567,11.304,6.375,48.166
B84612,9046,17.411,12.536,5.428,2.985,53.14
B84613,10674,20.798,13.266,6.005,3.176,48.707
B84618,7998,18.305,15.329,7.102,3.826,51.413
B84623,5117,17.002,16.416,7.876,3.987,47.45
B85001,6737,15.541,21.107,10.761,5.908,50.453
B85002,4591,15.901,20.736,10.76,6.121,48.116
B85004,6115,19.918,14.407,6.623,3.729,50.711
B85005,6725,13.77,27.152,13.576,7.019,49.294
B85006,15367,12.794,25.607,12.716,6.781,49.19
B85008,6214,21.371,13.421,6.839,3.991,50.483
B85009,8680,18.041,17.108,8.491,4.758,50.092
B85010,7133,17.58,19.108,9.197,5.285,47.918
B85012,10758,19.465,17.187,7.985,4.118,49.424
B85014,9303,14.296,23.046,11.663,5.869,48.769
B85015,8427,15.355,20.755,10.894,5.838,49.365
B85016,10686,19.736,14.87,6.532,3.724,50.337
B85018,9415,19.543,15.486,7.616,4.312,49.931
B85019,17292,14.145,24.636,13.677,7.882,48.965
B85020,6665,19.43,15.874,6.932,3.361,50.938
B85021,9062,14.235,22.931,11.499,6.257,50.099
B85022,7966,12.754,27.793,14.725,7.457,49.322
B85023,6265,14.717,21.852,11.173,6.433,48.364
B85024,9281,15.149,21.646,10.979,5.506,48.874
B85025,12310,17.734,19.829,10.252,5.849,48.603
B85026,8016,14.034,25.437,12.899,6.462,48.253
B85027,10278,16.783,20.529,9.982,5.351,47.752
B85028,17410,19.518,14.825,6.87,3.762,49.667
B85030,9422,16.313,18.043,9.266,4.935,48.97
B85031,6943,13.02,25.853,13.899,7.634,49.157
B85032,5950,15.647,24.286,12.824,6.437,48.555
B85033,5750,18.383,20.0,10.661,6.504,48.887
B85036,8581,16.781,19.648,9.02,4.953,48.829
B85037,5708,18.115,18.255,9.303,4.765,51.875
B85038,5878,16.417,20.806,9.731,5.257,49.013
B85041,15808,20.964,10.653,4.124,2.088,50.633
B85042,9002,18.285,14.541,6.521,3.733,51.533
B85044,2919,23.261,7.091,2.261,1.405,53.854
B85048,4464,23.589,9.61,4.301,2.531,51.165
B85051,7005,16.445,20.414,9.593,4.882,49.522
B85054,10293,13.504,23.55,11.173,5.256,50.16
B85055,12966,23.747,7.173,2.514,1.473,51.095
B85058,3053,16.672,10.842,5.175,3.046,52.375
B85059,8537,16.868,18.18,7.778,3.69,47.077
B85060,2372,13.153,25.211,14.46,8.305,51.813
B85061,9634,13.909,24.465,12.84,7.017,48.786
B85062,14261,6.206,0.722,0.161,0.063,63.158
B85606,4580,17.686,15.328,6.354,3.69,54.345
B85610,10889,15.915,20.608,9.79,4.711,48.618
B85611,3711,17.731,14.902,6.629,4.5,53.328
B85612,4791,18.681,15.237,7.472,4.049,49.802
B85614,6935,22.956,8.796,3.562,2.35,54.766
B85619,3187,19.391,13.618,5.585,3.075,51.647
B85620,2939,19.462,16.196,7.826,3.845,49.915
B85623,3425,18.073,16.117,6.861,4.175,51.182
B85634,3615,23.071,9.101,3.624,1.853,52.586
B85636,4396,15.287,21.975,11.556,6.688,47.066
B85640,3625,14.814,19.31,8.993,4.303,48.91
B85641,4247,16.247,18.201,9.984,5.887,49.447
B85645,2467,23.672,6.08,1.702,0.851,51.034
B85646,6285,17.963,16.691,7.892,4.551,52.092
B85650,4916,24.837,5.207,1.973,1.058,53.804
B85652,7681,21.495,8.905,3.346,1.745,50.71
B85655,2780,19.317,14.676,6.799,3.705,49.964
B85659,1739,13.514,1.15,0.173,0.058,73.836
B85660,6713,17.816,16.267,7.24,4.007,49.412
B86002,14897,19.776,8.901,3.84,2.195,55.219
B86003,17082,19.237,9.946,4.145,2.119,52.997
B86004,8583,15.997,21.834,10.952,5.849,48.363
B86005,5640,18.333,10.904,4.468,2.216,51.702
B86006,15176,15.037,21.04,10.984,6.471,48.359
B86007,9285,19.311,16.457,7.474,4.006,48.799
B86008,19084,19.079,20.892,10.265,5.408,48.465
B86009,7860,15.992,22.316,11.743,6.997,49.249
B86010,9955,15.148,28.689,15.912,9.191,48.569
B86011,9653,16.907,17.497,8.339,4.465,49.446
B86012,19377,19.291,8.649,3.375,1.786,52.165
B86013,20334,22.917,9.728,4.903,2.97,50.811
B86014,13447,17.528,18.049,9.102,5.392,48.762
B86015,13932,17.083,15.432,6.84,3.582,49.088
B86016,18342,19.485,15.669,7.218,3.844,48.964
B86017,17042,12.71,12.076,5.903,3.175,52.553
B86018,7398,12.706,23.168,10.8,5.866,48.527
B86019,20401,18.279,15.181,7.529,4.407,50.189
B86020,11185,16.021,20.617,10.621,5.74,48.789
B86022,14195,20.035,12.688,6.002,3.614,49.708
B86024,9529,14.671,16.549,7.419,3.946,50.624
B86025,10885,10.703,5.365,1.975,1.011,54.8
B86028,5178,16.647,16.802,8.382,4.365,51.12
B86029,5759,14.812,23.511,11.999,5.991,49.331
B86030,10816,9.662,17.724,9.745,5.778,51.054
B86032,18748,14.514,27.464,14.53,8.268,49.221
B86033,11851,13.467,30.58,17.61,10.556,48.123
B86034,6824,15.783,26.465,14.918,8.705,48.447
B86035,9396,17.678,16.326,7.28,3.959,50.49
B86036,11044,14.705,26.757,14.678,7.869,48.587
B86038,10680,14.672,22.875,12.341,6.713,49.588
B86039,9710,16.653,14.706,6.241,3.151,50.989
B86041,7848,17.036,11.442,5.186,2.536,51.491
B86042,15817,20.301,12.967,5.817,3.224,49.175
B86043,10294,21.294,11.91,5.605,2.982,49.767
B86044,28391,17.914,18.379,10.109,5.84,48.78
B86048,14583,14.901,23.761,13.104,7.714,48.707
B86049,10324,16.99,9.812,4.213,2.392,50.969
B86050,20452,17.539,17.377,8.635,4.469,48.827
B86051,15019,15.407,20.521,10.16,5.506,48.725
B86052,12104,15.838,24.926,13.301,7.65,48.67
B86054,6225,17.96,16.016,6.795,3.759,50.024
B86055,6283,15.343,21.63,10.934,5.937,49.244
B86057,19850,16.388,17.521,8.438,4.458,48.957
B86059,16358,16.231,14.232,6.113,3.319,49.486
B86060,10950,17.489,13.489,6.027,3.37,50.411
B86061,5216,21.377,5.732,2.128,1.342,56.461
B86062,8227,13.687,21.478,10.417,5.069,51.003
B86064,17048,16.307,18.536,8.64,4.839,49.331
B86066,14484,18.496,18.938,9.272,5.268,49.178
B86067,16874,15.367,18.348,9.204,4.593,50.391
B86068,7836,14.484,18.555,8.831,5.028,50.396
B86069,13985,8.945,6.857,3.11,1.816,56.082
B86070,4488,13.436,25.045,13.191,7.42,50.111
B86071,8440,17.749,15.296,7.133,3.945,49.265
B86075,13810,16.517,18.668,9.298,5.525,48.458
B86081,14557,24.82,7.879,3.339,1.827,52.573
B86086,7469,8.796,9.6,4.231,1.861,53.836
B86089,5992,15.654,19.342,10.03,5.574,50.451
B86092,6815,15.774,21.335,10.609,5.517,48.173
B86093,5820,18.694,17.595,8.729,4.639,49.33
B86094,4965,18.046,16.657,8.278,4.592,51.601
B86096,5650,18.407,14.301,6.212,3.204,52.496
B86100,7617,14.363,13.942,5.461,3.125,49.836
B86101,3521,15.564,23.942,12.951,7.129,50.639
B86103,4739,24.668,4.853,1.962,1.013,53.535
B86104,17322,21.735,8.238,3.262,1.576,50.918
B86106,7700,23.104,9.623,3.87,1.766,49.545
B86108,6703,20.454,7.071,2.715,1.701,51.604
B86109,7886,11.425,8.319,3.69,2.092,55.744
B86110,41899,0.723,0.01,0.002,0.0,48.51
B86623,5152,28.436,2.776,0.873,0.543,59.569
B86642,2908,18.845,10.42,4.23,2.132,51.891
B86643,3862,21.75,7.043,2.771,1.631,56.525
B86648,2442,10.811,30.426,15.725,9.255,50.328
B86655,2197,16.568,13.928,6.236,3.186,53.801
B86658,11304,15.747,21.072,11.288,6.281,49.682
B86666,5728,19.553,9.916,3.771,2.217,55.168
B86667,8066,21.994,9.844,4.19,2.306,51.017
B86669,3344,5.383,0.987,0.12,0.06,84.719
B86672,6917,18.259,13.734,6.535,3.614,50.065
B86673,7174,13.953,26.708,13.939,7.959,50.99
B86675,5212,16.443,7.54,2.648,1.439,54.969
B86678,2984,13.807,23.928,11.461,6.233,48.861
B87001,9839,14.29,23.539,11.099,5.478,49.365
B87002,10507,13.648,23.86,11.783,6.082,49.31
B87003,10979,14.938,23.554,11.558,6.503,48.912
B87004,11796,18.879,12.877,6.299,3.561,52.611
B87005,11624,15.416,19.443,9.412,4.947,49.527
B87006,10648,17.684,19.534,8.687,4.827,50.46
B87007,16184,17.177,17.449,8.403,4.579,48.369
B87008,13398,17.383,18.727,9.434,5.18,49.298
B87009,6242,15.892,22.429,11.118,6.248,50.897
B87011,13184,15.686,23.187,11.613,6.493,49.302
B87012,9913,17.815,15.323,7.162,3.722,52.184
B87013,14442,14.797,22.995,11.633,5.782,48.747
B87015,7330,15.102,21.596,10.859,5.798,50.764
B87016,24540,16.508,17.824,7.926,4.271,49.625
B87017,27521,15.181,15.552,7.489,4.309,53.087
B87018,11686,16.481,16.866,7.659,4.262,50.317
B87019,7385,15.328,21.11,9.668,5.43,48.829
B87020,13856,15.307,25.144,12.327,6.452,48.622
B87021,12888,17.381,19.344,9.466,5.152,50.248
B87022,9030,20.986,10.365,4.297,2.281,50.908
B87025,8443,17.375,16.238,8.255,4.513,50.018
B87026,14512,17.33,19.556,9.02,4.872,50.696
B87027,14019,16.178,18.953,9.273,4.879,49.397
B87028,10988,15.726,22.652,11.121,5.979,49.263
B87030,29932,16.664,18.181,8.837,4.747,50.341
B87031,22206,15.577,21.886,11.546,6.219,49.009
B87032,8163,18.118,16.367,7.73,4.459,49.528
B87033,5712,17.139,20.046,8.543,4.149,50.035
B87036,4163,14.989,20.73,8.576,4.516,51.021
B87039,14743,16.469,15.886,7.536,4.28,50.397
B87042,5588,19.041,13.941,5.297,2.523,50.054
B87044,2412,14.386,21.932,9.494,4.975,52.695
B87602,3695,15.616,20.352,9.824,5.386,48.254
B87604,2852,20.337,12.062,5.014,2.279,51.999
C81001,11506,15.687,22.084,10.829,5.588,49.696
C81002,12317,13.688,25.737,13.615,7.94,48.486
C81003,10088,12.292,25.278,12.421,6.195,50.357
C81004,10458,13.913,25.932,13.358,7.019,48.69
C81005,16911,15.245,22.749,11.342,5.754,49.973
C81006,28306,18.137,10.666,4.702,2.568,51.325
C81007,11803,16.996,15.081,7.634,4.423,50.369
C81008,9719,15.753,23.449,12.337,7.182,49.614
C81009,21257,16.098,10.834,4.507,2.423,57.336
C81010,13820,13.3,21.585,11.201,6.346,51.65
C81012,15807,14.721,22.047,10.691,6.004,50.003
C81013,4707,11.196,35.458,18.972,10.474,47.674
C81014,11811,16.95,19.651,10.549,5.808,49.987
C81015,12389,14.545,25.724,13.076,6.934,48.688
C81016,8511,11.115,30.878,15.568,8.836,49.395
C81017,8961,14.619,24.339,11.662,6.26,49.459
C81018,9170,13.959,26.761,13.599,7.448,48.855
C81020,11176,16.115,21.099,9.717,4.859,50.152
C81021,15018,16.806,19.177,9.655,5.127,49.787
C81022,4096,13.892,22.925,12.305,6.592,48.999
C81023,7908,12.696,25.443,13.354,6.866,49.317
C81025,10376,14.938,26.619,14.081,7.97,47.379
C81026,6589,14.145,21.824,10.867,6.405,50.296
C81027,8366,15.611,19.484,9.503,4.877,49.857
C81029,17198,15.833,22.282,10.449,5.576,49.494
C81030,9192,11.989,31.886,17.058,9.922,48.836
C81031,9636,15.421,20.008,9.765,5.158,49.398
C81032,13783,14.598,21.512,10.818,5.565,49.851
C81033,16056,16.548,18.641,8.962,5.282,48.823
C81034,16638,13.68,23.843,11.864,6.774,50.048
C81035,12451,17.557,18.48,9.003,5.261,49.996
C81036,4781,10.981,14.286,7.342,4.455,53.796
C81037,10751,13.292,26.574,13.05,6.93,49.233
C81038,12542,13.818,24.278,12.661,7.04,48.884
C81039,3616,11.975,30.531,14.657,8.02,49.17
C81040,8548,14.506,26.263,13.956,8.142,48.62
C81041,11962,16.711,20.716,9.848,4.957,49.139
C81042,13009,16.719,23.614,12.069,6.665,48.536
C81044,8526,14.215,22.038,10.802,6.064,50.035
C81045,13205,13.745,21.053,10.178,5.907,51.814
C81046,4657,12.154,28.301,14.645,7.967,49.431
C81047,12696,14.406,24.961,13.926,8.388,49.094
C81048,11018,13.623,27.755,15.729,9.303,48.702
C81049,9731,15.312,19.936,9.711,4.964,49.759
C81050,9632,15.812,20.494,10.631,6.115,50.581
C81051,26830,13.429,17.98,9.199,5.125,49.877
C81052,7050,14.539,21.603,10.525,5.603,50.752
C81053,10934,15.767,20.788,9.612,4.984,49.113
C81054,35452,19.505,14.267,6.691,3.729,50.243
C81055,4980,16.406,20.683,9.317,4.839,49.438
C81056,6741,16.793,23.394,11.986,6.498,49.236
C81057,10629,13.858,25.233,11.995,6.097,48.829
C81058,8878,14.879,21.818,11.23,6.454,49.763
C81059,6015,14.979,21.629,10.823,6.135,49.609
C81060,10863,16.045,18.218,8.57,4.557,49.949
C81061,17642,14.687,21.194,10.475,5.532,50.436
C81062,8838,11.145,29.554,14.517,7.762,48.54
C81063,9491,15.025,26.646,13.16,7.291,49.384
C81064,12778,14.979,23.212,13.719,8.546,48.317
C81065,8989,14.451,20.792,10.012,5.573,50.373
C81066,12039,13.705,24.695,12.717,7.243,48.933
C81067,9895,12.087,31.612,16.311,9.096,47.63
C81068,12214,16.031,20.558,10.676,6.394,49.771
C81069,13659,12.424,25.485,13.017,6.962,48.576
C81070,3850,11.221,32.675,19.844,12.649,49.61
C81071,12231,16.761,14.03,6.557,3.998,53.651
C81072,29027,21.921,9.887,4.268,2.532,51.652
C81073,12912,15.141,14.8,7.11,3.942,53.772
C81075,5254,13.095,28.93,14.503,8.108,49.943
C81080,8075,13.214,26.663,12.842,6.576,50.031
C81081,20181,14.563,22.159,10.609,5.58,49.002
C81082,3483,11.456,29.802,12.317,6.202,50.847
C81083,16797,16.098,18.438,8.615,4.846,49.985
C81084,20339,15.04,21.85,10.959,6.2,49.142
C81086,8060,12.692,26.414,14.33,7.829,49.491
C81089,6083,15.256,27.749,17.524,10.34,50.501
C81091,8475,14.643,24.897,11.174,5.558,49.569
C81092,5668,10.162,32.886,17.537,10.268,48.677
C81094,8221,13.283,29.887,14.256,7.651,49.471
C81095,4872,16.215,19.458,8.908,4.598,49.897
C81096,5729,14.558,23.023,11.346,5.917,50.515
C81097,5815,14.91,18.934,9.888,5.847,51.677
C81099,10585,12.829,23.571,12.083,6.566,49.816
C81101,8322,12.761,25.847,13.05,7.042,48.943
C81106,7434,15.2,18.805,8.892,4.331,49.153
C81108,15574,15.911,21.234,10.351,5.849,49.172
C81110,12169,17.536,15.967,8.02,4.577,49.593
C81113,6544,18.307,21.623,10.605,5.853,48.961
C81114,13970,18.833,14.825,6.535,3.422,49.392
C81115,4971,14.263,24.08,12.171,7.242,49.044
C81118,8465,21.382,10.927,4.761,3.107,51.459
C81604,5011,17.641,17.202,8.362,3.991,47.875
C81611,9833,11.716,32.076,16.648,9.295,49.039
C81615,2308,16.681,16.378,7.106,4.289,49.437
C81616,5402,21.548,10.533,4.887,3.073,50.926
C81634,4640,15.625,20.237,9.44,4.957,49.763
C81638,4030,15.261,19.206,8.586,4.739,50.62
C81640,3699,15.707,23.033,10.624,5.488,49.878
C81647,4112,13.011,26.654,13.643,7.563,48.881
C81649,8012,15.077,21.58,10.197,5.716,48.752
C81652,4961,13.747,14.009,5.926,3.124,54.727
C81653,4512,18.551,13.918,6.671,3.59,53.169
C81655,3700,12.73,26.514,13.811,7.865,50.351
C81658,7975,15.223,25.618,13.166,6.972,48.1
C81662,8518,14.651,20.697,9.38,4.931,48.533
C82001,25712,16.004,23.674,12.372,6.775,48.802
C82002,10905,14.819,24.86,12.664,6.419,48.785
C82003,11565,15.175,22.62,11.673,7.108,48.725
C82005,10954,17.756,13.922,6.71,3.542,50.758
C82007,10677,14.751,22.338,11.248,6.116,49.574
C82008,8383,18.215,15.949,8.076,4.378,49.052
C82009,29501,14.976,23.338,12.342,7.386,49.537
C82010,14985,13.407,27.681,15.636,9.576,48.876
C82011,12654,16.272,16.769,8.266,4.576,50.79
C82012,12056,16.888,20.314,10.169,5.433,49.801
C82013,13440,17.351,22.225,12.001,6.83,48.646
C82014,18165,15.557,22.604,11.682,6.177,48.979
C82016,11005,13.757,25.997,12.385,6.324,49.078
C82017,15960,14.774,23.177,11.404,5.896,49.937
C82018,14128,16.4,16.846,6.54,3.49,51.048
C82019,5864,20.225,16.388,6.975,3.837,50.222
C82020,20940,5.888,1.791,0.626,0.315,60.005
C82021,7318,15.769,21.659,11.847,7.789,50.082
C82022,7352,14.663,27.856,14.295,8.107,49.728
C82024,20117,14.401,16.444,5.697,2.968,52.324
C82025,10781,14.09,25.842,13.886,7.903,49.801
C82026,8252,13.16,20.965,10.24,5.962,51.285
C82027,7446,18.09,23.341,12.638,6.728,48.993
C82028,7300,13.63,28.877,15.658,8.425,48.397
C82030,6867,13.907,26.664,13.732,8.286,48.26
C82031,14975,22.01,10.912,4.294,2.277,49.516
C82032,7354,16.508,23.361,12.605,6.731,48.599
C82033,11459,19.277,13.902,6.1,3.273,49.28
C82034,9665,14.62,24.066,13.264,7.957,48.505
C82035,7942,13.75,18.774,9.192,5.15,52.254
C82037,10407,14.067,20.515,8.552,4.564,52.388
C82038,37266,15.534,23.056,11.807,6.435,49.294
C82039,11102,18.096,16.601,7.836,4.567,49.748
C82040,9231,11.841,20.464,10.205,5.492,48.705
C82041,13124,15.178,18.371,8.961,4.785,51.189
C82042,12826,14.65,25.472,13.083,7.009,49.439
C82043,11027,14.038,23.978,13.657,8.071,50.721
C82044,9460,15.349,27.748,14.45,7.992,47.178
C82045,8558,18.673,16.464,7.876,4.148,48.352
C82046,17276,19.281,13.655,6.066,3.282,49.525
C82047,10676,14.846,20.907,9.985,5.292,50.684
C82048,5311,17.492,24.647,13.557,8.002,49.011
C82050,14020,15.307,20.485,10.756,5.906,50.471
C82051,11929,15.383,26.909,13.974,7.436,48.923
C82052,3732,12.219,27.304,14.228,7.69,52.68
C82053,11029,19.585,13.601,5.295,2.675,50.023
C82054,12415,15.803,24.172,12.896,7.064,48.554
C82055,14367,14.533,23.457,12.055,6.612,49.106
C82056,14127,15.431,24.202,12.635,7.107,49.324
C82059,1941,17.053,8.758,4.791,2.524,57.29
C82060,4082,20.823,9.015,3.43,1.69,52.793
C82061,15491,17.52,16.932,8.108,4.022,50.649
C82062,9061,15.087,24.589,12.46,6.423,48.626
C82063,12295,17.186,12.737,5.425,2.985,52.566
C82064,12203,15.119,23.609,11.899,6.605,48.972
C82066,17456,18.698,19.243,10.037,6.141,49.192
C82067,8748,16.712,22.691,11.374,6.779,48.891
C82068,12394,15.249,25.125,13.636,7.98,48.467
C82070,10332,14.683,18.138,8.614,4.859,51.655
C82071,14334,16.325,20.88,10.611,6.286,49.47
C82072,8715,16.156,19.771,9.822,5.336,49.432
C82073,14151,17.85,11.893,4.947,2.615,52.251
C82075,10959,15.576,23.825,11.917,6.378,49.22
C82076,6848,12.325,28.914,14.267,7.798,50.409
C82077,12713,12.963,27.728,13.797,7.363,49.099
C82078,11910,14.207,23.585,11.805,6.39,49.219
C82079,6884,15.936,19.582,9.762,6.058,49.811
C82080,4687,20.418,11.436,4.416,2.283,53.872
C82082,5545,13.796,21.172,11.668,6.366,51.271
C82084,3795,15.837,13.834,5.534,2.899,52.385
C82086,10366,18.445,9.994,3.955,1.987,52.412
C82088,10385,16.89,15.32,5.912,2.985,52.056
C82091,10020,20.1,14.461,6.906,4.062,49.591
C82092,4764,17.254,14.106,6.024,3.086,51.868
C82093,12607,15.245,21.076,9.852,4.973,49.235
C82094,6819,18.683,13.946,5.954,2.772,50.374
C82095,9083,16.79,21.711,11.505,6.958,48.376
C82096,10179,19.236,14.972,6.857,3.429,49.897
C82097,3006,18.796,15.968,6.786,3.659,51.364
C82098,7254,15.495,22.622,11.332,6.286,49.325
C82099,4619,20.069,12.384,4.395,2.295,52.695
C82100,6359,20.129,16.496,8.162,4.765,48.907
C82102,4782,12.882,24.509,10.77,5.5,48.996
C82103,6912,16.652,19.126,9.057,4.847,51.143
C82107,7825,17.329,13.24,5.457,3.003,49.623
C82109,5270,14.915,23.928,11.518,6.205,49.526
C82111,16834,2.008,0.897,0.499,0.386,65.362
C82112,9705,19.402,14.158,6.172,3.39,48.202
C82114,2469,13.73,10.49,3.969,1.944,57.149
C82116,5174,15.346,9.567,4.175,2.377,55.798
C82119,3338,16.777,12.283,5.542,3.026,54.254
C82120,3939,13.1,25.413,11.83,6.144,49.302
C82121,14830,14.734,22.657,11.335,5.981,49.622
C82124,24708,6.86,3.772,1.562,0.862,56.735
C82600,6199,17.793,17.438,7.824,4.21,49.653
C82610,6833,24.791,9.513,3.995,1.903,49.7
C82611,6973,16.291,20.235,10.024,5.708,49.391
C82614,4338,19.64,16.16,8.276,4.91,49.447
C82620,2362,13.717,10.5,3.26,1.82,57.367
C82624,8342,23.304,8.379,3.416,2.038,50.012
C82627,8124,17.947,18.033,8.223,4.801,50.062
C82628,3519,16.482,24.155,10.912,5.627,50.639
C82631,7124,19.133,14.767,6.443,3.004,48.835
C82634,6380,18.997,16.661,7.915,4.122,48.966
C82639,10261,16.568,15.213,7.446,4.308,53.084
C82642,9673,18.474,11.113,4.032,2.078,50.398
C82643,14309,21.867,9.211,3.41,1.565,51.247
C82644,5071,21.041,15.441,6.863,3.53,48.038
C82649,5763,14.229,28.492,14.229,7.548,47.493
C82650,5393,18.227,20.304,9.902,5.396,48.86
C82651,3771,13.975,17.714,7.346,3.978,52.506
C82653,2069,15.611,6.042,2.465,1.257,56.791
C82656,3111,19.222,18.386,9.547,4.5,48.12
C82659,2911,16.798,10.546,3.573,1.855,52.868
C82660,7531,16.359,12.654,5.803,3.492,53.472
C82662,8715,17.372,4.613,1.492,0.746,52.301
C82667,8206,20.18,12.04,4.96,2.449,49.098
C82669,4219,18.464,12.136,5.072,2.726,50.201
C82670,799,0.0,2.753,0.501,0.0,83.605
C82671,8277,18.4,9.351,2.936,1.269,51.081
C82676,7439,21.549,14.518,7.151,4.329,49.496
C82678,5590,14.383,20.161,10.107,5.564,49.875
C82680,4796,14.366,18.057,8.632,5.088,51.564
C83001,27770,11.033,11.102,5.088,2.881,51.746
C83002,8897,16.455,26.436,14.421,8.081,46.004
C83003,21202,16.352,17.56,9.126,5.122,51.019
C83004,11662,14.612,18.762,9.69,5.651,50.935
C83005,7292,12.918,32.145,16.58,9.284,49.067
C83007,26812,13.833,24.955,14.046,8.228,48.982
C83008,7743,20.199,16.079,8.304,4.662,48.935
C83009,8575,17.668,17.948,8.641,4.875,49.143
C83010,18533,18.513,16.231,8.11,4.522,51.746
C83011,12485,15.09,24.646,13.0,7.177,48.018
C83013,7962,14.268,28.774,15.197,8.942,48.405
C83014,10268,16.556,19.332,10.099,5.999,49.581
C83015,8696,13.109,29.565,15.053,8.28,50.586
C83018,12073,17.328,19.763,9.832,5.26,49.954
C83019,22331,12.382,30.209,14.679,7.519,50.132
C83020,10185,13.304,28.336,14.276,8.012,48.493
C83022,23133,15.683,20.417,10.932,6.29,51.057
C83023,17554,13.82,24.399,12.926,7.343,48.986
C83024,3765,11.766,27.888,13.068,6.56,49.588
C83025,18769,16.058,22.335,11.983,6.969,48.49
C83026,23321,14.142,27.855,13.833,7.431,48.261
C83027,10363,12.863,30.619,16.134,9.389,48.258
C83028,7944,14.904,25.831,13.91,8.056,49.987
C83029,4378,14.641,24.258,13.682,7.789,49.201
C83030,5220,14.579,27.184,14.023,7.165,48.391
C83031,12182,13.438,30.972,17.624,10.171,48.851
C83032,6947,11.991,35.641,18.584,10.263,49.072
C83033,3764,12.248,30.207,15.515,8.767,49.416
C83035,12615,16.187,22.592,12.303,6.944,48.276
C83036,8339,14.702,28.361,14.126,7.843,48.711
C83037,9893,15.941,24.068,11.887,6.621,48.651
C83038,8050,13.416,29.95,16.174,9.217,49.217
C83039,5652,11.73,31.759,16.277,8.669,49.682
C83040,14586,13.698,23.461,12.731,7.288,50.96
C83041,7665,15.042,25.036,13.881,8.167,48.219
C83042,6989,11.675,34.025,16.626,8.642,48.548
C83043,10633,13.016,29.465,14.464,7.702,48.998
C83044,12484,18.392,19.12,9.444,5.431,49.648
C83045,16722,12.068,29.428,14.448,7.631,50.449
C83046,6085,14.659,19.425,9.334,5.111,50.123
C83048,13277,16.547,18.784,9.927,5.483,50.215
C83049,9679,8.503,21.862,10.9,6.168,61.98
C83051,8866,16.467,9.136,3.869,2.109,54.963
C83052,4109,14.115,23.996,10.635,5.403,49.55
C83053,2433,14.92,27.456,14.139,7.809,51.007
C83054,15884,17.017,22.356,11.288,6.214,49.056
C83055,6206,12.375,31.131,14.583,7.428,50.193
C83056,14131,12.78,29.807,15.83,8.584,48.326
C83057,8365,18.111,20.646,10.161,6.192,49.062
C83058,9294,13.396,29.729,16.408,9.307,47.59
C83059,14114,16.735,16.643,8.091,4.598,49.929
C83060,15524,16.162,17.657,8.232,4.677,52.274
C83061,9053,11.532,33.072,17.044,8.859,48.072
C83062,5882,15.658,25.57,13.227,7.327,48.062
C83063,15809,13.764,30.116,16.193,9.077,49.352
C83064,14221,9.676,42.001,20.181,10.618,49.251
C83065,9603,14.943,24.742,12.652,7.071,49.641
C83067,7026,13.237,31.298,15.485,7.785,47.95
C83072,9653,16.213,22.853,11.23,6.558,48.959
C83073,8316,15.416,12.999,6.301,3.427,50.253
C83074,4962,11.528,32.749,16.606,8.948,49.738
C83075,10378,16.294,22.394,10.985,6.051,47.427
C83078,8907,16.044,20.635,10.228,5.782,49.175
C83079,7172,18.447,16.648,7.975,3.932,48.299
C83080,5837,16.961,20.387,9.251,4.728,49.238
C83082,10779,16.736,20.299,9.89,5.14,49.216
C83083,7710,16.239,25.084,12.283,6.744,48.34
C83085,13467,13.96,26.873,13.292,7.478,49.432
C83611,7158,18.497,18.692,9.151,4.596,48.813
C83613,5315,13.396,27.921,13.772,7.563,50.423
C83614,3623,11.537,28.512,13.828,6.79,49.434
C83617,9246,16.288,21.717,10.21,5.235,49.135
C83626,10972,14.655,9.023,3.755,1.95,51.413
C83634,4974,12.324,37.394,21.532,12.284,47.366
C83635,5315,11.025,35.56,18.194,9.633,48.467
C83641,4017,12.148,34.329,17.849,10.032,50.535
C83643,2380,10.504,33.908,14.286,6.639,50.042
C83649,5138,14.072,23.784,10.627,5.722,48.501
C83650,4153,12.906,29.617,14.496,8.379,48.928
C84001,31354,18.026,19.312,9.501,5.288,49.046
C84004,9777,18.912,14.442,6.73,3.662,51.202
C84005,28083,15.376,26.098,14.254,8.279,48.877
C84008,6234,15.03,25.585,13.202,7.218,49.647
C84009,13736,15.652,20.464,10.032,5.642,50.167
C84010,18898,15.822,18.113,8.678,5.149,49.645
C84011,9087,13.965,21.778,11.027,6.581,48.399
C84012,12037,14.082,22.879,12.054,7.045,50.245
C84013,15863,14.505,25.115,12.387,6.512,48.314
C84014,11695,15.271,19.068,9.064,4.934,49.158
C84016,15842,15.27,23.293,11.64,6.243,49.994
C84017,26951,16.337,23.016,12.026,6.723,48.822
C84018,12308,18.939,11.391,5.029,2.446,51.527
C84019,12399,14.711,23.55,12.122,7.138,50.181
C84020,6951,17.034,16.329,7.308,4.1,50.64
C84021,13156,16.259,21.83,10.292,5.298,50.038
C84023,41554,2.563,1.432,0.662,0.308,54.397
C84024,29871,14.191,21.687,10.981,6.016,51.083
C84025,8026,12.684,27.934,14.067,7.675,48.53
C84026,12783,14.48,25.127,13.213,6.931,47.688
C84028,7692,16.394,21.191,11.297,7.046,48.427
C84029,22432,16.262,18.839,9.063,4.85,50.611
C84030,11978,13.992,15.604,8.374,4.959,51.06
C84032,17948,13.105,28.61,15.183,8.274,49.192
C84033,9310,15.65,22.331,11.6,6.316,48.754
C84034,8764,14.754,17.515,7.793,4.222,50.491
C84035,11497,14.439,27.242,13.943,7.724,49.456
C84036,18992,17.576,17.418,7.83,4.144,50.116
C84037,12670,13.97,25.904,13.631,7.664,49.077
C84039,12357,12.989,12.001,5.406,3.14,53.694
C84042,7173,17.064,20.117,10.832,6.469,48.585
C84043,12708,19.216,15.518,7.546,4.297,49.701
C84044,10690,17.615,23.227,12.423,7.138,49.252
C84045,8036,12.332,31.259,16.974,8.985,49.266
C84046,9135,18.588,16.771,7.477,4.62,49.765
C84047,10589,14.968,27.094,13.797,7.187,48.834
C84049,12131,11.961,31.869,17.633,9.917,47.91
C84051,19173,16.169,19.215,9.263,5.325,48.876
C84053,16875,17.511,18.696,9.576,5.44,48.996
C84055,11269,16.434,20.046,11.004,6.655,48.966
C84057,4388,16.135,21.194,10.301,5.424,49.932
C84059,12919,18.229,15.976,7.09,4.01,49.013
C84060,8609,17.447,19.584,8.793,5.157,49.448
C84061,9700,19.186,15.34,7.381,4.289,50.66
C84063,8622,18.453,12.004,5.208,2.934,52.714
C84064,10564,20.731,12.817,5.945,3.048,48.126
C84065,5145,17.357,17.784,9.582,5.326,51.195
C84066,10559,15.787,21.782,11.081,6.165,49.531
C84067,5569,14.204,25.067,12.803,7.021,50.332
C84069,13264,14.995,20.703,10.442,5.941,50.95
C84072,10505,21.475,10.643,4.436,2.656,49.719
C84074,5315,18.119,19.266,8.975,4.911,48.203
C84076,4049,15.633,20.03,10.249,5.532,49.148
C84077,18858,16.46,21.201,10.515,5.881,49.528
C84078,13098,17.224,16.567,7.406,4.008,48.817
C84080,13800,13.457,21.826,11.051,6.188,50.486
C84081,6958,18.181,19.043,8.235,4.628,49.368
C84084,8554,14.251,29.588,17.033,10.241,47.498
C84085,10733,12.0,15.327,6.522,3.438,50.806
C84086,15087,19.507,16.286,8.663,4.686,48.89
C84087,5655,15.243,20.796,10.027,5.623,48.736
C84090,9331,14.179,20.373,9.549,5.273,50.734
C84091,8848,20.705,13.653,6.374,3.571,48.7
C84092,5368,17.548,9.985,4.303,2.235,54.452
C84094,24164,16.827,20.497,10.354,5.703,49.499
C84095,7085,15.582,21.369,11.8,6.874,49.584
C84101,3700,12.595,29.054,14.27,7.297,48.865
C84105,7507,20.887,8.619,3.357,1.878,52.005
C84106,8311,14.788,20.984,10.913,6.317,50.367
C84107,6992,12.085,25.758,13.687,7.823,50.601
C84112,3794,16.289,22.984,12.203,6.299,50.606
C84113,7402,14.807,25.345,13.226,7.322,48.865
C84115,9753,15.247,20.988,9.833,5.865,47.883
C84116,8369,17.995,16.286,7.528,3.824,49.193
C84117,20598,5.18,2.136,0.748,0.398,57.103
C84120,15860,16.375,20.807,11.343,6.709,48.525
C84122,10844,19.596,15.52,8.014,4.703,48.903
C84123,4389,15.721,21.599,10.686,5.058,48.325
C84129,9815,17.035,21.08,10.616,5.96,47.489
C84131,8598,15.969,21.866,11.142,5.652,48.116
C84136,4903,16.643,11.34,4.303,2.284,55.048
C84140,4969,12.759,24.391,11.31,6.339,50.453
C84142,5237,14.989,24.136,12.183,6.473,50.659
C84144,5076,16.824,9.397,4.137,2.384,52.463
C84150,4887,16.145,17.639,9.024,5.504,49.908
C84151,3592,20.239,7.378,3.229,1.893,54.454
C84605,17733,14.696,20.262,9.739,5.447,49.58
C84613,12225,16.654,19.534,9.816,5.063,48.401
C84619,6909,17.861,14.286,6.644,3.604,48.676
C84621,5339,18.768,11.257,5.994,3.765,51.751
C84624,5664,15.237,20.021,9.499,4.502,49.665
C84628,8094,20.484,6.548,2.372,1.235,54.485
C84629,4334,17.766,19.012,8.653,4.499,51.015
C84637,9744,16.944,17.221,8.077,4.362,51.447
C84646,6407,11.846,30.529,17.34,10.036,49.415
C84654,4559,15.157,22.878,10.88,5.549,49.134
C84656,8576,15.299,22.68,10.518,5.795,49.137
C84658,10472,17.513,20.531,9.32,5.032,48.816
C84660,4507,13.424,27.934,13.779,7.056,49.456
C84664,5213,16.305,12.028,4.872,2.417,49.914
C84667,6062,16.265,19.927,10.129,5.18,49.192
C84676,8472,19.677,6.421,2.384,1.31,57.377
C84679,4525,16.906,10.453,4.287,2.077,53.017
C84682,5067,14.979,13.223,5.329,2.901,51.806
C84683,11373,16.038,8.511,3.271,1.732,52.994
C84691,9164,19.697,5.62,2.128,1.168,57.791
C84692,2704,11.945,31.842,15.791,8.654,50.148
C84693,5205,15.331,18.732,8.434,4.496,52.891
C84694,4639,20.177,13.688,7.264,4.268,49.709
C84695,4507,19.902,10.45,4.704,2.529,50.211
C84696,4886,15.739,20.692,10.377,5.26,48.711
C84703,6928,18.389,14.939,7.419,4.532,49.668
C84704,8146,19.015,13.184,6.212,3.45,51.51
C84705,8007,19.158,15.761,7.931,4.496,48.707
C84714,6321,0.032,0.127,0.047,0.032,59.294
C84720,31,0.0,9.677,0.0,0.0,80.645
C85001,4466,16.122,19.481,9.36,5.038,50.873
C85003,13239,17.826,17.985,9.193,5.174,49.475
C85004,16319,14.866,25.228,12.629,6.704,49.372
C85005,7337,15.374,22.271,11.367,6.052,49.939
C85006,5568,13.398,24.264,12.159,6.322,50.144
C85007,10509,14.378,22.257,10.41,6.233,49.672
C85008,12837,13.726,24.499,11.506,6.458,49.404
C85009,7487,16.923,10.752,5.075,2.725,54.227
C85010,16720,15.395,22.751,11.459,6.172,48.421
C85013,11061,18.082,17.901,9.005,5.171,49.417
C85014,9810,17.655,21.254,9.286,5.087,49.195
C85016,10859,15.103,23.087,11.207,5.885,49.24
C85017,11753,15.128,18.37,8.925,4.986,50.991
C85018,7401,19.484,18.525,8.566,4.54,48.318
C85019,11365,15.002,20.924,10.084,5.42,51.738
C85020,12172,13.654,23.513,11.83,6.285,50.082
C85022,13158,16.72,19.296,9.067,4.872,49.574
C85023,11422,16.346,20.102,9.254,5.034,49.212
C85024,6346,13.835,23.637,11.976,6.445,49.968
C85028,3733,13.394,20.225,8.572,5.117,56.228
C85030,10086,16.597,18.798,8.507,4.362,50.416
C85033,11184,16.488,18.634,9.075,4.846,48.99
C85614,4573,16.882,18.85,8.594,4.702,50.055
C85619,8710,19.231,14.822,7.061,3.858,49.15
C85622,2287,13.774,20.901,9.969,6.078,49.279
C85623,5715,16.64,19.58,8.241,3.762,48.504
C86001,16711,17.126,20.37,9.455,5.158,49.985
C86002,8244,18.717,16.315,7.448,3.882,51.286
C86003,9766,16.742,23.438,12.789,7.291,49.109
C86005,4753,15.127,24.448,11.971,6.354,50.284
C86006,10444,16.191,18.594,8.435,4.854,50.555
C86007,19235,17.764,20.567,9.831,4.929,49.015
C86009,7453,13.498,25.681,12.854,7.084,48.262
C86011,14002,16.055,19.497,9.056,4.885,50.193
C86012,5522,13.872,25.969,12.55,6.9,50.453
C86013,8663,13.563,30.902,17.303,10.343,48.632
C86015,8299,17.4,20.713,10.17,5.398,49.512
C86016,9170,16.445,20.927,9.945,5.594,48.244
C86017,15852,16.376,15.544,7.141,3.728,50.953
C86018,9940,16.056,20.604,9.849,5.463,50.775
C86019,16821,17.983,17.294,8.715,4.774,50.782
C86020,8666,16.478,19.675,9.543,5.239,50.669
C86021,6219,14.745,24.843,13.282,8.506,48.786
C86023,13964,18.068,17.309,7.827,4.333,49.363
C86024,12001,16.44,21.057,10.066,5.533,48.771
C86025,6651,15.396,15.772,6.886,3.593,55.721
C86026,5013,17.714,17.036,7.121,4.129,51.327
C86029,13980,15.143,19.807,9.299,5.079,51.001
C86032,5517,15.171,21.987,10.314,5.166,49.393
C86033,5187,19.665,16.136,6.536,3.239,48.795
C86034,10034,16.643,21.248,9.906,5.372,49.173
C86037,9328,18.386,21.366,11.214,5.725,50.568
C86038,9507,16.63,19.028,8.836,5.059,48.291
C86605,7754,16.611,18.262,7.764,3.74,52.167
C86609,20130,17.457,18.301,8.395,4.158,50.338
C86611,6970,15.624,21.047,9.742,5.237,47.805
C86614,9677,16.927,20.709,10.034,5.529,49.447
C86616,3697,18.961,16.229,6.735,3.598,50.933
C86621,4532,17.763,17.056,7.127,3.133,49.846
C86625,1718,17.928,13.329,6.112,3.26,52.91
C86626,2777,14.728,20.31,9.543,5.654,48.434
C87002,21146,15.09,23.655,12.281,6.573,49.47
C87003,11428,18.533,15.821,7.0,3.719,52.179
C87004,11997,15.27,22.897,12.411,7.068,48.812
C87005,19014,16.335,18.108,8.862,5.338,50.295
C87006,15186,18.32,18.906,9.14,4.985,49.849
C87007,11695,13.681,26.858,14.63,8.67,48.491
C87008,16156,16.006,23.118,11.828,6.264,49.263
C87009,10702,16.857,18.445,10.166,5.793,49.654
C87010,4729,20.364,15.479,7.697,4.546,51.914
C87012,15562,17.768,18.667,9.408,5.128,49.441
C87013,6525,16.307,19.816,9.088,4.659,49.226
C87014,9486,20.409,13.293,6.125,3.521,48.714
C87015,6789,15.186,24.363,12.668,7.188,49.02
C87016,12265,14.806,23.555,11.781,6.229,48.797
C87017,12912,16.837,19.455,9.054,5.034,50.101
C87018,7696,14.514,21.946,11.266,6.523,48.999
C87020,5139,13.31,24.188,11.637,7.122,49.874
C87022,8598,18.69,17.748,9.13,5.211,48.209
C87024,4212,19.207,15.171,6.244,3.324,50.617
C87029,12581,17.073,19.514,8.918,5.031,48.271
C87030,9432,14.536,23.537,12.076,6.51,49.502
C87031,3952,17.308,21.635,10.02,5.769,50.759
C87603,4061,16.277,14.996,7.067,3.571,50.923
C87604,5962,16.085,20.681,8.789,4.394,50.168
C87608,5859,23.519,6.861,2.953,1.707,52.671
C87616,6389,15.652,21.537,9.97,5.306,48.709
C87620,7152,17.659,19.603,8.879,4.502,50.182
C87622,10319,19.953,9.545,3.779,1.87,55.025
C88005,15880,15.22,20.101,10.088,5.856,49.213
C88006,6020,19.601,11.91,5.98,3.488,49.784
C88007,26756,6.784,4.115,1.854,1.039,58.716
C88008,14177,20.554,11.554,5.248,3.195,52.155
C88009,6207,18.221,16.739,8.378,4.849,49.686
C88010,14154,12.71,27.561,14.328,7.871,49.548
C88011,4774,21.114,14.013,6.389,3.561,50.419
C88014,9636,20.506,15.535,7.296,4.182,48.827
C88015,18941,16.314,22.549,12.069,7.196,49.696
C88016,13667,16.565,22.719,12.453,7.419,50.611
C88018,8836,13.117,22.352,12.098,7.051,49.242
C88019,8680,20.346,13.952,6.947,4.078,49.827
C88020,7704,20.794,12.578,5.374,2.83,49.455
C88021,7545,13.824,23.95,11.557,6.375,50.563
C88022,5232,13.666,26.816,14.067,7.913,49.083
C88023,9597,14.723,22.028,10.18,5.335,49.932
C88025,9241,16.016,19.305,9.977,5.681,49.378
C88026,13926,18.218,14.398,6.707,3.813,49.224
C88027,5140,23.541,11.187,5.195,3.327,50.856
C88028,10089,15.125,22.708,13.193,7.721,49.46
C88030,8274,15.809,13.476,5.753,3.118,51.801
C88031,13834,16.553,17.934,8.992,5.197,51.417
C88032,5593,13.463,27.695,15.198,9.53,48.865
C88034,9127,13.674,27.468,13.126,6.508,48.033
C88035,10785,22.819,11.154,4.775,2.717,49.921
C88036,10557,18.376,18.121,9.501,5.598,48.698
C88037,14420,16.817,16.99,8.904,5.27,50.742
C88038,6127,13.073,18.296,9.483,5.614,56.308
C88039,8915,17.128,21.75,11.733,6.618,48.895
C88040,6148,14.427,23.341,11.939,6.425,49.756
C88041,12863,16.621,19.731,9.951,5.667,48.441
C88043,10960,16.286,15.091,6.971,3.568,50.347
C88044,5449,16.48,19.637,9.855,5.597,49.789
C88045,8822,14.112,21.412,10.553,6.416,49.637
C88046,6886,17.267,20.433,10.369,5.852,49.71
C88047,7703,17.188,16.98,8.503,5.011,50.669
C88048,8145,21.989,9.282,4.248,2.173,53.935
C88049,5961,14.712,20.617,11.022,6.492,48.717
C88050,3531,13.594,26.536,13.792,8.185,50.099
C88051,8039,23.996,7.414,3.334,2.239,52.668
C88052,11010,15.54,18.292,8.974,5.177,49.192
C88053,3977,16.042,23.661,12.723,7.141,50.289
C88054,7773,14.756,22.347,11.0,6.471,49.698
C88059,2552,13.245,14.577,5.956,3.409,62.187
C88060,4970,17.042,8.833,3.863,2.254,54.909
C88062,4617,15.746,15.984,8.014,4.094,49.188
C88069,15954,20.904,7.54,3.623,2.162,55.804
C88070,7934,21.149,12.818,5.987,3.668,49.445
C88072,11935,14.906,22.262,11.571,7.021,49.133
C88073,5279,15.211,17.181,7.615,4.376,49.972
C88074,5177,15.183,21.344,10.566,5.331,50.473
C88076,9257,11.872,8.523,3.565,1.88,55.396
C88077,7861,20.455,15.431,7.315,4.758,49.269
C88078,7125,16.028,21.979,10.751,6.077,49.221
C88079,8428,14.606,12.826,5.6,2.895,49.869
C88082,6449,10.296,5.396,2.419,1.318,53.125
C88083,2381,9.408,29.819,14.91,7.224,50.735
C88084,3102,20.084,13.282,6.544,3.933,54.288
C88085,9697,19.14,16.345,8.095,4.537,48.726
C88086,2626,21.439,15.156,7.35,4.379,51.066
C88087,9491,19.429,15.72,7.028,3.856,50.553
C88088,7595,22.423,11.31,4.845,2.778,48.242
C88090,8035,17.971,13.516,5.937,3.236,52.383
C88091,2346,21.952,14.493,6.394,3.708,50.895
C88092,9563,12.214,26.655,14.64,8.188,49.127
C88095,5528,12.97,25.036,13.332,7.037,48.39
C88622,2973,14.665,6.963,3.7,2.523,56.004
C88627,35895,0.986,0.0,0.0,0.0,61.535
C88631,1415,12.58,15.406,7.42,4.099,59.929
C88647,10644,13.613,22.999,11.312,6.238,49.709
C88648,7208,12.666,26.346,12.32,6.41,48.127
C88652,4212,19.183,12.939,6.98,3.917,50.665
C88655,1154,16.551,13.865,7.366,4.853,52.08
D81001,14489,7.475,10.822,5.383,2.795,53.744
D81002,23841,10.763,11.895,6.271,3.695,53.848
D81003,11040,12.228,11.929,5.317,2.826,51.803
D81004,14567,18.247,19.427,9.604,5.293,48.445
D81005,15262,6.29,9.815,5.13,3.178,56.074
D81008,19189,14.081,21.955,11.345,6.587,51.879
D81010,11322,14.185,18.08,9.495,5.503,52.058
D81011,9335,12.394,26.974,14.13,7.82,51.441
D81012,11358,14.809,19.669,10.38,6.181,49.533
D81013,21290,14.767,6.308,2.884,1.583,54.5
D81014,23816,13.592,16.245,7.927,4.417,57.566
D81015,7064,13.746,27.293,12.429,6.413,50.34
D81016,12707,16.778,11.986,6.272,3.644,52.121
D81017,9268,14.091,8.751,4.359,2.622,52.147
D81018,8283,16.842,23.011,13.063,7.811,49.704
D81021,13045,17.095,18.406,8.685,4.814,50.609
D81022,17553,15.986,23.802,12.42,6.859,49.228
D81025,9303,15.275,16.059,7.438,4.224,52.51
D81026,47879,17.235,16.469,8.068,4.658,50.809
D81027,8037,17.183,20.63,9.979,5.4,49.471
D81028,13020,16.636,22.934,12.473,7.166,48.479
D81029,13441,17.662,17.7,8.824,4.881,49.714
D81030,15092,13.497,25.881,13.749,7.726,50.557
D81031,20769,18.335,16.659,7.997,4.102,49.839
D81033,5011,15.446,22.75,11.495,5.807,48.892
D81034,18865,14.371,23.557,12.817,7.246,48.651
D81035,10066,16.243,22.889,11.812,6.358,49.603
D81036,5111,15.633,22.853,11.896,6.515,49.834
D81037,11758,5.783,7.042,3.342,1.846,58.131
D81038,7324,11.537,27.048,13.08,7.264,48.812
D81041,6897,16.804,21.401,11.005,6.177,49.456
D81042,9606,18.28,16.771,9.265,5.476,50.229
D81043,58841,15.708,22.681,12.08,6.846,49.443
D81044,14150,13.986,14.269,7.512,4.686,52.346
D81045,10536,15.509,24.573,13.221,7.052,49.62
D81046,19381,19.602,17.295,8.488,4.742,49.91
D81047,8090,15.525,24.747,12.472,6.761,49.221
D81049,11842,15.428,21.66,12.025,6.485,48.674
D81050,17224,17.04,18.352,9.15,5.196,50.116
D81051,9731,15.805,22.413,10.996,6.166,49.378
D81052,9601,14.478,26.247,14.061,8.332,48.912
D81054,21091,8.321,8.734,4.006,2.333,55.948
D81055,5848,14.261,27.189,15.51,9.388,48.735
D81056,7194,8.966,8.98,4.031,2.321,54.837
D81057,20981,14.875,21.315,11.639,6.801,50.269
D81058,7750,16.142,24.581,13.071,7.729,49.6
D81059,7715,16.591,23.137,11.51,6.442,49.423
D81060,7591,15.202,25.385,12.278,6.718,48.017
D81061,12014,15.34,21.567,11.004,6.026,49.858
D81062,8108,15.873,23.619,11.458,5.784,49.667
D81064,7027,14.871,27.28,13.918,8.04,48.783
D81065,7179,23.36,8.413,3.26,1.853,50.564
D81066,10770,14.596,14.373,7.326,4.633,48.199
D81070,11363,10.561,6.952,2.799,1.522,53.771
D81073,5795,20.397,11.389,5.367,2.726,51.406
D81078,4144,16.361,17.616,7.794,3.885,51.231
D81081,5400,12.889,27.796,13.63,6.963,48.63
D81082,7970,15.646,19.373,9.711,5.056,49.46
D81084,12375,22.133,12.905,5.907,3.135,49.422
D81085,7494,16.96,17.881,8.527,4.657,49.56
D81086,7876,15.833,13.306,5.841,3.327,51.193
D81603,7504,15.832,21.215,11.167,6.45,50.227
D81606,13469,15.354,22.08,9.993,5.427,50.471
D81607,3596,17.77,17.909,8.954,5.033,50.612
D81611,13580,16.303,22.452,11.348,6.016,49.057
D81612,4995,13.994,19.52,9.73,5.626,50.691
D81615,11714,19.763,13.121,6.462,3.628,49.838
D81618,3437,16.613,16.759,7.448,3.724,51.673
D81622,14748,18.992,14.043,6.503,3.594,49.505
D81625,32448,20.867,6.752,1.972,0.928,52.441
D81629,6535,17.123,14.705,6.611,3.412,53.757
D81630,13034,24.099,6.698,3.376,2.125,49.294
D81631,15281,22.629,5.248,1.8,0.955,55.978
D81633,11445,18.995,10.205,5.155,3.128,50.948
D81637,14100,23.695,6.177,2.972,1.752,49.369
D81645,2827,19.561,11.673,5.341,2.441,54.404
D82001,14284,11.467,38.239,20.898,11.747,48.39
D82002,12553,15.454,18.267,8.683,4.82,51.701
D82003,24830,15.461,23.008,11.953,6.746,49.899
D82004,12087,10.019,37.768,20.27,11.243,48.722
D82005,9418,9.004,42.716,24.177,14.005,48.375
D82006,8902,13.525,28.825,14.693,8.268,49.146
D82007,25309,15.255,19.539,9.487,5.223,51.827
D82008,19114,11.447,20.639,10.934,6.21,48.582
D82009,7123,10.979,35.21,17.535,9.196,49.474
D82010,5304,12.029,31.637,15.931,8.654,49.416
D82011,17732,14.172,21.267,11.251,6.722,49.397
D82012,14714,14.123,19.301,10.398,5.777,49.11
D82013,8794,16.784,18.751,9.143,4.992,50.375
D82015,8429,12.564,31.914,18.828,11.342,48.155
D82016,10077,13.218,30.535,16.166,8.465,48.199
D82017,11399,16.458,16.265,7.615,3.869,51.224
D82018,11205,13.931,25.837,14.101,8.603,49.746
D82019,19426,13.672,26.99,13.904,7.547,49.14
D82020,13127,15.723,23.516,12.92,7.58,48.831
D82022,7179,12.773,28.416,15.462,9.138,49.84
D82023,15066,18.605,16.083,8.23,4.586,49.735
D82024,13127,15.472,21.322,11.313,6.65,49.646
D82025,10163,12.673,33.248,17.967,10.184,49.552
D82026,8743,13.325,19.89,10.34,5.65,51.413
D82027,7647,8.788,42.108,24.624,13.522,47.417
D82028,5934,10.482,37.934,20.745,11.898,49.023
D82029,19276,15.096,24.803,13.426,7.393,49.02
D82030,8928,12.052,31.093,15.939,8.042,48.858
D82031,8166,12.736,27.884,15.258,8.891,49.057
D82032,8437,13.512,28.482,14.745,8.06,49.117
D82034,19011,15.344,23.365,12.54,7.096,50.055
D82035,10958,13.862,27.532,13.552,7.218,49.206
D82036,8973,14.878,27.716,14.41,8.124,48.412
D82037,11208,14.293,26.178,13.419,7.477,49.081
D82038,3286,11.747,35.758,19.842,12.477,48.539
D82039,8693,13.033,30.116,15.921,8.317,49.362
D82040,13116,19.106,11.947,5.558,2.912,52.097
D82041,10106,15.506,19.751,10.083,5.521,50.336
D82042,8664,13.7,27.539,13.931,7.398,49.573
D82043,6755,14.212,27.358,13.575,7.387,49.03
D82044,30128,14.847,28.13,15.749,9.134,48.569
D82045,19474,16.196,23.406,13.002,7.271,48.834
D82046,4478,12.796,31.085,16.034,8.531,49.107
D82047,6750,8.267,20.548,9.985,5.111,52.815
D82048,12532,15.68,21.226,11.243,6.719,50.128
D82049,3498,12.035,29.874,14.666,7.89,50.4
D82050,10904,13.399,26.651,15.178,8.923,49.046
D82051,18305,15.69,21.114,10.505,6.037,50.008
D82053,5767,9.797,38.269,19.716,10.491,49.072
D82054,15610,12.492,31.108,16.675,9.59,49.161
D82056,9951,13.014,31.203,16.732,9.326,49.161
D82057,7155,11.978,34.521,19.329,11.279,48.386
D82058,17482,10.874,35.042,17.778,9.621,48.919
D82059,11965,13.289,30.748,16.523,9.427,48.299
D82062,8805,13.606,28.507,15.23,8.79,48.722
D82063,14149,15.146,25.048,13.909,7.81,50.025
D82064,22485,18.177,21.997,11.812,6.889,48.584
D82065,7932,13.994,31.266,15.809,9.002,48.361
D82066,6674,11.837,32.814,17.366,10.174,49.536
D82067,15180,16.489,17.424,8.682,4.677,50.949
D82068,7908,15.01,28.705,15.301,8.991,47.762
D82070,6479,12.61,30.113,14.231,7.578,49.961
D82071,14091,14.577,25.2,13.491,8.083,50.216
D82072,3926,9.348,39.022,21.803,12.022,49.185
D82073,15117,15.512,17.14,8.388,4.617,50.136
D82076,8773,15.092,18.739,9.974,5.802,48.752
D82078,10040,14.681,26.703,14.044,8.018,48.974
D82079,5569,14.06,26.468,12.767,6.967,49.74
D82080,8924,15.397,24.978,13.873,7.945,48.386
D82084,8081,12.078,32.855,17.782,9.925,49.363
D82085,8029,13.364,28.297,13.563,6.937,48.263
D82087,6868,16.468,11.794,5.023,2.694,52.854
D82088,20703,4.511,1.063,0.261,0.092,53.055
D82096,8459,18.43,12.342,6.029,3.487,51.696
D82099,17305,15.227,14.62,6.68,3.704,51.274
D82100,4566,12.856,30.048,14.893,8.081,49.409
D82104,9505,12.909,29.732,15.781,8.869,48.901
D82105,7730,16.054,24.709,12.018,6.158,48.396
D82106,6014,14.084,15.331,7.466,4.39,50.067
D82600,1966,11.139,34.69,16.582,7.833,51.017
D82604,3560,12.191,28.933,15.0,8.146,50.983
D82618,5766,14.811,25.147,12.747,7.388,48.127
D82621,6909,13.461,31.799,17.065,9.017,48.69
D82624,8650,18.613,18.208,8.393,4.543,47.653
D82628,4091,11.244,33.537,16.964,8.8,50.086
D83001,11204,13.611,27.722,15.664,8.756,49.643
D83002,15491,15.667,21.748,11.587,6.481,50.255
D83003,5055,12.305,32.463,16.657,9.001,49.713
D83004,10229,14.909,23.375,11.741,6.736,50.103
D83005,13959,12.085,26.793,15.309,9.17,48.993
D83006,7551,12.939,31.797,15.958,8.436,48.364
D83007,9557,14.115,27.666,14.304,7.952,48.174
D83008,16517,17.303,15.057,6.805,3.736,53.163
D83009,19178,12.228,30.702,17.197,9.928,49.061
D83010,6449,11.071,35.618,18.747,9.846,48.907
D83011,11910,12.838,30.369,16.675,9.169,49.496
D83012,28327,14.262,26.424,14.061,7.823,50.598
D83013,13660,13.587,26.42,15.622,9.356,48.375
D83015,8332,10.418,35.922,20.715,11.822,47.948
D83016,10537,13.704,27.494,14.947,8.598,49.473
D83017,13803,13.881,26.204,13.642,7.556,49.612
D83018,12905,16.513,22.821,11.856,6.54,49.857
D83019,7926,12.44,29.195,13.79,7.128,49.975
D83020,8007,13.026,29.262,15.287,8.842,48.408
D83021,20322,17.789,16.598,8.641,4.704,48.839
D83022,5406,10.729,39.123,20.477,12.079,48.372
D83023,11550,15.152,23.87,12.935,7.29,50.563
D83024,13934,13.535,21.509,10.7,6.043,50.057
D83026,9023,12.557,30.832,16.502,9.498,48.853
D83027,11669,15.64,19.556,9.555,5.339,49.387
D83028,9376,14.142,31.517,16.393,8.884,48.176
D83029,14126,13.096,21.683,11.716,6.534,52.407
D83030,7585,15.662,18.682,8.253,4.14,53.909
D83033,10121,11.787,31.568,16.382,8.527,49.471
D83034,11731,12.778,30.032,15.429,8.814,49.373
D83035,10682,12.348,36.173,19.023,10.504,49.363
D83037,16299,14.639,28.008,15.522,8.902,48.156
D83038,16110,16.145,21.378,11.39,6.567,48.399
D83040,11255,13.932,25.349,14.331,8.201,49.507
D83041,9999,12.801,28.483,13.531,6.851,49.155
D83043,6328,12.247,30.752,16.767,9.087,50.632
D83044,23683,16.856,19.736,10.172,6.021,49.124
D83045,5536,13.783,24.91,13.024,7.171,49.296
D83046,29633,15.655,19.846,10.441,5.777,49.803
D83047,15916,15.274,25.283,13.578,7.703,48.36
D83048,17808,12.236,30.329,15.493,8.457,49.579
D83049,6880,11.453,33.212,19.448,11.497,46.73
D83050,28313,17.36,18.924,9.833,5.69,51.196
D83051,19558,16.771,17.277,8.605,4.643,49.366
D83053,9391,13.662,30.891,16.132,8.86,48.813
D83054,6898,10.409,35.836,18.02,10.162,49.87
D83055,16114,14.708,26.803,13.814,7.304,49.466
D83056,11056,20.098,15.096,7.625,4.396,49.068
D83057,14540,15.42,27.799,15.433,9.065,48.15
D83059,21664,19.618,12.385,5.618,2.968,51.685
D83060,24206,14.269,25.361,14.141,8.052,48.847
D83061,10013,13.073,28.733,15.01,7.83,49.456
D83062,7560,13.611,27.474,14.418,8.228,49.921
D83067,8402,16.496,17.222,8.688,4.713,49.572
D83069,6397,13.006,32.093,16.242,8.942,49.32
D83070,5139,13.524,31.387,16.793,8.873,48.531
D83073,5706,16.246,15.247,7.851,4.855,53.207
D83074,14198,16.002,13.727,6.6,3.691,53.043
D83075,13172,15.51,23.003,11.699,6.719,48.573
D83076,5595,12.136,33.423,17.802,9.848,49.348
D83078,10236,21.141,14.283,5.725,2.96,49.16
D83079,9316,12.87,22.832,11.464,6.365,49.925
D83080,5972,14.668,27.244,14.3,7.451,50.251
D83081,8323,13.841,22.648,10.97,5.887,49.045
D83084,6532,15.248,23.27,13.181,7.869,49.923
D83608,6531,13.229,28.694,15.909,8.59,47.451
D83610,12841,14.804,18.659,9.267,5.311,49.474
E81002,10217,18.675,18.499,8.222,4.659,47.793
E81003,21195,19.009,19.5,10.177,5.515,48.511
E81004,12324,18.403,19.093,9.526,5.656,49.148
E81005,10793,19.346,12.276,5.874,3.493,53.544
E81006,9512,17.252,17.609,9.262,5.257,51.156
E81007,6685,13.508,24.428,12.057,6.776,49.469
E81008,12058,17.142,15.002,7.024,3.931,50.406
E81009,12414,15.805,21.065,11.052,6.46,49.589
E81010,9253,20.815,12.688,6.366,3.858,50.297
E81012,13027,16.358,24.127,12.344,6.517,48.852
E81013,15142,14.47,12.799,5.402,2.846,53.91
E81014,18509,21.309,12.675,5.527,2.777,50.181
E81015,14386,14.493,22.049,10.357,5.589,49.951
E81016,6451,20.152,10.774,4.867,2.945,52.488
E81018,13177,17.288,14.282,6.709,4.068,53.571
E81019,23035,20.122,11.305,5.084,2.8,48.965
E81021,22627,22.394,11.115,5.211,2.846,49.786
E81022,19423,19.951,16.686,7.749,4.217,48.932
E81024,6089,13.795,26.195,14.222,7.982,48.744
E81025,7676,21.287,13.588,7.087,4.416,50.756
E81026,9980,18.747,14.309,6.363,3.477,50.14
E81027,13631,21.532,12.031,4.849,2.575,50.363
E81028,16093,23.227,8.146,3.113,1.771,52.632
E81029,18163,16.864,18.18,9.558,5.66,49.237
E81030,11000,21.391,6.264,2.364,1.345,50.909
E81031,5195,14.552,24.793,12.743,7.064,51.184
E81032,47733,20.091,8.175,3.459,2.017,53.33
E81033,20423,18.063,19.968,9.803,5.455,48.911
E81034,8338,16.059,20.377,10.374,5.961,48.885
E81035,10044,16.249,20.46,9.847,5.058,49.283
E81036,13066,19.134,20.45,10.24,5.832,49.388
E81037,36276,12.992,21.689,11.211,6.371,50.717
E81038,21414,15.625,20.505,10.045,5.515,50.229
E81040,9495,17.188,19.505,10.121,6.298,50.163
E81041,13944,20.948,11.023,4.984,3.041,50.911
E81043,10917,17.651,14.839,7.475,4.104,52.423
E81044,19503,18.3,16.756,7.932,4.138,51.418
E81045,10596,17.28,18.96,10.674,6.342,49.585
E81046,12194,14.187,24.889,13.351,7.848,49.516
E81047,18057,16.786,17.168,8.556,5.034,49.809
E81048,11109,18.634,9.992,3.961,2.295,53.047
E81049,7746,14.666,22.063,11.425,6.081,50.633
E81050,12796,14.856,23.468,12.191,6.846,49.594
E81052,8109,15.131,19.867,9.866,5.969,51.215
E81057,21644,16.873,19.345,9.684,5.392,49.164
E81060,6302,17.264,17.629,8.775,5.078,50.889
E81061,7244,19.989,17.283,7.827,3.934,49.006
E81063,9350,22.096,8.118,3.016,1.69,51.273
E81069,4944,14.179,27.751,15.756,9.082,48.746
E81073,18244,20.352,9.592,4.062,2.132,51.622
E81074,11731,15.276,22.948,12.071,6.896,48.427
E81076,5790,23.092,10.311,4.957,3.143,49.465
E81612,5608,19.989,12.322,4.583,2.496,52.372
E81615,4284,18.604,7.073,2.358,1.261,54.762
E81617,5297,16.972,20.313,8.986,4.644,49.934
E81631,9866,20.707,7.582,3.365,2.088,55.99
E81632,8378,16.412,20.088,9.585,5.837,49.475
E81633,5477,24.009,8.563,3.816,2.246,51.47
E81635,8537,22.279,10.835,5.107,2.987,48.261
E82001,43890,16.186,21.141,10.508,5.662,49.271
E82002,10965,16.27,13.589,6.667,3.94,51.728
E82004,4983,17.841,8.669,4.214,2.288,55.067
E82005,48505,17.804,15.464,7.327,4.315,50.801
E82006,7681,12.824,23.994,13.149,7.707,51.426
E82007,11867,18.303,19.196,9.042,4.879,48.302
E82008,11168,17.693,19.547,10.691,6.331,48.639
E82009,23498,19.712,13.963,6.681,3.8,50.119
E82012,14680,18.018,14.203,6.928,3.753,49.693
E82013,36271,18.717,12.677,6.013,3.427,49.318
E82014,19832,17.497,17.245,8.93,5.073,49.213
E82015,8596,14.111,18.462,8.911,5.351,51.85
E82017,13213,18.671,13.01,5.79,3.33,50.564
E82018,14901,16.845,13.415,6.671,3.718,51.332
E82019,15848,13.97,26.773,14.481,8.373,49.337
E82020,6683,15.891,16.729,7.706,4.489,51.698
E82021,6645,14.778,23.145,11.317,6.065,49.872
E82022,18701,17.609,14.924,7.433,4.353,49.869
E82023,12205,17.517,10.889,4.752,2.63,52.421
E82024,17867,15.19,16.919,8.787,5.468,49.326
E82027,12695,13.95,22.261,12.54,7.98,49.586
E82031,19694,15.563,11.867,5.189,3.189,50.543
E82032,15095,16.794,17.761,7.983,4.372,49.944
E82035,12734,16.813,20.591,10.908,6.51,49.709
E82037,15567,17.698,22.817,12.706,7.522,48.577
E82038,20238,17.314,22.547,11.399,6.256,49.204
E82040,21076,16.583,17.214,7.772,4.493,50.636
E82041,12753,18.772,13.636,6.649,3.921,49.047
E82042,9292,16.703,14.722,7.114,4.122,49.031
E82043,15181,16.619,21.599,11.389,6.679,48.613
E82044,14567,15.267,21.157,10.915,6.274,48.397
E82045,18922,15.786,9.396,4.032,2.526,53.8
E82046,10531,14.937,21.992,10.987,6.172,49.9
E82050,5347,18.814,16.458,6.714,2.712,49.991
E82051,14619,18.818,17.553,7.955,4.576,49.935
E82053,17937,18.548,16.519,8.697,5.313,49.947
E82055,13435,16.271,23.007,13.041,7.562,49.468
E82056,10432,18.731,15.683,7.141,4.112,49.54
E82058,17299,7.96,12.232,6.064,3.561,54.119
E82059,10507,17.112,17.883,9.698,5.672,48.748
E82060,21988,18.801,15.204,7.14,3.966,49.477
E82061,14307,16.062,19.962,10.666,6.277,49.514
E82062,16058,15.892,20.999,10.686,6.19,49.053
E82063,12394,20.55,15.12,7.391,4.252,48.16
E82066,3745,14.98,19.012,9.64,6.275,50.227
E82067,16671,15.836,17.587,8.752,4.997,50.387
E82068,19565,15.61,20.087,10.585,6.363,49.655
E82069,8921,19.471,8.777,4.36,2.365,51.16
E82070,3514,22.168,10.415,3.756,1.736,51.195
E82071,17293,19.783,16.012,8.084,4.499,50.171
E82073,48570,18.791,13.801,6.506,3.696,49.483
E82074,23141,15.695,15.501,7.817,4.486,50.015
E82075,12484,16.902,19.321,10.541,6.456,49.607
E82077,12492,16.731,18.588,10.126,6.252,50.392
E82078,10182,16.5,18.356,9.32,5.225,47.27
E82079,8980,18.886,15.624,7.528,4.532,49.076
E82081,13594,16.257,22.002,11.417,6.613,48.36
E82082,18472,15.126,22.699,12.197,6.843,48.327
E82083,10330,15.324,20.503,10.271,5.983,48.287
E82084,13786,17.656,16.277,8.298,4.954,50.131
E82085,18738,15.727,20.819,10.567,6.079,50.406
E82086,24411,17.021,14.457,6.882,3.806,50.506
E82088,10117,15.301,18.978,10.734,6.504,49.036
E82090,9963,15.106,24.23,12.777,7.618,49.935
E82091,16376,17.294,18.564,9.129,5.569,50.153
E82092,16709,15.949,18.625,9.749,5.704,48.74
E82093,13733,17.848,16.078,7.347,4.18,50.725
E82094,12578,17.65,19.51,10.622,6.527,48.799
E82096,10510,16.974,17.783,9.087,5.243,48.62
E82098,7638,14.31,23.619,12.87,7.607,48.743
E82099,12646,13.759,21.564,10.723,6.54,49.462
E82100,13782,17.182,21.151,10.768,5.805,50.044
E82102,17442,16.328,19.705,10.584,6.14,49.799
E82105,4989,18.861,14.031,6.294,3.187,50.872
E82106,14023,16.273,22.392,12.258,7.488,48.798
E82107,10716,18.384,15.435,7.046,3.677,49.757
E82111,7465,17.08,14.374,6.296,3.054,51.266
E82113,7242,19.304,13.656,6.697,3.645,51.284
E82115,10465,14.142,20.917,9.947,5.447,50.932
E82117,12617,18.713,13.101,6.689,3.947,49.948
E82121,5178,14.542,23.214,11.742,6.199,50.541
E82123,9786,15.767,21.316,11.976,7.449,48.815
E82124,33494,16.794,16.015,8.136,4.974,49.358
E82129,15515,16.178,20.135,10.338,5.949,48.817
E82132,6116,18.558,16.988,8.421,4.791,49.411
E82133,9502,21.027,11.682,5.778,3.336,49.305
E82626,2825,15.611,22.938,11.363,6.442,49.487
E82638,6901,19.331,11.593,5.144,2.985,49.225
E82643,2921,15.371,20.917,11.195,6.231,49.606
E82652,3201,19.4,18.307,10.091,5.405,51.796
E82654,10605,21.867,11.231,5.488,2.735,48.703
E82655,4217,17.88,12.402,5.288,2.656,48.304
E82657,6290,15.135,23.37,13.688,8.617,48.045
E82661,8135,18.07,14.468,7.314,4.388,49.551
E83003,10495,16.617,17.094,8.137,4.45,48.223
E83005,6110,16.858,12.193,6.285,3.83,49.951
E83006,6837,14.29,14.407,6.728,4.359,50.753
E83007,4939,14.416,16.117,7.775,4.576,50.881
E83008,8329,18.105,17.517,9.353,5.079,48.877
E83009,12940,18.362,18.13,10.108,5.997,47.658
E83010,12738,16.125,16.251,7.623,4.043,49.796
E83011,11163,17.325,7.776,2.696,1.263,49.279
E83012,10249,16.216,19.046,9.62,5.386,47.946
E83013,5373,13.251,16.564,8.264,5.137,49.916
E83016,24889,18.341,14.609,7.381,4.13,47.595
E83017,17472,15.883,18.893,9.478,5.306,49.245
E83018,18173,16.321,15.738,7.01,3.94,48.754
E83020,11781,17.375,13.191,6.595,3.684,49.215
E83021,12556,15.045,17.362,8.737,5.217,49.204
E83024,11427,15.708,19.55,10.528,6.511,48.683
E83025,7879,16.296,15.865,7.399,4.087,51.237
E83026,3654,13.191,22.961,11.604,6.294,50.602
E83027,10815,11.909,12.215,7.037,4.965,52.594
E83028,6179,18.563,11.102,3.965,2.023,50.397
E83030,7487,16.869,17.47,8.735,5.463,49.339
E83031,6271,18.514,15.946,8.101,4.975,48.684
E83032,17317,17.826,10.527,4.626,2.599,50.961
E83034,5028,13.902,17.422,7.836,4.375,50.06
E83035,18197,16.613,16.986,9.045,5.831,50.404
E83038,8977,14.805,15.54,7.909,5.202,51.632
E83039,5508,15.541,13.453,6.445,3.813,53.922
E83041,4753,14.622,11.614,4.902,3.219,57.984
E83044,9891,16.288,18.805,8.887,5.257,47.973
E83045,9738,17.006,14.931,6.819,4.118,49.281
E83046,7937,16.077,13.809,5.796,3.452,51.153
E83049,7282,18.25,12.675,6.042,3.639,51.14
E83050,7396,13.845,16.022,7.666,4.489,50.446
E83053,14829,20.332,17.054,8.558,4.97,51.224
E83600,7839,36.216,8.789,3.98,2.334,51.716
E83613,11391,17.119,17.435,8.27,4.811,49.021
E83621,9318,15.4,18.491,9.412,5.355,50.075
E83622,9439,20.32,15.542,8.581,5.53,49.168
E83637,12508,17.093,6.844,2.606,1.415,50.959
E83638,5170,15.397,19.632,9.787,5.28,50.561
E83639,6169,17.864,10.634,4.101,2.399,50.43
E83649,4470,15.593,12.461,6.018,3.691,49.396
E83653,12111,17.439,12.922,6.696,4.145,49.385
E83668,3968,14.163,13.584,4.914,2.369,55.318
E84002,7485,13.841,15.992,7.295,4.395,49.699
E84003,14729,14.298,8.385,3.225,1.724,51.164
E84004,7532,14.764,21.017,9.599,5.736,49.243
E84005,7403,14.535,15.845,8.118,5.201,52.209
E84006,16871,13.082,16.514,7.415,4.801,50.347
E84007,5932,15.897,20.836,10.974,6.457,50.489
E84008,10392,14.732,19.428,8.747,4.811,50.077
E84009,12193,15.583,18.781,9.456,5.643,50.504
E84011,1732,9.065,18.187,8.718,5.196,59.065
E84012,8201,12.133,15.51,6.572,3.5,51.079
E84013,8432,17.73,11.611,4.874,2.846,49.739
E84014,10096,16.224,16.353,8.152,4.784,51.327
E84015,14875,15.207,16.417,7.153,4.108,50.017
E84017,7790,12.837,16.855,8.074,4.955,52.221
E84018,7844,14.98,21.469,10.263,5.711,49.299
E84020,6404,15.568,17.036,7.589,4.403,51.968
E84021,17011,15.131,9.153,3.509,1.952,51.337
E84022,7016,14.424,15.593,6.813,4.333,51.254
E84024,21637,16.805,19.846,10.256,5.994,48.228
E84025,19493,14.39,12.168,5.094,2.75,47.509
E84028,6036,14.927,13.966,5.335,3.496,51.524
E84030,4530,18.477,13.068,5.651,2.958,52.384
E84031,9510,17.234,12.114,4.963,2.913,50.473
E84032,6570,15.556,12.055,5.495,3.44,50.868
E84033,6752,19.565,9.182,4.295,2.621,50.874
E84036,9199,17.426,10.588,4.207,2.533,51.799
E84039,18849,17.9,13.231,5.841,3.406,54.051
E84040,4504,14.698,13.255,6.328,3.619,54.085
E84042,6999,12.187,11.53,4.744,2.729,54.179
E84044,11416,15.329,13.989,6.605,3.907,51.393
E84048,7679,12.267,17.945,7.566,4.376,53.457
E84049,7448,20.61,9.452,4.35,2.632,53.813
E84051,6419,15.688,12.977,5.39,2.913,51.535
E84053,3240,11.667,27.778,14.877,7.963,50.586
E84057,12610,16.098,18.692,10.182,6.305,49.572
E84058,26914,18.968,9.423,4.069,2.185,50.862
E84059,4757,13.16,15.283,7.231,4.204,52.933
E84061,11380,14.798,23.884,12.039,7.399,47.768
E84062,5599,15.806,11.323,4.769,3.072,50.92
E84063,9158,11.804,5.907,2.217,1.332,63.344
E84066,108960,3.818,1.809,0.603,0.343,57.043
E84067,9927,16.853,8.764,2.911,1.541,55.294
E84068,15033,15.998,17.734,8.741,4.889,50.662
E84069,19235,18.404,14.364,6.727,3.717,51.458
E84070,5813,18.183,15.224,6.554,3.75,51.092
E84074,12677,15.848,9.174,3.084,1.735,52.363
E84075,12065,18.417,7.352,2.644,1.442,54.811
E84076,6521,15.918,15.044,6.763,4.033,50.636
E84078,5259,12.36,17.703,7.435,4.126,52.5
E84080,8376,14.649,14.219,6.614,3.832,49.618
E84083,5965,13.73,17.888,7.846,4.308,52.188
E84086,6788,11.314,13.715,5.804,2.873,52.401
E84601,7690,16.281,12.627,5.865,3.68,52.731
E84617,7769,16.823,7.272,3.192,1.751,53.752
E84620,6348,16.005,11.374,4.411,2.221,53.938
E84626,4820,14.855,11.037,4.689,2.427,53.154
E84635,5580,15.52,9.892,3.297,2.061,53.871
E84637,5005,22.637,6.713,2.258,1.219,52.288
E84638,6363,15.747,11.928,4.526,2.672,52.837
E84645,8867,18.044,9.417,3.451,1.996,51.562
E84646,7655,24.272,6.088,2.247,1.45,53.442
E84647,5054,16.324,13.554,6.767,3.74,51.326
E84653,7307,18.585,11.427,5.269,3.312,52.457
E84656,5962,17.813,10.969,3.992,2.097,49.296
E84658,5362,16.132,16.151,7.665,4.383,51.231
E84663,8087,15.271,11.685,5.552,3.091,49.487
E84665,9053,15.464,12.427,4.452,2.386,55.893
E84674,5066,10.521,11.686,4.461,2.349,58.824
E84676,3964,16.095,11.276,4.869,2.598,52.371
E84678,4739,15.341,16.037,7.09,4.22,53.45
E84680,5259,18.73,8.195,3.803,2.149,50.029
E84684,4994,18.182,11.574,5.166,3.384,50.881
E84685,7933,15.467,16.614,7.412,4.551,51.33
E84693,10224,16.52,10.397,3.942,2.025,49.276
E84699,4025,14.932,15.379,6.584,3.851,53.491
E84701,5034,16.547,10.072,3.496,1.768,51.927
E84702,14399,18.362,6.723,2.368,1.104,50.726
E84704,2564,16.147,14.977,6.357,3.237,49.337
E84709,25555,11.469,5.729,2.238,1.28,49.521
E85001,9122,15.052,15.161,7.29,4.385,50.636
E85003,18889,9.942,9.672,3.912,1.954,51.136
E85004,7430,15.707,12.921,5.949,3.499,51.198
E85005,5227,13.029,10.541,4.285,1.913,53.013
E85006,5067,17.367,9.295,3.237,1.816,51.214
E85007,12774,15.148,15.782,6.897,3.828,50.485
E85008,6409,11.406,17.163,8.176,4.712,49.103
E85012,5219,14.198,18.873,8.603,5.384,51.389
E85013,5963,16.468,10.213,3.505,1.727,49.539
E85014,8427,15.272,16.518,7.405,3.738,51.62
E85015,9771,14.625,14.881,6.53,3.531,52.676
E85016,11987,11.913,12.03,5.539,3.304,48.144
E85019,10289,13.957,13.296,5.812,3.499,50.248
E85020,15942,13.675,11.09,5.395,2.942,48.658
E85021,6899,17.191,10.103,4.305,2.464,51.558
E85023,3131,13.063,15.331,7.506,4.28,51.932
E85024,5331,15.888,14.556,6.959,3.864,50.441
E85025,11588,12.72,6.61,3.029,1.631,46.315
E85026,15697,14.035,13.168,6.587,3.886,51.462
E85028,8687,13.814,13.63,6.228,3.373,51.237
E85029,14866,9.296,9.498,4.177,2.415,50.8
E85030,7253,13.622,13.994,6.866,3.681,48.78
E85032,4638,10.824,15.438,7.934,4.571,50.431
E85033,11390,10.097,11.738,5.057,2.827,50.562
E85034,5323,13.883,16.757,8.567,5.429,52.94
E85035,7330,16.903,10.709,4.366,2.156,54.693
E85038,5583,12.61,12.717,6.448,3.708,47.358
E85040,7875,11.568,21.778,11.39,6.603,49.397
E85041,6252,15.419,12.588,5.486,2.895,51.903
E85042,7704,12.604,8.956,3.92,2.168,48.923
E85045,3301,13.148,19.782,9.876,5.332,51.772
E85046,6056,15.142,14.118,6.704,4.013,50.429
E85048,7592,17.677,8.575,3.122,1.699,48.617
E85049,8631,15.178,10.381,4.287,2.34,57.039
E85050,7733,14.302,13.63,6.272,3.66,51.856
E85051,4879,13.302,16.745,7.952,4.817,52.367
E85052,7415,16.494,11.679,5.111,2.913,55.482
E85053,3407,15.762,15.703,6.34,3.229,49.809
E85054,11489,14.623,13.744,5.997,3.36,52.598
E85055,10974,9.687,12.101,5.139,2.688,53.836
E85056,7289,17.026,13.116,5.652,2.922,49.527
E85057,10299,13.972,20.507,9.914,5.564,48.811
E85058,7327,15.259,16.746,7.793,4.49,51.153
E85059,8221,14.135,14.864,6.362,3.54,54.58
E85060,6345,15.745,14.169,5.784,3.373,51.568
E85061,6391,17.978,10.264,4.35,2.347,54.905
E85062,13639,19.723,4.634,2.002,1.122,55.473
E85064,7247,18.311,10.942,4.485,2.511,49.496
E85066,3988,16.399,15.822,7.548,3.661,49.323
E85069,5658,18.346,11.895,5.391,3.552,50.548
E85071,2228,13.645,17.28,9.022,5.386,50.718
E85074,6168,8.998,8.609,3.68,2.059,50.081
E85075,4940,15.931,10.466,4.13,2.227,50.162
E85077,3428,9.102,12.427,5.426,3.442,56.243
E85083,6581,18.584,10.454,4.498,2.659,51.709
E85088,6528,18.321,11.795,5.116,2.987,51.134
E85090,5599,14.36,10.806,4.412,2.161,58.921
E85091,3403,14.928,10.05,4.143,1.91,54.393
E85096,6207,12.164,11.1,3.979,2.159,59.465
E85098,6382,19.868,8.383,3.071,1.457,50.627
E85099,6867,17.3,7.441,3.277,1.631,47.998
E85103,3115,8.283,20.899,8.828,4.655,55.088
E85107,7523,17.121,11.804,5.197,2.472,48.318
E85108,4915,16.012,13.754,6.144,3.154,52.085
E85109,4160,15.553,8.678,3.413,2.067,54.062
E85111,5438,16.293,11.236,4.91,2.795,53.604
E85112,9084,16.116,9.346,3.82,2.125,50.859
E85113,6972,16.495,15.146,6.325,3.026,51.205
E85114,7586,15.7,17.11,7.197,3.704,49.855
E85115,4032,17.312,14.41,6.548,3.423,52.232
E85116,5902,16.655,12.996,5.574,2.931,48.153
E85118,7130,10.477,13.647,5.82,3.352,49.467
E85119,14032,15.707,9.485,3.627,1.839,53.235
E85120,7428,15.24,15.926,6.637,3.379,50.619
E85121,14857,14.882,10.487,3.843,2.127,58.134
E85122,14242,13.13,12.21,5.245,2.724,51.559
E85123,9040,17.688,9.746,4.281,2.279,49.878
E85124,97814,2.908,1.195,0.253,0.11,59.335
E85125,5818,9.832,9.986,4.125,2.028,48.247
E85126,10981,15.008,10.564,4.371,2.604,55.724
E85127,8395,14.056,14.258,5.873,3.311,51.614
E85128,12453,14.061,11.427,5.131,3.043,47.707
E85129,5865,14.015,16.709,7.451,3.956,51.475
E85130,4327,13.936,12.018,4.299,2.219,48.301
E85600,7201,16.095,10.054,4.874,2.555,52.118
E85605,8147,15.527,15.208,7.033,3.903,50.117
E85617,1508,6.631,2.984,0.796,0.398,64.191
E85623,3039,16.749,9.477,3.817,2.04,57.091
E85624,7221,14.07,12.907,5.124,2.797,53.788
E85628,9713,16.915,12.396,5.663,2.996,50.561
E85633,9603,13.964,8.508,2.718,1.416,58.638
E85635,5593,16.02,10.281,4.577,2.521,52.065
E85636,14760,14.797,9.932,4.499,2.514,46.477
E85640,3438,9.046,9.919,4.654,2.792,55.41
E85643,6911,15.671,9.304,3.617,2.055,53.755
E85649,4458,9.758,7.29,3.432,2.041,50.449
E85656,5543,16.417,9.886,4.113,2.147,56.63
E85657,11775,15.771,9.979,4.204,2.412,51.66
E85658,4522,10.128,16.276,7.32,4.268,52.609
E85659,2256,12.677,11.791,4.743,2.704,51.33
E85663,10339,14.247,9.121,3.511,1.847,60.712
E85677,8303,14.597,6.455,2.276,1.144,53.872
E85680,10705,13.396,7.464,3.316,1.999,54.685
E85681,9226,18.296,11.142,4.747,2.656,52.493
E85682,5760,14.549,10.677,4.184,2.361,52.135
E85683,3990,11.328,17.569,7.619,4.085,49.148
E85685,12422,15.859,12.204,6.247,3.542,46.466
E85687,5754,14.164,4.362,1.686,0.834,48.627
E85693,22221,14.527,13.141,5.823,3.011,48.72
E85694,5291,15.12,12.72,5.954,3.119,53.147
E85696,7947,16.056,7.865,2.605,1.246,62.3
E85697,6293,17.416,10.742,4.306,2.32,51.104
E85699,6733,17.585,14.184,7.263,4.515,50.394
E85707,7418,12.416,12.753,5.257,2.966,57.913
E85708,7915,16.98,10.802,4.371,2.375,52.849
E85712,10628,20.794,9.842,3.877,2.032,51.082
E85713,6397,15.679,10.802,5.002,3.111,54.338
E85715,7989,20.553,9.889,4.043,2.128,49.218
E85716,16387,16.208,9.117,3.808,2.227,54.562
E85718,5061,14.641,11.618,4.94,2.569,55.7
E85719,10220,16.145,10.157,4.716,2.515,48.503
E85721,2214,15.086,6.233,1.807,0.813,56.007
E85725,7525,15.056,12.558,5.143,2.658,52.226
E85726,3299,13.095,14.61,6.426,3.425,50.864
E85734,5974,16.17,10.88,4.202,2.226,51.64
E85735,6934,18.402,9.057,3.375,1.716,49.596
E85736,7597,18.284,11.228,4.805,2.488,46.071
E85739,10412,18.267,11.103,4.687,2.651,52.075
E85743,3092,15.362,11.158,4.398,2.426,54.237
E85744,9652,17.312,9.065,3.885,2.124,50.964
E85745,8068,15.233,11.738,4.846,2.752,54.921
E85746,3902,15.992,9.944,4.152,2.05,49.769
E85748,6040,11.026,7.219,2.55,1.407,57.831
E85750,7311,15.401,13.514,6.278,3.447,52.25
E86001,11238,14.104,24.871,12.912,7.457,47.829
E86004,11212,18.632,11.871,5.182,2.997,51.739
E86005,6984,17.511,18.242,9.321,5.284,49.212
E86006,8348,15.692,21.838,11.045,6.301,48.143
E86007,8956,14.772,20.634,10.295,5.695,49.754
E86009,8964,18.34,13.543,6.604,3.704,48.349
E86010,16663,20.765,7.55,3.037,1.542,50.825
E86011,6269,18.217,16.334,9.076,5.2,48.891
E86012,11243,15.281,21.018,11.127,6.529,49.56
E86014,7497,21.822,10.351,4.842,2.668,49.073
E86015,17258,16.769,15.216,7.087,3.911,50.539
E86016,6226,16.945,12.833,6.168,3.71,52.409
E86017,21634,15.993,6.702,2.783,1.502,56.208
E86018,8164,16.854,13.988,7.117,4.422,51.862
E86019,6907,14.97,15.289,7.326,4.01,52.425
E86020,5286,18.596,11.086,4.711,2.592,52.176
E86022,5892,13.51,24.05,12.712,7.96,49.202
E86024,4325,11.838,23.283,12.162,7.26,51.029
E86026,8356,17.688,12.171,5.278,2.956,50.981
E86027,7200,19.042,14.208,7.25,4.639,50.139
E86028,8379,16.004,20.325,11.326,7.197,47.917
E86029,10566,18.257,12.597,6.019,3.644,50.284
E86030,11996,7.269,3.051,1.284,0.7,66.806
E86033,6439,16.664,18.776,9.924,5.777,50.116
E86034,2641,17.948,15.6,5.945,2.953,53.502
E86036,9001,17.72,17.709,8.632,5.077,49.361
E86038,7121,16.023,10.364,4.101,2.106,52.984
E86041,5565,18.347,14.717,7.188,4.079,50.746
E86042,7841,17.931,9.029,3.533,1.683,52.94
E86605,2570,15.331,20.856,8.911,4.864,50.545
E86609,10328,15.889,5.403,1.898,0.978,55.471
E86610,3301,16.359,12.511,5.15,2.514,50.682
E86612,5905,17.273,7.739,2.574,1.507,53.023
E86615,2555,17.573,14.364,6.654,4.266,53.659
E86618,7178,19.003,15.408,7.829,4.5,49.819
E86619,3359,22.388,15.987,7.294,3.9,48.645
E86620,5262,20.315,10.927,5.207,2.813,51.558
E86625,2843,18.115,13.648,5.522,3.342,52.48
E86626,5926,16.436,16.149,6.21,3.307,50.793
E86629,3697,19.827,12.361,6.167,3.787,50.095
E86632,5829,16.555,12.678,4.855,2.402,50.489
E86637,6680,13.204,11.497,4.551,2.44,58.204
E86640,5901,20.251,16.506,8.676,4.847,47.856
E87002,17176,10.276,15.068,7.231,4.297,50.728
E87003,5146,11.096,14.633,6.588,3.556,49.378
E87004,10939,10.056,16.747,7.496,4.041,49.182
E87005,8673,8.405,17.203,8.336,4.843,49.821
E87006,4750,9.389,13.179,5.558,3.221,51.684
E87007,1,0.0,0.0,0.0,0.0,100.0
E87008,12009,9.818,10.267,4.663,2.69,51.678
E87009,3871,8.783,17.308,8.602,4.96,54.12
E87010,5910,8.68,13.063,5.719,2.826,54.281
E87011,7949,12.391,13.184,6.114,3.548,51.39
E87013,16244,12.343,14.621,7.246,4.408,48.116
E87016,13529,13.497,15.707,7.828,4.553,45.842
E87021,5180,10.888,18.378,8.649,5.444,47.297
E87024,5548,13.915,15.105,6.813,4.326,52.956
E87026,2354,8.836,19.074,7.901,4.588,55.65
E87029,9003,14.406,15.095,7.153,4.221,47.007
E87034,14932,10.253,13.481,5.699,3.141,49.632
E87037,11408,9.441,11.72,5.435,2.91,53.173
E87038,4734,11.555,15.779,6.696,3.739,49.451
E87043,6762,12.97,10.589,5.161,2.884,48.24
E87045,5317,5.21,12.658,5.304,2.821,50.856
E87046,12679,14.126,8.889,3.541,1.743,47.33
E87047,6757,5.15,13.423,5.668,2.472,50.185
E87048,3617,9.124,14.432,7.354,4.064,52.889
E87052,3336,12.32,14.808,6.205,3.447,56.595
E87061,14009,13.541,11.386,5.232,2.934,49.29
E87063,16017,11.051,7.105,2.772,1.367,46.906
E87065,3702,9.724,13.992,5.808,3.377,46.704
E87066,8026,6.504,9.781,4.224,2.28,53.962
E87067,10667,12.093,16.274,6.89,3.647,50.539
E87069,2931,4.128,11.566,4.367,2.218,59.4
E87070,7419,8.707,9.988,4.475,2.453,52.136
E87609,24337,14.994,12.323,6.18,3.636,48.05
E87637,21087,12.145,9.47,3.571,1.992,50.472
E87648,4386,7.547,14.227,5.882,3.238,52.12
E87663,4532,12.599,13.658,4.81,2.383,59.488
E87665,6518,10.233,19.04,8.653,5.124,46.395
E87677,18820,0.675,1.562,0.85,0.542,67.97
E87681,14662,11.097,10.531,5.054,2.926,51.084
E87701,8760,10.377,19.03,9.874,5.731,49.155
E87702,3058,9.385,16.22,7.979,4.349,49.052
E87706,4290,13.31,15.501,6.643,3.613,53.427
E87711,287,0.0,98.955,79.791,59.582,93.38
E87714,6027,3.7,7.383,2.124,0.996,58.337
E87715,7534,12.317,12.955,5.827,3.079,50.743
E87720,9277,10.165,9.152,3.482,1.919,49.423
E87722,6950,8.043,7.295,3.223,1.799,52.259
E87733,4866,11.919,14.632,5.282,2.754,49.979
E87737,9423,6.93,12.13,5.582,3.3,51.067
E87738,15086,9.287,17.155,7.795,4.574,49.708
E87739,9781,10.336,10.336,4.723,2.423,49.596
E87740,2296,0.0,6.794,0.784,0.348,82.796
E87741,3503,12.275,12.446,4.396,2.655,48.987
E87742,3022,12.674,13.6,6.023,3.177,51.522
E87745,9299,8.764,11.335,5.087,2.742,49.134
E87746,5080,10.492,8.327,2.854,1.378,50.728
E87750,4189,9.119,11.602,4.87,2.292,52.948
E87751,2103,13.267,15.169,6.087,3.091,49.786
E87753,11410,11.621,12.778,5.057,2.743,47.984
E87754,6638,10.334,10.982,5.002,2.697,51.823
E87755,3250,13.231,10.738,4.4,2.769,51.046
E87756,196,22.959,24.49,12.755,8.673,67.347
E87762,8706,9.66,14.507,6.834,3.71,47.898
E87768,23315,0.017,0.137,0.034,0.013,44.804
E87772,509,0.0,4.519,1.179,0.589,78.193
F81001,13602,16.395,24.202,14.079,8.558,48.213
F81003,5988,15.731,16.834,7.782,3.958,51.904
F81004,9290,14.564,22.745,11.313,6.222,49.397
F81006,5351,19.118,14.988,7.064,3.756,51.336
F81007,19940,15.687,21.199,11.274,6.63,49.584
F81009,11089,15.98,23.365,12.418,7.241,49.085
F81010,12304,18.254,14.971,7.233,3.804,50.423
F81011,8165,16.546,21.58,10.986,5.658,49.406
F81012,7123,9.617,38.537,22.659,12.761,48.547
F81013,12929,17.333,21.293,11.958,6.93,48.735
F81014,11922,18.353,18.386,9.789,5.729,50.47
F81015,12733,16.728,20.843,10.61,6.189,49.164
F81017,8274,11.772,38.422,22.021,12.582,47.74
F81019,17955,17.009,23.893,12.916,7.246,48.571
F81020,8262,12.37,27.148,12.636,6.282,49.794
F81021,11987,13.498,28.414,14.149,7.316,49.328
F81022,16157,15.578,25.376,14.013,8.269,48.153
F81023,13705,17.497,14.936,7.005,4.006,49.281
F81025,10377,19.437,13.183,6.071,3.267,49.889
F81026,8833,9.589,43.326,25.156,14.072,46.428
F81027,20829,19.439,14.35,7.278,4.172,50.924
F81028,9105,15.255,25.173,13.465,7.117,48.841
F81029,8207,21.896,12.099,5.093,2.583,49.226
F81030,17140,15.945,21.324,11.663,6.674,48.839
F81031,7641,19.199,15.43,7.119,4.293,50.124
F81032,3104,13.853,28.254,16.044,9.375,49.774
F81034,9781,15.346,26.071,13.557,7.341,49.126
F81036,18252,16.595,19.357,10.41,6.005,49.425
F81037,8717,16.026,22.118,11.655,6.7,49.914
F81038,13191,16.034,23.66,12.357,7.3,48.162
F81040,4777,13.146,29.077,15.365,9.19,49.55
F81041,14409,16.455,22.923,13.186,7.197,48.588
F81042,42973,17.485,16.387,8.384,4.717,49.308
F81043,18149,15.202,24.734,13.808,8.028,48.763
F81044,7337,13.398,27.477,13.575,7.619,48.412
F81045,6795,16.968,21.177,12.097,6.946,50.537
F81046,4473,12.609,29.063,15.873,9.3,49.743
F81047,11172,18.287,17.132,7.85,4.637,49.266
F81048,10083,13.924,21.085,10.84,6.675,49.4
F81049,12871,16.036,24.171,12.586,7.101,48.349
F81051,7759,17.592,21.678,10.633,5.104,49.646
F81052,15636,13.622,32.284,18.221,10.649,47.039
F81053,21154,18.346,17.543,8.726,4.751,49.518
F81055,13312,16.534,21.252,11.291,6.881,48.896
F81056,11981,18.513,18.788,9.098,5.133,48.902
F81057,14863,15.697,16.363,8.753,5.282,49.505
F81060,4923,21.227,13.731,5.728,3.372,48.974
F81061,7858,14.737,28.264,15.984,8.666,48.524
F81062,8909,17.611,19.003,10.304,6.387,48.928
F81065,4323,15.938,19.894,10.433,5.274,49.711
F81066,6496,14.255,27.571,14.809,8.667,48.183
F81067,13995,14.884,24.823,13.655,7.91,48.689
F81068,17025,15.9,22.661,12.07,6.978,48.605
F81069,8777,18.628,18.457,9.479,4.876,49.687
F81071,13983,14.196,12.98,6.529,3.983,50.619
F81072,8454,17.861,19.506,9.865,5.299,49.562
F81075,11680,13.579,27.945,15.873,9.315,48.896
F81076,4741,13.626,28.095,13.014,6.707,49.61
F81078,11829,19.604,13.357,5.909,3.229,49.48
F81080,12095,15.081,23.58,12.642,6.871,48.648
F81081,22094,17.371,15.199,6.92,3.806,49.479
F81082,4343,16.233,22.519,12.365,6.654,51.416
F81083,11894,15.789,18.741,10.947,6.482,49.672
F81085,13699,17.279,18.534,10.337,6.19,49.544
F81086,7741,17.039,18.951,9.947,5.387,50.045
F81087,13722,14.881,22.169,12.243,7.215,49.577
F81088,2665,18.649,18.574,9.681,4.39,50.169
F81089,10189,14.349,25.714,13.888,7.312,48.965
F81090,11884,17.418,21.298,11.116,6.412,48.595
F81091,9484,15.015,17.197,9.173,5.24,48.977
F81092,4707,16.465,23.178,11.897,6.862,51.03
F81095,21916,20.131,13.278,6.155,3.153,50.78
F81096,10874,15.073,27.028,14.484,7.697,48.648
F81097,17934,17.308,16.159,8.174,4.756,50.53
F81098,8113,15.075,25.465,13.645,8.061,48.281
F81099,12716,13.031,28.091,14.958,8.045,49.237
F81100,23795,15.835,22.547,12.019,6.913,50.145
F81101,5517,13.812,26.409,15.715,9.19,48.595
F81102,7386,17.289,18.494,10.385,6.715,48.822
F81104,4665,16.313,24.266,12.862,7.224,50.096
F81105,20939,17.069,18.683,9.633,5.12,48.57
F81106,10916,19.449,15.464,6.458,3.985,49.038
F81108,18746,17.214,17.913,8.951,4.753,48.97
F81110,12219,22.653,12.702,5.639,3.167,49.087
F81112,15229,15.122,24.329,13.218,7.236,47.771
F81113,14294,19.071,9.333,3.687,1.889,49.475
F81114,13921,14.906,23.813,13.885,8.218,48.553
F81115,27376,15.525,23.258,12.617,7.123,48.846
F81116,10875,13.343,29.076,16.156,9.021,48.782
F81117,9907,15.807,17.19,9.064,5.582,52.448
F81118,14580,17.346,20.206,10.137,5.912,49.28
F81119,8311,14.98,25.917,13.007,7.075,49.176
F81120,12848,18.532,16.275,7.059,3.907,50.187
F81121,15477,15.746,22.627,12.005,6.578,48.834
F81122,32352,17.226,19.384,10.083,5.508,49.694
F81123,20736,15.365,24.769,14.598,8.628,48.732
F81125,14110,12.877,25.684,13.565,7.753,49.355
F81126,9953,13.825,29.268,14.96,8.209,49.422
F81128,14574,15.178,26.177,15.095,8.68,49.033
F81130,5975,13.858,24.77,12.552,6.377,49.523
F81131,9228,15.453,23.645,11.931,6.654,49.22
F81132,17326,16.807,21.286,11.087,6.008,49.417
F81133,12234,14.362,27.62,15.596,8.305,48.529
F81134,7528,18.079,17.242,8.382,4.609,49.083
F81136,14971,19.337,13.346,6.506,3.721,48.868
F81137,7304,15.649,22.399,11.281,6.257,48.918
F81141,15591,4.406,7.164,3.406,1.905,62.979
F81142,6474,15.107,24.714,13.5,7.136,49.32
F81144,21957,17.32,19.374,10.297,6.403,48.399
F81147,5128,13.943,24.668,14.177,9.243,51.482
F81149,11405,15.598,22.885,11.591,6.69,49.154
F81150,13048,21.275,11.519,5.242,3.257,49.716
F81152,11940,17.856,16.709,7.956,4.464,48.459
F81153,13305,16.731,19.947,10.831,5.592,47.862
F81155,5485,18.049,15.825,7.165,4.211,50.593
F81156,9299,17.54,23.82,12.496,7.27,48.801
F81158,3791,18.518,18.016,7.755,3.983,48.088
F81159,7167,16.897,7.73,3.167,1.73,52.156
F81163,7173,17.05,21.009,11.543,7.11,48.989
F81164,9512,17.115,16.138,7.559,4.258,50.074
F81165,4610,17.158,20.911,9.87,5.358,49.675
F81169,7958,15.77,19.791,10.87,6.773,48.97
F81170,13731,14.668,23.218,11.412,5.324,49.29
F81173,6361,21.742,14.29,6.791,2.987,49.772
F81176,3292,19.107,17.649,7.807,4.222,49.544
F81177,4348,19.986,17.272,8.418,4.646,49.816
F81181,23420,19.552,11.319,4.492,2.417,50.854
F81183,5957,13.295,28.336,13.916,7.185,50.26
F81184,4208,14.663,24.81,11.93,6.012,50.428
F81186,7069,21.771,12.166,5.432,2.858,49.328
F81192,10282,16.291,21.533,11.311,6.03,48.989
F81193,7200,19.583,16.722,8.403,4.444,48.847
F81197,2633,17.698,14.584,5.735,2.279,50.627
F81198,2598,13.895,23.172,12.471,6.313,50.654
F81205,5679,15.901,23.877,12.185,6.427,50.872
F81206,5832,24.194,9.191,3.498,1.852,49.554
F81207,2622,18.116,11.709,5.568,3.318,54.577
F81211,5232,18.635,13.093,5.963,3.096,50.707
F81212,9777,17.817,20.129,9.492,4.797,51.018
F81213,7568,13.636,31.66,15.988,8.562,48.85
F81215,9964,15.777,24.779,13.127,7.708,49.589
F81216,4501,15.93,19.662,11.02,7.176,47.678
F81219,5370,17.598,18.659,9.665,5.493,49.311
F81221,5079,14.964,24.296,11.794,6.005,50.128
F81222,5064,16.607,17.99,7.879,4.581,49.882
F81223,3255,14.869,22.273,11.674,5.776,51.551
F81606,2928,12.432,30.328,14.378,7.514,48.702
F81613,8807,16.612,19.905,9.64,5.189,48.586
F81618,4566,17.784,18.528,10.841,6.505,48.555
F81619,3966,19.465,16.339,6.657,3.555,51.362
F81623,2293,15.089,16.921,8.373,4.536,53.336
F81632,6056,23.25,8.867,3.748,1.915,48.316
F81633,5157,16.987,21.524,10.588,5.817,48.672
F81635,2484,19.928,14.332,6.683,3.261,51.409
F81636,18315,20.317,11.646,5.684,2.948,49.315
F81640,4458,19.785,14.984,5.877,2.557,50.067
F81641,7608,19.085,12.605,5.783,3.325,52.182
F81645,4311,17.513,19.091,8.304,3.711,48.945
F81649,4561,15.676,22.89,10.634,5.372,49.989
F81652,5415,19.058,19.889,11.099,6.759,48.79
F81656,2754,15.795,16.63,7.298,3.776,51.888
F81665,5153,18.378,14.496,6.85,3.415,50.864
F81666,3389,16.76,17.586,7.849,4.042,50.988
F81669,7114,24.192,7.802,2.868,1.167,49.719
F81674,11659,17.008,21.914,9.383,4.64,49.661
F81675,5758,20.111,14.693,6.634,3.421,49.965
F81679,7725,17.424,15.379,8.078,4.841,50.317
F81681,15842,10.775,38.297,20.932,10.996,49.135
F81683,11219,17.88,13.326,6.676,3.77,48.962
F81690,6081,16.806,22.167,10.294,5.476,48.298
F81696,2802,15.989,24.518,11.456,6.246,49.572
F81697,2871,14.211,23.406,12.957,7.175,52.212
F81700,3896,14.913,23.178,10.78,5.364,50.282
F81704,3917,17.82,15.063,6.536,2.783,50.702
F81707,5921,25.266,7.718,2.905,1.25,49.096
F81708,11791,21.457,12.34,5.513,2.79,49.529
F81711,3629,20.694,10.251,4.602,2.783,50.096
F81713,2525,11.921,20.356,10.653,5.386,50.614
F81716,10201,20.527,13.263,6.852,3.725,47.731
F81725,9694,17.33,17.196,8.944,4.941,50.227
F81729,3508,19.299,14.937,6.157,2.965,49.515
F81730,7170,15.063,25.621,13.431,7.197,48.773
F81732,6769,17.492,22.145,11.937,6.737,50.259
F81737,3243,18.686,13.383,5.951,3.176,48.72
F81739,6723,15.231,28.068,15.395,8.88,48.133
F81740,6501,13.152,30.072,17.567,9.214,49.623
F81741,11040,13.678,31.422,16.957,9.629,49.266
F81744,2682,13.796,26.174,12.752,6.711,50.037
F81746,3679,21.392,7.203,2.555,1.25,50.367
F81749,14876,17.982,17.525,8.685,4.78,49.691
F81751,4340,18.157,19.539,8.756,4.355,50.3
F81757,6600,14.97,24.894,11.985,6.212,47.591
F82001,5606,19.568,8.866,3.264,1.855,50.731
F82002,7467,16.138,23.048,11.785,6.468,49.217
F82003,5162,20.07,11.74,4.843,2.906,51.007
F82005,7097,23.165,9.525,4.523,2.424,49.486
F82006,13574,14.616,26.19,15.11,9.179,48.46
F82007,10318,14.305,24.908,13.423,7.569,48.827
F82008,12846,14.067,24.848,12.323,7.247,49.408
F82009,21544,18.868,16.668,8.476,4.851,49.137
F82010,8622,20.506,13.964,5.811,2.807,50.232
F82011,9560,17.573,16.872,8.536,5.073,48.452
F82013,18051,17.639,18.049,9.495,5.928,48.773
F82014,7460,19.745,15.375,7.145,3.847,48.271
F82015,5023,17.579,10.432,4.022,1.871,52.936
F82016,6067,16.928,13.483,5.983,3.329,49.201
F82017,8479,19.637,11.416,4.8,2.158,50.136
F82018,11844,19.309,10.014,4.272,2.423,50.034
F82019,6406,17.687,15.158,7.352,4.449,50.562
F82021,9627,16.693,19.134,10.034,5.505,49.101
F82022,13043,15.434,21.958,11.416,6.095,49.015
F82023,3535,14.795,20.311,10.552,5.941,50.41
F82025,6001,21.58,9.582,3.499,1.916,50.175
F82027,2156,15.955,17.393,7.885,4.267,50.881
F82028,10327,18.873,16.258,7.698,4.251,49.608
F82030,14915,19.035,16.487,8.327,4.78,48.388
F82031,4265,17.14,17.726,8.699,4.971,49.004
F82033,3448,14.269,26.334,13.921,7.918,49.072
F82034,10582,20.809,8.061,3.326,1.852,51.465
F82038,4878,20.09,11.603,5.146,3.055,49.897
F82039,4612,19.991,12.316,5.204,2.732,49.653
F82040,4578,19.375,5.483,2.272,1.442,52.097
F82042,20787,22.148,5.754,1.852,0.919,49.805
F82045,3407,14.705,21.25,12.181,7.426,50.073
F82051,10729,20.235,11.082,4.8,2.517,50.154
F82055,13366,20.627,15.614,7.474,4.182,48.616
F82604,6061,23.742,9.322,3.811,2.178,49.051
F82607,6465,20.897,14.834,7.873,4.903,48.337
F82609,4413,14.503,25.697,15.114,9.2,49.739
F82610,2926,17.02,18.968,9.706,5.297,49.624
F82612,11374,19.914,9.522,3.71,1.978,52.128
F82619,4055,19.803,15.018,8.089,5.154,49.766
F82624,6031,16.15,22.766,11.341,6.351,47.322
F82625,8005,18.913,6.933,2.399,1.312,53.429
F82627,7329,21.913,10.274,4.271,2.702,51.412
F82630,7730,19.172,16.481,8.098,4.502,48.357
F82634,6581,20.969,7.203,2.522,1.337,50.539
F82638,7705,21.96,9.799,4.361,2.596,49.384
F82642,7146,21.229,11.265,4.884,2.799,50.07
F82647,5585,15.56,9.096,3.617,2.113,57.225
F82648,3912,21.166,12.935,5.036,2.48,50.665
F82649,4508,15.705,21.029,10.248,5.901,48.403
F82650,10187,21.164,7.117,2.513,1.276,53.765
F82660,19394,19.398,9.926,3.919,2.217,50.82
F82661,3810,20.394,8.451,2.572,1.444,53.018
F82663,4118,19.475,13.623,5.877,3.108,51.797
F82670,5558,25.261,7.215,2.339,1.169,49.154
F82671,3430,19.825,14.344,8.047,5.015,49.825
F82674,5978,19.588,17.899,10.171,6.524,48.177
F82675,3464,15.242,23.643,11.605,7.477,47.893
F82677,8920,24.114,7.724,3.072,1.637,48.812
F82678,4756,17.872,15.454,8.116,5.488,50.21
F82679,5514,18.154,10.283,4.28,2.376,50.798
F82680,10219,20.736,10.383,4.13,2.163,49.222
F82686,5135,20.487,7.673,2.493,1.324,51.801
F83002,10999,12.983,9.992,4.155,2.173,48.55
F83003,7754,11.787,18.584,9.853,5.739,47.292
F83004,31682,1.881,2.62,0.909,0.511,50.473
F83005,22091,0.923,1.553,0.647,0.371,43.334
F83006,15762,12.606,10.76,4.321,2.474,49.245
F83007,3537,10.037,14.278,6.729,3.647,50.947
F83008,12286,12.722,12.16,4.998,2.645,50.008
F83010,22441,12.455,8.854,3.716,1.987,48.01
F83011,8748,12.289,14.003,6.424,3.612,46.856
F83012,7383,10.958,15.333,6.691,3.251,49.099
F83015,13226,13.972,12.831,5.822,3.312,48.858
F83017,17809,11.775,12.393,6.222,3.515,48.082
F83018,7991,12.426,11.5,5.006,2.953,50.594
F83019,13244,12.738,13.221,6.38,3.632,50.166
F83020,11719,11.963,15.146,8.064,4.787,49.381
F83021,16714,9.154,9.92,4.284,2.226,51.209
F83022,16678,12.148,13.173,6.122,3.412,48.045
F83023,23610,12.071,11.186,4.6,2.495,48.2
F83032,11911,10.931,9.924,3.971,2.049,50.617
F83033,6641,10.27,6.219,2.71,1.551,46.047
F83034,1453,4.611,18.307,9.429,5.162,57.261
F83039,4762,13.986,16.653,6.447,3.318,48.677
F83042,8915,5.653,5.586,2.12,0.965,51.015
F83043,17496,0.309,1.292,0.657,0.366,52.052
F83044,9200,5.88,5.793,2.457,1.217,46.239
F83045,9129,10.998,15.325,6.704,3.297,48.746
F83048,9324,7.229,6.907,2.939,1.459,49.721
F83050,3597,11.454,13.817,6.533,3.086,50.876
F83052,3874,13.061,16.056,7.099,3.924,48.245
F83053,8026,12.347,8.56,3.426,1.956,47.807
F83055,23115,11.728,6.905,3.115,1.726,46.848
F83056,9316,10.058,5.303,1.975,0.934,48.476
F83057,8541,11.439,11.638,5.105,2.658,48.308
F83058,11191,5.138,6.872,2.797,1.555,53.963
F83059,23464,12.138,8.294,3.307,1.756,54.462
F83060,7254,12.821,9.981,3.805,2.151,49.614
F83061,5764,6.523,11.277,5.135,2.637,49.462
F83063,14026,11.372,7.978,3.201,1.661,48.503
F83064,9585,11.215,6.969,3.046,1.826,50.944
F83615,7884,15.804,13.077,6.862,3.628,50.533
F83623,13416,17.226,15.161,7.633,4.383,49.583
F83624,17148,7.464,4.712,1.569,0.799,51.703
F83632,6715,11.035,9.948,3.976,2.01,52.316
F83633,5088,12.52,9.591,4.206,2.162,50.943
F83635,8040,6.306,2.96,1.095,0.622,52.388
F83652,11713,10.279,7.735,2.852,1.246,53.189
F83658,6507,14.385,9.667,4.134,2.244,48.102
F83660,9070,15.987,9.768,3.925,2.194,50.463
F83664,12827,12.014,5.395,2.043,0.998,49.731
F83665,17115,13.666,7.222,2.98,1.648,48.723
F83666,6806,14.282,9.506,4.863,2.748,49.868
F83671,3191,15.481,9.777,3.291,2.037,50.674
F83672,16460,0.45,1.094,0.413,0.182,46.3
F83673,6246,12.44,9.318,3.282,1.937,50.865
F83674,9022,10.696,12.569,5.287,2.838,51.674
F83678,2099,12.149,19.628,7.623,3.478,52.644
F83680,4914,8.12,8.059,3.337,1.913,51.384
F83681,8669,11.385,11.489,5.006,2.988,52.947
F83683,5852,11.979,6.63,2.461,1.452,52.58
F83686,10737,10.329,5.439,2.17,1.146,47.714
F84003,15251,13.763,11.35,4.328,2.203,49.131
F84004,13491,18.131,10.474,4.41,2.624,50.864
F84006,17196,18.051,8.496,3.297,1.71,54.966
F84008,12105,14.102,12.714,4.981,2.751,48.591
F84009,14308,11.113,5.242,2.104,1.132,50.063
F84010,10527,17.089,9.024,3.733,2.147,53.662
F84012,9333,15.879,6.622,2.55,1.682,56.552
F84013,18475,38.16,6.257,2.647,1.299,51.166
F84014,7729,16.38,10.739,4.231,2.497,57.097
F84015,5212,15.829,12.241,4.375,2.226,50.326
F84016,11545,14.283,8.558,3.395,1.758,51.615
F84017,20626,15.771,8.252,2.948,1.595,51.057
F84018,12519,15.952,8.06,3.003,1.741,48.558
F84021,11113,11.653,7.883,2.88,1.548,50.166
F84022,8969,11.863,7.314,2.776,1.371,54.086
F84025,11907,17.427,7.097,2.83,1.554,53.708
F84030,3860,14.819,7.539,3.316,1.943,50.492
F84031,16195,16.277,8.231,3.581,2.118,51.182
F84033,11533,12.495,9.547,3.451,1.673,50.585
F84034,13149,16.267,10.176,3.856,1.84,51.441
F84035,25152,9.582,3.252,1.145,0.624,45.05
F84036,8889,11.531,8.37,2.959,1.384,49.443
F84038,3460,10.145,12.023,4.249,2.11,53.266
F84039,37605,12.166,3.42,1.05,0.625,51.871
F84044,8353,15.815,6.333,2.227,1.221,52.831
F84047,10890,15.096,7.475,2.966,1.451,51.524
F84050,12694,19.907,6.373,2.292,1.213,54.356
F84051,9840,9.309,4.075,1.474,0.823,51.626
F84052,17176,17.012,8.547,2.934,1.45,51.258
F84053,7368,14.997,10.057,3.651,1.954,55.795
F84054,12407,15.459,7.173,2.354,1.136,52.1
F84055,3859,11.635,8.422,3.861,2.384,54.055
F84060,4883,11.448,11.427,4.792,3.113,52.161
F84062,14539,17.69,8.02,2.841,1.382,50.698
F84063,6395,10.586,9.382,3.518,1.798,51.228
F84069,13750,14.08,10.087,3.869,1.927,49.425
F84070,9841,16.33,6.717,2.642,1.362,55.777
F84072,13531,11.98,4.471,1.899,0.961,50.026
F84074,10514,16.549,12.526,4.451,2.501,55.193
F84077,9840,15.417,8.1,3.14,1.565,50.884
F84079,10864,11.57,8.395,3.038,1.408,54.216
F84080,9559,20.483,12.93,4.655,2.668,50.738
F84081,13438,11.229,6.519,2.441,1.503,56.988
F84083,10012,14.373,8.949,3.835,2.247,50.779
F84086,6512,15.372,13.037,5.037,3.148,54.807
F84087,9629,17.011,7.28,2.887,1.589,52.446
F84088,8105,16.052,7.181,3.023,1.814,58.482
F84092,14214,16.54,8.182,2.835,1.428,52.153
F84093,18226,17.102,8.642,2.518,1.042,50.126
F84096,17150,10.816,8.636,2.95,1.644,49.469
F84097,12464,18.91,9.965,3.996,2.238,51.717
F84105,11446,14.45,7.933,2.901,1.66,50.306
F84111,10430,12.982,7.718,2.761,1.381,55.407
F84114,11423,17.29,7.546,3.257,2.022,54.898
F84115,9264,12.791,8.657,3.098,1.392,48.597
F84117,9883,12.496,10.452,4.24,2.408,49.398
F84118,12648,11.947,4.807,1.605,0.901,52.886
F84119,13029,14.606,8.665,2.878,1.474,49.221
F84121,15927,19.96,7.666,3.064,1.89,53.061
F84122,17359,15.531,7.696,3.117,1.924,52.342
F84123,18752,9.194,3.37,1.168,0.587,52.08
F84124,5248,17.302,5.431,1.62,0.743,53.354
F84601,7446,14.048,7.682,2.686,1.424,49.517
F84619,5185,16.76,7.599,2.777,1.774,51.186
F84620,8342,14.493,10.237,3.764,2.158,49.688
F84621,4639,11.102,10.714,4.16,2.371,50.097
F84632,1024,0.0,5.273,0.488,0.0,83.594
F84635,9919,10.737,6.372,2.258,1.169,52.152
F84636,6669,10.976,5.383,2.189,1.125,49.978
F84640,10085,6.812,15.151,6.941,3.699,56.173
F84641,3235,15.549,10.881,3.833,2.349,58.176
F84642,14178,15.841,4.648,1.263,0.684,58.767
F84647,16663,11.439,3.733,1.32,0.666,49.217
F84656,10594,12.262,6.221,2.256,1.057,52.53
F84658,9382,17.107,11.277,3.997,2.185,54.839
F84660,3233,12.929,3.619,0.619,0.34,62.635
F84666,5990,15.626,6.227,1.786,0.768,51.836
F84668,5887,28.079,6.998,2.276,1.053,52.692
F84669,9670,19.276,7.777,2.813,1.437,53.888
F84670,6641,19.003,6.43,2.078,1.265,55.91
F84672,8275,15.335,7.625,2.755,1.607,53.559
F84677,7325,18.662,10.785,4.014,2.307,52.082
F84681,10093,16.982,6.45,2.239,1.219,51.125
F84686,9108,43.259,4.359,1.614,0.736,50.681
F84692,9669,8.853,5.295,1.955,0.941,52.063
F84694,4775,11.455,5.277,1.759,0.838,48.712
F84696,5848,12.705,7.627,3.044,1.71,49.658
F84698,14372,14.612,2.769,0.821,0.411,51.399
F84710,13542,11.837,7.384,2.954,1.403,53.596
F84716,5615,22.707,7.907,3.829,2.137,52.912
F84717,12530,15.547,6.257,2.019,0.918,51.213
F84718,13949,13.944,5.427,1.692,0.882,56.814
F84719,5670,10.705,10.617,3.88,2.487,52.028
F84720,5261,20.129,12.83,5.398,2.851,51.929
F84724,17916,18.972,6.603,2.004,1.021,55.425
F84729,5068,18.193,6.196,2.092,1.085,56.531
F84730,9590,15.026,7.039,2.023,0.98,53.472
F84731,2489,8.236,12.736,4.339,2.33,51.627
F84733,1108,0.0,5.596,0.632,0.09,85.469
F84735,8410,17.99,8.157,3.246,1.784,52.509
F84739,5192,16.814,4.391,1.213,0.462,57.107
F84740,4088,13.919,6.067,1.223,0.636,62.231
F84741,2267,13.542,11.778,5.029,3.264,57.212
F84747,27008,14.87,4.547,1.392,0.641,53.262
F84749,25072,14.203,3.737,1.097,0.562,53.638
F85002,94184,18.229,13.251,5.998,3.468,49.577
F85004,12332,16.161,15.488,6.601,3.698,49.765
F85007,16014,14.069,12.264,4.665,2.548,53.459
F85008,11634,12.154,13.34,5.26,2.931,52.518
F85010,4335,14.717,18.224,8.443,4.867,51.58
F85013,9243,15.006,9.791,3.808,2.283,50.546
F85014,16405,12.411,17.324,9.156,5.236,48.162
F85016,6933,14.856,23.381,12.419,7.414,49.82
F85017,6475,12.216,13.035,4.849,2.857,53.931
F85019,14741,15.399,12.15,4.579,2.381,49.461
F85020,10136,17.236,17.857,8.228,4.834,49.28
F85023,12719,23.87,6.911,2.736,1.588,49.477
F85025,14989,17.173,15.311,7.299,3.93,48.489
F85028,6753,11.447,13.09,4.827,2.902,56.597
F85029,11915,15.174,22.686,12.262,7.377,47.747
F85030,12838,16.919,12.105,5.227,3.225,50.997
F85031,12548,13.97,9.994,4.2,2.287,50.622
F85032,9572,16.193,17.509,9.267,5.819,50.178
F85033,20633,14.409,21.921,10.401,5.83,49.023
F85034,8803,15.188,10.905,4.76,2.795,50.755
F85035,11581,16.864,19.299,10.077,6.416,48.096
F85039,7245,21.132,9.91,4.099,2.415,48.061
F85044,7095,19.098,10.627,4.144,2.354,50.388
F85046,10869,10.378,5.217,1.868,0.902,51.688
F85058,6072,16.963,15.316,6.258,3.475,49.753
F85060,5331,11.799,11.799,5.215,3.208,52.654
F85061,2852,11.816,18.408,7.784,3.612,49.474
F85063,17594,16.432,15.124,7.059,3.473,47.624
F85064,7738,13.595,10.868,4.355,2.52,52.391
F85065,3189,14.519,13.358,5.644,3.167,51.239
F85066,18768,14.994,13.198,5.429,3.0,50.208
F85067,4357,8.836,13.725,6.289,4.017,53.477
F85069,8835,12.337,14.884,6.18,2.92,47.153
F85071,12412,19.03,7.614,2.772,1.652,53.094
F85072,9434,15.402,17.352,8.268,4.982,50.339
F85615,5902,15.825,8.743,2.965,2.033,51.982
F85623,4667,14.356,10.135,4.135,2.293,51.275
F85625,6909,15.646,19.004,9.48,5.876,48.994
F85628,9637,13.303,6.963,2.968,1.702,47.12
F85634,9498,19.351,9.497,3.832,2.253,50.558
F85640,6516,15.209,11.694,5.494,2.901,52.225
F85642,9085,15.454,16.951,8.564,5.394,48.2
F85650,5999,17.003,13.902,6.551,3.401,50.692
F85663,4727,16.903,14.66,6.262,3.914,49.63
F85666,3973,15.882,13.088,5.311,2.995,50.239
F85669,24196,13.721,4.621,1.368,0.665,51.232
F85675,5609,13.532,16.42,8.344,4.832,51.096
F85676,5603,18.437,12.386,5.14,2.856,49.063
F85678,4170,18.225,9.952,3.957,2.014,51.894
F85682,6175,16.211,12.049,4.47,2.316,50.316
F85687,8550,16.035,14.573,7.439,4.62,50.117
F85688,10456,16.249,14.04,6.666,3.959,50.096
F85697,1680,9.583,14.405,6.607,4.286,57.857
F85700,8109,17.696,8.743,3.761,2.109,52.744
F85701,12649,18.681,11.179,5.115,3.107,50.629
F85705,13048,15.987,9.496,3.671,1.962,53.686
F86001,12209,14.08,9.002,3.342,1.81,49.406
F86004,15506,18.174,16.31,7.797,4.295,49.136
F86005,8175,19.976,8.807,3.511,2.006,50.63
F86006,6571,16.055,10.318,3.881,2.313,51.666
F86007,13712,18.954,13.39,6.192,3.165,49.242
F86008,15675,16.523,11.4,5.41,3.292,52.325
F86009,7160,12.849,17.458,8.156,4.567,51.648
F86010,16753,17.352,13.233,6.518,3.778,50.301
F86011,9477,14.91,11.702,4.917,3.155,56.263
F86012,9450,13.016,23.598,12.487,7.217,49.291
F86013,5925,16.827,15.308,7.426,4.101,50.16
F86018,10000,16.8,13.89,6.34,3.61,49.49
F86020,6557,16.852,17.432,8.769,5.124,48.178
F86022,15702,17.042,9.489,3.999,2.146,55.534
F86023,10536,16.135,16.287,8.903,5.211,49.506
F86025,19155,19.655,8.144,3.289,1.817,53.422
F86026,7195,17.262,11.466,4.739,2.377,51.341
F86028,11223,20.565,10.069,4.348,2.896,49.603
F86030,8226,17.834,7.525,2.991,1.69,54.68
F86032,9053,17.375,17.663,8.605,4.827,48.525
F86034,7525,19.814,9.196,3.522,1.9,51.083
F86036,14665,16.768,11.749,4.405,2.203,51.197
F86038,11373,18.94,8.098,2.866,1.556,54.445
F86040,5422,19.974,8.687,3.135,1.697,54.408
F86042,6133,21.05,9.343,3.669,1.826,53.057
F86044,10619,16.659,7.449,2.825,1.629,53.724
F86045,1939,10.882,11.14,4.487,2.372,59.618
F86057,8643,18.813,12.982,6.121,3.54,49.034
F86058,14757,17.707,7.779,2.683,1.43,52.423
F86060,14684,19.184,11.237,4.985,2.84,50.77
F86062,6305,15.591,11.546,4.917,2.712,54.766
F86064,4616,14.45,16.594,7.647,4.073,48.765
F86066,7433,16.709,16.481,8.18,4.48,48.675
F86074,13814,16.722,8.998,3.2,1.81,52.925
F86078,6516,12.845,23.22,11.909,6.983,49.586
F86081,7170,17.448,13.738,6.374,3.752,50.265
F86082,6299,17.193,9.763,3.413,1.889,53.945
F86083,6250,14.624,18.048,8.08,4.064,52.816
F86085,3549,15.441,13.694,5.748,3.494,52.606
F86086,5934,20.829,8.443,2.848,1.618,51.23
F86087,7369,18.049,10.802,4.153,2.131,52.531
F86088,5141,14.122,12.741,5.524,3.56,53.822
F86607,19177,18.298,7.04,2.894,1.507,48.548
F86612,3132,17.05,16.06,8.238,5.109,49.777
F86616,9015,21.187,13.977,7.21,4.348,48.109
F86621,6872,15.861,11.38,4.613,2.401,52.867
F86624,3422,15.079,17.504,8.095,4.676,51.023
F86625,5741,13.586,12.176,4.581,2.648,52.569
F86626,8625,18.099,6.597,2.528,1.333,53.809
F86627,13800,15.754,16.362,7.522,4.457,49.464
F86637,4949,16.65,16.529,6.628,3.334,53.526
F86638,4376,16.705,15.791,7.29,4.045,51.188
F86641,8563,20.297,12.134,5.068,2.651,48.861
F86644,8392,14.967,11.821,5.338,3.098,52.24
F86650,9332,15.592,8.883,3.601,1.822,48.414
F86652,6944,18.98,12.298,5.055,3.053,52.304
F86657,8310,17.184,8.4,3.165,1.552,52.888
F86658,6474,20.93,11.291,4.974,2.888,48.641
F86664,8271,16.915,15.391,7.254,4.449,50.066
F86666,15537,16.663,7.769,2.851,1.538,53.459
F86679,7175,20.446,5.756,1.882,0.878,50.564
F86689,4402,24.375,8.496,2.749,1.249,46.592
F86691,11287,17.073,14.734,7.079,4.093,50.004
F86692,11390,20.746,8.762,2.888,1.466,54.241
F86696,7874,15.596,6.312,2.324,1.194,52.68
F86698,6132,17.645,10.372,4.583,2.854,51.044
F86700,3729,16.305,19.496,11.129,6.356,50.872
F86701,3917,15.803,10.084,4.161,2.323,54.608
F86702,4692,18.947,16.624,8.184,5.072,50.49
F86705,3430,14.052,9.534,3.324,1.778,54.198
F86707,6648,17.945,12.455,5.551,2.813,50.662
F86708,2870,16.899,11.812,4.216,2.16,49.547
F86712,3347,14.67,10.009,4.93,2.569,52.256
F86731,5039,19.309,14.15,5.577,2.838,49.395
G81001,9139,16.424,19.816,10.581,6.029,50.181
G81002,5936,12.382,22.776,12.079,7.008,52.022
G81003,18357,14.697,24.541,13.395,7.926,48.782
G81004,10074,13.024,33.323,19.466,11.485,48.183
G81006,6593,8.979,14.864,6.643,3.322,54.088
G81008,14797,15.929,25.356,13.286,7.306,48.719
G81011,18553,10.43,13.971,5.509,2.846,51.566
G81012,6830,17.291,24.612,13.982,7.745,47.672
G81014,8640,15.764,15.382,7.662,4.491,49.34
G81016,12055,17.901,19.137,9.374,5.077,48.81
G81017,11714,13.83,18.841,9.322,5.165,50.589
G81018,12594,13.133,12.157,5.455,2.93,50.619
G81019,11645,14.796,26.947,14.736,8.201,49.455
G81021,28528,13.541,25.0,13.148,7.365,48.475
G81022,13795,14.056,27.807,15.237,8.344,47.604
G81023,8382,12.909,30.327,16.5,9.27,48.222
G81024,10779,13.359,26.366,12.933,7.236,47.964
G81028,12058,13.153,11.163,4.644,2.496,51.36
G81029,18239,12.605,34.728,19.793,11.508,47.612
G81030,7565,14.104,27.138,14.356,8.923,49.108
G81031,19810,14.003,26.981,14.225,7.91,48.47
G81032,27582,13.371,23.479,12.668,7.382,50.896
G81034,31479,12.491,13.425,6.223,3.52,49.131
G81036,9276,15.028,21.895,11.762,6.792,49.515
G81037,9832,15.409,24.563,12.398,6.397,48.393
G81038,17909,11.402,12.335,5.986,3.395,50.919
G81039,19401,10.994,39.312,23.653,13.891,46.704
G81040,4085,15.398,27.589,14.198,8.592,44.871
G81041,13491,13.765,28.412,15.811,9.347,48.054
G81042,13696,13.369,17.815,8.302,4.454,49.555
G81043,7231,15.613,23.012,11.174,5.684,49.398
G81044,6830,7.672,12.855,4.612,2.064,51.391
G81046,11219,14.796,18.692,9.101,5.072,48.543
G81047,6990,8.584,14.106,5.894,3.205,57.01
G81048,8551,11.461,25.833,11.543,5.999,49.187
G81049,6740,15.682,24.733,12.448,7.018,48.68
G81050,11949,10.704,32.245,18.855,11.641,46.807
G81051,7240,10.704,36.395,18.867,10.221,49.144
G81052,4223,11.958,31.423,17.121,9.306,49.586
G81054,10173,8.031,17.153,7.952,4.266,54.016
G81055,9531,13.975,29.336,16.42,8.971,49.197
G81057,6268,12.285,33.216,16.752,8.998,49.378
G81059,11246,16.148,24.924,14.174,8.59,49.075
G81061,5125,16.293,20.82,9.502,5.132,51.259
G81065,8762,14.449,23.454,12.828,7.864,48.345
G81070,25388,12.199,14.523,7.066,4.033,50.351
G81071,16595,1.199,0.711,0.205,0.114,51.636
G81073,8765,17.752,16.646,8.785,5.009,47.827
G81074,19156,16.219,21.194,10.832,5.925,49.488
G81075,6518,14.33,10.832,4.449,2.624,50.43
G81076,12879,11.771,29.583,16.049,9.411,49.018
G81077,16937,13.367,31.18,17.376,9.653,48.527
G81082,6214,17.348,21.548,10.766,5.906,49.26
G81083,7594,16.895,16.131,8.52,5.439,49.618
G81085,3934,12.761,28.165,15.302,8.261,50.712
G81086,7760,14.936,22.358,10.18,5.631,48.479
G81087,6863,11.292,35.757,18.272,9.894,48.375
G81088,21883,14.258,28.323,15.354,8.833,48.837
G81089,3473,17.91,16.124,6.507,3.196,50.245
G81095,25681,14.851,20.124,9.194,4.77,50.617
G81096,2823,13.319,23.238,11.229,6.553,50.584
G81098,13639,15.808,23.682,13.065,7.684,48.237
G81099,9099,10.507,36.4,20.475,11.858,47.873
G81100,19215,15.035,24.137,12.605,7.234,48.764
G81102,15541,14.439,27.347,14.298,7.979,49.006
G81104,13267,16.846,21.648,11.48,6.512,48.278
G81613,5322,13.247,12.927,5.956,3.213,53.626
G81614,5409,12.978,25.458,12.442,6.822,49.658
G81634,5806,14.933,26.042,12.212,6.528,47.83
G81638,24860,10.551,8.665,3.592,1.931,48.524
G81641,3914,18.038,16.888,6.541,3.424,49.54
G81646,2731,16.734,13.182,4.064,1.575,52.655
G81656,5731,9.457,13.331,5.549,2.6,55.174
G81658,17968,16.947,15.745,7.285,3.785,50.751
G81663,4803,12.95,20.508,9.348,4.685,50.656
G81669,2256,15.115,16.09,7.137,3.369,50.443
G81689,1379,2.175,3.626,0.073,0.0,77.52
G81694,2951,5.625,8.438,3.999,2.338,56.998
G82002,9870,18.541,17.7,8.43,4.417,50.496
G82006,15514,19.015,13.62,6.523,3.584,50.097
G82007,6436,11.109,32.878,16.889,9.385,49.177
G82013,14940,17.55,22.343,11.968,7.142,48.748
G82014,20421,19.054,14.96,6.459,3.124,49.454
G82015,11797,15.741,18.717,8.765,4.815,52.2
G82016,11321,17.242,21.208,11.925,7.385,48.353
G82018,5362,10.22,34.11,19.321,11.899,49.869
G82019,13476,17.527,21.497,11.138,6.716,48.798
G82020,12510,16.427,20.959,10.983,5.635,48.689
G82021,17161,18.909,18.396,9.685,5.693,48.313
G82022,9634,19.836,17.397,8.844,4.93,49.014
G82023,6802,19.582,16.995,8.453,4.94,50.162
G82024,25606,17.715,21.936,11.646,6.545,48.977
G82025,19270,16.554,16.051,8.054,4.463,50.55
G82026,8164,17.063,18.447,8.844,4.863,48.542
G82027,14201,15.189,23.604,12.309,6.669,50.165
G82028,24779,17.68,20.497,10.763,6.114,48.432
G82031,10979,14.737,21.395,12.342,6.931,50.487
G82032,15486,17.713,15.717,8.02,4.552,49.8
G82035,9582,17.46,22.678,11.97,6.898,49.478
G82036,11582,13.357,29.537,14.609,8.03,48.601
G82037,16642,15.839,23.026,12.967,7.788,48.636
G82038,10396,14.91,26.481,13.496,7.734,48.528
G82039,18846,15.377,20.853,10.591,5.98,50.196
G82041,14214,15.555,16.505,8.843,5.438,50.507
G82042,18059,17.753,16.85,8.971,5.283,49.421
G82044,22084,21.885,11.099,4.727,2.567,50.104
G82046,5977,15.409,23.022,11.661,6.508,50.293
G82048,9559,15.828,16.529,8.055,4.645,49.901
G82050,24176,17.964,14.767,7.445,3.958,50.422
G82051,13084,17.991,15.622,7.719,4.188,49.61
G82052,17109,17.862,15.536,7.3,3.869,49.705
G82053,5888,14.012,29.416,16.593,9.46,48.404
G82055,9813,14.858,26.485,13.767,7.684,49.312
G82056,11047,16.203,18.412,9.948,5.775,50.204
G82057,10905,16.827,23.54,11.224,5.42,50.83
G82058,7241,16.586,20.798,11.186,6.505,48.861
G82059,18549,16.438,20.222,10.621,5.925,50.305
G82060,20779,15.415,16.969,8.971,5.082,51.104
G82062,2313,16.472,17.942,7.739,4.669,53.134
G82063,12991,12.563,30.614,15.318,8.236,49.388
G82066,25092,18.847,17.759,9.166,5.4,48.693
G82067,9569,16.459,19.041,9.468,5.163,49.169
G82069,11917,15.986,18.704,10.112,5.312,48.947
G82071,45192,13.476,27.2,13.821,7.601,48.371
G82073,10311,15.256,24.256,12.656,7.206,48.763
G82074,15950,15.398,25.379,14.113,7.661,48.332
G82076,17094,19.603,18.065,9.161,5.066,49.035
G82077,12568,18.277,22.82,11.824,6.111,48.425
G82079,9943,12.964,28.211,14.312,7.724,48.456
G82080,38128,20.308,12.521,5.948,3.278,49.552
G82082,16725,16.006,15.031,7.115,3.839,50.685
G82083,14879,17.945,20.929,10.834,6.156,48.908
G82085,12123,18.213,19.244,9.824,5.51,49.534
G82086,10227,16.544,18.784,8.742,4.117,48.929
G82087,17862,15.855,19.981,10.604,6.108,48.472
G82089,9198,15.036,20.602,10.535,5.556,49.902
G82090,17919,13.087,29.382,16.128,8.644,49.16
G82091,10258,16.485,15.646,7.146,3.86,51.287
G82092,8327,15.552,24.991,12.562,7.362,48.085
G82093,10157,16.225,25.598,12.878,6.931,49.089
G82094,11379,15.045,23.209,11.178,5.73,49.503
G82095,12293,14.032,18.596,9.176,5.345,49.947
G82097,15575,15.782,27.371,15.287,8.745,48.571
G82098,8599,17.502,18.828,10.024,5.803,48.587
G82099,33734,18.444,13.749,7.106,3.877,50.631
G82100,15091,16.984,22.02,11.126,5.586,49.102
G82105,18789,16.589,21.779,11.235,6.264,49.55
G82106,7302,19.05,17.31,8.587,4.369,49.411
G82107,9369,13.918,28.936,14.601,7.792,48.981
G82108,6815,17.916,18.019,8.819,4.681,48.921
G82110,7259,18.129,17.482,9.629,6.475,49.745
G82111,11224,12.019,32.243,17.124,9.515,48.245
G82113,7964,16.851,17.931,8.112,4.445,50.942
G82114,15607,13.193,33.344,18.966,11.207,47.978
G82115,10564,14.256,20.248,10.905,6.371,50.322
G82117,9345,17.828,20.268,10.123,5.671,48.796
G82118,13951,17.863,20.486,10.637,5.598,48.907
G82119,24807,15.201,25.61,13.008,7.187,48.752
G82120,15374,16.281,22.727,12.04,6.531,48.797
G82121,12663,14.712,25.349,13.535,7.384,48.756
G82122,37531,23.021,10.983,4.879,2.566,48.88
G82125,11566,17.128,22.575,12.589,7.436,48.694
G82126,15345,14.005,25.455,12.408,6.608,48.726
G82129,4787,13.892,22.707,9.63,4.638,47.984
G82135,21235,18.691,16.963,8.519,4.469,49.611
G82137,9862,18.495,16.873,9.653,5.81,49.412
G82138,4681,12.177,29.16,15.873,8.887,50.865
G82139,8739,18.927,15.494,7.461,4.188,48.152
G82140,13910,7.85,5.802,3.055,1.445,52.983
G82141,7086,16.201,21.493,10.542,5.941,50.113
G82142,10793,15.899,21.949,10.905,6.097,48.884
G82143,7508,18.74,14.931,7.326,3.982,48.841
G82147,5897,12.091,35.272,18.213,9.53,49.483
G82150,6983,19.161,15.91,7.017,3.838,51.425
G82152,6788,17.914,21.7,12.006,7.071,48.88
G82154,6014,14.516,26.339,15.281,8.913,48.537
G82155,6403,15.665,23.333,12.291,6.778,48.29
G82158,5373,15.559,23.041,11.744,6.477,49.377
G82160,12251,11.436,35.85,19.941,11.403,47.025
G82161,31207,16.701,18.464,8.617,4.323,50.463
G82162,5404,15.007,27.165,15.192,8.734,46.614
G82164,13287,17.506,14.917,7.722,4.373,49.53
G82165,10106,15.436,22.432,12.339,6.59,48.743
G82170,3805,14.008,26.018,12.562,6.597,48.804
G82180,4717,15.2,26.733,13.822,7.038,49.799
G82184,1350,12.667,28.519,12.37,7.037,48.815
G82185,8924,16.17,18.938,10.298,5.726,49.72
G82186,7955,14.23,25.481,12.872,6.813,48.975
G82200,10850,17.687,19.843,8.866,4.507,48.783
G82203,10594,20.833,14.31,7.032,3.842,49.264
G82205,8401,19.521,14.772,7.606,4.214,49.863
G82211,8803,20.857,15.699,7.1,3.919,49.029
G82212,8736,23.054,10.646,4.167,2.129,49.073
G82215,7715,17.135,20.57,10.136,5.587,49.968
G82217,3552,17.145,17.427,7.742,3.604,49.831
G82218,12412,15.026,24.549,12.262,6.929,48.735
G82219,4811,14.342,28.913,15.09,7.878,47.578
G82224,3891,14.521,21.922,9.638,5.346,49.19
G82226,5466,15.679,25.997,14.325,7.867,49.122
G82227,6037,13.252,28.011,13.815,7.206,48.203
G82228,24172,14.467,20.449,10.558,6.073,50.31
G82229,7424,16.245,20.77,10.143,5.63,49.731
G82231,6935,15.068,24.196,13.872,7.686,49.704
G82232,9596,15.288,18.883,9.598,5.388,50.146
G82233,8898,18.285,16.06,6.698,3.282,50.067
G82234,6141,20.616,16.235,7.588,4.038,48.526
G82235,5665,15.693,25.243,13.133,7.626,50.715
G82600,2318,16.307,23.641,11.217,6.126,48.792
G82604,15518,19.59,17.715,8.809,5.117,49.214
G82631,7987,21.247,11.243,4.42,2.391,53.086
G82634,12074,19.306,16.034,8.506,4.406,49.752
G82635,2177,13.413,27.377,15.71,9.279,48.691
G82641,7402,27.303,8.862,3.837,2.121,47.865
G82647,23197,24.089,10.669,5.027,2.793,49.343
G82648,3960,16.919,13.687,6.212,3.535,53.712
G82650,9460,12.717,30.899,16.797,9.281,48.002
G82652,3098,13.008,33.021,18.754,9.361,49.29
G82658,5140,17.082,23.541,11.732,6.304,49.669
G82665,5484,10.886,37.819,20.587,10.74,49.052
G82666,12789,11.627,36.375,19.97,11.354,48.839
G82679,7069,17.598,15.816,6.776,3.72,50.799
G82682,7326,18.823,16.871,7.699,3.959,51.133
G82684,4506,13.648,28.984,14.47,7.945,49.334
G82687,9763,18.191,18.539,8.348,4.538,49.923
G82691,3432,17.92,22.96,11.014,6.906,48.252
G82693,17798,18.008,18.266,9.602,5.169,48.865
G82696,2645,12.514,36.824,20.983,12.287,46.919
G82697,9784,18.98,14.738,6.715,3.465,49.642
G82698,4364,19.569,17.713,9.051,4.698,49.656
G82700,10176,16.775,22.926,11.38,6.466,49.99
G82702,8107,21.845,10.781,4.675,2.257,50.746
G82708,4288,19.683,11.614,4.268,1.982,50.7
G82711,4277,19.079,17.863,8.885,4.77,49.451
G82719,16616,19.084,16.532,7.138,3.695,49.398
G82721,3236,12.67,28.337,15.08,6.706,50.68
G82729,9945,16.571,19.658,9.13,4.696,49.774
G82730,12716,18.583,14.729,6.598,3.342,49.041
G82733,4250,19.271,19.2,9.506,5.247,44.353
G82737,11261,19.572,17.236,9.271,4.76,49.454
G82741,30409,21.832,9.586,4.334,2.562,49.765
G82744,38184,19.38,13.5,6.615,3.902,49.701
G82753,8433,21.961,8.194,2.976,1.518,50.374
G82754,3615,15.74,22.766,11.923,6.556,48.575
G82763,3024,19.048,12.963,6.118,3.241,52.216
G82768,7982,16.813,19.419,11.814,8.068,48.421
G82780,16707,20.123,9.966,4.375,2.28,51.128
G82790,6252,15.643,20.537,9.789,5.566,50.736
G82796,7406,14.286,27.275,13.422,6.994,48.987
G82799,14285,17.41,22.177,10.27,5.25,49.632
G82802,7940,13.212,7.997,3.363,1.914,54.27
G82808,10050,21.303,14.119,6.955,4.109,48.398
G82809,16025,15.083,25.055,13.747,7.888,49.136
G82888,5989,18.25,16.246,9.618,6.312,48.122
G83001,12258,16.316,16.675,8.28,4.275,47.487
G83002,9659,18.118,17.352,8.5,5.052,50.098
G83004,13345,15.774,24.638,13.263,7.531,47.921
G83006,16052,16.957,19.624,10.771,6.46,48.125
G83009,11438,17.171,17.923,8.62,4.948,48.112
G83010,14479,16.562,16.686,7.708,4.441,49.582
G83012,15856,17.123,10.545,3.481,1.659,51.432
G83013,8040,14.963,13.632,6.58,3.57,48.495
G83015,7547,17.371,14.032,6.731,3.79,49.331
G83016,11672,13.408,8.705,3.324,1.414,51.397
G83018,19243,17.825,10.061,3.903,2.022,48.932
G83019,15524,17.386,16.317,6.809,3.801,49.272
G83021,18058,16.635,9.032,3.915,2.032,47.94
G83024,4860,17.798,18.745,9.115,5.021,49.506
G83025,11196,14.246,21.633,10.656,5.832,49.33
G83026,8148,18.9,8.088,2.847,1.645,52.332
G83027,20831,17.45,12.913,5.641,2.938,48.361
G83028,14592,18.065,13.782,6.229,3.399,49.39
G83029,7351,15.549,21.616,12.012,7.496,47.885
G83030,6570,18.889,10.928,4.566,2.344,49.68
G83031,7140,15.672,14.3,5.91,2.969,50.854
G83033,5521,15.341,24.054,12.462,6.702,50.063
G83039,10435,18.793,10.484,3.479,1.763,49.756
G83044,12909,17.879,10.737,3.989,2.022,49.252
G83046,6441,17.606,18.32,8.43,4.518,48.983
G83049,12646,18.441,20.188,10.992,6.54,47.944
G83052,17953,18.521,14.026,6.205,3.426,49.479
G83053,21345,19.452,14.964,7.496,4.385,48.189
G83057,11524,16.852,20.679,10.118,5.432,48.612
G83058,11980,12.646,7.763,2.955,1.477,48.631
G83060,7406,17.702,11.059,3.835,1.85,52.579
G83062,11578,21.627,8.102,2.747,1.511,48.247
G83065,15291,14.793,8.273,3.479,1.89,49.369
G83066,30688,15.781,19.659,10.877,6.941,47.986
G83067,32033,17.357,7.255,2.323,1.111,50.932
G83628,10801,21.285,13.027,6.342,3.648,49.421
G83630,12486,20.495,11.405,4.301,2.371,49.952
G83631,4905,15.494,10.214,3.058,1.57,52.722
G83633,5351,16.221,9.774,3.532,1.962,54.681
G83635,4550,14.835,15.802,6.835,3.78,51.209
G83641,3586,11.712,9.147,2.593,1.283,52.398
G83642,10295,20.495,10.277,4.614,2.555,48.752
G83647,8308,16.707,9.954,3.936,2.215,50.794
G83651,6293,11.982,11.219,4.863,2.749,50.501
G83654,5688,16.122,8.949,3.903,1.828,53.78
G83673,6901,17.027,10.187,4.115,2.246,50.833
G83680,26128,17.854,16.649,8.428,4.658,48.618
G84001,13308,16.824,17.711,8.799,4.862,48.527
G84002,13306,17.781,14.197,7.192,4.133,48.61
G84003,11947,17.653,14.129,6.094,3.264,49.678
G84004,9525,13.501,28.231,16.147,8.945,49.218
G84005,5273,16.613,18.87,10.393,6.296,48.473
G84006,9638,13.115,25.835,14.152,8.093,48.174
G84007,8060,16.278,17.891,8.61,4.764,49.206
G84008,6315,14.616,18.511,9.105,4.687,49.026
G84009,4307,16.81,23.357,12.793,7.871,51.637
G84010,23729,16.575,20.115,10.831,6.305,48.055
G84011,8349,14.648,18.002,8.995,5.09,49.455
G84013,4409,20.526,13.314,6.441,3.833,48.719
G84015,10613,12.098,26.044,13.323,7.755,49.769
G84016,13214,15.045,19.903,9.566,5.063,49.818
G84017,8734,13.968,23.975,12.823,6.973,49.76
G84018,7586,13.314,24.901,13.894,7.817,49.328
G84019,11154,18.711,13.959,6.347,3.434,49.319
G84020,9154,15.96,22.842,12.006,6.664,49.093
G84023,9983,15.897,19.954,10.298,5.88,48.823
G84024,9839,20.144,14.382,7.287,4.045,49.121
G84025,9123,16.508,10.337,3.65,1.765,48.778
G84027,21316,18.315,15.5,7.154,3.955,47.79
G84028,7108,15.757,19.007,9.201,5.219,47.636
G84029,3689,11.629,19.653,8.864,4.906,51.83
G84030,6825,15.341,20.132,10.198,5.348,49.788
G84032,14319,16.489,20.784,11.621,7.088,47.503
G84033,8713,19.155,18.524,10.513,5.693,50.143
G84035,8627,18.848,18.025,9.343,5.355,48.626
G84039,3806,18.839,17.262,9.117,4.651,50.079
G84040,10684,20.947,15.996,8.012,4.53,48.961
G84041,4240,19.67,9.953,4.693,2.618,51.156
G84604,8801,18.543,13.135,6.454,3.772,50.767
G84607,5483,16.378,21.156,10.542,6.092,45.595
G84609,3471,15.068,23.768,13.339,7.231,49.784
G84621,4135,18.331,15.937,8.634,5.32,49.238
G84624,2504,12.42,12.101,5.072,2.556,54.193
G84625,7576,17.74,6.243,2.033,0.977,48.838
G84627,7055,15.138,24.621,12.658,6.619,49.001
G84629,6571,17.547,13.225,6.392,3.378,48.973
G84630,2887,17.354,15.552,6.928,3.221,49.879
G85001,10265,15.645,15.782,6.527,3.41,49.216
G85002,24186,16.146,4.639,1.654,0.831,51.087
G85004,34873,16.359,14.825,6.234,3.464,48.986
G85006,9044,13.689,11.953,4.312,2.499,52.444
G85011,19769,8.144,6.915,2.635,1.371,49.355
G85013,9076,10.919,12.561,4.848,2.501,52.413
G85014,12124,15.63,12.463,5.196,2.936,50.297
G85015,8882,11.371,13.499,5.224,3.085,51.621
G85016,14894,12.73,12.119,4.74,2.31,49.993
G85019,3700,12.378,9.541,3.081,1.649,50.946
G85020,16044,10.309,6.725,2.344,1.272,52.269
G85021,4771,11.151,14.043,6.016,3.752,54.915
G85022,15927,13.581,13.436,5.531,3.039,49.633
G85023,14407,15.02,8.003,3.033,1.839,50.427
G85024,14637,15.194,14.887,6.511,3.737,49.43
G85025,12968,9.678,7.094,2.367,1.319,50.717
G85026,4344,13.789,15.608,6.929,4.857,49.839
G85028,12683,9.879,13.049,4.959,2.878,49.736
G85029,17123,8.597,5.198,1.81,0.975,51.399
G85030,6174,13.298,10.415,4.406,2.624,53.741
G85031,6826,13.2,10.958,4.585,2.725,50.322
G85032,11747,16.225,14.37,5.942,3.269,50.038
G85034,75163,12.378,10.147,3.655,1.95,51.668
G85038,52134,15.894,11.037,4.605,2.664,49.229
G85039,19381,17.424,12.873,5.65,2.982,48.295
G85040,14065,12.264,6.257,2.296,1.372,49.591
G85041,8140,13.98,12.826,4.889,2.469,50.332
G85042,6830,13.529,8.653,2.914,1.611,45.915
G85044,5719,14.793,13.516,5.928,3.182,49.519
G85045,7876,10.069,12.824,5.142,2.704,50.749
G85046,12219,16.09,15.214,8.151,5.074,48.015
G85047,11565,18.547,7.307,3.052,1.781,49.494
G85051,9188,17.36,15.335,6.519,3.635,48.966
G85052,10508,14.322,6.405,1.789,0.866,53.845
G85053,23296,8.723,8.13,2.756,1.541,53.228
G85054,7403,11.738,15.602,6.849,3.512,51.547
G85057,12800,17.797,13.414,6.086,3.578,49.031
G85061,9719,16.679,11.411,4.887,2.83,47.567
G85073,7407,9.734,9.964,3.308,1.944,55.083
G85076,9661,12.669,8.498,2.743,1.511,52.624
G85083,12691,8.116,9.928,3.506,1.97,52.651
G85084,16105,10.326,5.936,2.285,1.217,49.624
G85085,13193,11.165,5.836,1.887,0.993,50.398
G85086,10971,8.668,7.429,2.716,1.431,49.831
G85087,17126,13.12,5.53,1.717,0.841,49.329
G85091,6818,21.135,7.231,2.801,1.584,48.68
G85096,10831,14.338,10.415,4.219,2.428,55.812
G85100,8758,7.764,6.782,2.021,1.21,51.245
G85102,9656,7.312,5.282,1.885,1.077,50.342
G85104,9972,15.844,15.513,6.859,4.041,49.98
G85105,6693,15.867,7.964,3.063,1.808,49.514
G85109,21360,10.847,6.976,2.79,1.451,49.022
G85114,13023,17.6,11.019,4.469,2.618,48.43
G85119,6427,13.568,9.802,3.999,2.661,50.568
G85120,6514,15.321,13.663,4.82,2.564,49.14
G85121,10130,17.641,7.73,3.327,2.093,49.072
G85123,10247,9.866,8.432,2.947,1.464,51.625
G85125,6140,14.886,12.231,4.853,2.606,49.121
G85127,6503,11.856,7.227,2.061,1.246,52.084
G85129,7595,13.272,6.583,2.449,1.251,48.44
G85130,10267,12.048,9.574,3.682,2.045,53.2
G85132,15684,16.59,8.046,3.022,1.881,47.819
G85134,8857,13.978,9.439,3.003,1.716,52.952
G85135,11731,13.605,11.687,3.529,1.884,49.834
G85136,15372,6.466,7.149,2.752,1.477,50.546
G85137,8792,17.311,8.155,3.06,1.467,47.964
G85138,15123,11.697,8.609,2.949,1.521,53.382
G85623,11026,13.205,8.589,3.211,1.506,50.989
G85632,9166,13.997,7.091,2.52,1.287,50.142
G85633,20671,17.769,10.962,4.098,2.433,50.491
G85642,9846,7.16,8.145,3.27,1.523,53.453
G85644,6277,14.8,11.853,4.763,2.31,46.662
G85647,7559,15.743,9.327,3.717,2.077,49.213
G85651,6888,14.387,10.105,4.181,2.395,51.336
G85662,7579,10.212,12.917,5.133,2.995,51.722
G85673,7052,13.074,6.651,2.113,1.106,51.531
G85674,7187,11.799,5.51,1.864,1.044,50.508
G85681,4872,15.579,11.002,4.29,2.36,52.791
G85685,9383,16.274,11.958,4.871,2.846,47.895
G85690,7163,13.5,7.539,2.555,1.619,50.44
G85695,7277,10.334,9.551,4.425,2.803,54.308
G85696,17444,19.445,6.673,2.631,1.519,48.143
G85698,16002,10.886,5.368,1.669,0.956,47.032
G85705,7207,6.563,7.812,2.955,1.36,51.048
G85706,6016,16.789,13.215,6.1,3.275,51.014
G85708,10477,10.423,7.874,2.806,1.46,50.492
G85711,11784,11.533,3.759,1.197,0.552,48.88
G85715,11740,14.216,8.322,2.547,1.337,51.687
G85716,6430,21.306,8.212,3.033,1.633,48.227
G85721,6679,12.906,9.732,3.129,1.527,54.484
G85722,11490,18.999,6.493,2.193,1.245,48.538
G85724,19963,12.623,5.66,1.944,1.047,49.997
G85726,7570,14.624,10.277,3.435,1.836,48.269
G85727,7344,20.384,9.041,3.418,1.934,48.638
G85736,4420,13.959,8.371,3.122,1.81,54.434
H81002,8464,16.564,15.655,7.384,4.206,51.004
H81003,19252,17.1,18.814,10.009,5.844,49.133
H81004,12437,14.401,28.23,15.977,10.051,48.943
H81005,6552,16.743,22.665,11.065,6.624,49.237
H81006,8622,14.219,18.928,9.685,5.672,49.606
H81009,16289,15.747,19.529,10.056,5.93,49.843
H81010,24723,12.361,10.601,5.181,3.07,50.609
H81011,8558,17.913,20.484,11.159,6.392,48.68
H81013,28457,16.759,20.417,10.598,6.023,49.081
H81015,10671,17.88,19.933,10.477,6.288,50.389
H81016,10203,12.163,29.717,16.76,10.34,48.309
H81017,19937,15.444,22.2,12.043,7.263,48.834
H81019,14136,15.988,14.707,7.357,4.259,50.332
H81020,13512,20.974,16.881,8.659,4.988,47.18
H81021,17040,17.969,18.468,10.229,6.408,49.008
H81022,5249,15.813,25.243,13.66,8.021,49.667
H81023,11295,16.113,23.524,12.554,7.331,48.942
H81024,12948,15.91,18.505,9.013,5.082,49.992
H81025,11438,13.446,24.322,13.49,7.869,50.114
H81026,11592,16.158,20.773,11.077,6.875,49.077
H81027,15667,16.117,20.655,11.776,6.836,50.476
H81028,11250,11.804,26.427,13.92,8.231,49.244
H81029,12825,12.452,13.676,6.698,3.618,51.4
H81030,28795,18.052,14.749,7.366,4.119,50.092
H81031,11225,16.125,19.964,10.111,5.871,48.713
H81032,17355,17.787,14.952,7.266,3.993,51.409
H81033,22885,17.889,17.024,8.407,4.877,49.836
H81034,8823,15.188,21.886,12.331,7.458,49.904
H81035,11641,16.871,17.43,8.367,4.424,50.288
H81036,9889,14.076,22.045,12.135,7.19,50.541
H81038,3545,12.496,19.859,10.127,5.98,53.709
H81039,6435,15.975,21.197,11.935,6.9,50.707
H81040,9143,15.236,18.167,10.008,5.994,49.174
H81041,10725,17.091,15.161,7.925,4.541,50.723
H81042,16900,17.183,16.911,8.609,5.118,49.864
H81043,10496,15.396,23.714,12.691,7.546,46.98
H81044,4750,14.568,27.011,14.442,9.158,48.611
H81045,10714,17.118,18.126,9.651,5.507,48.852
H81046,7173,19.322,15.809,8.114,4.378,49.394
H81047,12052,12.977,21.034,11.251,6.729,50.506
H81048,10600,19.623,12.028,6.217,3.585,49.198
H81050,12312,18.608,20.346,11.623,6.985,48.367
H81051,14083,17.51,16.374,9.117,5.255,48.42
H81052,17917,15.516,26.723,15.427,9.215,48.183
H81053,8911,15.161,22.691,11.413,6.498,49.209
H81055,8784,15.699,21.699,11.658,7.161,49.214
H81056,16909,16.405,23.153,12.91,7.895,48.666
H81057,7922,16.839,17.256,8.773,5.188,49.886
H81058,10286,15.895,16.206,7.962,4.093,50.496
H81061,15513,17.637,13.182,6.253,3.655,50.603
H81062,19049,16.41,22.29,11.88,7.187,49.325
H81064,14054,16.429,22.293,11.648,6.859,48.783
H81065,9980,19.479,18.968,11.192,7.044,48.517
H81066,14987,15.14,16.161,7.974,4.731,50.01
H81067,13341,15.456,21.445,12.136,7.646,49.172
H81068,12032,12.591,26.953,14.495,8.486,50.175
H81069,22580,16.466,19.012,10.779,6.523,49.322
H81070,11880,14.352,24.857,12.929,7.391,49.226
H81071,11063,16.533,14.969,7.304,3.95,48.359
H81072,14104,16.69,18.612,9.104,5.233,49.638
H81073,24678,16.274,18.677,9.843,5.969,49.514
H81074,6599,18.427,22.428,12.017,7.274,48.689
H81075,11147,13.932,19.718,9.832,6.244,50.265
H81076,12326,12.964,29.458,16.607,10.506,48.402
H81077,8159,12.293,24.317,12.269,6.802,49.295
H81078,16340,15.9,17.852,9.259,5.471,51.463
H81080,10418,13.054,29.66,16.75,10.079,48.003
H81081,9715,17.746,22.079,12.218,7.185,49.13
H81082,9716,14.862,18.094,8.543,4.827,50.165
H81084,10597,14.532,25.904,14.032,8.351,49.807
H81085,11426,15.403,17.784,9.548,5.873,49.317
H81086,4801,15.08,19.454,8.894,4.332,50.135
H81087,15605,18.545,11.464,5.062,2.897,51.868
H81088,14487,15.013,20.812,11.265,6.495,48.664
H81089,22497,19.54,15.113,7.939,4.641,49.073
H81090,17139,12.574,9.726,4.679,2.538,51.905
H81091,14824,20.791,15.974,8.52,4.951,48.948
H81094,10654,17.242,16.735,8.663,5.012,48.883
H81095,3520,15.597,19.744,9.545,5.739,52.898
H81099,14004,18.723,15.895,7.555,4.149,48.879
H81103,8379,15.98,24.299,13.045,7.781,49.851
H81104,8573,17.66,15.351,7.314,4.199,50.531
H81107,8040,18.097,18.383,8.881,5.211,49.49
H81109,7801,16.383,21.343,10.934,6.243,48.776
H81110,6511,16.418,22.854,12.057,7.495,49.363
H81111,6050,15.554,21.521,11.636,7.091,47.934
H81113,7992,12.112,26.752,13.413,7.095,50.05
H81116,5983,16.196,25.238,13.622,7.872,47.618
H81119,21874,17.811,16.659,8.197,4.544,49.099
H81122,9003,16.672,16.128,7.442,4.021,50.217
H81123,3547,22.244,9.67,3.721,2.086,49.704
H81126,8019,15.987,23.158,12.146,7.32,47.787
H81128,8789,17.124,20.469,10.354,5.973,47.559
H81129,4753,20.492,15.275,7.532,4.187,47.801
H81130,15696,15.756,22.534,11.232,6.594,48.42
H81131,4382,17.161,15.723,7.462,4.245,50.936
H81133,31205,16.135,20.548,10.367,5.663,49.623
H81134,13124,14.515,18.927,10.05,5.981,50.251
H81615,14608,18.839,17.874,9.153,5.073,48.022
H81618,6098,15.595,19.449,10.643,6.642,50.541
H81632,3030,18.284,18.482,9.769,5.743,49.274
H81638,38158,17.307,19.246,9.681,5.477,50.139
H81641,4015,18.58,8.742,3.138,1.793,53.151
H81642,4410,17.075,16.871,8.662,5.17,50.272
H81643,4083,18.271,6.662,2.278,1.2,53.343
H81644,8472,14.046,21.211,12.323,7.578,49.351
H81656,7079,15.129,24.368,12.869,7.204,50.134
H81658,6284,15.691,21.976,11.41,6.652,47.518
H81663,3674,18.372,11.976,6.478,4.464,52.613
H81672,6234,17.902,18.223,10.748,6.625,48.877
H82003,10761,15.779,19.636,9.748,5.557,48.211
H82004,5056,13.687,25.316,12.124,6.863,49.921
H82005,12993,19.403,15.401,7.404,4.141,49.28
H82006,6001,13.014,31.211,17.097,10.282,49.358
H82007,12723,12.56,33.931,19.201,10.744,47.387
H82009,16641,15.396,21.579,11.586,6.358,48.068
H82011,15795,15.752,22.286,11.263,5.932,49.44
H82012,15460,19.03,10.925,4.567,2.374,52.794
H82013,13778,13.304,29.344,15.859,9.61,46.915
H82014,13531,14.426,29.444,17.345,10.369,48.289
H82016,12992,15.155,21.636,10.468,5.942,51.285
H82017,19893,14.804,23.3,13.437,8.671,50.018
H82020,9681,11.858,17.013,8.109,4.669,54.096
H82021,6645,11.964,33.409,17.562,9.917,48.322
H82022,11723,13.213,30.146,16.617,9.571,48.273
H82023,36225,15.641,23.459,12.743,7.235,48.616
H82025,17273,18.688,15.411,6.953,3.954,49.378
H82026,19666,19.14,10.231,4.348,2.024,50.925
H82027,4019,14.606,23.961,11.794,6.494,49.515
H82028,15806,20.062,15.342,7.617,4.024,50.563
H82030,13406,12.808,32.15,16.821,9.347,48.486
H82031,7001,14.726,25.696,12.941,7.27,50.336
H82032,12930,12.212,30.286,16.148,9.165,48.677
H82033,7252,17.306,15.582,6.646,4.068,51.172
H82034,27963,13.411,28.388,15.764,8.994,48.797
H82035,10812,15.742,27.58,16.038,9.85,48.104
H82036,8830,12.605,28.732,16.863,10.068,48.573
H82037,12583,10.665,35.906,19.01,10.912,48.47
H82038,12922,12.475,32.178,18.356,10.471,48.073
H82039,11193,15.581,24.578,12.99,7.335,48.343
H82040,28814,15.038,24.832,12.921,7.309,49.944
H82041,14069,15.552,18.559,9.389,5.573,48.738
H82042,14094,13.956,22.13,11.771,6.953,48.765
H82043,11159,10.324,40.837,24.339,13.917,48.526
H82044,10631,15.135,22.312,12.116,7.149,50.315
H82045,20658,13.143,22.645,13.462,8.883,49.748
H82046,11723,15.005,20.592,10.441,5.98,49.407
H82047,13023,18.867,14.014,6.581,3.655,51.033
H82048,12006,13.102,32.692,16.667,9.07,48.309
H82049,10451,15.118,24.323,13.348,7.999,48.77
H82050,11068,19.199,13.769,6.279,3.244,50.994
H82051,12621,13.897,26.599,14.603,8.399,47.682
H82052,17009,17.444,19.484,9.501,5.021,49.597
H82053,7133,15.113,22.235,11.159,6.533,50.357
H82055,13945,16.845,21.398,11.094,6.432,49.652
H82056,14860,16.79,19.293,11.507,7.073,48.701
H82057,22412,16.897,22.475,12.368,7.282,48.34
H82058,17965,14.623,20.757,11.06,6.474,49.429
H82059,11873,12.01,36.2,21.065,12.128,45.961
H82060,10077,13.585,29.93,16.116,9.646,48.377
H82061,9175,12.785,19.139,9.744,5.188,50.605
H82063,17271,16.733,21.869,11.725,6.821,48.341
H82064,11757,18.738,11.261,5.078,2.909,52.233
H82065,15190,14.911,25.839,14.516,8.44,48.506
H82066,16283,16.416,21.034,10.919,6.24,50.654
H82067,8572,19.797,17.382,7.769,3.966,48.81
H82070,13203,12.081,32.652,18.026,10.036,48.686
H82072,13615,17.679,19.853,10.239,6.008,49.13
H82076,3993,11.746,30.228,16.88,9.692,47.032
H82077,13775,16.37,22.2,11.151,6.279,49.103
H82078,10321,16.21,27.081,13.565,7.848,48.271
H82084,7841,14.462,21.987,13.302,8.609,47.8
H82087,3860,6.917,52.694,32.332,19.301,45.959
H82088,6268,18.89,11.359,2.967,1.244,51.946
H82089,11537,16.893,16.261,7.108,3.753,48.687
H82091,8531,15.496,22.94,11.98,6.986,48.904
H82092,11285,17.537,18.892,8.649,4.696,49.623
H82095,10414,12.8,34.876,19.368,11.552,47.859
H82096,5476,14.591,25.091,13.203,7.579,51.771
H82098,10271,18.246,11.771,4.537,1.937,50.881
H82099,8105,11.635,30.919,17.927,10.598,49.303
H82100,8748,20.005,17.513,9.202,4.961,48.697
H82615,9979,20.413,16.304,8.057,4.7,48.802
H82640,16505,15.359,20.151,9.597,5.144,49.276
H83001,15178,16.959,10.364,4.052,2.438,48.854
H83004,11759,15.554,22.23,11.77,5.961,48.397
H83005,14809,16.355,8.61,3.471,1.911,50.672
H83006,12006,20.923,10.128,4.256,2.532,48.367
H83007,10574,18.839,12.37,5.353,3.14,49.3
H83008,4059,17.985,13.501,5.666,3.597,49.741
H83009,10761,15.547,14.506,6.719,3.764,52.003
H83010,6774,14.644,13.95,6.082,3.572,50.62
H83011,8067,16.995,9.297,3.359,1.983,56.415
H83012,9390,18.616,10.82,4.42,2.662,50.501
H83013,19353,19.713,17.077,8.49,4.588,48.907
H83014,6902,13.735,25.181,13.257,7.186,49.247
H83015,13721,17.943,14.926,6.938,3.87,49.348
H83016,24603,18.014,16.083,8.312,5.138,49.108
H83017,13485,14.668,14.416,5.547,3.233,51.353
H83018,17764,16.995,19.416,9.784,5.573,49.234
H83019,7602,13.825,14.68,7.38,4.538,51.052
H83020,10223,16.316,12.638,4.686,2.563,50.465
H83021,5876,15.912,16.014,6.484,3.744,51.957
H83022,5934,15.352,16.903,6.909,4.196,51.213
H83023,6497,15.145,14.53,6.418,3.602,51.531
H83024,17746,17.711,18.754,9.219,5.167,49.487
H83028,9762,16.697,14.792,7.078,3.954,48.955
H83029,4896,13.868,26.838,13.685,8.109,48.08
H83030,3280,20.183,14.512,7.5,4.787,47.165
H83031,3685,16.499,13.514,6.323,3.609,49.742
H83033,4600,19.326,11.022,4.5,2.478,48.804
H83034,7096,17.193,11.091,4.425,2.776,51.254
H83037,7639,15.656,14.465,6.912,3.783,47.899
H83039,8412,15.597,17.011,7.87,4.541,50.036
H83042,9367,18.811,12.181,5.295,3.427,50.112
H83043,7408,13.215,25.121,12.891,7.397,49.744
H83044,25803,16.669,9.286,4.046,2.205,51.796
H83049,2726,16.801,10.932,3.485,2.018,50.954
H83051,20364,18.002,5.765,1.974,1.061,52.401
H83052,2856,16.702,21.709,11.45,5.987,51.225
H83053,14558,15.208,13.718,5.55,3.201,50.859
H83608,11534,17.6,9.693,3.494,1.89,52.436
H83609,5043,17.628,12.929,5.77,3.371,50.704
H83611,5998,20.34,7.269,2.701,1.467,48.433
H83624,8472,14.731,12.653,5.382,3.045,52.975
H83627,8065,17.421,12.04,6.212,4.079,49.696
H83631,11522,18.903,6.431,2.317,1.302,52.682
H84002,12581,15.841,18.496,8.831,4.443,48.883
H84005,14115,13.773,15.742,7.141,3.989,51.364
H84006,17731,16.818,16.773,9.294,5.527,49.1
H84007,7559,14.393,19.54,8.983,4.379,49.61
H84010,9687,16.352,16.311,6.71,3.489,48.684
H84012,15072,17.231,13.628,6.741,3.377,49.589
H84014,2502,12.59,16.307,8.393,4.676,52.918
H84015,9023,16.979,13.266,6.24,3.413,48.931
H84016,16581,14.667,18.431,9.463,5.44,48.29
H84017,12587,14.539,19.56,10.582,6.03,51.323
H84018,7170,18.647,17.211,8.298,4.324,47.768
H84020,23279,10.262,7.814,3.69,1.959,48.327
H84023,13746,17.045,12.826,5.994,3.165,48.472
H84025,7479,19.107,14.708,6.98,4.185,50.287
H84027,17901,16.776,12.524,5.586,3.05,51.254
H84030,12811,13.723,21.981,11.787,6.924,48.825
H84031,5793,16.796,18.056,9.529,5.161,48.144
H84032,8976,13.046,20.655,10.472,6.295,50.947
H84033,6455,14.795,21.208,10.395,5.887,49.729
H84034,8571,15.587,18.003,8.949,4.807,50.344
H84039,11854,15.885,16.492,8.082,4.345,48.726
H84040,11325,15.135,22.287,11.302,6.543,50.508
H84041,7499,19.909,9.281,4.241,2.16,49.18
H84042,13716,16.448,15.821,8.005,4.455,49.526
H84044,8359,17.394,13.327,6.795,3.374,48.786
H84048,8745,17.221,12.91,6.609,3.934,49.205
H84050,7560,18.042,17.315,7.857,3.889,49.325
H84051,7520,16.41,12.673,5.864,3.205,50.08
H84053,6251,15.198,13.998,7.263,4.031,48.392
H84054,3599,14.56,13.559,6.224,3.557,54.932
H84055,11478,17.695,16.675,8.285,4.217,49.46
H84057,3761,18.772,11.327,5.052,2.473,49.455
H84059,5211,16.772,13.472,7.004,4.222,48.59
H84060,7646,17.787,15.446,7.154,3.688,48.561
H84061,28713,17.811,6.969,2.724,1.264,47.989
H84062,8682,17.15,15.169,7.786,4.665,48.249
H84618,5353,16.738,12.61,4.894,2.541,51.186
H84619,10919,16.485,9.9,4.195,2.262,50.389
H84623,8636,15.632,16.095,7.666,4.03,47.684
H84625,5172,16.067,14.598,7.019,4.215,51.798
H84630,3701,21.21,9.835,3.918,2.135,50.014
H84635,16484,19.765,16.137,8.269,4.538,49.375
H84639,6037,17.078,8.829,3.595,1.739,50.389
H85001,19518,11.441,5.533,2.244,1.122,49.39
H85002,11823,10.962,7.824,3.121,1.709,49.421
H85003,7124,10.387,12.353,5.376,2.85,50.533
H85006,6617,16.034,12.936,6.634,4.005,50.506
H85007,10767,16.086,16.226,7.82,4.17,48.63
H85008,6692,13.494,16.677,9.145,6.067,49.044
H85009,14324,12.455,10.94,4.608,2.499,48.904
H85011,10513,17.645,12.993,5.916,3.32,48.873
H85012,24610,11.321,10.849,5.087,2.848,50.605
H85018,8755,16.768,16.242,8.155,4.74,49.606
H85020,32688,16.762,14.225,6.84,3.763,49.544
H85021,6139,15.198,14.807,6.679,3.861,50.546
H85022,4870,17.351,13.799,6.571,3.47,49.63
H85023,5005,17.243,13.327,5.774,3.197,49.191
H85024,8010,11.685,15.443,6.954,4.057,53.808
H85025,16821,19.464,15.124,7.514,4.215,48.136
H85026,14988,16.96,10.375,4.41,2.355,49.887
H85027,13385,12.634,21.001,10.377,5.992,48.995
H85028,11067,15.433,10.382,5.024,2.747,50.98
H85029,15453,16.864,13.033,5.649,3.449,50.734
H85030,13315,15.682,18.017,9.418,5.407,48.412
H85031,12011,18.292,15.286,7.701,4.513,49.546
H85033,9733,14.62,15.494,6.668,3.586,49.666
H85037,14369,14.183,14.9,7.21,4.113,52.23
H85038,11363,17.786,13.729,6.09,3.555,48.464
H85041,15238,16.597,7.685,3.511,1.995,48.3
H85045,14135,13.173,13.732,6.763,3.651,51.22
H85047,12538,11.621,11.429,4.69,2.457,49.482
H85048,16321,14.748,10.324,4.516,2.555,49.531
H85049,6858,13.298,8.195,3.864,1.998,50.627
H85051,18617,16.716,12.29,5.844,3.341,49.815
H85052,4362,13.984,15.199,8.184,5.135,52.591
H85053,5519,17.793,11.089,5.218,2.682,52.872
H85055,7266,13.033,20.094,9.372,5.326,51.652
H85057,8090,19.592,8.628,3.671,1.817,47.379
H85061,22966,10.955,8.674,4.063,2.099,50.927
H85063,11957,12.813,24.178,12.879,7.284,49.477
H85065,4660,16.781,8.755,3.67,1.695,53.348
H85066,20035,13.202,9.718,4.283,2.436,47.886
H85067,2964,15.756,10.864,4.656,2.868,52.699
H85069,15404,12.354,8.147,3.551,1.922,48.052
H85070,9802,15.303,10.998,4.387,2.55,52.142
H85075,5646,14.701,7.722,3.365,1.789,50.266
H85076,10120,15.445,18.132,8.794,4.753,49.852
H85077,6658,15.515,10.378,4.716,2.538,48.213
H85078,4445,15.816,10.664,4.702,2.812,56.378
H85082,4550,11.429,10.308,4.352,2.549,52.637
H85087,10268,10.674,14.959,6.321,3.574,57.256
H85088,2499,9.604,13.525,5.762,3.641,52.621
H85090,11217,16.056,9.878,3.94,2.398,53.597
H85092,6196,17.092,10.943,4.874,2.631,51.566
H85095,16081,20.341,10.584,4.689,2.519,49.412
H85100,7754,14.986,9.982,4.501,2.631,51.496
H85101,9230,16.934,14.431,7.281,4.139,50.769
H85103,7570,21.612,8.415,3.752,2.127,48.151
H85105,13864,18.097,16.986,8.461,5.374,47.93
H85110,5502,15.649,13.995,6.016,3.889,51.872
H85111,14673,13.276,6.856,2.896,1.752,49.288
H85112,5957,16.586,10.408,4.18,2.132,49.471
H85113,4711,18.489,16.345,7.09,3.651,49.459
H85114,13209,18.624,10.811,4.55,2.37,49.368
H85115,12274,13.679,21.761,10.811,6.347,48.354
H85116,11844,18.499,11.483,5.176,2.727,49.384
H85618,9249,18.953,16.077,7.698,4.173,49.93
H85634,7753,15.026,7.262,2.631,1.393,52.328
H85637,1230,11.707,19.919,8.618,4.797,47.236
H85649,10853,12.697,10.532,3.87,2.055,52.474
H85653,19510,18.201,17.699,9.026,5.136,49.247
H85656,5537,13.563,12.209,5.021,2.583,51.653
H85659,12092,12.355,4.879,2.109,1.274,47.387
H85662,5538,15.692,20.26,9.877,4.875,50.451
H85664,1895,3.852,3.061,1.741,0.739,52.559
H85680,10179,14.756,7.083,2.751,1.454,54.328
H85682,11019,14.729,7.405,2.713,1.352,51.466
H85683,4347,15.689,12.008,5.636,3.497,53.577
H85686,11594,18.07,14.533,6.935,3.674,48.275
H85691,75,0.0,97.333,92.0,82.667,30.667
H85693,10376,19.825,9.985,3.595,2.024,49.489
J81002,8666,9.278,41.772,25.514,15.624,47.369
J81006,39296,15.388,23.175,12.159,6.884,49.537
J81009,12321,13.952,26.167,11.907,5.99,49.647
J81010,10715,10.313,36.668,19.729,11.367,49.127
J81011,8129,12.179,34.887,19.732,11.219,48.272
J81012,58490,14.067,21.441,11.506,6.888,51.207
J81013,12208,15.99,22.043,10.968,5.759,49.083
J81014,21095,11.107,27.504,15.89,9.49,49.675
J81016,8750,13.177,26.834,15.051,8.663,48.149
J81017,4713,13.367,31.424,16.189,9.102,55.4
J81018,11779,14.619,20.859,10.935,6.13,48.799
J81019,23579,15.085,27.843,14.797,8.211,48.344
J81020,3920,15.23,26.76,13.597,6.964,48.852
J81021,26527,13.963,13.937,6.476,3.502,53.67
J81022,5418,10.17,42.525,26.172,15.91,48.228
J81025,6099,15.232,26.463,13.51,7.444,48.549
J81027,26900,11.123,29.877,15.472,8.554,49.855
J81028,15334,11.517,39.214,23.458,13.936,46.654
J81029,5343,10.406,39.734,23.096,14.243,48.213
J81030,7840,13.24,29.464,16.467,9.439,49.196
J81033,24456,10.55,14.904,7.597,4.412,50.519
J81034,17998,14.152,27.531,16.141,9.501,48.589
J81035,5004,12.37,27.558,12.89,6.755,48.881
J81036,9443,16.541,18.617,9.097,5.104,49.931
J81039,10166,17.44,18.011,8.755,4.84,49.449
J81041,20607,13.418,28.612,15.48,8.745,48.697
J81042,8681,11.174,19.122,9.803,5.437,47.783
J81045,10760,15.809,23.03,11.599,6.394,48.848
J81046,13140,13.463,29.581,16.065,9.209,48.706
J81047,12478,16.87,20.773,10.074,5.562,49.487
J81049,10228,12.896,27.249,15.35,9.435,48.035
J81051,12354,13.178,26.218,13.486,7.989,49.814
J81053,4170,11.127,37.338,20.12,11.031,47.674
J81056,15822,11.838,29.516,16.009,9.487,50.183
J81057,5864,12.534,32.316,18.724,11.05,48.892
J81058,13750,14.742,25.004,12.778,7.018,48.327
J81059,8949,15.119,21.421,11.163,6.459,49.089
J81061,7491,8.557,45.615,29.075,17.781,48.752
J81062,11322,14.821,20.235,11.032,6.297,50.026
J81064,5255,12.75,23.178,12.921,7.84,49.096
J81066,10890,13.131,26.648,14.931,8.549,48.384
J81067,6218,16.661,19.653,9.665,5.211,49.92
J81068,6657,13.129,28.421,15.743,9.253,49.572
J81070,11475,16.349,18.832,8.906,4.906,50.144
J81072,17434,12.487,10.726,5.638,3.384,54.147
J81073,17195,13.428,25.926,13.3,7.572,49.142
J81074,4974,9.53,40.169,20.607,12.002,47.648
J81075,8493,11.986,29.66,14.871,7.536,47.592
J81076,24343,11.597,34.474,17.685,9.736,48.527
J81077,8257,14.146,26.886,13.201,6.843,48.214
J81078,13050,14.33,31.372,18.023,10.728,45.686
J81081,13369,13.299,27.87,14.96,8.894,48.732
J81082,8118,13.427,29.86,15.952,9.079,47.795
J81086,7725,15.922,20.013,10.045,5.502,48.078
J81087,10549,16.494,19.718,8.617,4.304,49.142
J81609,9918,12.069,33.101,18.552,10.536,47.953
J81612,3228,11.462,35.626,18.711,9.82,48.916
J81616,4272,11.657,31.414,14.981,7.912,49.274
J81620,26950,14.045,29.154,14.942,8.497,48.801
J81621,8820,15.533,27.834,14.501,8.605,48.594
J81625,14618,16.644,15.618,7.621,4.146,51.218
J81626,5355,14.286,25.92,14.435,8.459,48.254
J81631,2006,11.366,32.403,14.656,7.328,49.701
J81633,6819,15.765,19.798,9.048,5.338,48.922
J81634,14223,13.253,8.121,3.08,1.462,61.26
J81646,6637,14.238,27.407,16.197,9.899,48.591
J81647,8766,9.389,38.079,20.363,11.636,48.437
J81648,5567,13.293,21.071,10.868,6.143,49.129
J82001,10041,16.861,10.467,4.472,2.4,53.969
J82002,14766,18.048,18.218,8.404,4.172,48.551
J82005,4610,12.169,31.887,16.443,9.544,47.592
J82007,33499,10.409,36.768,21.478,12.866,47.828
J82009,15435,13.8,31.422,17.331,10.619,47.25
J82010,19245,17.002,21.606,10.683,5.877,48.594
J82012,11306,13.63,25.96,14.01,7.713,48.868
J82015,9883,17.11,16.979,8.601,4.907,49.418
J82016,9137,15.41,29.069,14.863,8.23,47.915
J82017,13277,15.674,21.94,11.381,6.598,50.124
J82018,18542,15.818,23.013,12.124,7.022,49.083
J82019,15332,16.514,25.339,14.59,8.479,48.278
J82020,14309,16.256,17.94,8.337,4.626,51.464
J82021,8537,10.261,38.163,20.733,12.194,48.729
J82024,22474,17.861,6.643,2.599,1.455,56.207
J82025,15624,17.371,18.132,9.383,5.159,49.066
J82026,16663,13.125,26.328,15.327,9.44,48.545
J82028,27982,13.259,16.9,8.305,4.503,51.208
J82033,9416,15.622,23.364,11.788,6.478,48.407
J82034,14329,15.57,25.005,12.199,7.014,49.166
J82035,16359,11.076,20.729,11.639,7.225,49.545
J82036,2735,13.565,28.812,12.87,6.984,49.433
J82039,11165,13.086,29.969,16.91,10.228,48.115
J82040,18304,19.154,15.417,7.217,4.054,48.809
J82042,16993,18.255,18.99,8.78,4.725,49.52
J82049,29841,15.482,22.901,12.121,6.706,49.372
J82050,24007,15.545,14.092,6.956,3.87,48.761
J82051,37249,17.345,20.344,10.341,5.893,49.123
J82053,10982,15.717,18.576,9.707,5.309,50.109
J82054,9678,15.985,24.964,12.751,7.398,49.049
J82055,11215,12.644,20.713,10.86,6.723,51.262
J82056,21818,13.828,27.739,14.144,7.957,50.028
J82058,20013,18.873,13.441,6.701,3.808,49.443
J82059,6884,12.594,30.273,15.398,8.207,48.823
J82060,12666,15.38,14.796,7.003,4.019,52.961
J82061,13314,16.133,23.592,12.032,6.985,48.047
J82062,15782,17.59,14.719,6.476,3.631,50.063
J82064,14031,15.744,25.764,13.171,6.963,49.063
J82066,22100,17.991,15.534,7.299,3.977,49.471
J82067,19634,17.016,15.743,7.492,4.09,50.097
J82069,52692,16.452,16.181,8.119,4.367,50.144
J82071,13920,19.289,13.793,6.343,3.527,48.441
J82072,11546,16.733,23.298,12.125,7.111,48.502
J82073,9822,16.178,17.42,8.42,4.582,48.697
J82074,16131,15.089,28.12,16.794,10.223,47.97
J82075,7072,12.189,33.357,18.821,10.775,48.218
J82076,22054,16.509,19.674,9.817,5.319,49.152
J82079,7990,17.459,19.399,9.725,5.544,48.874
J82080,38813,3.901,3.043,1.394,0.706,53.969
J82081,37643,12.828,12.698,6.049,3.438,54.775
J82082,13299,21.408,11.422,5.685,3.143,49.132
J82083,47914,15.309,22.231,11.009,6.217,49.522
J82084,5926,12.892,29.649,15.609,8.876,46.912
J82085,37182,17.759,13.641,6.178,3.424,50.799
J82087,7668,14.228,19.836,9.624,5.164,50.665
J82088,13887,15.533,15.936,6.956,3.91,50.608
J82092,8347,17.324,17.719,9.105,4.672,50.641
J82094,19609,14.876,24.193,12.55,6.747,50.11
J82098,37215,14.903,25.17,13.664,8.193,48.636
J82099,15253,18.075,18.908,10.752,6.74,49.151
J82101,19349,14.626,19.805,9.561,5.292,50.819
J82102,24240,16.246,20.54,10.557,6.217,48.552
J82103,12729,16.254,20.614,10.983,6.301,49.006
J82104,12693,12.062,35.618,20.547,11.896,46.561
J82106,7224,17.456,24.862,12.86,7.378,47.73
J82110,27826,15.557,20.56,11.496,7.069,49.615
J82112,23055,14.509,24.376,12.236,6.858,49.989
J82115,5771,15.907,9.981,4.28,2.495,52.833
J82116,10093,15.298,24.314,12.821,7.025,48.727
J82119,10554,13.767,29.079,14.696,8.348,48.228
J82120,10442,14.279,20.418,11.08,6.445,48.947
J82121,9759,15.995,23.23,12.204,6.999,48.898
J82122,10369,13.55,12.306,6.153,3.617,56.052
J82124,10079,13.087,29.269,16.698,10.15,47.842
J82125,7845,15.233,20.421,9.713,5.481,50.376
J82126,4631,15.461,22.004,12.935,8.573,50.723
J82128,8530,15.721,18.605,9.496,5.147,49.812
J82129,7394,10.793,36.462,20.828,12.51,48.769
J82130,24720,16.594,20.291,10.833,6.618,48.989
J82131,12223,12.534,32.512,17.017,9.588,48.793
J82132,14029,14.848,22.61,11.883,6.765,49.113
J82134,24562,16.11,23.015,12.389,7.369,50.008
J82136,11439,13.515,25.028,12.352,6.749,48.413
J82138,18049,16.084,23.264,12.316,6.881,48.341
J82139,15542,10.893,38.753,22.726,13.435,47.368
J82142,11791,18.658,15.758,7.005,3.545,50.462
J82143,16476,14.828,23.537,12.406,7.174,49.272
J82144,27095,16.121,15.988,7.658,4.385,51.629
J82145,16997,13.391,28.911,15.462,8.796,49.044
J82146,5687,10.673,32.038,17.602,10.093,48.971
J82147,7860,15.623,25.522,12.379,6.781,49.377
J82149,16740,17.796,14.821,6.476,3.399,49.498
J82150,11768,13.018,32.376,18.253,10.197,48.98
J82151,5548,12.473,33.652,17.141,9.138,47.945
J82152,8285,14.75,23.307,11.189,5.854,50.03
J82154,35899,16.867,20.299,10.276,6.042,49.681
J82155,62495,17.665,14.652,6.714,3.666,50.938
J82156,7841,12.562,31.578,17.051,9.858,48.234
J82157,17142,14.952,24.28,13.773,8.231,48.664
J82161,10389,14.438,27.048,14.284,8.018,49.706
J82163,17056,16.024,25.106,13.168,7.47,48.44
J82169,8694,18.68,15.781,6.924,3.589,50.104
J82174,14065,13.886,26.065,12.4,6.605,48.404
J82178,12939,16.609,14.445,7.636,4.22,48.914
J82181,9121,15.985,15.908,8.113,4.177,49.194
J82184,4503,18.143,14.279,5.685,2.82,50.855
J82194,13666,14.496,18.725,8.883,5.005,50.761
J82196,15317,16.877,19.116,9.375,5.243,49.892
J82198,6378,22.029,11.822,7.087,4.5,47.711
J82199,18278,7.123,3.753,1.712,0.782,57.435
J82201,8100,15.383,22.852,11.432,6.42,47.975
J82207,11308,12.796,12.522,5.73,3.113,51.654
J82208,7561,17.061,14.046,6.639,3.862,49.769
J82210,9498,10.592,35.723,20.331,11.866,48.958
J82213,6260,19.377,12.013,4.76,2.412,49.76
J82214,9949,16.705,21.148,10.554,5.87,49.372
J82215,13309,13.442,29.461,16.139,8.979,47.472
J82216,13552,15.245,26.085,14.824,9.061,47.86
J82217,511,0.0,2.348,0.0,0.0,77.299
J82218,18208,20.744,12.505,5.234,2.779,48.995
J82605,4871,9.977,7.062,3.49,1.991,55.471
J82622,48503,18.015,16.415,7.748,4.577,49.558
J82625,4843,14.578,27.937,14.64,8.156,48.131
J82628,6016,18.883,20.545,11.253,7.447,47.989
J82630,6293,20.404,9.773,4.243,2.415,49.102
J82639,19360,15.145,25.894,13.559,7.19,48.827
J82640,7232,16.123,22.871,10.689,5.683,49.046
J82646,16959,19.099,16.664,7.4,4.163,48.959
J82669,9232,20.971,15.555,6.672,3.423,47.779
J83001,13420,14.151,25.432,13.584,8.279,49.016
J83002,49688,18.703,15.501,7.505,4.019,49.817
J83003,13090,14.645,28.35,16.272,10.023,47.311
J83004,7808,13.473,30.238,15.587,8.671,48.117
J83005,10772,16.719,20.46,9.831,5.709,48.329
J83006,10920,14.441,24.945,12.885,7.381,49.377
J83007,15440,15.266,18.076,8.957,5.382,50.117
J83008,18957,16.205,21.559,11.595,6.388,49.364
J83009,14998,15.589,23.877,13.075,8.088,48.6
J83010,11686,16.567,24.662,13.426,7.633,48.04
J83011,14375,14.595,26.435,14.456,8.327,49.85
J83013,7816,15.788,26.753,14.777,8.79,47.262
J83014,16428,20.502,15.821,7.122,3.61,46.482
J83016,31928,15.469,20.114,9.841,5.44,50.034
J83018,17935,13.465,28.391,15.422,9.066,48.04
J83019,12346,12.028,32.035,17.05,9.598,48.153
J83021,24505,17.482,19.143,9.876,5.734,48.7
J83022,9292,15.325,15.519,6.823,3.713,51.044
J83023,8898,17.274,23.41,10.474,5.417,46.707
J83024,8770,17.457,18.495,8.997,4.949,48.552
J83026,23652,13.58,26.442,13.931,8.261,49.277
J83027,12142,16.826,19.198,9.167,5.205,50.947
J83029,8730,14.788,26.609,14.192,8.385,48.121
J83030,18838,13.882,28.087,15.309,8.732,48.418
J83033,21449,17.53,12.448,5.431,3.077,52.236
J83034,6739,11.663,30.85,16.56,9.541,48.791
J83035,14795,19.811,12.288,5.272,2.562,49.679
J83036,10304,16.062,20.526,7.987,3.668,49.612
J83037,16887,13.359,27.737,14.958,9.007,49.523
J83038,29113,18.71,9.762,3.651,2.085,52.688
J83039,13849,16.398,22.868,11.488,6.167,49.188
J83040,24897,15.857,21.392,10.961,6.326,48.95
J83041,16656,14.601,26.393,13.695,7.679,48.793
J83042,19906,15.347,21.34,11.027,6.485,49.523
J83043,6680,12.605,32.111,17.365,10.509,49.072
J83045,10332,13.966,26.016,12.892,7.307,48.916
J83046,15753,16.625,22.262,10.925,6.297,48.124
J83047,8420,17.743,18.539,8.884,4.917,49.917
J83048,6904,16.744,20.307,10.052,5.707,48.146
J83049,12502,14.678,24.06,12.19,7.303,47.048
J83050,14862,15.382,20.737,9.649,5.08,49.219
J83052,16491,18.81,18.883,8.726,4.451,48.457
J83053,7477,13.535,26.749,13.628,7.717,48.108
J83055,9863,14.864,23.989,12.045,6.722,48.616
J83056,5445,12.893,29.275,13.646,7.126,49.311
J83057,19964,16.82,19.044,9.978,5.931,48.527
J83058,4304,12.732,32.853,16.729,9.898,48.095
J83059,9642,18.16,19.571,9.936,6.192,48.164
J83060,5097,13.008,34.844,19.266,11.026,48.303
J83064,12306,18.251,15.123,5.745,2.682,49.057
J83601,4211,13.417,27.523,13.014,6.982,48.919
J83603,4854,13.453,27.482,12.752,6.696,48.64
J83609,3491,15.898,24.234,11.974,5.643,48.238
J83615,3484,13.921,27.009,13.146,7.491,49.742
J83618,3378,13.884,26.554,14.328,7.016,49.142
J83619,3359,12.385,28.937,15.719,8.247,49.092
J83625,8361,13.874,18.682,7.583,4.138,49.001
J83629,2393,10.907,35.813,18.387,9.904,49.102
J83630,2508,11.683,35.486,18.66,10.247,48.046
J83633,10389,15.199,17.259,8.057,4.216,52.815
J83645,4354,16.307,16.123,6.362,2.825,50.666
J83646,7759,16.11,10.852,4.73,2.565,54.311
J84003,8196,10.7,34.261,17.704,9.163,50.281
J84004,8740,13.696,27.346,14.497,7.494,49.062
J84005,8420,10.463,31.128,16.639,9.703,49.311
J84007,6586,9.505,43.41,24.916,14.759,47.844
J84008,5436,12.748,27.06,13.466,7.745,49.191
J84011,24827,16.313,21.702,11.206,6.328,48.822
J84012,14618,14.489,24.798,12.218,6.239,49.583
J84013,27044,11.696,32.517,16.436,9.137,48.82
J84015,15503,13.933,26.092,13.868,7.973,48.623
J84016,6508,10.28,39.843,20.16,10.541,48.202
J84017,8502,12.209,30.028,16.361,9.821,48.765
J84019,11074,9.373,41.683,22.873,12.94,47.878
K81001,15518,18.604,15.144,6.998,4.272,49.053
K81002,15296,17.547,14.017,6.832,3.753,51.092
K81003,15699,20.396,15.893,7.637,4.191,49.258
K81004,14505,16.346,21.151,10.927,6.343,48.728
K81007,5619,13.899,10.02,4.111,2.118,55.152
K81010,7140,12.885,22.437,11.821,6.891,48.389
K81012,12207,15.516,23.069,11.944,6.709,48.98
K81014,20277,16.615,18.647,9.607,5.918,49.8
K81015,3583,18.644,20.988,9.015,4.019,49.037
K81017,14544,14.817,22.958,12.617,7.178,50.261
K81018,10181,15.637,21.54,11.443,6.178,48.964
K81019,5926,19.052,8.994,3.898,2.227,53.037
K81020,18939,15.993,19.183,10.228,5.998,50.647
K81021,10098,15.429,20.38,10.398,6.001,50.634
K81022,28807,17.957,18.482,10.924,6.682,49.384
K81024,23604,20.645,10.964,4.703,2.694,51.131
K81025,19620,17.288,18.777,9.159,4.796,49.246
K81026,8056,13.952,9.93,3.798,2.16,53.898
K81027,11180,16.02,22.692,12.075,6.968,49.302
K81028,8985,14.335,23.317,11.864,7.234,48.57
K81030,40462,15.592,20.333,10.0,5.269,49.56
K81034,11851,18.361,9.611,4.0,2.287,56.206
K81036,12109,16.484,15.344,7.73,4.782,49.261
K81040,19961,16.031,11.983,5.29,2.961,53.389
K81041,11620,15.783,21.463,12.014,6.764,48.985
K81042,7993,15.751,23.671,12.348,7.306,48.743
K81043,18732,19.918,9.332,4.041,2.221,50.133
K81045,17064,17.311,15.213,7.841,4.858,50.633
K81046,8476,15.408,15.727,7.763,4.495,49.269
K81047,30828,16.41,17.893,8.388,4.561,50.464
K81048,9308,18.973,10.507,4.319,2.213,51.579
K81050,11127,16.186,20.149,9.706,5.195,49.043
K81051,13845,19.336,15.421,7.967,4.478,49.65
K81052,6198,12.585,23.943,11.826,6.421,51.662
K81055,7668,14.932,25.861,14.241,8.62,49.635
K81056,6590,16.313,16.525,8.149,4.188,50.41
K81057,7190,14.465,25.786,13.574,7.51,49.416
K81060,12638,18.777,15.802,7.082,3.822,49.43
K81062,27289,16.278,14.277,6.677,3.903,51.977
K81063,22421,16.369,18.88,9.759,5.713,49.521
K81066,11281,15.646,17.862,9.042,5.62,50.084
K81068,9066,13.181,21.288,10.137,5.989,49.228
K81069,14603,15.524,22.461,11.758,6.834,50.764
K81070,12153,16.087,19.468,10.541,6.073,50.465
K81073,18168,15.891,20.261,9.963,5.301,50.578
K81074,15078,10.897,11.248,5.896,3.455,48.965
K81075,38320,19.379,10.344,4.264,2.338,51.091
K81076,9289,11.788,27.086,14.609,8.72,48.401
K81077,10880,16.305,19.007,8.594,4.614,50.221
K81078,13457,17.017,15.717,7.736,4.83,50.568
K81080,9765,16.989,21.69,12.043,7.168,49.985
K81081,2462,12.916,9.545,3.777,1.787,56.133
K81082,10781,19.59,10.24,4.35,2.133,51.331
K81083,17951,20.901,10.395,4.217,2.479,52.81
K81084,7750,17.148,19.677,9.91,6.0,48.335
K81085,10221,18.941,11.124,3.865,2.055,52.832
K81086,12030,19.46,12.56,4.763,2.61,50.607
K81087,7342,19.232,11.223,4.645,2.465,50.218
K81092,15344,19.526,17.173,7.651,3.962,47.771
K81094,4644,18.519,11.693,5.168,2.95,53.295
K81097,5853,17.495,17.991,9.773,5.57,50.692
K81100,6590,15.326,8.3,3.005,1.684,52.61
K81102,10378,18.327,15.793,6.678,3.315,46.647
K81103,8914,15.896,21.225,9.984,5.205,50.494
K81605,32215,14.354,6.568,2.94,1.605,53.165
K81607,3325,20.301,10.647,4.541,2.887,54.526
K81608,5125,20.195,8.371,2.81,1.698,54.673
K81610,31117,16.435,15.352,6.614,3.712,49.761
K81616,5701,18.786,12.068,5.104,2.929,52.815
K81630,14333,18.649,16.626,8.596,5.212,53.283
K81633,11649,20.903,9.838,4.747,2.97,50.64
K81636,8892,19.838,8.277,3.228,1.563,53.846
K81644,15183,14.819,13.225,6.02,3.306,51.498
K81645,7439,22.046,7.77,2.957,1.788,51.566
K81651,17316,16.055,8.304,3.459,1.894,52.726
K81655,7170,18.298,16.262,8.438,5.063,48.201
K81656,7018,19.023,12.012,4.417,2.294,50.271
K81657,6148,18.64,7.141,2.342,1.122,50.586
K82001,10606,15.567,24.769,13.898,8.231,48.605
K82003,16010,20.287,11.512,4.547,2.061,52.03
K82004,14295,18.573,17.999,9.696,5.953,49.486
K82006,9227,16.159,19.248,9.212,5.17,50.948
K82007,31063,16.232,19.998,9.902,5.405,49.889
K82008,10523,16.155,22.969,12.848,7.983,48.826
K82009,41229,16.423,17.476,8.239,4.373,49.967
K82010,9914,18.711,13.607,6.95,3.863,51.311
K82011,10473,18.228,17.416,9.348,5.672,47.599
K82012,7083,15.968,26.161,13.751,7.822,47.861
K82013,14333,15.245,22.326,11.679,6.544,48.343
K82014,6022,16.506,17.602,9.15,5.43,49.768
K82015,10069,17.221,17.797,8.918,5.284,50.253
K82016,28936,16.032,20.901,10.105,5.488,49.679
K82017,14096,18.381,15.309,7.988,4.888,50.206
K82019,16754,19.834,11.191,4.638,2.292,50.424
K82020,6331,13.726,15.874,7.455,4.612,51.272
K82021,15296,14.487,27.399,14.782,8.63,48.091
K82022,10619,20.557,12.261,5.405,3.126,50.278
K82023,38334,16.385,22.359,11.932,7.009,48.724
K82024,11050,17.692,19.511,9.973,5.602,50.452
K82025,10738,13.354,23.626,11.166,5.644,50.233
K82026,21607,20.586,15.68,7.928,4.318,48.873
K82027,6041,15.742,15.61,6.655,3.244,51.432
K82028,9942,18.568,23.788,13.036,7.473,48.632
K82030,11497,17.979,13.064,6.558,4.097,47.83
K82031,6274,17.118,20.449,10.073,6.391,48.581
K82032,12336,17.25,15.118,6.282,3.097,50.486
K82033,18953,16.504,19.263,9.882,5.735,48.9
K82035,3861,18.311,22.714,11.759,6.734,47.19
K82036,11652,18.169,14.65,6.651,3.776,49.176
K82037,13535,16.069,20.066,10.794,6.443,49.25
K82038,24529,19.854,14.595,6.935,3.95,49.994
K82039,16415,18.434,12.604,5.921,3.363,50.381
K82040,13965,19.749,12.453,5.829,3.308,50.884
K82044,9983,20.445,11.219,5.089,3.065,50.075
K82045,6914,15.519,25.022,13.509,8.186,47.888
K82046,18869,16.763,21.522,11.113,6.619,48.932
K82047,22903,16.679,23.582,12.121,6.637,48.915
K82048,6911,16.307,23.05,11.359,6.497,49.703
K82049,12120,14.505,28.069,16.163,9.282,48.622
K82051,11018,14.658,25.794,13.959,8.359,49.065
K82053,11207,15.847,16.873,8.673,5.336,51.495
K82054,10344,16.338,15.497,6.932,3.442,50.773
K82055,10615,17.164,21.046,10.721,6.66,48.902
K82057,9001,14.365,26.53,13.754,7.688,48.195
K82058,5782,17.347,16.603,8.146,4.566,50.64
K82059,8748,19.867,14.015,6.241,3.086,48.937
K82061,4820,15.27,22.718,10.871,5.166,49.647
K82064,7769,17.66,8.521,2.793,1.274,54.203
K82065,20767,13.757,10.517,4.156,1.849,54.548
K82066,13618,14.496,24.813,13.056,7.821,48.796
K82068,5605,15.415,19.518,8.956,4.639,49.509
K82070,19734,15.101,25.575,12.415,6.572,48.916
K82073,33330,18.194,21.206,11.143,6.517,48.458
K82078,10296,15.404,22.407,12.005,7.556,48.592
K82079,8833,15.306,25.439,12.6,6.906,48.772
K82603,12259,21.413,10.466,4.633,2.635,50.689
K82610,8524,19.111,8.822,2.428,0.985,51.22
K82615,15179,19.771,10.64,3.735,1.884,49.259
K82617,8260,17.034,17.869,8.571,4.673,48.184
K82618,3444,16.318,21.254,10.859,6.33,50.61
K82621,4688,18.963,17.662,8.362,5.034,48.038
K82631,16187,19.33,9.483,3.441,1.544,49.793
K82633,16183,20.775,7.588,3.442,2.008,49.305
K83002,46389,17.202,15.547,6.823,3.828,51.674
K83003,9798,16.585,17.095,8.165,4.583,50.745
K83005,14806,19.533,14.724,6.849,3.701,50.142
K83006,9582,15.863,17.773,8.766,4.675,50.71
K83007,13991,17.368,19.82,10.299,5.225,48.896
K83008,11013,18.505,20.603,10.978,5.975,48.706
K83009,14603,14.367,16.401,8.108,4.396,48.278
K83010,19671,20.085,13.583,6.355,3.304,49.494
K83011,12377,16.24,21.007,11.053,6.173,50.19
K83012,11969,15.49,17.913,9.6,5.823,49.862
K83013,15236,17.478,15.811,7.856,4.286,49.757
K83014,18054,16.417,13.942,6.78,3.899,52.066
K83015,12838,15.672,21.421,11.715,6.27,49.914
K83017,10657,14.957,26.48,12.855,6.568,48.081
K83018,12596,16.855,20.094,10.218,5.732,49.889
K83019,6571,14.001,25.597,12.327,6.559,49.171
K83021,21938,16.519,21.429,10.712,5.351,49.011
K83022,11735,17.052,18.091,8.326,4.184,48.47
K83023,10600,15.547,26.67,14.415,8.226,49.472
K83024,9143,16.023,18.375,9.122,4.801,50.782
K83025,16968,16.614,9.571,4.302,2.275,54.373
K83026,20386,17.468,14.191,6.799,3.684,52.163
K83027,10357,15.796,13.334,6.942,4.142,51.752
K83028,11537,16.001,21.028,10.332,5.452,48.886
K83029,12896,15.33,18.099,9.018,5.064,51.993
K83030,9372,15.952,23.677,12.303,6.178,48.773
K83031,8262,15.154,23.057,11.389,6.015,50.0
K83032,22079,16.84,17.456,8.705,4.733,50.478
K83035,6921,17.931,15.735,7.542,4.407,51.12
K83036,17056,18.299,16.733,8.525,4.696,49.308
K83037,13884,17.517,19.461,10.22,5.546,49.827
K83039,12125,14.375,21.748,12.297,7.381,50.499
K83040,11030,18.885,15.458,7.099,3.282,50.499
K83041,23764,18.781,16.946,9.144,5.268,48.977
K83042,15465,18.274,15.047,7.617,4.158,50.068
K83043,14732,16.753,16.563,8.091,4.813,50.081
K83044,13612,15.273,22.774,12.114,7.038,49.045
K83047,28251,17.663,16.145,7.709,4.29,49.418
K83048,5711,16.372,18.823,8.44,3.887,51.007
K83049,16212,15.328,20.435,9.962,5.416,49.821
K83050,7247,16.172,10.473,5.188,2.994,52.863
K83051,29196,17.896,15.725,7.494,4.162,50.308
K83052,22827,17.567,18.535,9.489,5.034,49.109
K83053,6504,14.483,22.863,11.316,6.058,53.152
K83055,7960,17.676,15.528,7.802,4.447,48.317
K83056,4261,14.222,14.292,5.891,2.722,54.659
K83059,31126,18.322,14.718,6.567,3.505,49.894
K83064,16347,14.266,22.873,10.981,5.579,49.092
K83065,6921,15.171,23.552,11.92,6.444,49.371
K83066,14599,13.59,26.666,13.706,7.384,49.353
K83068,6342,13.04,26.427,12.457,6.623,49.227
K83069,3156,18.156,21.831,11.629,6.21,49.651
K83070,10788,15.99,19.216,9.297,5.145,51.168
K83076,8927,18.595,12.893,5.467,2.364,51.271
K83077,9370,16.158,18.346,9.328,5.539,48.453
K83080,5569,16.646,19.321,9.984,5.567,49.38
K83081,1874,18.73,16.862,7.737,3.575,51.121
K83601,8336,15.055,20.022,9.597,5.086,50.564
K83610,14993,19.569,13.346,5.403,2.541,49.723
K83616,6340,16.814,17.729,7.634,3.927,49.653
K83618,12545,20.335,10.012,3.986,2.009,50.793
K83620,9069,15.426,21.381,10.563,5.116,50.91
K83621,14784,18.574,3.571,1.123,0.656,54.214
K83622,15638,19.242,12.399,4.732,2.155,49.738
K84001,10435,12.832,24.686,14.183,9.066,49.324
K84002,19675,17.611,15.593,7.558,4.269,50.435
K84003,6997,14.692,24.739,11.319,6.003,49.493
K84004,13173,15.35,16.139,8.054,4.456,51.719
K84006,16286,14.964,24.764,13.324,7.909,49.478
K84007,8446,13.438,15.771,8.146,5.008,52.605
K84008,8030,15.592,24.022,12.242,7.123,48.431
K84009,26633,11.918,9.334,4.371,2.381,50.629
K84010,9074,15.87,25.722,13.423,7.703,48.446
K84011,19252,13.048,13.354,6.841,3.989,53.106
K84012,8807,21.392,19.053,9.277,4.962,47.599
K84013,29129,10.694,8.201,3.43,1.758,53.836
K84014,11310,13.864,23.784,12.325,6.835,49.655
K84015,3953,12.143,27.144,14.344,7.817,49.456
K84016,23386,7.342,12.841,6.525,3.861,54.015
K84017,21354,16.044,20.202,10.953,6.364,48.937
K84019,15965,16.436,22.712,12.152,7.009,49.878
K84020,9835,14.154,25.511,13.798,8.165,49.273
K84021,9867,7.581,10.55,6.071,3.547,51.85
K84023,6307,15.649,22.673,11.59,7.42,49.548
K84024,9049,16.731,18.411,10.09,5.868,50.238
K84026,12475,10.156,13.86,6.156,3.214,50.758
K84027,15092,13.862,25.901,13.961,8.448,49.973
K84028,41954,16.845,15.369,7.878,4.486,51.761
K84030,15284,13.308,26.577,14.479,8.447,49.293
K84031,12431,17.593,11.286,4.811,2.96,52.9
K84032,9821,15.915,10.406,4.582,2.647,52.876
K84033,20396,19.229,18.2,9.08,5.432,49.039
K84034,3380,15.473,23.018,9.763,5.621,51.183
K84035,10970,13.519,22.516,13.036,7.785,48.642
K84036,5993,17.637,24.095,13.149,7.659,47.856
K84037,19064,16.24,21.475,11.519,6.887,48.788
K84038,16360,17.341,17.732,8.46,4.713,50.122
K84041,14616,15.784,21.442,11.118,6.137,49.781
K84042,9654,14.005,24.715,13.155,7.872,48.177
K84043,18856,20.688,15.088,7.244,4.094,49.411
K84044,26677,15.377,16.872,8.895,5.507,48.952
K84045,7376,13.788,22.383,12.663,8.04,49.986
K84046,6230,14.575,28.138,14.655,8.347,48.78
K84047,7930,14.767,26.772,13.178,7.238,48.298
K84050,13781,16.051,23.583,12.757,7.394,48.008
K84051,19409,16.868,20.454,10.526,5.621,48.715
K84052,20198,16.244,15.546,7.055,4.07,49.485
K84054,19951,19.037,17.187,9.042,5.163,49.175
K84055,12169,16.624,23.478,12.606,7.141,49.018
K84056,5213,14.176,28.563,13.869,7.75,47.132
K84058,8047,14.403,25.91,14.08,7.829,48.987
K84059,12416,16.535,20.023,10.358,5.477,48.454
K84060,6024,10.176,11.438,5.644,3.22,51.062
K84062,9968,18.349,12.179,5.668,2.99,49.739
K84063,11936,14.502,6.853,2.513,1.232,54.968
K84065,3245,13.282,27.119,12.696,6.872,50.169
K84066,511,0.0,5.088,0.587,0.196,81.605
K84071,10450,14.0,25.139,14.392,8.545,50.268
K84072,11677,13.488,25.315,13.856,8.453,49.234
K84075,12350,22.194,12.559,5.506,3.247,48.008
K84078,12288,5.656,5.957,2.726,1.554,54.484
K84079,9280,18.394,17.812,7.877,4.267,52.716
K84080,13492,6.144,9.999,5.018,2.994,53.98
K84082,12714,14.59,22.408,11.137,6.371,50.889
K84605,6639,4.971,5.889,2.922,1.506,57.945
K84610,5292,14.267,26.398,13.738,7.162,51.833
K84613,21436,17.774,13.239,5.747,3.074,49.347
K84618,8533,16.079,17.837,8.989,5.309,49.221
K84624,11025,20.454,10.05,4.435,2.567,49.043
L81004,17443,14.355,28.0,16.104,9.127,49.487
L81007,39480,13.772,11.216,5.317,2.943,51.928
L81008,11309,17.101,16.491,8.064,4.404,50.535
L81009,10802,18.21,20.783,11.202,7.073,48.482
L81010,8297,17.585,17.115,7.557,4.026,49.428
L81012,19110,11.538,7.111,2.465,1.083,55.521
L81013,12915,15.858,17.871,8.873,4.917,51.165
L81014,14373,15.202,24.525,13.915,8.766,49.509
L81015,19047,15.803,8.432,3.087,1.911,54.738
L81016,9543,12.103,22.75,11.453,6.612,52.269
L81017,12591,17.997,19.641,10.603,5.996,48.463
L81018,9057,13.945,29.027,16.761,9.849,49.288
L81019,18386,17.693,15.376,7.321,3.981,50.174
L81020,8932,12.774,18.361,8.509,4.355,50.425
L81021,11467,15.139,27.182,15.34,9.192,47.92
L81022,18352,16.75,12.173,5.798,3.204,50.905
L81023,15585,16.529,7.905,3.298,1.893,53.577
L81024,15419,16.402,21.097,11.317,6.421,49.471
L81025,18665,14.621,25.717,14.348,8.486,49.558
L81026,28262,17.15,19.666,10.856,6.429,48.832
L81027,8810,14.347,24.62,13.53,8.093,48.161
L81029,9619,15.23,26.084,13.317,7.797,49.652
L81030,6712,15.018,23.346,10.802,5.706,50.417
L81031,16227,16.201,22.37,11.0,6.187,50.009
L81033,14830,15.347,14.949,7.114,3.655,51.247
L81034,34804,15.231,25.85,14.355,8.341,49.06
L81037,23733,18.417,13.572,6.489,3.455,51.14
L81038,13237,14.535,15.547,8.189,4.895,51.167
L81039,25871,11.932,19.3,9.648,5.504,50.423
L81040,16705,14.337,27.555,14.996,9.003,48.5
L81041,7415,24.221,10.317,4.167,2.171,48.564
L81042,12392,15.752,22.176,9.861,5.1,49.879
L81044,12228,13.69,24.346,12.978,7.246,48.97
L81045,19667,16.434,25.413,14.868,8.69,48.63
L81046,7773,14.64,22.874,12.852,7.822,50.277
L81047,14955,16.255,21.752,13.046,7.964,49.642
L81050,7427,14.084,24.182,10.947,5.776,49.32
L81051,24923,14.469,22.281,12.286,7.082,49.669
L81053,8339,16.429,18.455,9.366,5.372,49.646
L81054,12200,19.434,13.877,6.082,3.5,49.426
L81055,12845,14.208,17.431,9.482,5.605,50.09
L81058,8995,11.996,26.637,14.764,8.382,48.271
L81059,8906,17.73,22.344,11.52,6.299,49.506
L81061,11299,17.347,7.107,3.098,1.664,51.615
L81062,24646,16.676,13.406,6.476,3.579,50.231
L81063,12883,15.936,19.025,10.463,6.699,49.965
L81065,14197,17.278,19.596,10.213,6.368,48.348
L81066,10755,17.908,14.031,6.36,3.319,50.516
L81068,12340,10.235,21.467,10.997,6.41,50.737
L81069,8306,18.156,15.218,7.585,3.913,49.217
L81070,9031,14.129,21.825,11.571,6.755,48.123
L81071,14720,10.34,15.163,7.154,3.906,45.74
L81072,10616,16.014,24.783,13.508,7.762,49.294
L81073,8214,15.851,21.512,11.14,6.769,48.332
L81075,32562,7.539,5.509,2.832,1.818,52.939
L81078,22613,17.291,12.161,5.307,2.764,50.347
L81079,21216,15.38,23.086,12.368,7.362,49.566
L81081,19915,10.736,13.015,6.076,3.118,50.57
L81082,14210,12.407,9.634,4.075,2.125,51.407
L81083,8731,21.636,12.141,5.074,3.218,50.052
L81084,11366,15.863,17.632,9.159,4.936,50.246
L81085,6596,13.372,26.228,15.54,9.036,50.349
L81086,46331,16.015,23.274,12.206,6.898,48.831
L81087,12865,15.834,14.147,6.25,3.327,51.263
L81089,11939,15.487,8.887,4.498,2.689,53.346
L81090,17239,10.285,11.781,5.899,3.115,51.14
L81091,16520,8.366,18.462,8.82,4.522,52.131
L81095,14666,20.333,10.875,4.33,2.168,50.164
L81098,12458,17.298,14.087,7.353,4.471,49.133
L81103,9064,17.145,22.981,13.427,8.705,48.477
L81106,5759,17.26,24.397,12.815,7.345,49.019
L81118,39099,16.548,11.228,5.225,3.003,52.096
L81120,9092,17.598,12.165,5.675,2.981,50.638
L81122,5610,14.955,28.556,14.474,8.396,49.768
L81123,5808,14.101,22.813,11.019,6.078,50.103
L81125,10054,14.85,10.822,4.476,2.407,50.428
L81127,10200,15.451,21.902,10.99,6.373,50.157
L81130,13068,16.965,18.396,8.494,4.767,49.151
L81131,11438,15.361,21.848,11.383,6.732,49.545
L81132,5168,19.272,15.848,7.469,3.406,49.768
L81133,17517,0.234,0.0,0.0,0.0,43.112
L81600,11856,16.54,17.772,8.882,5.179,49.367
L81617,14148,0.721,0.777,0.332,0.141,53.435
L81632,11105,20.891,10.734,4.899,2.638,49.905
L81642,6399,19.144,17.081,8.564,5.204,47.742
L81643,16887,15.124,23.87,12.986,7.047,49.695
L81644,8988,16.956,15.832,8.478,5.585,47.397
L81669,38087,16.258,15.9,8.347,5.075,50.587
L81670,5654,22.851,10.276,4.139,1.999,49.275
L82001,18831,15.108,20.302,10.578,5.847,49.222
L82003,8706,13.014,30.795,16.793,9.304,48.392
L82004,7973,12.392,28.145,15.49,8.604,48.2
L82006,20798,10.453,17.819,8.996,5.073,48.937
L82007,6659,14.341,28.698,13.951,7.058,48.836
L82008,10674,13.631,29.08,14.877,8.357,50.337
L82010,23965,16.111,22.42,11.266,6.234,49.581
L82011,6365,16.104,21.932,9.882,5.2,49.537
L82012,16989,12.037,32.28,15.887,8.435,49.585
L82013,7982,13.668,26.885,14.157,7.442,49.449
L82015,7026,13.393,28.181,14.432,7.486,48.52
L82016,17324,14.425,27.667,13.732,7.117,48.597
L82017,2333,12.045,23.06,13.288,8.015,50.793
L82018,14132,15.56,25.17,12.9,7.154,48.309
L82022,9885,10.329,35.397,18.209,9.661,48.326
L82023,16215,14.875,24.255,12.273,6.636,49.701
L82025,4830,9.917,34.182,18.551,10.248,49.089
L82026,6695,13.308,28.648,15.131,8.14,48.574
L82028,17819,14.664,21.32,11.381,6.521,48.084
L82029,16488,14.277,21.209,10.856,5.907,49.412
L82030,18701,14.689,25.619,12.935,7.235,49.853
L82035,8428,11.984,32.238,16.54,9.362,48.588
L82036,12336,15.28,24.822,13.213,7.125,48.208
L82038,12040,12.151,31.196,15.415,8.281,48.995
L82039,5336,11.638,33.002,16.904,8.902,48.22
L82041,29593,17.339,20.319,9.884,5.299,49.346
L82042,16703,14.848,23.738,12.662,7.101,49.955
L82043,4651,10.084,32.208,15.094,7.525,48.119
L82044,8805,14.015,28.086,15.446,8.859,49.983
L82045,9461,12.98,27.967,14.385,7.726,48.6
L82046,12204,14.618,26.901,14.159,7.481,48.394
L82047,7733,11.25,34.592,17.897,9.763,49.373
L82048,3845,10.845,35.059,18.544,9.805,49.545
L82049,10570,13.784,22.271,11.041,6.074,48.392
L82050,9073,14.725,26.794,12.984,7.01,48.793
L82051,13238,16.339,21.053,9.435,4.691,50.499
L82052,10543,13.639,26.197,13.858,7.778,48.203
L82054,9330,16.099,24.18,12.615,6.913,48.189
L82056,8522,12.79,32.011,16.405,8.12,48.521
L82057,2918,11.686,35.332,17.272,9.459,49.04
L82058,4834,10.385,33.533,15.743,8.461,48.573
L82059,5665,15.269,28.032,13.575,7.908,46.567
L82061,6124,11.43,37.802,21.75,12.59,47.861
L82066,7064,12.811,28.978,15.841,8.664,47.31
L82068,9120,14.825,23.191,11.261,5.877,49.134
L82070,6648,13.026,29.242,15.403,8.86,47.563
L82620,6354,15.534,23.89,11.489,6.405,49.197
L82622,7300,10.822,22.603,11.507,6.233,48.205
L83002,17833,13.727,29.67,16.217,9.533,48.36
L83003,11548,14.34,20.636,9.664,5.386,51.758
L83004,11571,14.839,24.527,12.868,7.32,48.319
L83005,15522,12.073,31.742,16.016,9.045,47.977
L83006,32701,15.244,20.764,10.257,5.933,50.093
L83007,9196,11.82,39.92,22.586,13.278,46.716
L83008,29659,15.729,16.757,8.2,4.467,51.266
L83010,7194,14.123,25.271,12.399,7.061,47.859
L83011,8239,9.722,43.282,25.064,15.245,47.178
L83012,3206,12.445,31.909,14.816,7.58,50.905
L83013,15396,14.289,26.039,14.374,8.652,49.389
L83014,20259,12.375,31.393,17.094,9.527,49.129
L83015,8208,19.432,15.838,7.481,3.85,48.818
L83016,40969,7.01,10.806,5.756,3.361,51.522
L83019,9925,14.479,25.33,12.232,5.874,48.292
L83020,12731,13.479,32.048,17.768,10.188,48.488
L83021,10226,13.583,30.462,17.788,10.552,47.633
L83023,5763,13.621,29.637,14.472,7.965,48.117
L83024,8641,13.343,19.234,9.212,5.185,49.08
L83025,7611,11.181,32.795,15.701,8.212,48.863
L83026,5205,13.372,31.22,15.504,8.012,49.798
L83027,7616,13.524,19.341,8.85,4.504,54.53
L83028,11498,17.307,18.803,8.08,4.331,48.73
L83029,8471,15.028,20.316,10.931,6.28,49.25
L83030,10093,13.009,15.03,6.628,3.626,52.987
L83031,12259,13.557,30.068,15.735,8.655,47.81
L83034,9977,14.373,23.554,12.348,7.287,49.825
L83035,16778,15.079,25.045,12.528,6.991,49.279
L83036,11900,14.655,27.134,15.235,9.059,47.739
L83038,13834,13.004,29.854,15.079,8.262,48.149
L83039,5623,19.349,17.144,8.021,4.677,48.515
L83040,18345,20.354,15.705,8.547,5.097,48.302
L83041,9092,15.101,25.528,13.275,7.248,48.548
L83042,9894,14.676,16.667,8.076,4.184,49.747
L83043,14536,12.83,28.371,14.096,7.402,48.149
L83044,8318,12.972,30.296,15.725,8.908,49.808
L83045,15011,13.837,29.811,15.888,9.207,48.125
L83046,9577,15.255,22.335,11.287,6.317,49.661
L83048,10927,15.805,26.897,14.167,8.502,47.168
L83049,3264,10.417,34.13,17.586,9.069,49.081
L83050,13201,11.969,32.808,18.082,10.151,48.337
L83051,10396,14.169,24.24,12.178,6.753,49.76
L83052,12968,13.657,24.406,12.562,7.164,49.776
L83054,5607,9.702,41.288,25.129,14.696,48.101
L83055,15557,10.484,35.682,18.461,10.214,48.698
L83056,26154,13.214,30.095,16.319,9.429,48.49
L83057,7902,12.807,32.852,17.439,10.073,48.064
L83058,7614,13.029,18.387,9.443,5.359,50.578
L83059,10062,13.129,28.752,14.808,8.477,49.284
L83064,12611,14.709,27.016,15.542,9.27,47.395
L83066,17792,13.939,16.912,8.521,4.789,50.315
L83067,14987,9.395,43.304,26.436,16.047,46.66
L83069,15173,12.937,30.416,14.928,8.001,49.647
L83070,5124,13.876,25.215,13.271,7.221,50.195
L83071,7896,13.247,20.238,9.916,5.56,49.924
L83072,11966,13.781,15.995,7.58,4.396,52.164
L83073,19443,15.512,23.427,12.328,6.959,48.058
L83075,6110,14.288,28.2,13.486,7.005,47.529
L83076,11840,17.77,15.549,6.453,3.421,50.912
L83077,7992,14.364,16.804,8.746,5.393,48.086
L83079,8800,15.25,23.057,12.239,7.068,49.182
L83081,6307,13.319,32.107,17.663,10.433,49.691
L83082,3293,11.449,33.161,16.277,9.049,49.408
L83083,15138,14.711,26.899,13.621,7.61,49.789
L83084,8065,14.148,21.339,11.395,6.944,47.948
L83085,18742,14.337,25.611,13.275,7.502,49.232
L83086,5268,14.142,31.055,15.015,7.384,48.557
L83087,15357,14.912,25.676,13.408,7.723,49.56
L83088,5271,11.971,35.249,17.777,9.77,48.112
L83089,13966,16.497,22.111,11.149,6.573,47.594
L83092,16346,16.665,23.89,12.26,6.974,49.137
L83094,8479,11.346,34.19,17.537,10.001,49.286
L83095,15895,13.986,29.607,16.118,8.99,48.229
L83096,18120,12.494,27.506,13.725,7.517,49.641
L83097,12868,15.791,25.163,14.144,8.362,47.995
L83098,5424,13.422,30.439,14.657,7.412,48.009
L83099,5588,12.885,19.256,10.218,5.798,50.805
L83100,43435,15.384,23.414,12.287,6.859,48.399
L83101,15111,11.243,32.546,17.219,9.596,48.183
L83102,7523,10.966,33.271,17.267,9.743,47.468
L83103,16150,13.164,27.907,15.344,9.084,49.3
L83105,6753,13.179,31.245,15.682,8.248,49.015
L83106,9868,14.299,26.246,12.748,7.073,48.318
L83111,15835,13.015,29.005,15.624,8.835,47.363
L83112,6032,7.261,25.216,12.732,6.897,50.895
L83113,7477,18.965,16.651,7.088,3.25,48.148
L83115,4944,20.348,15.635,8.111,4.693,48.301
L83116,5402,14.217,28.675,12.977,6.812,47.649
L83118,17954,15.49,21.304,10.666,5.692,50.462
L83120,22327,11.336,33.73,17.763,9.621,48.52
L83127,15920,14.736,26.055,13.423,7.425,49.209
L83128,7707,15.687,21.137,10.315,5.774,48.553
L83129,3060,13.137,30.49,15.392,8.007,49.739
L83131,25172,12.641,28.325,14.85,8.533,49.46
L83134,4062,12.678,29.887,16.002,9.158,47.735
L83136,6060,11.568,31.403,16.716,9.571,48.878
L83137,12741,13.712,30.461,15.627,8.806,48.842
L83143,4615,17.205,16.295,7.736,4.095,50.813
L83146,4983,14.309,26.53,12.864,6.723,46.598
L83147,14328,13.547,14.322,6.777,3.587,50.635
L83148,3743,11.087,38.792,20.919,11.221,48.143
L83607,5717,17.247,19.958,8.938,4.513,49.991
L83616,2442,15.438,25.512,12.531,6.921,50.942
L83624,7745,17.65,15.261,6.985,3.344,52.395
L83628,6687,13.13,26.095,14.012,7.716,47.42
L83639,2901,12.651,35.091,19.407,10.583,48.087
L83646,9217,17.088,13.898,5.62,2.875,50.298
L83648,23398,10.116,10.907,5.385,3.0,48.205
L83651,4497,16.166,10.451,4.492,2.335,54.014
L83655,7681,19.333,10.012,3.854,1.914,50.059
L83663,2985,11.926,34.037,17.119,9.38,49.849
L83666,3979,18.221,18.296,8.143,4.373,49.409
L83673,710,0.0,2.676,0.141,0.141,79.155
L84003,11550,13.177,14.139,7.818,4.874,51.316
L84004,7899,13.698,31.713,17.053,9.166,48.753
L84005,8476,12.931,31.784,17.662,10.017,47.758
L84006,6908,11.668,24.334,11.827,6.833,48.248
L84007,12409,14.868,21.46,10.694,5.673,48.207
L84008,12169,15.737,18.128,9.269,5.358,50.012
L84009,19481,17.16,19.296,9.034,4.866,48.735
L84010,10880,12.224,29.798,15.478,8.796,49.43
L84011,8231,15.697,24.663,12.635,6.998,48.038
L84012,24629,14.576,24.841,12.863,7.308,48.033
L84014,9015,13.611,28.93,16.739,10.405,48.663
L84015,10926,15.513,23.833,13.344,8.191,48.984
L84016,6872,13.664,25.626,13.242,7.247,49.724
L84018,12738,13.071,25.915,14.005,7.937,49.513
L84021,9031,14.738,25.302,12.225,6.301,48.677
L84022,7730,14.709,20.983,10.375,5.472,51.811
L84023,13172,13.946,25.19,13.012,7.319,49.704
L84024,4031,13.619,26.395,12.999,7.318,49.814
L84025,4630,12.203,36.674,20.367,12.225,48.747
L84026,32562,16.415,18.454,9.182,5.193,50.66
L84027,18152,14.742,25.193,12.533,6.776,49.24
L84028,11891,14.238,24.388,12.16,6.459,49.828
L84029,16809,12.767,28.288,14.153,7.841,49.646
L84030,18219,15.369,16.889,8.074,4.473,50.985
L84031,5771,12.13,31.52,17.155,10.327,47.15
L84033,19181,15.067,21.959,11.454,6.908,50.451
L84034,12090,16.046,17.676,8.189,4.318,49.942
L84036,11079,17.655,20.859,11.517,7.104,48.407
L84037,12009,14.781,28.387,15.164,8.394,48.755
L84038,11343,14.3,27.418,14.643,8.525,48.611
L84039,8984,13.88,22.796,10.841,5.443,49.165
L84040,12672,15.791,27.281,14.844,8.625,48.232
L84041,13134,15.037,20.877,10.88,6.434,44.632
L84043,4885,11.525,33.183,17.912,10.972,47.84
L84045,7267,13.637,28.155,14.311,8.078,48.865
L84046,5907,15.219,24.039,12.189,6.873,50.703
L84047,16649,18.139,20.92,11.148,6.553,47.835
L84048,10404,16.119,27.595,15.811,9.266,47.953
L84049,8531,14.371,15.555,8.053,4.712,50.651
L84050,40569,19.971,12.458,5.448,3.024,49.996
L84051,9943,16.001,21.985,10.198,5.159,49.502
L84052,10057,14.716,15.134,7.457,4.514,50.681
L84053,7732,14.64,28.363,15.197,8.109,48.901
L84054,13996,15.326,22.571,11.475,6.323,49.664
L84058,9394,15.01,18.182,9.591,5.482,51.426
L84059,8175,14.899,20.086,10.569,6.275,50.055
L84060,11117,14.599,26.446,13.457,7.43,49.375
L84063,4980,13.554,26.004,11.687,5.904,48.193
L84065,8997,13.905,25.886,12.726,6.913,49.005
L84067,10094,18.674,19.546,9.243,5.122,48.95
L84068,5897,14.465,29.354,15.398,8.869,46.617
L84072,5116,12.471,28.499,14.914,8.874,49.023
L84075,9380,15.085,22.868,12.239,6.94,49.478
L84077,14531,13.991,23.908,11.892,6.785,49.35
L84080,11599,15.907,21.269,9.803,5.121,50.091
L84081,4460,15.65,15.561,8.004,4.821,51.525
L84084,11560,20.208,16.436,7.734,4.299,48.867
L84085,3828,15.073,26.385,14.446,7.759,51.646
L84606,11959,13.755,25.947,13.421,7.718,49.084
L84613,3627,16.377,22.994,11.718,7.279,49.049
L84617,7688,19.186,13.293,4.995,2.666,48.777
L85001,17676,14.556,21.86,11.422,6.478,49.559
L85002,11842,12.599,30.898,17.294,10.437,48.007
L85003,3922,9.816,38.067,18.664,10.275,48.623
L85004,12425,12.402,31.364,17.078,9.755,48.821
L85006,10209,16.094,20.002,9.639,5.133,48.996
L85007,10286,13.095,32.5,17.529,9.936,48.513
L85008,29214,15.554,21.729,10.96,6.059,49.534
L85009,10707,12.188,35.696,18.493,10.274,48.165
L85011,8438,13.807,27.803,15.632,8.936,48.874
L85012,22591,15.041,25.975,13.78,7.463,48.922
L85013,4195,12.61,30.346,15.566,8.248,49.726
L85014,13456,16.201,16.996,7.603,4.273,51.457
L85015,15927,16.255,20.531,10.818,5.852,48.534
L85016,28326,12.582,30.534,16.328,9.362,49.654
L85017,10424,14.428,23.503,13.008,7.771,49.501
L85018,5173,13.57,28.107,14.537,8.235,50.744
L85019,11287,11.606,31.815,18.233,11.163,50.793
L85020,11535,16.134,26.797,14.313,7.889,47.49
L85021,14987,16.067,27.197,15.667,9.722,48.075
L85022,13423,15.093,23.117,12.397,7.04,50.317
L85023,17701,18.411,16.53,8.581,5.361,49.37
L85024,11068,12.821,30.051,14.944,7.888,49.16
L85025,14044,18.784,16.028,8.025,4.308,51.125
L85026,6025,13.494,27.369,13.095,7.021,48.747
L85027,8674,15.299,25.363,12.716,6.975,49.792
L85029,13068,13.797,25.597,13.766,7.828,49.464
L85030,18223,14.295,27.619,14.838,8.412,50.557
L85031,7517,14.141,30.544,15.751,8.195,48.463
L85032,5102,13.191,23.324,11.231,6.174,49.471
L85033,13951,12.135,32.478,17.253,9.383,48.57
L85034,8489,13.488,29.768,15.938,9.0,48.251
L85035,17453,16.822,19.074,9.351,5.071,50.599
L85036,6117,13.928,27.154,13.503,7.308,48.815
L85037,4207,12.242,31.091,16.473,8.272,48.728
L85038,6884,12.536,30.171,14.977,8.716,49.724
L85039,13996,14.604,25.014,12.261,6.473,49.736
L85040,6967,14.884,28.147,14.727,8.468,47.165
L85042,15627,15.563,18.404,9.202,5.151,51.878
L85043,11110,15.464,22.655,12.133,6.661,50.234
L85044,6155,12.185,34.07,17.872,9.326,49.504
L85046,6000,15.217,24.633,12.517,6.867,48.85
L85047,5974,11.55,23.987,10.747,5.055,48.56
L85051,7375,16.895,16.759,8.054,4.407,52.488
L85052,7792,13.026,25.655,13.809,7.931,47.908
L85053,6460,13.885,23.653,11.409,6.115,51.471
L85054,8834,12.622,32.647,17.285,9.565,47.487
L85055,9209,12.911,27.81,14.051,7.601,49.006
L85056,7320,16.27,20.314,10.232,5.519,50.669
L85061,4116,15.087,26.263,12.707,6.997,49.976
L85062,6349,16.475,19.452,8.364,4.646,49.756
L85064,16904,18.984,13.648,6.04,3.023,50.651
L85065,8093,9.243,41.937,21.537,11.825,47.584
L85066,7851,16.393,26.506,13.794,7.999,48.312
L85601,3531,11.045,32.71,15.86,8.864,48.796
L85607,5567,20.639,10.742,4.329,2.066,51.051
L85609,5338,17.741,22.949,11.858,6.519,49.12
L85611,3171,14.696,21.255,9.524,5.266,51.12
L85624,5196,12.49,33.526,17.225,9.45,47.036
M81001,17643,17.65,19.027,8.865,4.398,49.657
M81002,14569,15.574,17.935,8.518,4.715,51.815
M81004,15799,14.419,23.185,11.374,6.083,50.161
M81005,13949,17.542,19.7,10.101,5.456,49.717
M81006,21864,14.471,18.011,9.193,5.388,48.276
M81007,5624,12.464,29.712,15.469,8.197,48.738
M81008,20342,14.163,16.026,8.337,4.7,51.077
M81009,5774,13.873,31.157,15.674,8.504,50.139
M81010,14761,16.523,18.576,9.539,5.244,50.823
M81011,7350,14.639,25.878,12.313,6.408,48.707
M81012,13713,12.251,30.008,16.597,9.509,49.289
M81015,9582,15.821,24.765,13.765,8.005,48.424
M81016,19435,14.222,27.394,14.34,7.965,49.653
M81017,12420,18.494,14.952,6.506,3.688,50.475
M81018,6523,11.942,35.965,18.044,9.352,47.892
M81019,17185,16.922,20.14,9.404,3.969,50.212
M81020,12050,17.162,16.913,8.639,4.971,51.228
M81021,13076,15.012,21.306,10.928,5.935,49.656
M81022,18345,16.642,17.934,8.929,4.802,49.725
M81024,5174,12.543,31.214,14.998,8.717,49.517
M81025,5099,15.042,22.71,11.041,6.138,49.735
M81026,46884,16.33,19.533,9.651,5.492,49.522
M81027,9865,16.807,22.24,13.036,8.18,48.099
M81029,8079,10.274,38.161,20.708,11.796,47.803
M81032,12531,13.71,26.51,14.125,8.523,49.094
M81033,7468,11.998,26.982,12.841,6.856,49.799
M81034,8762,13.73,26.387,14.106,7.647,49.76
M81035,14291,16.374,18.389,9.195,4.94,49.262
M81037,11760,13.682,22.466,11.335,6.301,49.974
M81038,12354,11.672,32.718,17.007,9.916,48.592
M81039,11978,13.316,29.345,15.42,8.741,47.871
M81040,21701,13.396,28.427,15.866,9.023,49.578
M81041,11209,16.112,20.564,9.778,5.353,49.246
M81042,9752,13.126,32.937,17.525,9.537,49.754
M81043,8923,11.711,35.123,17.46,9.616,48.784
M81044,11729,12.687,27.99,13.829,7.827,50.064
M81045,5076,12.805,30.437,14.519,7.742,49.133
M81046,12077,12.76,32.26,17.14,9.878,48.216
M81047,10823,17.361,21.565,11.66,6.237,49.136
M81048,9650,11.44,33.181,16.145,8.881,49.699
M81049,11461,16.622,20.452,10.872,6.518,50.074
M81054,7240,12.445,33.702,17.417,10.18,50.456
M81055,5795,17.015,18.447,9.18,5.073,49.284
M81056,12407,12.936,23.922,13.017,7.214,50.85
M81057,15226,10.968,34.008,18.416,10.009,50.427
M81058,10229,13.296,26.161,14.439,8.72,49.614
M81061,8912,11.602,31.026,16.012,8.932,49.82
M81063,13965,16.14,20.337,10.92,6.416,50.132
M81064,8308,16.911,25.072,13.481,8.149,48.544
M81066,8252,13.718,25.388,13.451,7.719,50.0
M81067,5686,16.602,26.767,13.208,7.052,49.93
M81068,15747,15.108,24.621,13.711,7.341,48.638
M81069,9573,14.614,25.436,14.144,8.566,49.734
M81070,11613,15.991,22.905,12.314,7.354,50.133
M81072,6930,12.713,21.01,9.971,5.267,50.433
M81074,11030,13.01,29.501,15.911,9.266,49.266
M81075,12875,13.165,27.596,15.076,8.847,49.049
M81076,3092,13.389,35.576,18.241,10.285,48.06
M81077,4870,12.485,29.055,15.277,8.809,49.158
M81078,6664,14.376,27.656,14.031,8.178,48.83
M81081,5677,13.775,28.149,14.797,8.772,48.142
M81082,15709,18.2,18.62,8.454,4.418,49.182
M81083,5051,13.443,28.212,15.7,10.117,50.01
M81084,5807,17.858,21.302,10.436,5.218,49.268
M81090,3438,10.617,31.559,17.161,9.802,50.116
M81091,14186,15.036,24.813,13.457,8.043,48.47
M81092,5592,15.2,22.049,9.996,5.508,50.322
M81093,10694,18.768,17.281,8.21,4.339,49.402
M81094,9583,16.498,21.121,10.466,5.645,49.577
M81600,4025,12.745,30.534,14.261,6.957,49.565
M81604,6795,13.363,28.492,14.408,7.535,49.095
M81605,5592,13.788,22.836,11.32,6.724,48.999
M81608,4083,13.74,27.798,14.328,8.817,48.151
M81616,3380,15.74,20.473,7.959,4.024,52.219
M81617,5409,19.116,16.75,6.933,3.42,49.492
M81627,8510,15.546,16.404,8.226,4.383,51.398
M81629,10144,11.997,24.961,13.841,7.955,48.896
M82002,10017,15.284,23.211,11.99,6.768,48.977
M82003,24668,18.096,17.261,8.448,4.512,50.718
M82004,19196,12.857,30.73,16.774,9.82,49.781
M82005,9646,13.591,27.307,14.203,8.314,48.953
M82006,11563,13.716,21.681,11.822,6.823,49.901
M82007,15418,16.695,20.145,9.82,5.396,48.651
M82008,7066,8.548,41.282,23.153,13.855,48.811
M82009,11408,16.532,20.231,9.87,5.487,49.658
M82010,17631,15.155,25.421,13.556,7.748,49.481
M82011,4507,15.731,25.649,13.069,7.588,49.146
M82012,14162,19.122,16.071,7.824,4.166,49.675
M82013,2697,10.604,31.665,15.573,8.602,52.392
M82014,9574,12.618,31.22,17.548,10.142,47.598
M82016,10671,14.16,28.273,15.294,9.118,49.246
M82017,4575,12.874,31.694,15.803,9.049,48.678
M82018,7224,15.601,27.284,14.812,9.095,49.543
M82019,8590,10.733,30.675,16.054,8.58,48.778
M82020,4214,11.913,29.829,14.143,7.475,49.715
M82021,8527,12.818,33.177,18.928,11.669,47.496
M82022,14111,14.655,23.436,11.955,6.428,48.033
M82023,7695,15.179,24.12,11.358,5.835,48.577
M82024,3860,12.098,32.306,16.269,9.145,49.171
M82025,21224,13.296,27.45,14.008,7.802,49.929
M82026,13282,13.725,24.627,12.89,7.649,49.849
M82028,14907,13.188,27.007,15.053,8.479,49.641
M82030,10415,14.018,28.488,14.441,7.921,49.361
M82032,16577,17.241,17.88,8.059,4.548,50.558
M82033,5663,12.255,32.756,16.758,9.165,50.503
M82034,7905,11.448,27.198,13.624,7.337,49.096
M82035,12173,12.823,26.904,13.579,7.796,50.021
M82038,13966,18.438,18.502,9.23,5.041,49.062
M82039,15350,15.394,19.088,9.941,5.616,53.29
M82040,6384,14.333,18.296,8.474,4.543,50.47
M82041,7101,12.379,30.123,15.068,8.323,50.134
M82042,6481,22.157,14.288,7.314,3.95,50.995
M82043,7489,12.258,31.593,15.983,9.734,49.873
M82046,3956,15.015,30.207,15.167,8.114,50.354
M82047,11119,15.748,24.085,12.843,8.04,47.441
M82048,6918,15.51,22.955,11.535,6.794,48.482
M82051,4673,13.995,30.173,14.915,7.618,48.962
M82056,16230,13.407,20.45,10.049,5.256,48.189
M82057,7570,17.437,14.452,5.218,2.246,52.259
M82058,4089,11.054,28.956,14.502,8.682,49.841
M82059,16973,15.26,21.334,10.087,5.615,48.365
M82060,9071,14.276,23.867,12.744,7.838,47.768
M82601,2383,12.128,35.25,20.562,11.918,49.559
M82606,5682,13.992,18.62,7.04,3.027,49.05
M82616,8460,16.702,18.676,8.7,4.338,48.227
M82620,2946,9.233,40.054,20.502,10.523,49.728
M83001,12198,16.986,21.586,10.387,5.648,49.492
M83004,9207,11.795,30.564,15.108,8.722,48.539
M83005,5411,15.043,23.027,10.423,6.062,52.227
M83006,31210,15.287,25.171,14.098,8.225,48.757
M83007,8202,16.862,15.984,7.766,4.267,51.207
M83009,10791,13.419,29.923,16.356,9.656,49.551
M83010,10686,21.523,11.379,4.95,2.807,51.909
M83011,7933,13.274,28.123,14.912,8.282,48.884
M83012,8210,13.886,26.443,14.007,8.051,49.829
M83013,4664,11.256,32.033,17.689,9.949,49.292
M83014,10136,17.956,15.578,7.824,4.469,50.276
M83015,8087,13.998,27.328,14.369,7.766,48.893
M83016,7375,14.915,28.488,14.075,7.783,48.814
M83017,5126,13.266,29.672,14.592,7.121,49.727
M83018,8772,14.66,27.269,14.147,8.55,48.495
M83020,9527,13.603,26.388,13.939,7.599,49.302
M83021,10298,17.722,17.46,8.662,4.593,50.748
M83022,7886,12.059,33.071,17.575,9.587,48.491
M83023,9308,13.601,25.269,12.688,6.833,50.172
M83024,11197,16.236,17.916,8.806,5.028,49.594
M83025,5952,11.895,25.874,13.693,7.897,51.142
M83026,17241,22.824,11.884,5.725,3.236,49.701
M83027,10870,16.099,19.853,9.246,5.143,48.694
M83028,11027,17.566,18.119,8.597,4.444,50.168
M83030,13506,15.045,22.908,12.35,7.352,49.733
M83031,6306,13.923,30.431,17.349,10.625,48.129
M83032,14219,15.353,20.346,9.888,5.303,49.975
M83033,7094,16.295,19.199,9.825,5.582,50.733
M83034,11900,15.092,22.773,11.908,7.151,49.084
M83035,7703,15.851,24.224,12.333,6.919,48.501
M83036,8911,17.383,20.29,10.493,6.094,49.703
M83037,8512,14.427,24.589,12.3,6.743,48.978
M83038,10267,15.409,25.392,13.246,7.841,49.235
M83042,9770,13.357,27.134,13.654,7.82,48.628
M83044,13352,17.196,18.132,9.137,5.392,49.7
M83045,10702,14.605,27.64,14.932,8.251,48.533
M83046,9702,13.09,27.499,14.677,7.854,48.928
M83047,6797,17.066,21.465,10.608,5.944,51.714
M83048,9857,16.415,20.929,10.46,5.519,50.188
M83049,9041,15.374,22.321,12.034,7.035,50.481
M83050,9939,14.076,21.582,11.41,7.043,51.705
M83051,12459,15.98,18.918,9.246,5.169,50.606
M83052,22424,16.928,19.35,10.07,5.668,50.566
M83054,10266,14.085,22.862,11.114,5.883,49.279
M83056,10949,13.59,24.212,12.75,7.051,49.137
M83057,10267,14.805,20.853,11.084,6.545,49.294
M83059,3771,11.323,31.0,15.513,8.751,49.695
M83061,8051,14.346,25.475,14.594,8.471,49.435
M83062,12806,14.579,22.802,12.463,7.09,49.992
M83063,3857,17.215,17.215,7.285,3.967,49.183
M83065,7247,14.213,26.618,14.171,7.824,49.179
M83066,7803,17.109,17.519,8.484,4.831,49.481
M83067,7989,14.357,17.624,8.224,4.982,51.483
M83068,14761,18.759,17.296,8.414,4.485,50.308
M83069,15957,15.109,24.835,12.985,7.47,49.044
M83070,8412,11.365,26.819,14.099,7.596,52.223
M83071,11526,13.448,26.922,13.873,7.618,50.26
M83072,11504,13.265,28.946,15.664,9.301,50.156
M83073,9133,16.095,21.165,10.511,5.956,50.63
M83074,14283,14.08,22.369,11.188,6.308,50.158
M83075,20444,19.424,8.115,3.517,1.957,55.65
M83076,8705,11.292,12.234,5.629,3.308,58.208
M83079,9555,14.861,24.919,13.281,7.263,48.959
M83084,6596,13.781,26.076,13.842,7.717,49.136
M83088,15120,14.074,24.001,12.341,6.911,50.284
M83089,10756,14.02,27.185,14.699,8.033,49.777
M83090,5364,14.299,24.851,13.348,6.879,53.095
M83092,8631,13.243,29.487,15.143,8.585,49.253
M83093,6542,15.179,26.75,14.797,9.676,48.884
M83094,14663,17.227,19.512,9.746,5.456,49.867
M83096,5205,12.2,27.32,14.928,8.165,51.047
M83097,9207,15.847,22.439,11.567,6.875,47.746
M83100,4163,15.47,24.742,13.188,8.191,49.027
M83102,7385,20.799,15.423,6.865,3.778,48.246
M83103,4865,14.121,27.215,14.615,7.852,49.065
M83107,6741,16.229,20.768,10.117,5.756,50.245
M83108,7828,15.278,24.195,12.43,6.771,48.735
M83109,3959,15.989,21.697,11.215,6.264,48.017
M83110,16760,18.031,17.458,8.073,3.813,49.994
M83111,2389,13.939,20.971,10.674,5.316,52.867
M83113,2302,17.984,14.509,4.735,2.476,50.391
M83117,8245,16.046,20.158,8.065,3.772,51.158
M83121,5845,12.027,31.976,17.143,9.068,49.786
M83122,3080,13.506,27.305,12.078,6.981,51.006
M83123,10227,18.49,15.88,6.649,3.471,50.161
M83125,3475,11.54,27.885,13.842,7.712,50.676
M83126,9157,17.331,19.417,9.315,5.133,47.778
M83127,6945,23.341,8.74,3.744,2.03,51.375
M83129,10786,16.753,20.36,9.735,5.72,49.258
M83130,4128,13.784,21.778,11.773,6.759,50.388
M83132,5661,14.785,25.155,10.104,4.928,49.868
M83138,6855,14.894,24.799,11.393,6.287,50.226
M83139,4962,14.792,20.556,9.835,4.917,49.274
M83140,4903,17.194,21.089,10.381,6.017,48.766
M83141,9352,15.644,23.749,12.521,7.228,48.995
M83143,5339,18.562,16.82,7.661,4.214,49.785
M83146,13188,19.54,15.4,7.363,4.307,49.773
M83148,14407,16.52,18.179,8.912,5.109,49.407
M83601,5891,13.19,32.711,19.776,12.035,48.243
M83608,5390,14.991,23.952,14.156,8.534,48.942
M83616,5233,14.6,16.587,7.778,4.567,51.787
M83617,24275,16.173,21.265,12.004,6.83,48.568
M83619,3616,14.519,17.257,8.158,4.591,51.41
M83624,4185,17.993,18.112,8.602,4.229,50.562
M83625,11543,17.023,15.698,6.697,3.491,52.716
M83627,8304,22.194,10.381,5.407,3.492,54.456
M83632,5394,15.999,22.469,11.531,6.507,49.166
M83637,4922,17.574,15.705,7.294,3.718,51.097
M83638,14151,16.161,20.168,9.717,5.01,47.82
M83640,2729,11.066,30.671,15.977,8.794,50.751
M83641,1991,14.465,23.305,12.657,7.333,51.883
M83650,13859,22.065,12.295,5.787,3.002,50.523
M83661,6883,19.497,14.441,6.393,3.211,51.184
M83668,5281,16.569,22.571,10.282,5.567,48.154
M83670,6873,6.227,6.024,2.794,1.63,44.027
M83680,7252,16.464,20.132,9.17,5.199,48.001
M83681,11050,19.43,9.077,4.163,2.57,54.443
M83682,5972,18.168,15.656,7.15,4.069,52.679
M83691,1603,11.416,29.944,16.906,9.857,53.026
M83693,7150,20.224,12.993,4.909,2.126,49.958
M83697,3625,19.393,15.338,8.469,5.076,50.759
M83698,3154,13.507,26.126,16.741,10.621,49.524
M83701,4528,16.144,22.438,11.639,6.559,49.161
M83703,5719,15.737,20.72,10.614,5.77,48.855
M83709,5991,15.089,21.699,10.115,5.608,49.524
M83711,4276,15.529,24.93,13.283,7.624,47.685
M83713,5439,17.448,19.305,9.45,5.387,50.046
M83715,4981,16.643,19.835,8.372,4.678,49.167
M83717,3567,17.438,17.101,8.971,4.486,49.93
M83718,3922,17.364,14.763,6.91,3.519,51.377
M83719,4394,15.885,20.3,8.898,4.779,50.569
M83723,23417,17.765,17.363,8.426,4.719,50.476
M83725,4091,22.244,12.418,5.329,2.249,50.452
M83727,4299,15.957,23.796,11.189,6.234,50.012
M83738,6988,14.096,24.342,12.979,7.313,48.741
M84001,13297,14.883,22.118,11.8,6.656,49.635
M84002,8316,15.645,23.966,13.348,8.093,48.966
M84003,9787,17.963,20.139,9.952,5.579,50.322
M84004,20773,18.558,16.425,8.607,4.92,50.508
M84005,5134,18.524,17.043,7.616,3.857,50.37
M84006,10562,14.363,24.475,11.788,6.22,49.489
M84007,13440,16.034,21.257,11.473,6.488,49.189
M84008,7974,17.482,18.109,7.825,3.963,50.188
M84009,5257,13.297,27.145,12.669,6.924,50.732
M84010,10498,15.222,19.004,10.05,5.706,50.743
M84011,21563,16.315,21.523,11.214,6.302,49.117
M84012,17119,18.336,17.04,8.464,5.246,48.963
M84013,12766,13.638,26.649,15.087,8.953,49.389
M84014,9390,10.298,28.722,16.56,9.372,50.852
M84015,14800,16.27,15.649,7.682,4.399,53.257
M84016,4546,13.572,26.375,14.628,8.535,50.814
M84017,14593,13.554,19.139,11.026,6.798,50.339
M84018,14297,14.22,26.684,13.073,6.994,49.003
M84019,17018,15.748,22.476,11.364,6.417,49.477
M84020,14537,16.998,18.408,9.713,5.703,51.015
M84021,17211,13.84,24.74,13.631,8.041,49.195
M84022,8544,15.637,19.066,9.024,5.091,50.386
M84023,20229,17.144,14.959,7.292,4.271,51.683
M84024,6572,11.153,33.323,18.716,11.686,48.22
M84025,12005,13.603,29.513,15.768,9.171,49.279
M84026,7151,14.152,25.409,13.732,7.775,49.853
M84028,18918,14.256,21.033,10.429,5.793,50.862
M84029,8011,16.19,21.071,11.959,7.365,49.457
M84030,13317,14.658,26.207,14.02,8.26,49.283
M84031,7863,16.164,20.768,10.314,5.621,49.892
M84032,14881,16.733,11.122,5.719,3.434,53.78
M84034,2244,17.736,18.405,9.67,4.635,51.827
M84035,12196,17.243,15.538,7.994,4.813,50.533
M84036,15888,15.345,23.338,12.802,7.628,49.855
M84037,12025,16.807,22.678,11.909,6.611,49.522
M84040,10504,11.081,19.374,10.101,5.903,53.046
M84041,7266,17.052,17.245,8.244,4.652,51.115
M84042,10320,14.835,25.484,13.227,7.626,49.205
M84043,21465,13.813,22.763,11.563,6.541,50.249
M84044,5791,14.816,26.127,14.315,8.323,49.922
M84046,8123,15.29,26.911,16.829,10.612,48.677
M84047,5368,13.171,29.564,15.071,8.737,49.981
M84049,6021,13.386,30.178,16.559,9.367,49.41
M84050,8342,19.204,13.87,6.389,3.908,50.456
M84051,13594,18.427,15.566,7.01,3.73,49.971
M84055,2192,10.721,26.369,12.135,5.292,50.684
M84059,3674,13.364,18.563,8.846,5.253,54.273
M84060,6800,14.103,27.044,14.647,8.456,48.353
M84061,6172,14.307,28.889,15.619,9.608,48.947
M84062,7525,17.475,17.502,7.136,3.362,49.9
M84063,7464,18.006,15.622,8.36,5.038,51.407
M84064,7034,18.425,16.506,7.947,4.336,50.341
M84065,8348,19.011,11.632,5.546,3.27,52.108
M84066,7033,18.996,19.636,9.64,5.048,48.571
M84067,7731,15.095,20.735,11.564,6.817,49.192
M84069,6674,15.658,20.108,9.08,4.48,49.326
M84070,12521,22.171,10.766,5.008,2.971,48.798
M84609,4916,20.81,15.785,7.526,4.353,50.529
M84612,8984,20.915,13.502,6.256,3.094,49.722
M84615,8688,19.107,16.241,7.643,3.775,48.665
M84616,4449,15.779,21.488,9.867,4.967,49.697
M84618,3917,15.982,21.445,11.795,6.97,49.553
M84620,2975,13.849,28.336,14.05,8.067,50.185
M84621,2733,15.99,13.685,6.403,3.659,51.994
M84627,3760,13.697,26.968,13.564,7.234,50.106
M84629,11907,18.334,16.201,7.315,4.376,48.87
M85001,4782,20.431,14.095,5.918,3.137,48.118
M85005,7332,22.122,8.047,3.587,2.455,52.741
M85006,10661,20.392,14.37,6.547,3.799,50.089
M85007,17181,20.179,16.28,8.894,5.803,48.612
M85009,6469,17.282,16.169,8.456,5.627,51.77
M85011,7145,17.621,18.195,9.293,5.822,50.007
M85013,4318,21.376,13.038,5.975,3.682,50.255
M85014,4507,20.59,11.183,4.77,2.574,51.498
M85016,5176,18.972,16.016,7.419,4.154,51.043
M85018,10719,18.584,19.022,9.404,5.57,49.165
M85019,18301,19.054,15.371,7.617,4.699,48.702
M85020,20815,22.364,7.836,2.983,1.85,51.53
M85021,4469,13.806,7.608,2.976,1.633,53.166
M85023,9177,19.527,14.798,6.854,4.021,49.395
M85024,7118,21.537,8.612,3.358,2.079,53.695
M85025,16768,11.093,5.361,2.034,1.175,54.228
M85026,14880,13.777,27.144,13.421,7.164,49.819
M85027,7837,17.073,18.987,8.651,4.772,49.93
M85028,25053,18.429,17.088,8.434,4.886,49.551
M85029,19971,15.938,20.034,10.42,6.449,48.34
M85030,17719,18.63,16.022,7.004,3.939,49.85
M85031,10472,18.335,18.354,9.377,5.138,48.596
M85033,17633,17.654,20.252,10.577,5.949,48.835
M85034,16404,23.269,7.547,2.975,1.713,50.853
M85035,5487,19.701,12.794,6.178,3.171,49.08
M85037,9380,15.81,21.429,10.757,5.778,49.136
M85041,14713,5.471,4.601,2.386,1.441,53.728
M85042,5038,13.2,16.792,7.9,4.327,52.66
M85043,4354,19.476,17.18,7.97,3.973,48.415
M85046,53497,16.769,22.409,12.393,7.513,49.085
M85047,6076,16.853,19.075,9.151,5.25,47.992
M85048,11152,16.114,20.615,11.379,6.68,49.139
M85051,7880,20.114,7.31,2.602,1.472,53.414
M85053,6671,21.466,9.654,3.538,2.009,51.507
M85055,6942,15.385,9.392,4.307,2.478,52.924
M85056,7165,16.483,16.162,7.704,4.424,51.668
M85058,15411,16.793,11.654,5.853,3.569,49.614
M85060,15999,17.67,16.614,8.157,4.95,48.641
M85061,12385,21.631,10.101,4.134,2.398,50.69
M85062,4910,19.124,18.961,9.084,4.644,48.574
M85063,56172,15.898,16.487,7.821,4.549,52.492
M85065,14368,17.351,19.62,10.148,6.501,49.144
M85066,7319,20.44,14.374,6.572,3.634,51.469
M85070,13840,20.426,11.322,5.13,3.027,52.464
M85071,7802,14.163,21.584,10.113,5.319,49.474
M85074,7900,12.937,18.987,8.127,3.696,51.823
M85076,10978,18.391,17.699,7.925,4.254,48.543
M85077,9475,16.158,22.755,11.831,6.923,48.96
M85078,10968,19.375,9.993,3.756,2.006,55.844
M85079,10826,19.481,13.699,6.549,4.184,47.377
M85081,9184,19.686,16.725,7.578,4.475,48.486
M85082,5557,17.419,8.674,2.951,1.44,56.631
M85084,6702,19.949,9.415,4.223,2.775,51.462
M85086,10647,19.555,14.699,7.119,4.302,48.812
M85087,11181,20.293,13.183,6.153,3.542,48.493
M85088,17637,14.906,10.053,4.309,2.523,52.203
M85094,2618,21.925,8.136,3.972,2.559,58.021
M85097,2229,17.856,14.715,7.044,3.41,52.849
M85098,5444,15.724,9.515,4.041,2.627,56.337
M85105,5333,20.12,13.126,6.394,4.013,49.672
M85107,3823,21.214,8.815,3.322,1.805,51.609
M85108,6030,20.912,8.939,3.698,2.537,53.466
M85110,9894,19.588,8.682,3.77,2.456,54.184
M85113,6126,19.148,16.079,7.493,4.114,51.453
M85115,2929,17.549,15.807,6.214,3.243,50.188
M85116,8168,21.854,10.088,4.554,2.914,50.367
M85117,5924,19.362,17.944,8.052,3.967,47.519
M85118,3040,17.27,21.086,10.724,6.513,51.25
M85123,8915,21.38,7.65,3.287,2.098,53.853
M85124,12722,14.007,8.403,3.482,2.138,53.018
M85128,5058,18.169,12.06,4.784,2.728,51.384
M85136,10573,21.924,11.908,5.051,3.045,51.263
M85139,5734,21.678,7.621,2.616,1.709,52.79
M85141,3070,18.502,20.13,9.479,5.179,47.622
M85143,7212,16.681,17.013,8.527,4.063,49.307
M85145,10048,18.193,14.65,6.439,3.672,50.766
M85146,6718,21.882,7.19,2.694,1.578,55.924
M85149,5786,20.204,8.14,3.439,2.005,54.217
M85153,4101,20.897,7.51,2.877,1.829,55.255
M85154,4504,21.581,8.925,3.219,1.843,52.353
M85155,6643,20.443,13.759,6.669,3.763,49.18
M85156,9794,15.806,11.64,4.86,2.512,51.93
M85158,2144,18.144,20.849,10.121,5.41,49.627
M85164,13667,20.912,9.19,3.768,2.356,55.667
M85167,15511,4.287,4.809,2.682,1.625,49.662
M85170,5368,22.019,10.022,4.08,2.534,55.551
M85171,2942,19.273,15.398,6.492,3.909,51.462
M85172,13931,19.518,15.914,8.004,4.501,48.755
M85174,4570,20.066,8.381,3.02,1.772,56.915
M85175,10320,12.49,29.012,16.105,8.944,49.331
M85176,5379,18.219,10.002,3.774,2.101,54.229
M85177,6242,19.641,13.89,6.104,3.332,50.16
M85178,40996,16.192,10.062,4.071,2.559,56.63
M85179,5072,17.488,18.592,9.267,5.461,48.462
M85600,16085,19.534,13.311,6.596,3.488,48.648
M85624,6435,18.788,14.732,6.775,3.465,51.562
M85634,10266,19.998,8.913,3.76,2.348,54.978
M85642,5944,17.312,12.298,5.148,3.348,51.952
M85669,7262,20.242,6.94,2.41,1.349,51.818
M85670,3686,22.463,6.593,1.763,1.275,56.945
M85676,6505,21.968,7.594,3.121,1.906,53.467
M85679,5608,23.146,8.381,3.335,2.14,51.516
M85680,2729,27.226,5.02,1.392,0.77,57.347
M85684,4169,14.896,3.958,1.559,1.007,55.025
M85686,1488,16.398,11.694,4.234,2.016,49.597
M85693,2380,17.395,15.546,7.017,4.16,53.067
M85694,3827,21.374,13.326,5.644,3.057,50.954
M85697,4996,20.737,9.908,3.903,2.142,51.621
M85699,5215,18.811,8.36,2.972,2.033,57.181
M85701,4829,20.832,6.565,2.34,1.263,53.427
M85706,14104,20.576,10.111,4.197,2.347,51.929
M85711,4167,16.799,6.599,2.712,1.584,55.748
M85713,5206,22.512,8.529,3.458,2.209,50.788
M85715,11303,20.517,8.599,3.309,2.053,51.845
M85716,5333,19.164,8.119,2.756,1.388,54.285
M85717,4242,21.994,12.423,5.328,2.664,48.091
M85721,11376,16.13,4.158,1.037,0.492,63.036
M85722,5253,21.131,6.948,2.627,1.828,53.474
M85730,5604,19.575,9.565,3.533,1.552,53.64
M85732,2475,16.727,8.202,3.232,1.98,50.384
M85733,7274,18.738,11.465,5.004,2.791,50.22
M85735,6668,24.115,6.089,2.415,1.5,53.494
M85736,5357,20.011,9.427,3.995,2.707,55.815
M85739,5441,20.217,6.083,1.875,1.029,58.702
M85746,5333,22.389,10.426,4.332,2.175,50.178
M85749,3050,22.393,8.361,3.148,2.066,52.918
M85756,2600,13.654,10.654,4.5,2.846,58.731
M85757,4208,19.772,6.82,2.281,1.141,54.04
M85759,7260,22.548,8.058,3.044,1.68,48.499
M85766,4394,22.417,7.396,2.822,1.525,54.324
M85770,2072,14.527,20.753,8.301,4.247,52.606
M85774,7460,24.397,6.823,2.641,1.448,51.019
M85778,17832,3.589,1.178,0.342,0.129,51.806
M85779,2893,19.634,14.172,6.81,3.871,49.879
M85781,3963,20.439,5.93,2.296,1.539,56.371
M85783,5736,24.355,5.945,1.935,1.133,53.016
M85792,3349,16.811,23.529,12.959,7.764,50.314
M85794,4163,19.914,7.014,2.402,1.393,56.834
M85797,12781,12.354,4.554,1.471,0.876,51.921
M85803,10916,23.085,4.113,1.292,0.705,55.927
M86001,7264,20.815,12.665,5.383,2.974,50.95
M86002,8490,18.61,15.077,6.961,4.028,51.484
M86003,17123,18.344,15.079,7.271,4.036,51.942
M86004,21944,8.034,9.538,5.077,3.099,49.708
M86005,6219,17.302,9.921,4.599,2.605,53.063
M86006,10218,14.357,16.344,8.7,5.148,53.102
M86007,5822,13.002,26.417,14.308,8.846,50.601
M86008,10295,18.018,15.658,7.363,4.206,50.491
M86009,25623,8.598,6.127,2.673,1.569,59.673
M86010,13067,17.204,13.737,6.566,3.436,50.448
M86012,11154,18.155,8.589,3.846,2.152,51.802
M86014,21346,18.603,16.097,7.898,4.516,49.175
M86015,13693,17.22,17.016,8.53,5.068,50.267
M86016,21539,18.209,11.974,5.483,3.134,53.002
M86017,10471,16.016,13.934,6.551,4.002,51.456
M86018,11636,16.69,16.758,8.431,4.924,49.88
M86019,4198,14.745,21.224,10.934,5.812,53.525
M86020,7864,23.004,9.156,3.23,1.806,49.173
M86021,7275,16.948,18.158,8.619,5.223,48.66
M86027,14223,14.16,11.151,5.737,3.403,51.143
M86028,3497,18.359,13.211,6.005,3.517,56.62
M86029,19337,7.411,10.415,5.797,3.465,49.299
M86030,5327,13.798,18.04,8.936,5.275,53.651
M86032,12585,19.627,11.983,5.809,3.449,51.8
M86033,4509,19.162,13.861,5.633,2.95,48.326
M86034,9939,16.782,21.883,12.466,7.727,48.767
M86035,8357,21.383,13.701,5.827,3.602,49.396
M86037,3706,16.838,17.134,8.743,4.857,52.482
M86038,2663,11.979,26.474,15.471,10.101,51.033
M86039,4804,15.196,24.917,14.155,8.41,49.084
M86040,3713,16.59,18.529,9.803,5.602,51.145
M86041,10306,20.376,10.295,4.735,2.746,53.095
M86044,4543,14.176,12.393,4.799,2.443,54.876
M86045,7502,17.542,13.13,5.732,3.412,52.613
M86046,5371,16.961,16.738,8.751,5.12,50.922
M86048,8073,19.695,9.501,4.1,2.292,50.341
M86605,3054,16.208,20.825,11.198,6.287,48.756
M86610,8276,11.394,2.864,1.039,0.58,56.332
M86612,4034,19.584,7.288,2.429,1.239,56.916
M86617,4726,17.245,11.468,5.269,2.899,53.47
M86622,3313,12.828,20.435,10.595,5.886,51.705
M86624,13121,20.677,8.041,3.209,1.722,52.008
M86627,6763,23.155,6.255,1.907,0.991,52.758
M86633,5732,21.895,6.455,2.756,1.553,52.442
M86638,6980,17.994,17.135,7.249,4.011,50.057
M87001,6443,12.168,28.822,15.645,8.738,50.551
M87003,18720,12.933,29.904,16.827,9.936,48.782
M87005,13130,16.07,20.647,10.724,5.758,48.142
M87006,8851,16.574,16.8,7.818,4.79,48.593
M87007,12039,14.495,23.366,12.501,7.642,48.991
M87008,8704,16.314,22.943,11.96,6.606,48.943
M87009,16724,17.466,18.937,8.694,4.311,49.247
M87010,9145,19.377,16.249,7.381,3.838,51.514
M87011,27099,13.731,25.872,13.646,7.676,50.197
M87012,7336,20.965,13.263,5.821,3.094,49.809
M87013,11373,17.726,14.807,6.181,3.596,50.594
M87014,8121,16.956,23.199,12.301,6.723,48.467
M87015,7890,14.55,25.779,15.387,9.62,49.468
M87016,7132,16.237,21.354,10.867,7.123,49.734
M87017,8433,18.179,14.87,6.641,3.664,52.413
M87018,7393,13.215,31.543,20.952,15.339,46.99
M87019,5682,15.382,20.785,10.067,5.209,53.027
M87020,9201,16.618,22.324,11.238,6.282,48.679
M87021,10092,19.332,16.548,7.759,4.39,50.377
M87023,9994,15.529,23.384,12.988,7.745,49.069
M87024,22868,16.416,21.217,10.998,6.271,49.134
M87025,4703,17.691,19.052,9.951,5.613,52.052
M87026,5988,19.439,15.431,7.114,4.041,50.802
M87027,4510,17.916,17.627,8.714,4.368,50.155
M87028,9630,19.595,15.576,7.165,3.853,49.024
M87030,4542,14.487,24.042,12.373,7.508,51.519
M87034,5809,20.434,14.753,6.748,4.045,50.559
M87036,3648,19.243,10.992,4.825,2.467,52.522
M87037,8210,15.262,23.24,13.35,7.71,48.867
M87041,6254,16.166,19.747,10.985,6.828,48.961
M87601,6777,21.662,12.572,5.843,3.571,50.376
M87602,9978,16.416,21.377,11.465,6.995,48.096
M87605,4732,23.288,9.172,4.332,2.134,51.796
M87612,2488,16.921,18.006,7.998,4.502,50.965
M87617,6255,23.901,9.448,3.629,2.078,50.36
M87618,2988,14.893,20.147,8.166,3.916,51.406
M87620,6778,20.449,12.482,4.928,2.597,49.926
M87623,3208,21.446,12.531,5.143,2.463,53.803
M87628,3834,17.893,28.717,23.344,19.77,48.018
M87638,3834,16.484,21.805,11.92,6.755,50.678
M88001,10534,21.103,14.088,6.427,3.921,49.516
M88002,9042,18.292,11.181,5.087,2.92,52.831
M88003,11849,16.871,20.55,10.389,5.595,49.38
M88004,40025,18.856,16.582,8.357,5.054,50.169
M88006,12084,20.126,9.434,4.303,2.723,52.59
M88007,9766,17.162,19.578,9.308,5.54,49.867
M88008,5005,16.164,19.061,8.671,4.855,51.009
M88009,9568,19.994,13.42,6.417,3.616,50.376
M88010,8960,21.551,15.234,7.388,4.252,48.962
M88013,13858,19.151,16.005,7.779,4.366,49.091
M88014,6856,18.611,12.908,5.907,3.136,52.45
M88015,10551,17.335,15.487,7.686,4.559,49.095
M88016,3800,20.816,12.316,6.605,3.737,51.079
M88018,22045,18.621,14.765,6.868,3.865,49.762
M88019,2922,19.576,10.609,4.997,2.772,55.613
M88020,12491,14.546,19.886,9.999,6.076,50.084
M88021,10974,15.847,21.925,11.664,7.308,49.298
M88022,3617,15.98,21.841,10.478,6.221,50.29
M88023,6622,20.87,12.927,5.21,2.945,49.804
M88026,8382,20.651,12.551,5.679,3.269,50.107
M88030,6088,15.802,21.715,12.007,7.047,49.08
M88035,3416,19.116,14.432,6.411,3.396,50.293
M88038,13753,16.651,16.571,7.555,4.181,49.764
M88040,6609,15.978,12.377,5.25,2.996,57.724
M88041,3779,22.307,6.695,2.752,1.535,52.448
M88042,6474,19.447,8.542,3.584,1.761,51.205
M88043,8586,20.347,13.557,5.521,2.982,48.3
M88600,4528,21.29,11.705,5.124,3.246,49.823
M88610,4816,21.179,7.35,3.53,1.993,53.447
M88612,3797,17.224,16.197,8.796,4.872,50.25
M88616,16604,18.176,12.816,5.565,3.132,53.451
M88618,2150,18.233,13.86,5.209,2.698,52.14
M88619,11261,18.941,13.613,6.518,3.694,49.223
M88620,3635,21.623,9.821,3.989,2.393,50.894
M88625,3456,20.804,11.892,5.382,2.865,50.405
M88626,3689,16.753,11.114,4.798,2.873,55.381
M88628,3537,15.635,13.656,5.4,2.742,54.198
M88630,5281,18.652,13.104,6.249,3.598,51.998
M88633,7263,17.72,10.285,4.351,2.492,54.11
M88635,2168,17.666,15.775,7.887,4.566,50.415
M88639,3484,19.059,9.96,3.904,2.124,52.985
M88640,4346,17.579,12.954,5.43,2.922,50.782
M88643,5519,18.627,14.061,6.287,3.207,49.103
M88645,9082,18.278,14.127,6.573,3.733,49.053
M88646,2739,16.028,12.559,5.221,2.994,51.223
M88647,6338,20.811,7.542,2.982,1.483,55.412
M89001,3644,15.862,23.463,10.95,5.296,50.549
M89002,6508,20.513,13.092,5.486,2.658,49.186
M89003,39226,16.048,22.957,12.267,7.108,49.699
M89005,8667,16.107,22.43,12.819,7.696,48.69
M89007,6903,18.094,17.036,8.533,5.331,49.964
M89008,13630,19.699,16.17,8.1,4.431,48.789
M89009,11200,17.312,17.768,9.143,5.384,49.241
M89010,10876,15.355,26.26,14.895,8.634,49.549
M89012,11274,19.496,14.369,8.222,4.612,49.415
M89013,6274,21.9,10.663,5.021,2.423,50.048
M89015,12358,17.39,20.812,10.738,6.449,48.584
M89016,12558,14.684,26.7,14.859,8.632,48.997
M89017,56927,16.63,20.813,11.455,6.933,50.164
M89019,11379,17.576,15.66,7.988,4.728,49.539
M89021,4874,15.347,20.743,10.854,6.832,49.631
M89024,4042,17.59,19.273,9.228,5.418,50.421
M89026,10570,17.256,20.851,10.634,5.714,47.9
M89027,8646,21.999,13.035,6.384,3.4,48.52
M89030,6087,14.654,26.187,14.128,7.606,47.905
M89608,3835,15.906,23.416,12.282,7.353,49.57
M91003,6951,16.501,21.493,11.034,6.431,49.115
M91004,9714,21.351,11.53,4.993,2.44,50.607
M91006,4397,19.422,16.125,8.506,4.821,50.148
M91007,8550,12.936,24.678,13.45,8.082,49.86
M91008,9602,20.819,12.477,6.124,3.728,50.854
M91009,5681,14.945,23.2,11.195,6.39,50.326
M91010,8791,14.663,25.901,14.799,9.362,48.004
M91013,10509,16.405,18.879,9.459,5.928,51.185
M91014,3133,18.385,13.438,6.224,3.32,54.325
M91015,22144,17.052,18.949,9.921,6.029,49.828
M91016,7037,18.602,18.36,9.521,5.798,49.808
M91017,10239,14.103,29.29,16.632,10.509,48.54
M91018,5073,17.761,12.498,5.933,3.607,50.956
M91019,14731,17.046,20.915,11.228,6.863,48.748
M91021,7780,17.429,18.638,8.638,4.987,49.936
M91024,2559,11.528,28.957,16.921,9.261,49.043
M91026,5744,23.816,10.933,4.074,2.246,50.244
M91028,13013,18.72,17.237,7.708,4.173,49.389
M91029,5854,22.463,12.368,5.108,2.887,49.573
M91032,4840,17.252,19.277,10.702,6.818,48.533
M91033,6693,19.647,14.284,6.44,3.631,49.26
M91034,5102,15.425,22.344,11.231,6.174,48.373
M91036,3967,24.225,10.487,4.512,2.596,50.592
M91602,2351,21.097,13.016,5.444,2.935,52.914
M91609,2250,16.756,17.644,8.756,5.378,50.044
M91611,3100,23.419,12.194,5.484,2.968,50.258
M91612,3526,20.193,16.081,7.969,4.141,49.66
M91613,9914,22.251,7.101,2.542,1.543,52.693
M91614,9307,20.511,15.419,7.059,3.471,49.21
M91616,7990,18.285,14.819,6.884,3.792,52.516
M91619,6402,21.368,12.012,5.436,2.687,49.813
M91621,5101,21.76,8.41,3.176,1.784,53.46
M91623,1940,16.392,22.216,11.186,6.443,50.464
M91624,3767,19.857,13.14,5.495,2.867,49.801
M91626,4692,18.585,18.819,9.953,5.648,48.146
M91628,3228,18.742,13.971,5.7,3.222,52.54
M91629,7142,23.789,8.359,3.094,1.596,50.588
M91637,4201,17.781,23.994,14.592,9.95,48.703
M91639,1713,15.762,19.79,9.574,4.612,50.438
M91640,3945,21.217,13.384,5.577,2.864,50.013
M91641,4057,20.902,12.916,5.916,3.155,50.974
M91642,1684,18.052,16.508,7.482,4.454,52.316
M91647,5417,18.83,19.9,9.175,5.04,49.437
M91650,9331,18.551,20.309,10.02,5.776,48.687
M91654,3446,19.24,15.177,6.007,3.134,51.161
M91659,3506,23.531,7.302,2.567,1.483,53.195
M92001,3524,18.246,13.167,5.619,3.093,53.036
M92004,2967,17.189,18.975,9.403,5.561,52.983
M92006,4684,14.902,20.367,10.376,5.551,49.701
M92008,12816,14.498,25.367,13.686,8.052,48.658
M92009,13278,18.414,19.739,9.572,5.581,48.396
M92010,11337,14.245,25.174,13.893,8.759,49.228
M92011,36957,15.821,20.072,10.068,6.002,50.407
M92012,11678,17.751,13.821,6.448,3.768,52.475
M92013,7250,18.331,13.145,6.607,4.11,52.386
M92015,3974,23.352,11.902,4.806,2.542,50.377
M92016,23613,20.802,8.788,3.443,1.889,52.378
M92019,6027,17.836,17.853,8.346,5.127,50.091
M92022,4166,21.867,14.186,6.745,4.345,48.68
M92026,5075,18.049,19.409,9.36,5.399,48.433
M92028,9257,15.999,7.756,3.176,1.772,54.705
M92029,5943,14.168,22.564,11.661,6.949,48.477
M92039,6900,17.449,18.391,8.87,5.362,49.058
M92040,12469,21.205,12.511,5.678,3.023,49.707
M92041,4683,18.791,14.286,6.577,3.545,52.381
M92043,6959,15.893,22.647,11.496,6.711,48.096
M92607,18561,21.163,10.958,4.386,2.446,52.206
M92609,6242,18.936,16.293,6.649,3.653,48.238
M92612,37636,17.332,15.791,7.424,4.235,51.1
M92627,4360,19.151,16.193,8.119,4.289,48.922
M92629,4231,20.846,11.203,4.113,1.867,49.019
M92630,5774,18.116,15.795,7.846,5.005,49.134
M92649,4510,18.958,15.831,7.45,4.08,48.67
M92654,6847,20.578,13.67,6.207,3.549,51.526
N81001,5031,11.29,36.116,18.724,10.515,49.97
N81002,12063,13.877,27.647,15.162,8.464,48.968
N81005,9828,14.723,24.227,12.648,6.756,48.962
N81006,5447,13.787,27.465,12.502,6.866,50.028
N81007,10116,13.592,23.646,11.625,5.902,51.058
N81008,11824,15.485,25.592,15.24,8.804,48.275
N81009,7607,14.631,23.123,12.107,7.401,49.717
N81010,8723,16.199,21.667,10.696,5.629,48.126
N81011,14424,15.696,21.145,9.99,5.345,49.598
N81012,12266,16.354,16.289,7.223,3.799,49.829
N81013,6842,14.499,23.107,10.932,5.788,50.073
N81014,9340,15.128,23.105,12.141,7.227,48.983
N81016,32039,18.758,11.904,5.378,2.912,52.046
N81018,8115,12.409,29.932,16.463,9.661,48.626
N81019,15256,18.019,15.437,6.948,3.127,49.967
N81020,12353,11.463,29.839,18.635,11.689,49.105
N81022,33863,13.59,27.871,15.288,8.57,49.198
N81024,10659,16.906,18.773,8.875,4.916,50.023
N81025,11471,17.732,17.557,8.317,4.507,49.795
N81027,14742,14.299,24.936,13.241,7.163,49.586
N81028,9233,17.654,16.441,7.636,3.964,50.569
N81029,12359,14.055,23.084,12.42,7.331,50.32
N81030,16726,12.639,28.949,15.64,8.681,49.456
N81031,6249,13.41,31.173,17.075,9.586,49.176
N81032,28718,16.06,21.537,11.024,6.264,49.293
N81033,8672,14.276,27.318,15.037,9.11,48.409
N81034,13199,14.827,19.994,9.47,5.341,49.943
N81035,12127,14.521,22.924,10.67,5.566,49.493
N81036,8621,15.764,18.896,9.929,5.637,49.925
N81037,8309,16.392,20.051,8.665,4.621,48.863
N81038,7793,13.923,27.101,14.115,8.033,48.569
N81039,11768,15.33,23.003,10.919,6.067,48.581
N81040,6891,17.516,15.266,6.675,3.236,50.98
N81041,8654,14.155,20.245,9.683,5.523,50.127
N81043,6136,13.315,27.819,14.537,7.92,50.065
N81044,10830,15.651,19.4,9.529,5.3,51.108
N81045,13730,14.96,21.406,10.32,5.666,50.583
N81046,10024,16.62,20.012,10.106,5.517,50.818
N81047,12059,12.903,26.088,14.62,8.367,49.191
N81048,12922,15.392,19.231,8.969,4.581,50.186
N81049,23853,15.642,25.28,14.04,8.427,48.589
N81050,19675,15.766,21.449,10.734,5.911,49.911
N81051,6897,13.963,26.78,13.441,7.337,49.514
N81052,13127,16.31,22.937,11.945,6.711,49.189
N81053,17167,17.039,16.171,7.643,4.328,50.684
N81054,8793,15.171,19.368,8.086,3.378,49.79
N81055,6920,12.225,25.954,12.009,6.734,50.896
N81056,9644,16.248,16.228,7.134,3.515,50.85
N81057,12780,14.742,22.715,11.088,6.283,48.998
N81059,12651,14.299,24.725,13.359,8.276,48.755
N81060,9047,12.7,30.994,16.602,9.318,49.044
N81061,10327,16.229,20.413,9.499,4.929,49.705
N81062,14970,14.055,23.955,12.298,6.814,49.746
N81063,12332,18.075,14.856,6.293,3.6,50.065
N81064,6765,15.314,19.512,8.485,4.302,51.737
N81065,8277,18.473,13.084,5.92,3.431,49.052
N81066,14453,15.298,18.903,8.241,4.048,51.616
N81067,9111,16.65,21.436,11.031,5.631,49.852
N81068,15441,16.871,16.34,7.221,3.892,51.266
N81069,4740,13.376,28.671,14.873,8.776,49.177
N81070,10357,16.385,21.947,11.751,6.971,49.773
N81071,4378,12.791,30.471,15.441,7.675,49.52
N81072,7894,15.873,18.432,7.031,2.622,51.165
N81074,5507,18.54,15.58,6.918,3.777,48.974
N81075,16476,13.413,25.74,14.051,8.521,49.168
N81077,13005,14.218,28.527,16.309,9.366,48.735
N81079,9933,14.195,18.152,8.094,4.389,50.81
N81080,8709,11.746,17.694,8.623,4.432,49.386
N81081,9732,9.186,16.143,8.169,4.531,50.462
N81082,15068,12.477,23.407,11.926,6.776,51.009
N81083,5077,18.003,13.295,6.086,3.289,51.093
N81084,21596,14.683,24.194,13.026,7.214,48.866
N81085,10290,14.13,21.147,11.72,6.657,49.203
N81086,16794,18.673,14.291,7.491,4.269,50.208
N81087,24256,14.322,23.907,12.628,7.124,49.501
N81088,12703,14.146,20.877,10.084,5.636,49.602
N81089,8042,14.486,22.395,12.31,6.876,49.764
N81090,5366,15.263,22.81,12.728,7.324,48.64
N81092,15046,16.25,19.241,9.052,5.164,48.677
N81093,15887,15.069,21.389,10.109,5.476,49.323
N81096,8747,16.234,17.949,7.568,2.641,49.171
N81097,4829,15.759,13.46,6.212,3.417,49.907
N81100,8088,17.174,22.923,11.894,6.578,48.356
N81101,8050,14.745,20.385,10.261,5.714,49.006
N81102,4383,8.305,31.257,22.291,18.161,43.806
N81107,3642,16.831,16.557,7.166,3.515,47.584
N81108,10844,16.203,23.58,12.901,7.792,48.294
N81109,6927,15.967,17.324,8.821,4.504,51.061
N81111,7493,16.789,23.809,12.278,7.047,48.979
N81113,7370,15.685,18.318,7.761,3.718,50.746
N81114,10854,13.967,22.849,9.084,4.266,51.041
N81115,8107,19.6,15.616,7.574,3.701,49.648
N81117,5793,17.677,15.432,6.957,3.591,50.734
N81118,8690,15.282,24.154,11.68,6.398,50.115
N81119,5202,19.166,16.09,7.401,3.864,49.596
N81120,6128,14.883,26.452,13.006,6.837,49.445
N81121,6858,11.826,17.994,9.536,5.41,49.563
N81122,10315,14.048,21.6,8.541,4.149,48.987
N81123,7287,19.871,13.147,5.805,3.197,50.419
N81125,7670,11.643,31.16,16.819,9.27,48.488
N81127,8631,15.004,21.203,10.462,6.117,48.418
N81607,3881,21.567,10.848,5.05,3.015,51.43
N81614,5609,13.764,26.083,11.909,6.044,49.421
N81619,3850,20.545,10.753,3.896,1.87,51.169
N81623,9541,16.455,19.788,9.758,5.282,49.104
N81624,8589,15.112,27.57,14.775,8.418,49.039
N81626,4701,20.421,15.124,6.254,3.34,49.096
N81628,12743,18.748,10.053,3.814,1.789,53.7
N81632,5861,16.106,16.806,7.456,4.351,49.872
N81637,2969,15.999,8.622,3.402,1.92,54.8
N81642,4751,14.671,17.975,7.177,3.284,49.653
N81645,2298,18.668,12.402,5.396,3.046,54.265
N81651,3561,16.653,13.227,5.953,3.342,50.351
N81655,418,0.0,5.263,0.957,0.957,84.928
N82001,6083,17.146,19.267,8.302,3.781,50.041
N82002,5435,22.208,15.179,6.679,3.422,48.464
N82003,4270,18.197,18.665,8.29,5.059,48.08
N82004,3369,16.592,11.161,4.69,2.167,52.835
N82009,8682,17.231,22.287,10.792,6.012,48.537
N82011,10770,15.209,17.428,7.502,4.41,49.833
N82014,6501,12.936,21.535,10.291,5.507,50.715
N82018,13210,20.749,14.746,5.905,3.058,48.229
N82019,5176,19.378,16.963,7.148,4.25,48.165
N82022,10121,15.591,12.015,5.059,2.687,54.135
N82024,12440,15.973,20.169,8.73,4.775,49.156
N82026,6493,13.953,20.437,9.718,5.652,49.422
N82033,5791,15.092,16.871,7.218,3.471,49.905
N82034,5906,14.324,21.453,9.516,5.367,49.983
N82035,8655,16.557,22.311,10.572,6.066,49.07
N82036,3300,15.667,18.697,10.333,6.091,47.97
N82037,11607,14.483,20.677,9.012,4.997,49.22
N82039,4049,18.079,19.042,8.694,4.347,50.729
N82041,12819,18.722,19.885,9.572,5.297,48.147
N82046,10216,12.118,11.981,5.452,2.946,51.566
N82048,7347,15.748,19.967,9.079,4.805,48.986
N82049,6599,18.973,15.396,6.183,3.228,51.296
N82050,2516,15.859,21.542,9.976,5.604,52.623
N82052,5831,18.47,15.503,6.054,3.584,50.454
N82053,15541,15.823,20.513,8.983,5.148,48.6
N82054,7365,14.515,10.441,4.1,2.2,54.379
N82058,5631,16.747,16.427,6.819,3.232,48.908
N82059,6047,11.89,15.016,6.069,3.192,52.671
N82062,7007,15.042,22.007,9.847,4.852,49.536
N82065,4049,16.942,13.164,5.063,2.569,54.26
N82066,9114,14.834,27.485,13.77,7.933,48.661
N82067,5718,16.352,10.86,4.897,2.483,57.52
N82070,9808,14.743,17.394,7.688,3.793,49.653
N82073,6669,13.99,21.098,10.346,5.743,49.033
N82074,9170,15.278,17.59,7.47,3.762,50.556
N82076,10930,17.347,9.122,3.623,1.967,53.952
N82077,2705,17.634,16.858,6.802,3.919,51.017
N82078,2847,15.701,20.513,7.868,4.215,51.914
N82079,6317,14.659,12.664,5.699,3.119,52.683
N82081,6036,14.811,13.105,5.351,2.584,51.243
N82082,9641,6.14,7.727,2.811,1.39,50.835
N82083,10361,17.257,15.761,6.196,3.291,47.959
N82084,6480,13.796,25.849,12.114,6.42,49.398
N82086,3788,16.843,17.397,6.969,3.801,48.759
N82087,2346,16.24,21.995,8.056,3.367,52.131
N82089,3841,24.889,7.915,2.838,1.406,53.45
N82090,10099,16.616,17.041,7.258,3.773,50.619
N82091,2224,18.031,11.915,4.092,1.978,53.732
N82092,8423,14.615,23.934,11.647,6.613,48.261
N82093,4272,16.409,16.924,7.748,4.448,49.883
N82094,8476,15.715,20.741,9.556,4.731,47.522
N82095,4840,14.731,14.793,7.004,3.306,49.442
N82097,8466,17.08,13.903,5.433,2.799,50.154
N82099,8643,20.352,11.165,4.292,1.921,52.783
N82101,2765,15.624,20.108,9.62,4.702,50.922
N82103,9831,20.323,10.853,4.109,1.922,51.694
N82104,4166,13.37,22.3,10.082,5.041,50.816
N82106,3663,12.367,28.256,13.241,6.77,49.55
N82107,1991,13.109,23.606,10.598,5.575,50.025
N82108,8262,17.211,19.051,9.066,4.926,48.511
N82109,5494,19.185,15.526,5.661,2.767,49.436
N82110,8064,18.514,15.898,5.667,2.741,49.045
N82113,8777,21.773,6.642,2.518,1.208,56.158
N82115,8996,15.029,16.252,6.325,3.079,50.389
N82116,8253,18.224,16.576,6.907,3.744,48.758
N82117,61553,2.833,2.148,0.846,0.405,55.042
N82617,11030,4.415,4.098,1.822,0.961,54.433
N82633,3735,16.6,22.811,11.406,6.881,47.39
N82641,5577,11.422,12.946,5.29,2.797,54.85
N82645,9154,14.234,7.112,2.666,1.475,53.9
N82646,9469,21.449,7.836,2.904,1.5,57.324
N82648,2677,17.071,13.821,5.155,2.764,53.194
N82650,5041,21.047,11.922,3.809,2.043,50.427
N82651,4111,14.692,18.682,8.173,3.916,55.51
N82655,2336,14.683,23.716,11.815,7.663,49.914
N82662,8252,24.2,9.828,4.35,2.569,54.993
N82663,4540,20.419,17.247,7.753,3.943,48.436
N82664,3011,16.739,15.643,6.808,3.886,51.71
N82668,3600,20.833,10.528,4.833,2.528,49.833
N82669,3465,17.201,16.652,6.609,3.146,53.68
N82671,2717,12.183,11.299,4.453,2.208,60.177
N82676,4111,16.054,17.976,6.3,2.895,50.255
N82678,3335,20.21,13.523,5.217,2.579,51.214
N83001,14758,17.807,16.716,7.562,3.95,49.539
N83002,11794,15.525,19.179,9.573,5.393,50.144
N83003,7092,14.425,23.195,11.873,6.514,50.973
N83005,8595,15.23,20.524,10.483,6.469,48.738
N83006,3316,13.963,21.049,10.856,5.428,52.141
N83007,3263,15.109,19.307,8.581,4.321,50.965
N83008,8259,17.896,16.951,6.49,2.882,51.29
N83009,11918,16.555,19.366,6.704,3.13,50.185
N83010,6818,12.482,26.723,16.104,10.634,49.355
N83012,10249,13.465,23.368,11.855,6.108,49.79
N83013,4696,15.566,23.062,8.731,4.387,48.807
N83014,10384,18.153,17.575,7.579,4.536,48.421
N83017,6348,13.926,20.29,10.822,5.561,50.347
N83018,8732,18.323,15.781,7.455,4.661,48.729
N83019,7697,11.797,28.959,16.435,9.068,49.708
N83020,17132,14.523,23.395,11.756,6.111,50.047
N83021,7904,16.397,18.801,9.679,5.2,50.076
N83023,11479,15.324,22.162,10.323,5.349,51.224
N83024,7839,16.545,21.954,10.767,5.741,49.088
N83025,14554,19.816,13.68,5.511,2.865,50.77
N83026,2577,13.582,27.319,13.116,6.519,52.775
N83027,6593,15.259,23.419,12.862,6.871,48.46
N83028,16917,15.298,19.276,8.477,4.617,51.085
N83030,5420,18.469,19.502,8.893,4.852,47.565
N83031,7215,16.632,17.588,7.138,3.964,50.09
N83032,12264,18.664,16.479,6.482,3.074,48.801
N83033,5429,15.178,21.919,7.276,3.094,50.893
N83035,7050,13.986,19.986,9.844,5.305,49.39
N83041,4756,12.847,31.918,17.956,9.504,50.168
N83043,3906,16.359,18.228,7.834,4.608,50.0
N83045,10342,19.638,12.899,5.395,2.852,50.213
N83047,5376,15.885,24.814,11.458,6.194,48.344
N83049,4246,12.388,27.508,14.932,9.091,46.915
N83050,5015,17.747,15.334,6.859,3.789,51.825
N83053,9205,15.187,20.445,10.136,5.475,48.593
N83054,4268,15.487,19.822,8.81,4.686,48.383
N83601,8088,21.563,12.549,4.105,1.706,48.368
N83603,7765,16.871,16.175,7.804,4.443,49.156
N83605,6360,19.921,14.906,5.393,2.799,49.969
N83608,15629,18.696,14.55,5.119,2.419,50.579
N83609,4901,19.506,16.323,7.407,3.938,48.296
N83610,2391,18.193,18.695,7.235,4.475,48.306
N83614,6407,18.792,17.528,8.366,4.823,48.728
N83619,5247,17.191,20.316,10.082,6.08,45.474
N83620,3888,18.699,13.503,5.658,2.521,51.183
N83621,2854,17.274,17.87,6.938,3.504,50.07
N83622,2569,18.918,12.962,3.97,1.985,51.849
N83633,3818,16.108,19.513,8.643,5.003,48.69
N83637,3246,14.849,22.335,9.982,5.299,50.77
N84001,9039,13.951,26.187,11.749,6.361,48.689
N84002,2483,16.432,15.908,7.048,3.745,52.195
N84003,10143,13.172,28.749,16.376,9.958,48.96
N84004,7736,17.865,18.433,7.484,4.253,47.686
N84005,12501,15.111,21.862,10.567,6.008,48.42
N84006,11648,11.47,31.224,17.548,10.465,48.369
N84007,6283,16.25,21.439,10.393,5.634,49.881
N84008,9738,13.288,27.778,14.182,8.595,48.542
N84010,5720,16.049,24.738,11.993,6.923,50.332
N84011,6551,13.341,24.164,11.021,5.969,50.221
N84012,11406,11.17,32.746,17.561,9.863,48.536
N84013,10923,14.154,25.533,13.137,7.406,49.382
N84014,3785,13.765,24.016,11.361,6.552,49.458
N84015,5802,15.495,19.218,8.514,4.533,48.38
N84016,5584,15.67,19.413,8.13,4.262,49.678
N84017,9417,12.382,30.764,16.162,9.462,49.867
N84018,14906,14.068,29.532,17.181,10.499,48.477
N84019,6507,17.366,15.998,7.177,3.75,52.467
N84020,10250,13.737,26.107,13.034,7.659,47.688
N84021,16104,12.444,21.846,11.059,6.682,52.838
N84023,7935,16.396,17.417,7.902,3.957,49.351
N84024,9334,9.139,37.358,21.127,12.428,47.6
N84025,10116,14.937,28.025,14.225,8.066,47.361
N84027,5744,18.35,10.498,4.004,1.898,51.079
N84028,7523,17.254,16.828,6.872,3.469,49.528
N84029,5739,16.954,17.721,7.388,4.164,48.423
N84034,7897,16.968,14.752,6.281,3.508,51.26
N84035,3570,11.961,24.902,11.317,6.162,49.944
N84038,6054,16.237,17.228,7.169,3.931,50.0
N84041,6088,16.787,20.466,8.525,4.517,49.113
N84605,8603,21.028,12.193,4.847,2.406,50.657
N84613,4544,12.83,31.448,16.505,8.957,47.601
N84614,3300,12.97,32.727,16.061,8.0,46.848
N84615,3453,15.986,14.104,5.821,3.157,50.999
N84617,5325,19.286,16.751,7.192,3.85,49.39
N84621,7922,16.599,22.936,10.818,6.539,50.215
N84625,5961,16.038,18.638,8.556,4.831,48.952
N84626,1710,10.643,31.462,15.205,8.772,49.825
N85002,19005,12.997,29.208,16.269,9.582,48.393
N85005,11156,14.629,23.566,12.415,7.288,49.31
N85006,9496,14.09,26.337,14.785,8.709,48.126
N85007,21100,12.768,31.156,16.555,9.493,48.194
N85008,13775,13.938,30.599,17.002,9.851,48.936
N85012,9272,14.118,23.307,10.774,6.201,49.137
N85013,7671,13.323,29.071,15.722,8.734,48.103
N85015,7945,15.053,19.182,8.295,4.456,50.447
N85016,8708,16.973,17.18,7.384,3.755,50.563
N85017,5637,16.321,16.268,6.759,3.566,50.718
N85018,6129,13.836,25.551,12.694,7.081,48.311
N85019,8928,17.518,14.998,6.496,3.427,52.408
N85020,15642,16.858,17.261,8.049,4.776,49.898
N85021,3004,11.019,18.242,8.655,4.993,55.293
N85022,4366,15.094,20.591,10.101,4.443,50.183
N85023,5741,15.119,21.704,10.312,6.288,48.772
N85024,9463,17.584,16.284,6.837,3.868,50.1
N85025,5840,14.092,24.315,10.514,5.548,49.897
N85027,9028,17.003,17.933,7.798,3.755,50.188
N85028,13311,14.92,24.446,12.073,6.138,48.509
N85031,3813,17.44,17.781,7.16,3.698,54.288
N85032,6500,12.662,33.308,17.738,10.031,48.615
N85037,5879,20.378,14.798,6.855,3.861,48.597
N85038,4231,16.663,17.277,7.185,3.214,52.399
N85044,20641,15.731,20.27,10.101,5.794,48.471
N85046,5073,14.784,25.31,12.202,6.426,48.295
N85047,7018,16.458,22.2,11.926,7.039,48.789
N85048,5210,13.935,23.973,10.864,5.605,49.347
N85051,17681,15.949,19.914,9.915,5.356,49.839
N85052,4817,13.93,22.981,11.335,6.456,47.581
N85054,5110,14.775,22.368,11.311,5.871,48.552
N85057,1913,11.553,27.13,13.8,7.162,52.64
N85059,8255,13.664,26.372,12.344,6.457,48.831
N85616,4582,17.045,19.162,9.406,4.649,50.109
N85617,4863,14.806,28.398,14.826,8.678,47.666
N85620,6421,12.319,26.444,11.571,6.183,49.883
N85625,16517,17.969,17.285,7.362,3.935,49.47
N85629,4731,17.544,14.944,6.806,3.403,53.477
N85633,5055,20.0,15.292,6.825,3.561,48.051
N85634,1898,18.915,19.81,10.274,6.849,53.003
N85640,2854,21.619,10.932,3.854,1.927,50.526
N85643,4079,16.548,17.627,8.801,4.217,49.914
N85648,4151,16.068,18.622,7.107,3.276,49.651
P81002,64815,11.882,13.957,6.627,3.521,53.088
P81003,8441,11.184,29.096,14.133,7.475,49.556
P81005,12303,19.288,16.622,8.283,4.901,50.784
P81006,20643,13.472,30.688,16.185,9.064,49.155
P81008,7296,15.406,21.889,10.924,5.757,49.37
P81010,5614,13.716,23.424,11.079,5.504,48.522
P81013,15796,14.573,20.625,9.648,5.242,49.494
P81014,9755,12.957,27.217,15.09,8.683,47.822
P81015,13651,17.039,21.002,11.171,6.542,48.773
P81016,12451,17.035,16.36,7.132,3.566,52.213
P81017,14870,14.102,25.548,13.322,7.384,49.731
P81018,8034,13.468,24.521,12.821,7.17,48.593
P81020,24720,17.625,17.795,8.483,4.405,50.748
P81022,11244,16.827,18.348,8.929,4.865,50.676
P81025,12789,17.179,21.198,10.321,5.294,50.051
P81027,15317,17.19,18.685,8.474,4.296,49.938
P81029,24152,12.525,32.254,17.402,9.647,48.547
P81031,6750,11.156,29.644,14.356,8.341,51.378
P81032,14442,18.779,18.571,9.278,5.089,48.934
P81033,8065,14.507,24.365,12.573,6.906,50.217
P81035,8497,23.173,9.097,3.872,2.036,52.23
P81036,18415,16.34,19.104,9.563,5.186,50.388
P81037,12606,10.662,35.372,18.578,11.272,47.985
P81038,9954,16.988,19.108,9.634,4.973,49.618
P81039,5537,19.144,13.148,5.436,2.474,49.919
P81040,10366,13.12,28.757,16.216,8.962,48.891
P81041,9673,13.222,26.434,13.253,7.402,48.434
P81042,15214,18.253,16.478,7.105,3.858,52.734
P81043,6715,14.177,17.647,7.327,3.589,55.339
P81044,16679,15.193,21.92,11.631,6.319,49.511
P81045,4693,12.955,28.148,15.512,9.333,49.435
P81046,6523,12.295,10.624,4.354,2.284,53.457
P81047,16077,16.813,20.221,9.678,5.25,49.916
P81051,14650,15.925,18.137,8.273,3.98,49.543
P81053,8239,16.021,20.84,9.928,4.916,50.091
P81054,9405,15.364,18.309,8.698,4.902,49.569
P81055,14885,16.446,22.66,11.058,6.127,49.466
P81057,14174,14.816,21.963,11.161,6.124,49.104
P81058,10194,18.943,16.176,7.632,4.189,50.383
P81059,7777,13.488,29.742,14.569,7.689,49.814
P81061,4371,13.978,21.528,11.119,6.566,51.682
P81062,7594,14.103,22.794,11.206,6.531,49.026
P81063,11011,13.968,19.29,9.0,5.049,53.937
P81065,15077,15.607,22.79,11.01,5.525,49.692
P81066,8330,17.947,17.371,7.863,4.25,49.628
P81067,12760,15.752,20.008,9.702,5.603,49.326
P81069,11837,14.818,23.688,11.903,6.716,49.32
P81070,8320,19.639,20.12,10.349,5.962,49.351
P81071,7149,20.38,12.337,5.106,2.476,50.776
P81072,13755,13.297,24.231,12.032,6.877,49.197
P81073,13211,11.808,31.792,17.296,9.553,48.884
P81074,13404,14.085,24.127,12.004,6.655,48.679
P81076,10691,14.021,24.207,11.907,6.426,49.322
P81077,10889,10.947,35.173,19.607,11.562,47.984
P81078,12050,14.996,23.378,11.328,5.759,50.556
P81079,12871,12.913,28.374,15.003,8.189,48.473
P81081,6166,14.353,21.262,10.704,6.503,48.605
P81082,11035,14.644,24.096,11.944,6.108,49.425
P81083,8664,14.855,24.319,13.296,7.491,49.181
P81084,8298,13.533,25.211,13.786,8.122,49.831
P81086,9612,16.157,23.304,12.183,6.877,49.053
P81087,11611,10.748,37.809,19.309,10.266,49.384
P81088,6919,16.014,20.827,10.522,5.651,50.137
P81089,12471,14.674,23.543,11.138,6.182,50.509
P81092,7618,10.042,34.642,18.43,10.685,49.619
P81095,8593,20.587,16.956,8.891,4.608,50.099
P81096,6957,12.448,29.639,15.998,8.926,48.067
P81099,10762,15.75,21.892,10.658,5.557,49.108
P81100,15734,14.141,24.654,12.591,7.036,49.625
P81103,11816,19.287,18.179,8.742,4.959,48.409
P81107,8111,14.733,22.956,11.145,6.251,49.538
P81112,16970,14.708,18.02,8.686,4.785,48.686
P81113,7768,12.346,29.969,14.882,8.213,47.979
P81115,17027,18.183,15.088,5.938,2.825,51.918
P81117,5716,16.952,18.474,9.517,4.671,49.318
P81118,10043,18.919,15.304,6.771,3.624,49.547
P81119,11163,18.31,12.326,5.635,3.135,52.298
P81123,12663,19.671,13.306,5.796,3.001,51.986
P81125,10171,17.845,20.254,10.255,5.752,50.211
P81127,9717,18.267,17.526,7.924,4.075,49.46
P81128,9925,15.859,22.267,11.214,6.398,50.207
P81129,12049,15.163,23.363,11.644,5.826,48.751
P81130,13789,15.918,21.836,11.125,5.99,49.989
P81132,9378,15.366,19.205,9.138,4.319,49.627
P81133,9027,13.249,28.093,14.324,7.71,48.266
P81136,2868,13.598,23.675,11.611,6.66,49.861
P81137,6958,17.735,19.388,9.054,4.498,48.117
P81138,3356,15.703,24.017,12.992,7.539,49.374
P81140,15303,15.807,19.48,9.305,4.823,51.153
P81143,11692,15.677,20.929,9.802,5.243,50.248
P81147,5111,17.531,17.55,8.961,4.676,52.905
P81149,9290,13.983,28.224,14.607,8.009,48.17
P81150,12122,12.209,32.965,18.355,10.955,49.142
P81154,7959,12.841,27.554,14.977,8.581,48.587
P81155,6111,18.966,18.377,8.984,4.762,48.863
P81157,11367,12.387,31.363,15.818,8.771,48.403
P81159,12170,13.911,24.495,12.284,7.001,51.2
P81160,16576,19.77,15.673,7.119,3.541,51.375
P81165,2767,16.986,19.082,9.071,4.409,52.078
P81166,2491,16.78,18.306,8.631,4.737,53.151
P81167,5974,22.715,11.098,4.553,2.377,50.084
P81169,6762,15.247,14.552,6.507,3.327,52.07
P81170,11211,25.448,7.68,2.542,1.133,51.806
P81171,4702,15.164,24.628,12.144,6.359,49.107
P81172,12250,17.984,15.918,7.233,3.796,48.008
P81179,6626,16.073,18.458,8.527,4.769,47.978
P81180,3448,17.227,18.706,9.368,4.785,49.942
P81181,5409,16.768,21.779,10.815,5.509,48.604
P81182,6907,22.542,10.598,4.951,2.736,52.107
P81184,9246,20.366,12.827,5.364,2.942,49.394
P81185,10664,13.757,21.268,10.231,5.683,49.569
P81186,4722,15.777,20.775,10.038,5.019,49.471
P81191,10029,12.584,30.063,15.764,8.715,48.19
P81196,36559,20.892,11.83,5.219,2.864,52.154
P81197,5011,18.1,18.24,7.703,3.412,49.152
P81201,6041,16.918,16.686,5.976,2.632,52.177
P81208,18041,17.599,16.507,7.444,3.913,50.485
P81212,6315,18.084,17.023,8.583,4.719,50.831
P81213,19594,8.125,11.167,5.221,2.781,50.485
P81214,4800,21.625,15.333,7.062,4.25,51.208
P81218,6246,16.763,20.045,9.734,4.835,50.064
P81620,1476,11.45,25.678,11.585,6.233,51.287
P81622,11538,21.728,8.771,2.799,1.343,51.577
P81633,3973,14.548,19.683,8.658,4.782,51.397
P81646,4155,11.841,28.063,15.523,8.135,50.012
P81647,4464,18.66,8.289,2.935,1.501,53.517
P81655,10563,15.147,24.226,12.885,6.854,49.039
P81664,18196,19.24,14.833,6.485,3.66,51.105
P81668,6263,15.073,21.811,9.484,4.854,53.425
P81674,5780,14.17,26.28,13.46,7.215,47.734
P81681,13868,15.193,22.995,11.271,6.317,50.534
P81683,7561,21.677,8.914,2.777,1.508,52.599
P81685,4417,19.629,9.373,3.6,2.106,54.313
P81686,2586,18.6,15.391,8.082,4.254,54.679
P81687,2113,13.772,32.608,17.605,10.08,46.474
P81692,2054,13.34,28.432,16.115,9.104,51.753
P81694,5361,21.265,7.349,2.854,1.623,54.673
P81695,6526,15.477,24.379,12.841,8.075,48.789
P81699,2474,14.43,19.725,9.741,5.416,50.121
P81701,2972,14.67,21.77,9.489,5.518,50.101
P81704,10861,19.501,13.995,6.325,3.305,50.428
P81707,5243,20.828,9.022,3.471,1.545,51.574
P81709,6220,23.264,8.987,3.408,1.656,48.778
P81710,10101,13.167,28.274,14.791,8.108,49.688
P81711,4,0.0,0.0,0.0,0.0,75.0
P81714,5749,15.29,20.647,10.054,5.723,51.939
P81721,2554,15.857,12.373,5.129,2.232,53.132
P81724,2739,22.417,8.689,3.067,1.278,52.172
P81726,1914,19.958,15.361,7.367,4.075,50.731
P81730,9273,16.726,20.08,10.018,5.586,49.822
P81731,2603,20.092,12.716,5.993,2.997,55.052
P81732,4633,14.224,22.901,10.404,5.31,48.414
P81734,19553,20.953,11.865,4.935,2.327,50.043
P81735,3218,22.063,9.012,3.418,1.336,52.3
P81736,4106,22.772,10.448,4.627,2.533,51.242
P81740,11162,14.54,19.45,8.896,4.99,52.32
P81741,2416,18.709,13.866,5.298,3.146,52.235
P81742,2681,11.041,31.145,16.076,8.84,50.28
P81748,7602,16.693,17.219,8.011,4.591,49.092
P81755,8588,17.024,20.878,10.55,6.136,50.291
P81757,3632,12.17,22.77,10.27,5.424,51.707
P81770,7576,18.215,7.524,2.402,1.254,54.263
P81771,9303,18.091,14.888,6.396,3.45,51.252
P81780,5736,23.431,7.392,3.033,1.534,52.371
P82001,10164,17.503,20.12,10.547,5.893,48.288
P82002,7216,16.699,17.877,8.841,5.183,52.245
P82003,15078,15.393,19.479,9.404,4.875,50.166
P82004,9732,21.496,12.361,5.456,3.278,50.206
P82005,7172,15.519,23.327,11.127,6.191,49.136
P82006,10857,15.916,18.2,8.925,4.799,48.927
P82007,13314,17.298,18.665,9.381,5.07,49.422
P82008,14828,19.976,14.095,6.569,3.237,49.548
P82009,7940,20.567,18.363,9.37,5.327,49.786
P82010,8001,21.685,14.598,7.112,3.6,51.144
P82011,6986,16.705,21.214,10.407,5.468,50.172
P82012,6242,12.913,15.812,7.914,4.133,53.444
P82013,3951,20.754,12.832,5.062,2.607,52.164
P82014,6487,14.136,25.096,13.612,8.432,50.609
P82015,20254,15.592,22.475,11.015,5.757,49.289
P82016,12093,15.414,23.592,12.834,7.343,50.004
P82018,7460,20.228,13.566,5.885,2.775,49.088
P82020,4817,20.511,16.193,8.013,3.55,51.754
P82021,6972,18.617,19.449,10.241,5.809,48.853
P82022,5596,21.104,12.563,5.736,2.823,50.822
P82023,8583,14.436,24.56,12.874,6.839,49.202
P82025,4433,17.843,17.979,8.933,5.008,50.508
P82029,3615,18.589,14.965,6.999,4.011,50.788
P82030,4000,20.8,10.775,4.975,3.05,54.725
P82031,10742,16.896,20.173,10.054,6.042,49.069
P82033,2012,15.457,15.606,8.449,4.871,60.189
P82034,4102,14.529,24.427,12.506,6.68,49.171
P82036,2846,13.493,24.736,13.598,5.727,51.792
P82037,4840,16.777,14.814,6.612,2.996,51.095
P82607,6029,18.229,16.669,9.172,4.346,48.814
P82609,6333,25.959,6.063,1.926,0.805,52.297
P82613,5150,16.524,19.748,10.117,5.126,49.592
P82616,3939,26.225,7.667,2.97,1.244,53.694
P82624,3588,23.495,10.006,4.682,2.843,53.484
P82625,2379,25.263,7.902,2.858,1.387,52.963
P82626,5185,21.466,11.61,4.474,2.681,51.572
P82627,4222,18.83,15.68,5.566,2.487,51.468
P82629,2039,18.588,13.487,5.542,3.139,52.575
P82633,2541,22.353,13.066,5.628,3.345,51.122
P82634,3988,20.712,14.719,6.595,3.335,51.73
P82640,5082,22.708,8.756,2.834,1.436,53.719
P82643,7585,16.559,19.473,9.347,4.97,48.451
P82652,4368,20.536,13.874,6.319,3.365,50.733
P82660,3616,22.76,9.624,3.65,1.687,52.378
P83001,14256,18.21,15.867,7.52,4.216,49.088
P83004,7877,16.58,15.679,7.922,4.608,50.362
P83005,4567,14.035,24.48,13.182,7.467,49.923
P83006,8089,15.02,19.001,9.297,5.118,49.808
P83007,11243,18.687,14.516,6.955,3.327,49.578
P83009,7595,14.391,26.241,14.022,7.874,49.625
P83010,3640,16.511,16.786,6.566,3.462,52.06
P83011,7377,15.806,22.096,11.617,6.493,48.651
P83012,48303,16.227,20.011,9.995,5.316,49.109
P83015,7449,13.814,22.325,12.391,6.994,50.396
P83017,6992,17.348,17.291,8.338,4.219,50.315
P83021,9896,18.017,15.845,6.811,3.506,50.677
P83024,4585,17.143,15.987,8.026,4.602,52.606
P83025,8802,28.096,12.804,5.658,2.965,51.454
P83027,1822,12.294,23.052,10.538,5.818,52.909
P83603,9135,14.165,24.663,13.64,7.433,49.195
P83605,7502,17.995,16.116,8.558,4.692,49.84
P83608,6376,14.523,19.181,10.163,5.96,49.247
P83609,3903,15.783,16.705,7.789,3.561,49.603
P83611,4709,24.549,8.473,2.909,1.444,55.489
P83612,5390,15.325,25.158,13.525,7.774,48.646
P83620,5420,12.14,27.583,14.742,7.675,48.358
P83621,2912,18.441,16.587,7.452,4.258,52.266
P83623,4784,16.388,17.308,8.278,4.912,51.672
P84004,8630,18.297,12.677,5.226,2.457,51.947
P84005,16089,3.723,2.312,0.945,0.628,49.195
P84009,11161,16.262,7.311,2.527,1.317,55.99
P84010,10284,15.237,11.192,4.648,2.762,52.499
P84012,8534,13.44,20.823,9.48,5.004,51.043
P84014,5356,22.666,14.358,6.18,3.323,50.019
P84016,9147,19.657,8.921,3.87,2.11,53.362
P84017,12675,18.651,11.448,4.892,2.88,50.162
P84018,3823,7.638,8.501,4.316,2.354,56.552
P84019,10552,19.077,15.135,6.207,3.355,49.64
P84020,9892,21.27,11.181,4.377,2.244,51.152
P84021,9188,21.169,12.32,5.115,2.362,48.509
P84022,6186,18.299,16.052,7.549,4.3,49.418
P84023,9843,6.797,6.431,2.479,1.311,54.638
P84024,8086,17.71,14.445,6.097,3.092,50.359
P84025,7617,20.914,12.682,5.475,2.718,50.834
P84026,9801,18.916,7.356,2.469,1.408,59.29
P84027,8260,18.935,10.012,4.407,2.349,52.312
P84028,10693,22.94,10.558,4.807,2.665,51.183
P84029,10566,20.84,12.9,5.527,2.65,49.082
P84030,13472,20.517,8.952,4.008,2.257,51.789
P84032,5930,19.831,12.159,4.907,2.226,51.686
P84033,4480,18.906,13.393,5.558,2.366,51.451
P84034,16265,15.002,15.358,7.279,3.923,51.233
P84035,16568,8.498,9.917,4.472,2.469,52.088
P84037,6015,16.492,8.479,3.99,2.527,55.844
P84038,13679,17.275,9.05,3.436,1.93,50.062
P84039,14297,11.114,6.624,2.504,1.532,53.039
P84040,7671,23.009,9.96,4.406,2.294,51.467
P84041,7634,20.631,11.789,4.807,2.476,52.698
P84042,11005,22.699,10.35,4.262,2.372,49.95
P84043,9782,20.323,10.591,4.058,2.055,50.409
P84045,5557,18.157,13.101,5.381,2.879,51.737
P84046,20765,19.668,6.944,2.278,1.199,56.301
P84047,5852,18.182,15.003,6.169,3.144,50.393
P84048,6914,16.922,15.91,6.537,2.661,49.783
P84049,11523,19.891,15.274,7.09,3.688,48.147
P84050,7937,21.33,8.114,2.885,1.386,50.674
P84051,5704,19.232,13.236,5.33,2.77,51.665
P84052,7655,20.64,10.176,4.128,2.56,50.451
P84053,7838,17.989,10.054,4.108,2.029,54.261
P84054,6336,16.935,15.23,5.903,2.904,51.673
P84056,4330,18.707,11.547,4.296,2.517,50.808
P84059,9076,20.615,10.17,3.944,2.115,50.804
P84061,6120,16.683,17.304,7.124,3.399,48.578
P84064,12937,6.926,4.19,1.275,0.672,50.56
P84065,4385,23.261,10.125,3.968,1.847,50.946
P84066,7580,16.201,13.404,5.937,3.325,50.673
P84067,8898,16.543,18.409,9.508,5.709,49.202
P84068,22143,14.971,12.257,5.157,2.71,50.662
P84070,8552,21.901,10.758,4.233,2.152,49.953
P84071,4582,12.942,14.993,6.329,3.186,48.821
P84072,35300,9.674,2.892,1.054,0.572,51.266
P84074,11178,20.218,8.007,2.97,1.548,55.019
P84605,1993,19.92,8.63,3.261,2.057,54.29
P84611,7789,11.285,9.616,3.428,1.887,51.752
P84626,5822,12.745,5.462,2.216,1.288,57.454
P84630,24644,6.732,3.246,1.181,0.682,51.441
P84635,5249,22.423,7.068,2.591,1.715,52.2
P84637,2916,20.473,12.311,4.733,2.298,51.715
P84639,3088,12.791,8.355,3.141,1.684,54.307
P84644,7284,23.531,5.89,2.018,1.112,54.379
P84645,6331,18.765,11.594,4.581,2.59,51.24
P84650,6100,15.852,12.344,5.098,3.049,49.623
P84651,6001,22.98,9.548,3.649,1.7,47.975
P84663,5769,20.506,9.707,3.623,1.907,51.031
P84665,5204,10.684,7.225,2.44,1.364,53.382
P84669,18391,9.956,3.518,1.055,0.582,52.259
P84672,3762,18.474,16.268,7.921,4.439,49.92
P84673,14025,6.752,5.583,2.16,1.112,55.045
P84678,15914,12.618,9.275,4.122,2.256,50.748
P84679,2258,21.302,9.035,3.233,1.417,52.569
P84683,14728,1.663,3.049,0.985,0.496,53.829
P84684,6502,19.24,9.382,3.291,1.676,53.507
P84689,14201,18.189,5.831,2.063,1.253,54.686
P84690,2794,21.188,10.344,4.474,2.255,52.756
P85002,6804,19.386,14.785,6.408,3.513,50.647
P85003,6048,23.909,5.837,2.067,1.372,51.736
P85004,6342,20.278,13.513,6.433,3.327,49.716
P85005,9426,14.418,25.557,13.399,7.702,47.666
P85007,3984,21.009,13.68,5.924,3.539,50.276
P85010,14098,17.201,19.726,9.76,4.987,49.312
P85011,12663,19.127,16.236,7.889,4.43,49.033
P85012,5960,23.893,9.379,3.977,2.232,51.779
P85013,21033,15.114,23.42,12.423,6.509,49.85
P85014,6622,20.296,11.326,4.681,2.446,49.638
P85015,7305,22.437,11.964,5.243,3.08,48.912
P85016,13968,13.338,26.954,13.832,7.481,48.969
P85017,9073,12.84,28.667,15.926,8.906,48.573
P85018,4351,18.41,14.617,6.481,3.516,54.24
P85019,7030,18.051,16.316,7.639,4.097,49.701
P85020,7374,19.094,18.131,9.086,5.045,50.488
P85021,9730,22.097,10.483,4.491,2.405,50.37
P85022,5122,19.426,14.213,6.326,3.319,51.542
P85026,15909,16.425,19.379,9.441,5.406,48.08
P85601,3057,20.183,11.678,5.168,2.977,51.161
P85605,7656,22.636,9.992,3.696,2.064,50.771
P85606,7055,21.8,13.026,6.152,2.906,49.568
P85608,2478,16.707,15.819,6.578,2.825,48.951
P85610,7692,15.861,13.014,5.941,3.653,56.63
P85612,4057,22.258,7.0,2.514,1.676,54.72
P85614,5087,18.97,16.296,7.49,3.833,49.204
P85615,11900,23.95,7.471,2.891,1.739,50.714
P85622,10869,26.81,7.029,2.549,1.536,51.633
P86001,8202,15.643,19.105,9.412,4.743,49.134
P86002,1862,17.508,13.641,5.639,3.33,54.35
P86003,10596,14.836,24.792,12.929,7.154,49.641
P86004,9021,17.548,19.41,8.669,4.889,49.218
P86005,6233,17.873,16.445,6.514,2.856,51.356
P86006,17084,19.498,15.336,7.691,4.302,50.059
P86007,13786,19.222,15.153,7.0,3.583,50.87
P86008,10429,21.853,14.604,6.645,3.72,49.525
P86009,10476,17.898,20.027,10.137,5.355,49.007
P86010,8503,18.652,18.041,7.962,4.057,49.324
P86011,8409,16.577,22.072,10.12,4.852,50.719
P86012,9006,21.319,14.235,5.519,2.876,50.344
P86013,6013,16.082,18.011,7.999,4.257,52.021
P86014,7844,22.246,8.644,3.009,1.67,54.194
P86015,6095,18.523,14.717,6.235,3.363,50.943
P86016,8620,18.144,16.717,7.065,3.573,51.589
P86017,4618,22.347,7.622,2.642,1.667,52.772
P86018,8599,15.711,22.572,11.594,6.152,48.541
P86019,9869,16.516,20.762,9.697,4.985,49.802
P86021,3747,15.132,23.325,12.864,6.619,49.8
P86022,8763,15.177,19.936,9.312,4.439,49.606
P86023,9728,19.912,15.831,7.494,3.814,49.065
P86026,7582,18.32,17.304,8.863,4.814,49.235
P86602,3425,17.197,16.438,6.745,3.387,50.015
P86606,4339,21.779,13.505,4.817,2.074,50.657
P86608,4300,15.721,19.581,7.93,4.256,51.0
P86609,2498,21.057,9.688,3.323,2.122,50.841
P86614,4657,21.258,7.172,2.491,1.267,53.038
P86619,6504,23.186,7.964,2.475,1.338,54.29
P86620,2952,22.053,10.772,3.963,1.897,48.476
P86624,4283,13.378,22.414,11.417,5.393,49.778
P87002,11525,15.28,18.881,9.154,5.024,50.421
P87004,15390,10.032,4.477,1.826,0.858,48.369
P87008,8866,16.952,17.866,9.181,4.997,49.143
P87015,8581,14.241,8.099,3.578,1.795,51.078
P87016,13999,16.373,21.83,11.958,6.622,49.396
P87017,4881,14.157,21.164,10.326,5.204,48.433
P87019,12687,16.82,18.531,9.719,5.249,50.753
P87020,15754,16.478,15.679,6.989,3.656,50.793
P87022,2205,11.519,18.005,6.803,3.583,54.512
P87024,11604,18.442,12.59,5.248,2.809,50.526
P87025,10146,18.155,14.508,6.544,3.361,49.33
P87026,17712,25.875,9.361,4.133,2.004,52.529
P87027,19087,8.493,6.732,2.876,1.415,55.085
P87028,9954,19.46,15.32,7.977,4.541,48.192
P87032,6450,16.574,16.558,6.961,4.14,50.109
P87035,11598,11.536,7.234,3.095,1.397,52.431
P87040,8444,14.898,17.338,7.094,3.778,51.741
P87610,12575,17.431,16.652,7.984,4.358,49.408
P87613,5045,25.114,11.021,4.876,2.22,49.633
P87620,9495,17.293,13.712,6.509,3.56,51.364
P87624,5090,17.957,20.766,9.548,4.735,47.78
P87625,2753,21.25,11.515,4.25,1.998,51.108
P87627,3444,17.683,17.741,7.869,3.891,48.751
P87630,3290,22.219,11.246,4.286,1.884,48.845
P87634,11353,13.67,9.284,3.788,1.894,52.964
P87639,4191,14.746,7.802,2.458,1.05,54.14
P87648,8475,42.041,4.614,1.912,0.885,48.507
P87649,6150,16.894,18.862,9.74,5.593,51.301
P87654,11489,17.347,10.375,3.917,1.715,53.181
P87657,4392,17.6,16.234,8.379,4.508,48.383
P87658,3681,17.74,10.758,4.863,2.526,51.562
P87661,2357,22.359,9.928,3.776,1.952,51.846
P88002,6332,13.834,28.964,15.208,8.402,48.8
P88003,9854,15.029,18.358,8.646,4.79,49.919
P88005,11551,16.12,17.15,8.112,4.424,49.563
P88006,11507,16.242,24.029,13.062,7.23,48.457
P88007,14801,17.938,21.613,11.405,6.473,49.314
P88008,8572,16.344,20.66,10.079,5.541,48.623
P88009,3085,13.712,20.616,9.919,5.608,54.652
P88011,10670,15.923,17.863,8.126,4.199,51.312
P88012,7866,14.582,25.528,13.895,8.352,49.568
P88013,12446,14.792,20.955,9.585,5.295,49.767
P88014,4891,16.295,19.73,9.712,5.336,48.947
P88015,12149,14.018,27.385,16.034,9.886,48.967
P88016,13673,16.112,19.03,9.669,5.675,49.938
P88017,6577,13.638,28.539,15.889,9.123,49.688
P88018,10334,18.183,15.251,7.045,3.88,49.207
P88019,5396,17.884,19.7,10.582,6.042,48.036
P88020,11799,16.357,19.908,10.238,5.933,48.885
P88021,6872,14.552,26.877,15.105,8.586,49.607
P88023,7551,19.454,19.07,10.237,5.854,49.689
P88024,10333,18.126,21.068,11.013,6.407,49.134
P88025,10400,15.231,23.673,12.375,7.0,49.971
P88026,54757,17.773,15.801,7.21,3.95,50.279
P88031,5847,15.906,16.641,8.107,4.43,48.914
P88041,8605,19.024,20.965,10.715,6.229,48.123
P88042,6965,18.866,20.459,11.457,7.05,48.758
P88043,9488,21.206,12.816,5.987,3.647,49.42
P88044,5816,15.767,17.074,9.113,4.935,50.189
P88606,5716,17.67,20.084,11.564,6.998,47.918
P88615,3453,14.133,15.001,5.908,2.664,55.054
P88623,7562,12.946,27.493,14.732,8.424,48.969
P88625,7727,13.925,23.813,12.502,7.247,49.618
P88632,18172,18.165,11.468,4.947,2.707,49.483
P89002,20300,17.901,13.025,5.626,2.793,48.468
P89003,9873,16.621,20.48,9.369,4.801,50.147
P89004,6195,12.462,26.392,12.397,6.199,50.282
P89005,8373,17.509,16.995,8.097,4.216,49.086
P89006,11342,14.971,22.536,11.118,5.387,49.233
P89007,8109,16.352,19.522,10.248,5.266,49.834
P89008,16932,15.102,18.627,9.196,4.807,50.721
P89010,7559,14.01,22.701,10.676,5.9,49.477
P89011,5179,20.622,11.701,5.078,2.896,50.647
P89012,6809,15.685,20.444,10.207,5.434,49.993
P89013,5013,21.524,13.804,5.885,3.172,51.366
P89014,12716,17.71,16.916,8.171,4.325,49.858
P89015,21011,15.102,20.551,10.29,5.754,49.136
P89016,7987,15.262,21.134,11.106,6.135,50.207
P89018,8537,17.266,17.594,9.066,5.306,50.17
P89020,7545,19.006,16.952,7.276,3.234,52.697
P89021,11227,17.324,19.052,9.709,4.872,48.312
P89022,3286,15.946,16.494,7.152,3.287,53.074
P89023,5948,14.576,20.175,9.297,4.405,50.941
P89025,2846,14.793,18.658,8.503,4.603,51.3
P89026,6306,15.541,19.854,9.388,4.837,49.937
P89029,7813,16.293,15.589,6.681,3.622,49.878
P89030,3906,14.747,19.329,8.961,4.378,54.864
P89602,3751,14.156,21.887,9.811,4.985,49.933
P89609,5022,19.574,14.875,6.472,3.465,51.175
P89612,2203,14.208,16.659,7.49,3.314,49.705
P89613,3717,21.065,14.716,6.215,3.094,51.009
P89618,3185,18.43,14.882,5.871,2.983,50.267
P91003,7855,16.486,19.096,10.108,5.92,49.803
P91004,8597,18.89,14.307,7.142,4.141,49.459
P91006,13247,16.313,21.227,10.614,5.926,48.939
P91007,6329,17.775,19.182,10.207,6.083,49.913
P91008,6233,16.204,24.739,12.723,8.23,49.013
P91009,10804,14.023,25.093,13.588,7.673,49.065
P91011,5386,16.673,23.171,12.57,7.334,50.186
P91012,7573,15.938,22.237,11.462,6.47,47.603
P91013,11271,17.514,17.452,8.748,4.72,48.505
P91014,16215,17.613,18.051,9.349,5.538,49.362
P91016,9377,20.465,15.634,7.678,4.202,49.824
P91017,8842,19.091,18.887,9.534,5.508,49.548
P91018,14696,17.175,14.814,6.158,3.375,50.483
P91019,3835,19.974,14.185,5.763,2.842,50.065
P91020,9229,17.965,10.846,4.443,2.731,53.614
P91021,15247,16.01,19.814,10.068,5.883,49.721
P91026,6683,20.964,14.574,6.27,3.337,48.182
P91029,11851,16.496,18.041,9.003,5.13,49.835
P91035,13755,19.862,16.758,8.535,4.726,49.517
P91603,7694,17.065,14.869,7.902,4.575,49.987
P91604,16407,16.347,21.594,11.721,7.064,49.308
P91617,2307,17.339,14.261,6.415,3.641,52.666
P91623,7810,17.606,22.061,11.088,6.389,48.015
P91627,8739,18.755,15.185,7.221,3.913,48.942
P91629,15211,16.626,11.051,4.365,2.4,52.166
P91631,3718,20.334,17.671,9.736,5.514,49.139
P92001,5554,13.396,23.479,12.892,6.968,50.036
P92002,5137,13.51,25.151,12.79,6.21,50.068
P92003,9644,16.124,19.38,9.032,5.06,50.778
P92004,7196,15.286,23.43,12.743,7.462,50.5
P92005,4307,14.697,22.916,12.77,6.153,49.176
P92006,6141,15.486,21.137,10.992,5.488,50.204
P92007,6134,14.868,20.786,9.733,5.168,49.69
P92008,8727,14.977,22.597,11.974,6.933,50.109
P92010,11503,15.074,22.838,11.371,6.198,49.883
P92011,7985,14.703,19.436,9.217,5.172,51.046
P92012,4491,14.273,21.621,11.735,6.168,51.169
P92014,13190,15.974,22.449,11.835,6.717,49.204
P92015,6123,13.751,24.645,12.821,7.088,49.355
P92016,19310,15.287,19.239,9.72,4.997,49.839
P92017,13515,14.155,25.157,13.363,7.081,48.79
P92019,10422,19.2,15.669,7.897,4.327,50.912
P92020,5006,16.42,22.054,10.248,4.934,50.779
P92021,6084,15.927,22.913,12.492,6.394,49.211
P92023,8728,14.494,23.006,12.58,6.852,49.175
P92024,5244,17.334,17.01,7.056,3.242,50.439
P92026,7347,15.966,18.266,8.248,4.396,50.728
P92028,4766,17.373,19.912,10.407,5.644,48.972
P92029,4438,18.139,15.998,6.76,3.808,50.969
P92030,4380,14.498,18.858,9.224,4.703,52.169
P92031,4789,19.962,17.436,8.854,4.573,49.509
P92033,4788,15.121,20.301,8.354,3.947,51.859
P92034,5503,12.357,25.005,13.084,7.578,49.646
P92038,3222,17.318,18.187,8.504,3.849,50.869
P92041,8427,15.272,19.948,10.68,6.183,51.145
P92042,9004,14.538,22.668,11.262,6.308,49.778
P92602,2384,15.856,18.331,9.606,5.369,52.685
P92605,8041,17.995,14.7,7.076,3.942,49.733
P92607,7761,14.74,22.948,12.524,7.074,49.298
P92615,4887,16.37,19.705,9.924,5.382,48.312
P92620,8197,20.056,12.224,5.16,2.647,50.921
P92621,4381,15.111,18.443,8.514,4.383,51.244
P92626,6565,17.867,19.558,9.977,5.743,49.078
P92630,3008,15.559,17.919,7.912,3.989,52.094
P92633,3593,17.311,15.224,7.932,4.564,49.095
P92634,4647,13.837,19.238,8.5,4.863,52.163
P92635,1913,11.814,23.941,12.337,6.168,54.888
P92637,4190,19.737,13.055,5.418,2.53,49.189
P92639,3100,17.065,17.806,8.839,5.226,50.71
P92642,5410,15.989,19.741,9.538,4.399,47.837
P92646,3592,16.732,21.659,10.189,5.067,49.165
P92647,6396,14.947,21.482,10.835,5.238,49.078
P92648,5961,18.235,18.587,9.512,4.697,49.136
P92651,5665,16.24,17.193,7.732,3.936,51.05
U00000,59543,17.312,17.031,8.579,4.738,50.572
U00070,33605,16.825,11.436,5.205,2.901,49.847
U00147,57566,14.455,9.528,4.348,2.528,54.376
U00203,79187,18.093,13.693,6.252,3.319,51.135
U00254,51265,16.61,12.01,5.395,2.807,48.249
U00351,30991,17.282,18.331,9.622,5.782,49.511
U00367,67360,18.027,18.043,9.148,5.287,49.013
U00402,56144,16.278,15.425,7.609,4.239,50.267
U00639,20586,12.64,30.399,14.796,8.049,49.849
U00760,49504,12.742,29.717,15.752,8.927,49.339
U01092,49621,13.795,22.492,12.35,7.326,49.59
U01096,62972,17.092,17.843,9.133,5.464,48.871
U01198,41748,11.28,34.002,17.265,9.361,49.011
U01367,35507,15.817,22.995,12.64,7.506,49.066
U01577,48304,18.564,16.661,7.877,4.552,50.213
U01630,43765,16.627,17.631,8.322,4.186,50.273
U01680,36547,15.854,22.371,10.871,5.858,49.306
U01901,54953,14.924,22.938,11.877,6.522,49.399
U01916,45836,18.337,14.617,7.333,4.368,50.777
U01989,51398,15.364,22.575,10.921,5.784,49.37
U02049,34756,16.374,23.182,12.447,7.472,48.864
U02275,73998,16.892,17.787,8.492,4.397,49.434
U02453,35112,16.903,15.812,7.806,4.463,51.193
U02454,33319,15.322,10.348,4.586,2.59,48.435
U02610,71930,13.199,29.21,14.781,7.821,48.435
U02669,48592,15.033,24.374,12.21,6.627,49.37
U02671,64574,18.167,18.339,8.11,4.361,50.212
U02678,38975,17.378,17.188,7.987,4.403,49.763
U02731,59552,16.732,19.267,8.693,4.687,48.84
U02739,52242,15.641,22.714,11.451,6.238,48.61
U02749,51400,15.045,16.7,8.519,4.842,51.179
U02795,112848,9.555,7.824,3.217,1.739,49.621
U02961,37926,9.242,13.835,6.447,3.699,52.17
U03055,53208,18.287,14.874,7.29,4.003,49.344
U03153,57388,19.718,8.599,4.273,2.487,51.83
U03186,41280,17.597,12.401,4.845,2.553,52.236
U03298,43004,14.017,27.577,13.503,7.446,48.326
U03364,42532,18.833,19.143,10.122,5.892,48.749
U03379,33974,12.318,35.642,19.721,10.776,48.34
U03551,35676,16.936,18.11,9.244,5.286,48.598
U03653,48977,17.627,14.294,6.624,3.614,50.162
U03810,53922,17.77,14.007,6.27,3.416,50.395
U03824,47945,15.591,16.312,7.344,3.748,54.181
U03826,45039,14.028,26.115,13.799,7.522,48.682
U03864,21513,12.193,30.428,16.074,8.855,48.361
U03989,37413,15.994,8.465,3.574,1.941,53.652
U04079,43181,15.924,21.567,10.729,5.938,49.689
U04154,50086,12.844,31.138,16.548,9.24,49.074
U04545,36586,16.219,21.227,10.829,5.841,49.175
U04648,24419,17.224,13.944,5.533,2.67,51.014
U04725,25491,16.1,20.552,11.761,7.104,49.374
U04748,29814,15.513,24.851,13.836,8.114,49.581
U04784,37631,16.122,21.267,10.324,5.782,49.685
U04862,19409,16.868,20.454,10.526,5.621,48.715
U04901,34115,14.217,26.446,13.797,7.788,49.169
U04973,62292,20.983,14.556,7.06,3.874,48.973
U05001,38663,17.528,19.481,9.415,5.157,49.057
U05048,51892,15.927,20.369,9.77,5.34,49.659
U05340,69782,15.948,23.149,11.934,6.715,49.656
U05433,86038,13.991,27.283,14.424,8.163,49.31
U05451,42462,13.527,10.449,3.942,2.202,50.33
U05458,33036,16.264,19.993,9.108,4.946,48.689
U05510,65228,18.446,18.702,9.26,5.013,49.197
U05512,59136,12.735,30.186,15.075,8.431,48.857
U05517,27450,18.812,13.909,6.426,3.479,51.69
U05632,27338,11.907,35.284,20.02,11.625,47.699
U05679,21449,17.53,12.448,5.431,3.077,52.236
U05734,33463,17.479,14.921,6.957,3.921,51.729
U05784,101059,10.292,15.025,7.049,4.004,49.221
U05885,33415,3.067,4.785,2.026,1.065,49.412
U05906,49314,15.223,22.188,11.269,5.978,49.256
U06000,23853,15.642,25.28,14.04,8.427,48.589
U06079,30410,16.557,13.124,5.843,3.361,50.266
U06092,63290,19.207,15.611,7.387,4.271,50.262
U06180,205367,11.74,8.541,3.148,1.677,51.46
U06243,71813,21.823,11.282,5.105,2.772,50.179
U06256,37074,20.47,13.605,6.422,3.434,51.092
U06272,16901,4.81,7.662,4.467,2.793,46.577
U06387,44052,14.263,17.936,9.221,5.348,49.591
U06437,39513,17.055,18.989,9.771,5.573,49.234
U06438,46344,22.141,10.321,4.518,2.607,50.641
U06486,39099,16.548,11.228,5.225,3.003,52.096
U06610,64158,19.556,14.43,6.646,3.752,50.637
U06780,25254,17.276,11.559,4.993,2.867,51.022
U06816,39484,15.419,15.885,7.628,4.179,50.17
U06871,54629,16.522,21.192,11.455,6.815,48.434
U06978,45010,16.954,8.74,3.27,1.753,55.557
U07003,31221,21.056,13.885,6.518,3.738,50.995
U07032,44043,16.046,20.643,9.513,4.959,50.569
U07140,42490,17.253,19.939,10.697,6.369,48.16
U07169,60354,10.081,7.883,3.108,1.644,51.571
U07392,52219,16.073,20.033,10.295,6.005,49.093
U07449,62495,17.665,14.652,6.714,3.666,50.938
U07506,94406,13.938,5.969,2.198,1.256,54.54
U07605,39483,16.739,12.545,5.103,2.725,49.819
U07607,49745,17.935,14.49,7.088,3.952,48.913
U07648,40829,14.029,28.421,15.266,8.572,48.659
U07776,38918,15.738,21.219,10.653,6.046,49.794
U07789,54442,17.126,17.769,8.901,5.296,49.585
U07842,42194,14.258,26.094,13.386,7.091,49.358
U07902,49612,16.141,19.967,9.75,5.15,49.718
U08085,55361,12.83,28.197,13.9,7.706,49.744
U08086,53345,20.898,14.363,6.685,3.599,50.803
U08206,36487,17.258,13.325,5.361,2.771,51.983
U08235,44565,13.349,29.427,15.483,8.691,49.11
U08248,50140,16.671,18.64,8.883,4.609,49.705
U08561,48503,18.015,16.415,7.748,4.577,49.558
U08578,34986,17.927,12.442,5.797,3.356,50.732
U08579,45352,18.226,19.058,10.233,6.02,49.685
U08711,49295,20.73,14.255,6.907,3.97,49.133
U08803,63030,16.281,5.401,1.977,1.147,52.183
U08925,41103,15.259,21.254,11.148,6.282,50.588
U09057,30990,16.834,19.829,9.81,5.411,50.352
U09071,38338,16.61,13.887,6.581,3.967,49.935
U09072,56206,13.127,15.249,7.291,4.021,50.372
U09081,49211,11.906,21.28,10.849,6.039,48.554
U09100,96333,16.143,13.762,6.226,3.405,50.881
U09187,67021,16.08,16.643,8.359,4.897,50.717
U09193,67807,13.013,5.175,1.821,0.864,52.22
U09275,29475,14.456,26.955,14.059,7.756,49.109
U09521,56035,16.622,21.785,11.4,6.824,49.26
U09529,36190,17.209,18.14,8.701,4.791,50.533
U09531,63109,18.329,17.237,8.78,5.033,49.725
U09643,67923,15.975,18.724,8.239,3.828,50.149
U09727,51615,15.075,24.551,11.836,5.981,49.623
U09738,52747,17.918,18.357,9.388,5.234,49.629
U09772,92614,18.045,15.586,7.432,4.06,49.894
U09847,33012,13.256,29.501,15.743,9.318,47.949
U09883,37350,18.672,15.791,7.548,3.874,49.842
U09893,29129,10.694,8.201,3.43,1.758,53.836
U09980,98635,14.024,26.835,12.608,6.626,49.263
U10033,27790,13.465,31.083,16.34,9.075,48.611
U10128,49081,17.948,20.246,9.464,4.91,50.254
U10200,41680,20.499,13.784,6.85,3.846,49.551
U10335,44610,11.726,11.475,5.411,2.995,54.12
U10339,48041,16.627,12.473,5.735,3.412,52.045
U10386,43430,15.48,19.381,8.303,4.379,49.853
U10430,37378,14.707,24.53,13.281,7.582,48.751
U10439,49586,16.527,20.08,9.896,5.417,49.46
U10555,46799,13.708,30.426,16.434,9.423,48.525
U10602,26642,10.81,35.868,19.36,10.757,48.833
U10684,50320,13.281,30.348,16.01,8.875,49.056
U10730,53328,18.287,16.517,5.852,2.689,49.779
U10743,65534,14.982,21.744,11.615,6.754,50.374
U10748,29871,14.191,21.687,10.981,6.016,51.083
U10791,23613,19.345,13.264,6.052,3.329,50.963
U10827,60218,16.439,16.286,7.865,4.371,52.147
U10834,44203,16.212,22.582,11.124,5.927,49.825
U10847,57850,15.229,22.169,11.917,7.065,49.191
U10870,22230,17.152,16.226,8.205,4.885,50.54
U10995,38969,15.009,25.038,13.051,6.967,49.473
U11059,52134,15.894,11.037,4.605,2.664,49.229
U11103,56678,16.458,19.637,10.17,5.642,49.765
U11112,47348,14.624,22.979,10.883,5.85,49.352
U11176,32355,15.209,26.005,13.717,7.9,49.127
U11181,56995,15.645,24.421,12.524,7.006,49.036
U11211,59393,19.666,8.942,3.527,1.938,51.836
U11269,43917,14.22,24.731,12.619,7.041,49.635
U11373,66519,15.699,5.585,1.78,0.917,53.735
U11393,35804,14.473,28.494,15.889,9.303,48.883
U11490,33047,15.296,22.035,11.329,6.276,50.183
U11559,77283,16.409,11.737,4.702,2.715,51.045
U11602,42067,17.02,17.81,8.605,4.533,49.559
U11614,35535,16.547,20.338,10.412,5.744,49.709
U11625,35690,13.427,28.79,14.34,7.806,49.725
U11684,40815,15.835,22.087,10.94,5.821,49.406
U11690,55924,17.424,8.605,2.92,1.398,51.332
U11694,47879,17.235,16.469,8.068,4.658,50.809
U11746,43154,17.665,17.06,8.291,4.658,49.745
U11781,23066,14.597,24.946,12.759,7.171,49.866
U11864,83767,11.528,11.034,5.272,2.897,53.354
U12169,50049,17.431,19.229,9.617,5.481,49.24
U12199,30480,12.175,31.647,16.312,9.052,49.331
U12200,44715,15.961,19.296,9.306,4.985,49.556
U12365,59202,15.525,22.646,10.8,5.567,49.326
U12376,42177,14.6,11.933,5.617,3.22,53.451
U12413,54922,12.922,30.307,15.187,8.255,48.74
U12548,75110,8.353,8.868,4.038,2.306,56.035
U12550,39148,21.184,10.905,5.032,2.925,49.405
U12553,62500,16.806,20.474,10.61,5.872,49.398
U12563,142955,15.711,21.973,11.472,6.546,49.085
U12754,34050,15.695,14.276,6.893,4.047,52.37
U12833,50214,15.265,23.081,12.148,6.976,49.04
U12920,54420,14.939,14.322,6.88,3.703,48.629
U12949,36009,16.093,18.945,9.295,5.135,49.096
U12951,49749,13.846,26.628,14.117,7.757,49.575
U13032,41362,14.366,26.669,13.181,7.019,49.369
U13098,46779,19.526,12.704,5.47,2.914,50.491
U13205,49746,16.369,18.972,9.169,5.005,50.862
U13245,46610,15.868,21.133,10.852,6.042,49.607
U13456,63538,16.245,21.833,11.75,6.934,49.426
U13655,52789,18.699,15.801,7.592,4.222,49.245
U13680,36518,18.375,15.674,7.224,3.812,50.334
U13720,29306,15.396,20.61,9.213,5.149,49.717
U13761,36963,16.03,24.289,12.688,6.983,48.814
U13771,33238,19.902,11.661,5.154,2.675,51.907
U13952,42433,15.339,20.305,10.541,5.993,48.66
U13956,52980,15.876,25.949,14.358,8.424,48.447
U13990,30082,12.898,28.11,15.039,8.606,49.039
U14006,41356,16.609,16.032,7.353,4.041,49.425
U14045,30703,15.018,20.079,8.976,4.452,50.686
U14062,41520,15.949,18.249,9.282,5.291,49.193
U14074,32584,14.163,22.646,11.883,7.105,48.401
U14261,21095,11.107,27.504,15.89,9.49,49.675
U14327,66742,22.407,9.944,4.081,2.258,50.809
U14482,83648,12.402,12.245,5.514,3.157,49.384
U14615,34135,15.219,21.752,9.96,5.622,49.046
U14646,59375,15.117,17.787,8.091,4.301,51.336
U14694,60273,19.617,10.142,4.013,2.23,52.056
U14816,52483,17.907,17.312,8.208,4.501,49.923
U14878,21071,12.372,30.763,16.459,9.16,48.844
U14922,66904,8.07,8.485,4.364,2.619,53.406
U15138,68202,15.69,20.796,10.838,6.268,49.364
U15164,65911,17.352,18.099,9.402,5.287,49.455
U15230,35043,16.808,20.94,11.161,6.578,49.519
U15334,48379,12.45,7.191,2.598,1.389,51.874
U15435,73183,17.236,16.714,7.74,4.25,50.036
U15488,26928,19.742,15.746,7.086,3.591,49.365
U15552,41622,21.554,7.916,3.162,2.045,54.5
U15644,53022,18.607,18.396,9.2,5.041,49.728
U15646,88418,15.518,18.325,9.443,5.555,50.942
U15814,14211,18.901,13.011,6.776,3.673,51.502
U16004,41655,14.553,19.121,9.331,5.092,54.116
U16083,49480,14.947,12.939,5.804,3.167,51.546
U16196,29096,14.201,25.536,12.82,7.066,49.763
U16318,41795,14.995,24.161,12.566,7.061,49.425
U16338,59277,17.061,22.044,11.467,6.691,48.604
U16428,45446,18.701,17.231,7.503,3.956,49.771
U16446,42831,15.944,23.294,12.036,6.824,49.147
U16464,270656,16.244,20.033,9.551,5.175,49.831
U16538,41021,16.943,18.539,8.535,4.698,51.218
U16600,54594,15.714,21.154,10.798,6.369,49.527
U16644,7923,14.086,27.515,13.253,7.169,49.754
U16737,56504,14.558,25.757,13.36,7.378,48.866
U16816,32562,16.415,18.454,9.182,5.193,50.66
U16878,47980,19.783,9.193,3.785,2.051,52.866
U16983,48844,16.696,17.646,8.83,4.981,49.904
U17012,99421,14.694,26.591,13.52,7.391,49.075
U17022,53213,20.741,12.813,5.777,3.253,49.702
U17081,56807,15.766,24.006,13.046,7.601,48.566
U17084,43034,17.626,8.333,3.118,1.71,52.772
U17153,53369,13.442,27.104,14.162,7.928,48.918
U17156,61067,20.338,13.539,6.213,3.375,50.463
U17168,70942,15.27,23.013,11.533,6.325,49.485
U17435,47481,16.156,21.659,11.407,6.537,48.847
U17794,65922,17.292,15.983,7.509,4.117,50.262
U17834,34069,18.043,15.463,7.811,4.382,49.855
U17837,19388,11.848,34.573,17.408,9.233,49.556
U17849,88126,11.068,10.935,4.69,2.543,53.139
U17969,44762,16.648,19.798,10.755,6.15,49.089
U17992,60275,15.023,21.931,10.993,5.951,50.532
U18020,64025,15.139,23.799,12.873,7.667,50.032
U18195,55478,19.429,14.029,6.574,3.935,49.27
U18267,52043,16.342,18.074,8.61,4.763,50.691
U18315,44149,14.553,5.101,1.785,0.929,50.595
U18398,72552,12.037,10.794,4.812,2.619,49.558
U18460,128892,13.169,27.406,14.449,8.414,49.147
U18494,37643,12.828,12.698,6.049,3.438,54.775
U18888,52787,18.719,13.689,6.409,3.613,49.389
U18986,51063,16.064,10.483,4.718,2.622,55.114
U18990,60438,15.649,23.527,12.497,6.986,48.906
U19031,81762,17.596,16.514,8.056,4.399,50.494
U19124,34062,16.226,19.641,9.941,5.745,48.594
U19152,59578,17.931,16.048,7.563,4.396,49.783
U19169,35146,17.814,15.808,6.982,4.066,50.714
U19348,32884,19.779,14.694,6.839,3.868,50.414
U19424,34910,17.224,13.329,5.901,3.203,50.728
U19471,53212,18.635,17.855,9.353,5.36,49.515
U19803,112680,3.75,2.291,0.77,0.414,58.209
U19808,80611,12.409,15.263,7.219,3.858,52.384
U19864,30237,13.097,19.417,10.183,5.635,49.833
U19923,42412,12.166,33.509,19.768,11.697,48.295
U20165,46069,17.331,17.658,8.891,5.207,49.53
U20256,45426,15.322,20.609,9.114,4.814,52.021
U20290,85534,19.455,7.211,2.761,1.489,54.48
U20320,75659,16.787,18.23,9.345,5.407,50.046
U20349,47863,16.002,19.573,9.615,5.294,49.872
U20350,59588,21.192,11.212,5.199,3.105,51.903
U20410,48170,18.256,18.233,9.79,5.917,48.653
U20454,50898,15.769,17.859,8.843,5.191,51.124
U20639,60774,17.585,17.127,8.337,4.76,49.725
U20640,34566,16.048,19.586,10.279,5.76,49.942
U20827,34646,17.627,21.373,10.593,5.926,48.773
U20871,84666,15.409,23.264,11.682,6.497,48.877
U20931,36741,14.295,23.453,12.008,7.03,49.729
U21059,43729,13.819,27.677,14.402,8.141,48.924
U21078,31510,16.76,21.082,10.349,5.633,49.305
U21222,51974,16.947,10.22,4.329,2.572,49.028
U21248,37576,17.652,17.671,8.223,4.021,49.313
U21268,38411,19.619,9.7,3.601,2.023,50.551
U21317,36395,16.162,22.014,11.098,6.223,49.13
U21339,35789,13.323,31.758,17.877,10.137,47.213
U21359,63980,13.954,25.374,13.051,7.263,49.667
U21400,48181,15.479,22.523,10.793,5.494,50.032
U21465,58490,14.067,21.441,11.506,6.888,51.207
U21470,42726,14.314,27.192,14.317,7.799,48.923
U21547,25389,18.272,20.469,9.339,4.789,47.844
U21617,34804,15.231,25.85,14.355,8.341,49.06
U21757,30647,13.577,26.508,14.096,8.249,48.468
U21926,49478,17.151,17.796,8.889,4.675,50.152
U21951,38276,15.297,24.266,12.512,6.855,49.472
U21965,33215,18.814,16.309,7.358,3.83,49.372
U21972,40310,13.768,29.08,15.78,9.097,47.641
U22020,49275,15.101,19.184,9.971,5.873,50.563
U22092,39879,16.405,21.518,11.231,6.552,49.964
U22192,17817,11.366,35.191,18.466,9.85,49.239
U22426,37045,10.657,15.581,7.796,4.495,51.864
U22471,63415,20.99,9.506,3.906,2.282,53.863
U22506,34873,16.359,14.825,6.234,3.464,48.986
U23362,37506,15.552,7.703,2.768,1.421,51.317
U23418,42177,15.727,19.71,9.927,5.268,50.589
U23535,29670,17.169,16.34,8.433,4.82,49.653
U23544,31688,16.675,19.698,9.736,5.286,49.202
U23546,54823,17.381,10.738,4.504,2.605,48.452
U23620,41954,16.845,15.369,7.878,4.486,51.761
U23710,38754,14.768,23.492,11.444,6.363,49.463
U23714,55423,14.268,24.667,12.619,7.033,49.407
U23742,40931,13.699,28.758,14.937,7.955,49.048
U23821,88377,16.359,22.277,11.77,6.958,48.577
U23862,41371,13.758,26.26,13.659,7.508,48.636
U24190,92667,5.86,3.693,1.47,0.761,54.728
U24247,51404,14.1,27.331,14.522,8.248,48.558
U24388,56690,8.822,9.712,4.821,2.805,55.518
U24481,85332,17.358,20.982,11.199,6.622,48.843
U24558,92834,14.196,27.464,14.603,8.538,48.152
U24727,30515,14.891,21.298,11.548,6.967,48.602
U24740,98123,16.325,11.294,4.757,2.636,53.477
U24883,88067,13.918,25.884,13.382,7.603,49.429
U24972,26756,6.784,4.115,1.854,1.039,58.716
U24977,33876,14.78,24.773,13.027,6.326,48.002
U24992,31599,16.709,10.174,3.931,2.123,52.087
U24998,53231,16.765,21.839,11.499,6.78,48.802
U25131,28642,12.597,13.484,5.764,3.205,52.779
U25219,56813,16.651,17.438,8.477,4.633,50.172
U25240,43067,17.048,9.852,4.149,2.48,55.611
U25251,77263,12.511,27.797,14.036,7.724,49.408
U25255,48838,13.123,30.19,15.484,8.594,48.622
U25294,73007,14.894,24.01,12.118,6.512,49.275
U25405,29841,15.482,22.901,12.121,6.706,49.372
U25489,40939,16.407,21.151,10.076,5.1,49.584
U25520,30399,13.273,25.728,13.033,7.063,50.192
U25545,62970,11.961,31.54,15.485,8.426,48.614
U25572,32163,13.478,26.991,13.687,7.838,48.043
U25587,50213,19.477,15.034,7.112,4.148,49.543
U25656,66900,15.779,20.123,8.973,4.84,49.874
U25680,42258,12.542,29.026,14.596,7.923,49.394
U25707,37142,15.355,21.684,10.651,5.88,49.777
U25735,43668,19.641,13.541,6.272,3.529,50.078
U25799,75068,15.425,23.441,12.098,6.741,49.089
U25882,102324,14.843,21.076,10.604,5.808,50.109
U25891,39750,19.874,15.069,7.535,4.158,49.057
U26059,35695,11.094,36.14,20.742,12.184,48.082
U26254,66054,19.799,13.845,6.212,3.311,50.254
U26345,60012,12.609,30.089,15.827,8.953,49.173
U26379,57763,6.466,3.282,1.091,0.602,52.31
U26493,25303,15.856,18.938,9.114,4.948,51.018
U26715,55684,19.207,13.841,6.372,3.628,50.614
U26743,70816,16.878,20.203,10.821,6.167,49.324
U26744,43954,20.799,7.151,2.625,1.406,51.197
U26788,53734,11.496,33.221,17.622,10.362,48.761
U26808,34104,18.546,18.194,8.571,4.697,47.402
U26844,60422,17.035,16.82,8.305,4.766,50.116
U26864,33892,16.337,19.766,8.922,4.771,50.221
U26878,35598,17.237,15.956,7.607,4.172,51.048
U26939,28042,15.99,18.551,8.573,4.572,49.034
U26996,35163,15.94,19.176,9.621,5.557,50.169
U26997,44894,6.952,9.358,4.397,2.441,53.809
U27026,38466,18.603,13.144,6.234,3.468,50.98
U27086,42750,19.869,14.662,6.423,3.373,49.813
U27128,48326,21.651,8.788,3.714,2.196,52.93
U27129,41107,14.173,8.035,3.367,2.014,52.908
U27139,37428,13.34,14.655,6.193,3.19,49.303
U27258,34801,16.301,16.724,8.256,4.715,51.815
U27349,36084,16.475,20.569,9.749,5.423,49.085
U27362,35515,19.189,10.908,4.637,2.554,50.846
U27366,45492,16.682,18.737,9.037,5.278,49.123
U27515,53473,14.615,17.379,8.614,4.774,51.394
U27585,57462,18.407,10.948,4.645,2.643,51.994
U27607,69800,19.603,12.106,5.301,3.039,51.544
U27624,54207,16.112,23.006,11.672,6.602,49.486
U27664,42326,18.929,15.844,7.657,4.113,49.672
U27924,47468,14.955,24.964,14.266,8.311,48.839
U27932,52542,12.569,31.658,17.099,9.87,48.106
U28163,20898,14.265,19.533,10.326,5.718,49.77
U28174,66690,16.097,21.846,11.54,6.781,49.021
U28178,52773,15.082,22.195,11.373,6.401,49.624
U28237,33863,13.59,27.871,15.288,8.57,49.198
U28255,70498,16.264,21.33,10.875,5.813,49.094
U28348,36864,14.13,27.932,15.682,9.006,49.181
U28378,35988,15.514,22.594,11.779,6.986,49.069
U28405,61404,13.732,24.502,11.856,6.387,50.065
U28474,45607,13.882,26.226,13.41,7.141,48.942
U28765,35091,21.367,10.743,4.599,2.248,49.987
U28791,49688,18.703,15.501,7.505,4.019,49.817
U29000,28682,14.891,19.552,9.686,5.097,50.551
U29053,33891,16.562,16.668,8.454,4.901,50.76
U29197,26756,15.78,21.102,11.205,6.488,50.628
U29246,37084,14.637,23.708,12.102,6.822,49.658
U29398,24496,21.93,15.284,7.552,4.176,48.681
U29424,40201,18.614,14.781,7.087,4.094,49.678
U29575,89449,17.41,10.301,4.762,2.745,54.046
U29596,37899,14.106,26.597,13.393,7.283,49.268
U29677,74099,11.555,14.806,6.645,3.584,52.202
U29951,36788,13.939,25.932,13.561,7.505,49.0
U30079,67888,18.721,14.615,7.698,4.611,50.062
U30123,48527,15.9,20.02,10.318,5.782,49.432
U30170,57144,17.272,18.562,8.958,4.742,49.913
U30213,33064,15.706,24.604,12.799,7.071,49.008
U30256,55247,19.044,8.373,3.716,2.165,53.163
U30335,57440,14.753,24.76,13.694,7.772,49.002
U30526,59262,17.904,9.569,3.609,2.054,51.686
U30563,47774,14.022,25.813,14.091,8.138,48.847
U30587,44401,17.313,18.047,8.07,4.257,50.127
U30913,55182,13.539,27.214,13.852,7.716,48.121
U31094,52751,15.884,22.254,11.969,6.952,49.51
U31169,39212,18.331,10.747,5.266,3.091,54.144
U31228,94085,21.582,7.406,3.195,1.828,54.254
U31269,69847,16.883,17.697,8.53,4.626,49.117
U31305,28732,20.409,10.337,4.267,2.349,52.255
U31313,54478,15.564,21.893,11.507,6.814,48.934
U31390,38011,17.826,18.303,9.687,5.396,49.109
U31420,44237,16.115,19.389,9.998,5.579,50.824
U31504,44432,17.112,18.827,8.867,4.668,50.196
U31538,40569,19.971,12.458,5.448,3.024,49.996
U31548,50993,18.918,16.761,8.054,4.803,49.868
U31619,25215,11.906,30.034,14.547,7.872,49.205
U31823,55660,18.18,18.225,8.793,4.583,50.027
U31847,64842,16.522,19.649,8.953,4.89,49.971
U31922,53385,17.173,16.229,7.141,3.559,50.649
U31970,36650,14.892,20.797,10.969,6.175,48.668
U32001,34080,15.807,24.504,13.48,8.081,49.287
U32116,48290,19.449,15.08,7.364,4.398,50.226
U32323,59619,16.29,20.349,9.787,5.367,49.66
U32349,131378,15.516,18.462,9.333,5.273,49.847
U32354,28723,14.128,24.97,14.49,9.101,49.574
U32372,54380,18.325,19.774,10.566,6.124,48.341
U32760,34097,12.374,32.93,17.518,9.74,48.802
U32828,52692,16.536,16.767,8.675,4.862,49.254
U32831,49745,21.039,12.964,5.868,3.046,49.999
U32901,30268,16.562,19.549,9.3,5.161,48.897
U32995,45192,13.476,27.2,13.821,7.601,48.371
U33024,54757,15.75,12.742,5.411,3.103,50.39
U33065,89713,14.672,10.466,4.252,2.389,51.816
U33192,52473,16.647,21.581,11.019,6.144,48.844
U33392,108337,16.127,16.475,8.012,4.643,49.283
U33451,43457,18.586,11.651,4.577,2.232,51.103
U33522,42917,19.142,15.358,7.219,4.245,50.013
U33566,59356,14.9,20.965,10.791,6.223,49.618
U33593,39338,12.985,30.246,15.951,9.06,49.011
U33609,76036,15.453,12.298,5.229,2.883,52.044
U33691,45693,14.527,23.165,12.037,6.607,49.196
U33832,39561,12.929,30.507,15.824,8.683,48.621
U33954,32181,18.063,13.943,6.268,3.598,51.474
U33963,57933,14.827,7.69,3.231,1.745,53.788
U34072,64044,19.157,14.398,6.264,3.445,50.133
U34146,46300,13.084,20.058,10.002,5.624,49.86
U34184,44247,18.25,18.139,8.934,4.952,48.706
U34188,35664,16.855,7.991,2.826,1.621,57.116
U34230,37247,13.888,28.22,14.89,8.511,48.476
U34235,29391,17.703,20.326,9.989,5.526,49.781
U34375,24723,12.361,10.601,5.181,3.07,50.609
U34388,38875,15.187,25.443,13.024,7.375,49.132
U34538,33494,16.794,16.015,8.136,4.974,49.358
U34632,39102,14.644,22.879,11.503,6.286,49.005
U34667,58125,20.091,9.101,3.788,2.047,52.222
U34742,54337,18.639,16.204,8.004,4.538,50.697
U34811,45555,6.7,5.025,2.017,1.084,49.066
U34816,48250,18.381,17.076,8.381,4.794,51.194
U34826,35828,13.916,29.326,16.035,9.283,48.568
U35004,35940,18.456,18.331,9.424,5.206,48.662
U35438,54487,18.669,15.409,7.708,4.476,49.296
U35513,63118,17.309,17.835,8.997,5.217,49.539
U35724,38767,18.64,17.946,8.647,4.898,50.213
U35821,26009,16.052,20.528,11.188,6.402,50.14
U35939,39003,13.012,26.024,13.499,7.464,49.091
U35980,46441,13.019,13.727,5.713,2.812,50.8
U35987,38207,14.67,22.669,11.843,6.562,50.36
U36042,44256,14.676,24.756,12.81,7.097,49.566
U36134,41620,15.07,20.423,10.382,5.932,50.38
U36188,50674,16.142,18.187,8.997,4.989,48.427
U36231,29222,16.618,13.045,5.814,3.224,52.847
U36299,59669,16.667,20.646,10.51,5.83,49.307
U36452,38029,18.331,14.481,6.963,4.0,51.348
U36510,49900,19.136,11.21,5.084,2.862,51.038
U36512,38972,15.824,22.629,11.726,6.73,49.559
U36584,46321,12.91,9.628,3.756,2.144,53.093
U36651,46856,16.339,17.289,8.323,4.446,49.355
U36652,36439,16.293,11.383,5.264,3.153,52.694
U36687,52887,17.112,14.408,6.83,4.073,50.071
U36721,32909,14.686,24.847,12.009,6.26,49.655
U36746,55814,17.637,14.618,6.767,3.714,53.005
U36776,36533,15.849,21.091,9.797,5.245,49.465
U36779,37296,10.505,8.304,3.209,1.716,50.606
U36780,44507,16.69,18.896,8.933,5.163,49.666
U36795,41976,12.641,9.789,4.15,2.337,50.1
U36809,33604,17.867,15.391,7.038,3.663,50.708
U36833,58808,14.712,18.222,9.3,5.372,49.611
U36842,60822,14.641,26.487,13.646,7.593,48.667
U37007,32215,14.354,6.568,2.94,1.605,53.165
U37037,36225,15.641,23.459,12.743,7.235,48.616
U37086,53337,6.727,10.925,4.635,2.533,52.918
U37262,42410,16.206,14.714,6.77,3.65,50.061
U37286,88205,13.929,6.135,2.339,1.33,52.481
U37296,51196,17.222,17.372,7.098,3.805,50.498
U37297,69604,16.659,19.074,10.215,6.017,49.51
U37316,48432,22.642,8.3,3.194,1.732,51.326
U37339,60089,18.684,17.496,8.952,4.823,49.408
U37341,28528,13.541,25.0,13.148,7.365,48.475
U37388,59628,16.405,22.463,12.02,7.042,49.329
U37411,38510,21.439,10.66,4.355,2.308,49.925
U37412,36468,11.854,31.674,16.417,9.12,48.023
U37593,43238,16.208,20.998,9.896,5.22,49.718
U37618,130140,15.688,21.03,9.766,5.434,49.252
U37826,47902,15.743,20.738,9.438,5.108,49.756
U38045,76965,8.821,8.388,3.157,1.711,51.681
U38064,51873,13.049,31.724,16.371,9.028,49.413
U38066,38140,13.388,28.212,14.872,8.739,49.004
U38216,62720,20.611,6.567,2.39,1.363,54.952
U38221,50817,13.222,13.549,6.667,3.66,53.958
U38271,57301,18.017,16.413,7.515,3.822,51.289
U38328,45066,17.423,18.46,9.544,5.632,48.542
U38486,34261,5.102,9.168,4.848,2.837,51.134
U38661,38742,12.059,10.513,4.711,2.617,51.652
U38731,52244,12.748,29.885,16.073,9.082,48.373
U38734,57719,18.112,18.542,9.259,5.139,49.301
U39025,10650,12.216,32.967,17.258,9.446,49.521
U39113,42941,13.232,22.254,11.553,6.497,48.443
U39263,84188,17.342,13.231,6.186,3.375,48.905
U39345,35895,0.986,0.0,0.0,0.0,61.535
U39446,58500,19.041,13.173,6.359,3.66,49.622
U39686,52416,16.375,13.389,6.458,3.814,51.053
U39721,67656,12.923,10.666,4.357,2.457,50.777
U39739,47849,15.39,23.915,12.878,7.825,48.981
U40100,60642,10.691,6.992,2.625,1.426,48.203
U40115,32701,15.244,20.764,10.257,5.933,50.093
U40159,53224,18.368,8.566,3.54,1.777,52.965
U40458,55246,15.509,14.187,6.444,3.745,51.325
U40502,30895,16.145,19.573,8.866,4.599,50.536
U40593,45381,15.996,21.059,10.414,5.749,50.759
U40722,37191,16.794,21.849,11.263,6.386,48.533
U40836,23456,14.508,20.059,9.895,5.615,51.164
U40951,29466,13.806,27.723,13.738,7.412,49.196
U41025,27236,17.436,17.84,9.12,5.471,49.655
U41041,40399,12.532,8.958,2.876,1.626,51.004
U41523,60959,13.767,26.492,13.768,7.692,48.715
U41563,42223,15.579,22.507,11.785,6.3,49.473
U41591,35690,13.191,29.978,14.772,8.126,49.456
U41693,44335,16.003,19.05,10.069,5.731,51.039
U41928,33356,15.038,26.085,14.441,8.298,49.044
U41930,32521,14.406,23.566,11.986,6.74,49.405
U42007,118083,15.657,21.567,10.806,5.737,49.583
U42142,45109,15.086,26.343,13.403,7.291,49.762
U42152,63523,16.551,18.504,9.046,4.964,50.715
U42154,58194,12.656,9.699,4.427,2.421,49.741
U42235,48590,15.649,24.281,13.165,7.738,48.611
U42276,49763,13.385,15.021,7.005,3.802,49.306
U42510,23579,15.085,27.843,14.797,8.211,48.344
U42598,50876,13.741,11.986,5.256,2.958,51.944
U42671,49095,16.747,20.045,11.235,7.013,49.272
U42699,20643,13.472,30.688,16.185,9.064,49.155
U42807,40033,11.246,18.837,9.954,6.08,49.791
U42898,33244,17.648,18.996,9.948,5.775,49.633
U42936,30643,17.143,12.443,4.996,2.957,50.325
U42972,50332,13.494,25.534,13.93,8.11,50.189
U43067,30395,15.68,21.168,10.785,6.291,48.975
U43072,31207,16.701,18.464,8.617,4.323,50.463
U43084,69806,15.398,22.457,11.268,5.941,49.083
U43112,39828,16.554,17.264,8.517,4.685,48.983
U43314,45440,13.895,22.5,10.748,6.182,50.161
U43524,42656,6.801,6.705,3.066,1.69,54.07
U43660,45759,19.146,14.117,6.545,3.907,50.939
U44012,53502,17.697,14.164,6.751,4.047,49.097
U44050,41918,16.799,14.271,6.937,3.846,49.814
U44365,31531,19.54,9.067,3.676,2.223,53.183
U44401,30043,13.377,26.535,13.028,6.917,49.815
U44537,53718,15.674,9.669,3.932,2.459,55.775
U44561,55567,17.366,13.855,6.254,3.468,50.409
U44623,36582,16.787,19.78,9.297,4.961,50.118
U44671,43090,16.115,20.095,10.067,5.456,49.524
U44695,34365,17.666,14.352,6.6,3.891,53.109
U44713,37595,16.494,22.349,12.103,7.227,48.217
U45014,49134,16.823,17.147,8.452,4.866,49.837
U45015,27289,16.278,14.277,6.677,3.903,51.977
U45098,50124,9.137,7.677,2.781,1.494,50.593
U45102,115033,15.642,21.014,10.313,5.728,49.798
U45156,60885,18.74,12.386,5.463,3.035,51.481
U45528,56927,16.63,20.813,11.455,6.933,50.164
U45611,57755,16.044,18.255,8.581,4.639,49.954
U45670,47962,13.409,28.794,15.55,8.744,48.422
U45703,41201,15.941,13.327,5.878,3.374,51.03
U45809,37489,14.258,23.241,11.582,6.599,49.985
U45842,38926,12.686,11.602,5.582,3.265,50.825
U45898,54192,18.959,10.867,4.621,2.6,55.032
U45943,32313,16.232,12.924,5.518,3.163,50.608
U45992,42414,6.778,3.659,1.193,0.615,54.602
U46071,27426,15.573,22.697,11.044,5.87,49.249
U46154,46008,14.971,26.904,13.98,7.929,48.411
U46190,32045,13.89,29.849,17.026,10.027,47.986
U46293,36797,14.642,8.476,3.098,1.533,49.681
U46389,68498,16.453,23.063,11.608,6.599,48.661
U46417,43653,19.162,14.469,7.186,3.867,49.58
U46437,39715,21.493,13.32,6.038,3.492,50.371
U46447,81727,11.81,12.318,5.685,3.196,49.325
U46454,58126,10.107,9.811,5.02,3.05,50.769
U46464,47090,19.138,18.201,8.652,4.71,48.934
U46593,39195,14.073,8.95,4.12,2.508,49.266
U46695,35779,15.238,23.735,13.181,7.625,49.079
U46901,52388,16.036,21.108,11.327,6.813,49.404
U46976,31849,14.412,25.005,11.966,6.179,48.695
U47004,85623,16.145,14.963,6.95,3.811,50.665
U47184,35055,17.179,18.999,9.773,5.68,49.696
U47223,105190,17.209,18.481,9.124,5.155,49.744
U47228,49574,18.009,15.659,8.208,4.595,50.018
U47242,69480,15.684,10.786,4.508,2.408,52.078
U47425,34009,11.021,36.167,19.151,10.938,48.952
U47608,30491,12.125,14.532,6.015,3.24,49.913
U47609,42833,15.063,24.757,12.897,7.093,49.296
U47655,49556,19.414,14.168,6.744,3.824,49.736
U47657,31205,16.135,20.548,10.367,5.663,49.623
U47812,37436,15.416,9.686,3.705,2.014,53.721
U47851,40916,15.053,22.593,11.636,6.655,48.988
U47882,32940,15.99,17.656,7.784,4.202,53.667
U47946,55285,17.603,16.417,8.011,4.707,49.109
U47975,53446,12.081,33.093,17.693,10.006,49.102
U48026,44120,12.199,8.543,3.733,1.983,53.597
U48056,35997,14.818,26.874,14.182,7.603,48.385
U48176,47034,19.073,11.881,5.777,3.349,49.994
U48302,42749,14.856,23.07,10.999,5.942,50.574
U48502,58410,21.344,11.917,5.086,2.539,50.01
U48538,71191,7.493,10.778,5.175,2.676,49.235
U48652,71504,15.152,22.824,11.97,6.886,49.557
U48691,36947,16.697,20.773,10.653,6.006,48.995
U48923,39549,11.937,5.178,1.995,1.199,53.974
U49001,50184,14.537,21.226,10.629,5.725,49.733
U49070,27216,13.768,23.953,12.794,7.044,49.809
U49145,45803,15.789,17.746,9.307,5.371,51.217
U49226,49352,19.067,14.326,6.62,3.503,51.42
U49304,38577,17.565,17.404,9.158,5.47,50.082
U49525,92585,15.814,20.749,10.565,5.665,49.409
U49529,50895,20.42,11.575,4.672,2.379,51.349
U49536,31823,12.623,31.336,17.773,10.244,48.452
U49574,35744,17.553,14.772,6.558,3.528,50.453
U49615,56864,13.8,28.194,15.119,8.476,48.866
U49727,34745,17.165,14.719,5.998,3.209,51.299
U49728,38879,20.08,15.605,7.15,3.935,49.729
U49785,27704,16.987,17.871,8.594,4.967,49.253
U49851,78656,14.961,25.107,12.942,7.437,49.477
U49896,38741,15.325,16.874,8.296,4.507,49.175
U49929,41968,16.131,21.543,11.13,6.188,49.299
U49944,20888,13.601,24.363,12.835,6.961,49.646
U50083,31477,15.43,23.08,11.939,6.891,49.436
U50107,49222,17.992,17.657,9.154,5.374,48.996
U50165,34771,14.966,23.428,12.217,7.207,49.536
U50197,55557,16.002,21.067,11.293,6.77,48.1
U50263,28995,14.406,26.305,13.82,7.684,49.381
U50277,36023,18.086,15.135,7.309,4.086,49.357
U50311,34337,17.917,11.486,4.7,2.671,50.721
U50322,55671,14.755,24.674,12.561,7.084,49.194
U50573,31920,12.481,31.698,16.789,9.298,48.409
U50767,38128,20.308,12.521,5.948,3.278,49.552
U50771,50149,11.422,5.817,2.273,1.234,51.624
U50996,45837,13.943,23.972,12.291,6.7,48.843
U51050,41010,17.64,12.27,5.469,3.168,53.604
U51153,42802,18.088,16.345,7.687,4.117,49.558
U51200,34641,15.265,24.076,12.673,6.92,48.454
U51229,64536,19.175,12.67,5.822,3.432,51.909
U51307,54579,17.972,11.418,4.967,2.895,52.068
U51357,30877,16.731,19.387,10.186,5.966,50.248
U51429,40319,13.797,28.728,14.948,8.629,48.778
U51488,55596,18.01,16.85,8.686,4.811,49.387
U51492,35082,12.619,9.267,3.509,1.827,49.527
U51498,91263,17.276,8.875,3.795,2.131,53.661
U51577,33210,12.033,12.376,5.592,3.107,48.726
U51636,50623,14.649,12.617,5.494,3.091,51.06
U51667,35350,15.802,20.328,10.045,5.4,50.144
U51839,42744,15.705,19.998,9.971,5.308,49.717
U51930,47219,14.835,12.283,5.815,3.278,54.031
U52026,36694,11.691,34.071,18.166,10.435,49.212
U52075,40820,13.535,27.095,13.275,7.185,49.348
U52199,31703,15.989,19.784,10.207,5.488,48.626
U52219,73835,15.926,21.503,10.58,5.832,50.156
U52261,52615,16.59,16.199,7.838,4.166,51.276
U52297,52197,14.769,18.949,8.619,4.761,51.16
U52461,40739,11.807,10.722,4.934,2.59,49.542
U52468,45578,14.924,27.961,15.06,8.432,48.245
U52546,35946,14.294,14.622,6.877,3.828,50.095
U52641,38655,18.174,7.906,2.807,1.539,53.83
U52694,52295,18.505,12.783,5.695,3.14,52.028
U52763,48649,15.735,22.319,11.797,6.52,49.863
U52802,39427,14.586,24.199,13.488,7.817,48.756
U52814,58447,14.471,8.878,3.956,2.051,48.316
U52868,55287,14.166,24.304,13.253,7.805,48.617
U52997,99862,14.384,24.252,12.362,6.808,49.32
U53179,36754,17.078,13.637,6.364,3.548,50.963
U53230,46578,17.461,12.472,5.314,2.843,52.916
U53279,43734,15.42,20.449,9.498,4.891,49.476
U53317,44457,17.039,13.546,6.642,3.835,50.797
U53419,66571,16.746,17.638,8.311,4.651,51.184
U53562,56831,14.726,11.749,4.793,2.657,54.421
U53612,49696,17.861,16.897,8.146,4.819,49.982
U53637,32105,15.076,20.174,9.6,5.236,51.073
U53775,33330,18.194,21.206,11.143,6.517,48.458
U53896,91335,11.759,7.696,2.864,1.706,50.362
U53900,53838,16.594,18.231,8.706,4.857,49.497
U53962,29254,15.147,22.041,10.867,5.88,49.186
U53963,41261,16.565,20.525,9.866,5.327,49.543
U53997,38145,16.443,18.32,9.115,4.991,49.422
U53999,107998,16.907,18.836,9.766,5.673,50.209
U54007,54572,13.249,14.804,7.542,4.347,48.629
U54044,58266,17.604,14.072,6.407,3.675,52.193
U54372,53260,16.543,19.446,9.613,5.09,49.641
U54453,37828,13.049,6.115,2.139,1.277,57.65
U54554,30329,19.589,11.946,5.599,3.432,51.515
U54565,33976,17.521,19.078,9.183,4.962,49.709
U54760,56245,14.263,26.664,13.907,7.816,48.758
U54764,31939,18.526,13.811,6.215,3.438,51.999
U54853,79483,16.494,21.318,10.566,5.766,49.622
U54911,46403,18.385,12.4,5.148,2.651,53.419
U54948,44421,21.235,8.296,3.269,1.956,53.166
U55014,39055,6.875,8.478,3.644,1.977,52.047
U55117,30021,18.137,12.618,5.756,3.198,52.59
U55146,45236,20.585,13.945,6.13,3.225,49.595
U55161,37894,15.253,20.929,10.284,5.196,49.459
U55369,25594,15.851,22.036,11.186,6.021,49.433
U55387,46905,21.068,9.732,3.882,2.138,50.749
U55397,37849,11.638,32.915,17.047,9.385,48.297
U55399,56564,12.153,30.539,16.06,9.08,48.663
U55441,42636,17.445,20.67,10.369,5.939,49.409
U55709,40875,11.278,12.423,5.316,2.689,49.605
U55717,34423,10.197,12.39,5.621,3.14,49.795
U55724,42726,13.956,27.175,14.431,8.398,49.085
U55812,48505,17.804,15.464,7.327,4.315,50.801
U55830,52729,17.78,13.497,5.934,3.268,53.24
U55887,72306,10.576,14.656,7.595,4.365,50.528
U55939,93091,19.535,14.674,6.965,3.846,49.268
U55979,30007,12.217,32.872,17.473,9.811,48.342
U56140,33499,10.409,36.768,21.478,12.866,47.828
U56215,40388,15.888,24.017,12.303,6.903,49.72
U56223,41966,13.063,31.907,16.604,8.986,49.547
U56341,61370,15.99,13.181,5.913,3.329,50.73
U56562,58214,15.689,15.337,7.62,4.276,50.093
U56575,55540,21.347,8.281,3.261,1.815,51.71
U56676,68252,16.564,21.343,11.166,6.245,49.297
U56681,54823,16.484,5.863,1.68,0.742,50.037
U56729,50225,15.048,25.286,12.705,7.486,48.699
U56757,39952,16.482,21.218,10.745,5.677,49.149
U56857,36648,17.971,20.168,10.688,6.262,49.097
U56977,60332,14.818,25.708,12.967,7.175,48.929
U57009,34588,11.588,34.925,18.249,10.226,48.196
U57096,37913,16.111,20.049,9.361,4.948,49.954
U57294,27504,19.674,10.548,4.748,2.771,52.072
U57300,51292,18.705,14.909,7.617,4.348,49.645
U57321,33583,16.449,20.829,10.175,5.809,50.689
U57480,90232,16.178,20.864,9.583,5.19,49.448
U57586,45800,15.432,15.467,6.771,3.897,53.297
U57641,155248,16.616,19.942,9.876,5.55,50.063
U57786,48357,16.604,18.725,9.566,5.197,49.982
U57955,31313,14.071,27.334,13.649,7.543,48.469
U57981,48948,14.019,28.285,15.32,8.818,48.799
U58020,41308,17.771,11.441,4.863,2.806,49.354
U58127,36613,18.564,13.594,6.561,3.731,51.954
U58188,29974,17.519,15.844,6.876,3.55,49.913
U58215,56908,17.279,19.858,10.009,5.635,49.244
U58256,38467,13.38,8.171,2.906,1.516,50.651
U58312,161284,17.525,14.512,6.737,3.974,49.703
U58435,83398,11.421,31.785,15.617,8.289,51.243
U58525,40453,16.068,17.245,8.689,5.139,49.828
U58538,72231,15.956,17.492,8.831,5.255,49.4
U58600,41229,16.423,17.476,8.239,4.373,49.967
U58673,31168,17.001,17.085,8.753,4.928,50.359
U58704,73728,15.613,21.152,10.645,5.92,49.81
U58708,25109,18.539,18.929,9.359,5.209,48.632
U58840,38083,10.818,36.048,18.683,10.469,48.392
U58973,70844,16.855,17.169,8.591,4.748,49.898
U59216,47875,2.229,1.26,0.581,0.272,55.043
U59367,36271,18.717,12.677,6.013,3.427,49.318
U59570,31798,9.692,30.568,16.102,9.346,50.362
U59591,28298,16.68,8.297,3.212,1.65,53.746
U59622,44326,16.543,23.036,12.74,7.506,48.926
U59961,79520,14.629,25.094,13.426,7.476,49.821
U59980,18679,12.779,30.687,15.333,8.662,49.874
U60057,105144,14.951,23.196,11.869,6.891,49.165
U60094,155984,14.704,10.377,3.979,2.245,49.958
U60098,53726,19.419,15.412,7.146,4.19,49.814
U60113,44424,14.368,26.492,13.526,7.435,49.077
U60176,43668,17.738,18.183,9.311,5.221,50.279
U60337,37572,12.121,8.104,3.151,1.751,49.59
U60450,60163,17.805,14.294,6.868,4.029,51.314
U60509,66755,16.91,11.584,5.071,2.825,53.918
U60510,95449,12.884,8.738,3.661,1.874,51.941
U60524,34189,17.283,11.72,5.063,2.644,48.688
U60622,36587,13.633,29.983,15.844,8.979,48.613
U60757,37229,12.684,28.988,16.535,9.603,49.131
U60843,38869,13.515,20.06,10.288,5.781,49.585
U60845,43361,19.206,15.023,7.361,4.232,50.428
U60865,53225,16.28,6.198,2.179,1.101,51.887
U60916,53310,13.648,13.106,6.635,3.945,49.79
U60978,33622,14.975,21.117,9.99,5.205,49.161
U61025,50763,15.082,12.068,5.092,2.965,49.365
U61151,39766,16.147,23.953,12.911,6.941,48.964
U61321,46180,13.515,25.476,13.304,7.406,48.861
U61347,53038,14.688,25.551,13.23,7.38,48.756
U61505,36974,17.469,19.181,10.305,5.842,48.683
U61868,52613,14.899,22.652,10.484,4.961,49.647
U61963,58163,14.784,8.88,3.972,2.123,48.938
U62043,30462,13.899,28.55,15.275,8.325,48.529
U62122,51991,19.655,12.695,5.641,3.141,51.697
U62148,39609,18.463,17.077,8.316,4.383,50.231
U62213,126918,17.461,17.082,8.832,5.151,50.594
U62251,31433,17.167,17.071,8.793,4.801,49.375
U62360,63854,13.673,10.573,4.974,2.822,47.698
U62384,55983,15.989,17.03,7.849,4.169,50.899
U62485,47086,13.839,27.915,14.826,8.007,48.758
U62501,47165,18.541,9.113,3.903,2.161,52.195
U62545,34914,13.602,27.13,13.931,8.108,49.293
U62614,37555,10.233,8.066,3.336,1.702,49.021
U62853,43815,14.6,22.392,10.857,5.925,49.348
U62975,57103,14.364,25.766,13.306,7.353,49.157
U63047,36718,15.091,20.81,10.273,5.899,48.935
U63072,47994,14.764,23.695,12.037,6.615,49.667
U63129,48391,20.039,14.897,7.136,3.928,49.048
U63186,31897,16.312,19.673,10.484,6.226,49.503
U63233,37249,17.345,20.344,10.341,5.893,49.123
U63258,69438,11.826,30.2,15.437,8.583,48.895
U63386,31063,16.232,19.998,9.902,5.405,49.889
U63540,61428,18.719,15.937,7.738,4.224,49.821
U63565,52121,15.088,23.219,11.847,6.608,49.473
U63770,32462,12.097,18.609,9.257,5.166,47.687
U63843,100452,14.954,22.235,11.886,6.72,49.579
U63844,53870,16.326,20.679,9.74,5.088,49.378
U63948,45004,17.585,17.845,8.608,5.02,49.189
U64003,62272,15.159,21.265,10.751,5.877,48.922
U64053,33570,14.227,28.126,14.31,7.787,48.305
U64148,44716,15.214,24.488,13.57,7.961,49.052
U64165,34027,18.635,15.129,6.974,3.885,50.016
U64175,53020,14.704,22.156,10.839,5.777,50.217
U64356,55822,16.669,10.881,4.199,1.924,51.962
U64426,46296,15.433,16.468,6.329,3.311,51.786
U64436,29478,17.698,15.625,6.442,3.138,52.042
U64487,62555,18.678,16.852,8.086,4.407,50.317
U64531,35523,15.134,23.154,11.711,6.554,49.224
U64597,60159,14.718,25.596,13.935,7.992,49.067
U64639,137315,17.469,16.629,6.899,3.665,50.228
U64705,38331,13.193,30.461,16.509,9.376,48.546
U64748,55372,12.871,17.959,8.992,5.06,49.688
U64827,33616,12.655,30.643,15.436,7.821,49.759
U64938,60150,16.941,18.727,9.616,5.624,49.569
U65039,53497,16.769,22.409,12.393,7.513,49.085
U65044,68596,20.284,13.345,5.72,3.051,50.388
U65095,80074,14.823,23.438,12.036,6.639,49.766
U65132,56664,21.253,15.064,7.02,3.957,49.716
U65207,53423,17.107,12.614,5.952,3.313,50.256
U65316,53405,23.348,8.465,3.344,1.826,53.428
U65434,47843,9.792,9.134,3.275,1.806,51.257
U65471,60978,16.084,10.199,4.179,2.28,51.402
U65562,46884,16.33,19.533,9.651,5.492,49.522
U65582,44034,14.321,19.292,9.011,4.973,50.161
U65853,51642,12.745,10.077,4.314,2.461,52.291
U65941,59256,13.207,12.696,6.197,3.674,51.623
U65968,85278,19.703,7.254,2.755,1.673,52.845
U66005,35461,12.459,31.561,16.711,9.701,48.673
U66012,44452,12.341,16.042,7.966,4.474,49.213
U66020,42321,13.92,28.293,14.768,8.329,49.08
U66146,54691,17.67,18.654,9.027,4.716,49.558
U66218,38018,12.415,31.869,16.634,9.443,48.648
U66269,27881,16.262,24.264,13.769,8.124,48.542
U66344,42973,17.485,16.387,8.384,4.717,49.308
U66368,47875,17.441,12.921,5.452,3.039,51.34
U66484,51065,14.454,26.435,15.128,9.341,48.628
U66596,24029,16.742,20.692,10.974,6.346,48.978
U66620,58747,17.032,17.104,8.344,4.622,49.25
U66688,36498,15.902,18.987,9.187,5.093,50.575
U66785,53225,13.539,29.424,15.113,8.284,49.056
U66858,42796,20.539,12.183,5.173,2.858,51.15
U66904,31847,15.395,24.536,12.73,7.366,49.317
U67032,103174,15.874,19.987,10.489,6.183,49.373
U67045,48999,13.057,30.499,15.935,8.7,48.881
U67110,107379,19.071,12.557,5.505,3.089,48.991
U67133,48982,17.082,18.323,9.63,5.404,49.714
U67149,39306,15.206,20.936,10.614,5.62,50.16
U67183,30349,13.292,27.708,14.715,8.066,48.954
U67243,32794,17.741,17.192,7.94,4.135,49.677
U67303,33380,15.611,22.124,10.992,5.968,49.949
U67304,31024,16.191,21.325,11.987,7.185,49.497
U67475,58633,18.498,14.002,6.587,3.89,49.67
U67590,42921,13.814,27.819,14.641,8.299,48.382
U67607,39226,16.048,22.957,12.267,7.108,49.699
U67660,44621,20.011,13.624,6.208,3.487,50.4
U67865,40816,14.651,23.481,11.439,6.154,49.062
U68127,50484,17.863,15.429,7.402,4.019,49.725
U68185,30033,16.898,20.76,10.412,5.72,49.419
U68213,25508,14.56,25.239,13.623,7.707,49.965
U68252,84731,18.719,15.007,7.077,4.114,50.042
U68335,37334,11.759,18.436,9.163,4.961,48.674
U68450,33565,15.522,22.592,10.857,5.762,49.123
U68552,43435,15.384,23.414,12.287,6.859,48.399
U68649,70283,13.531,15.318,7.116,3.819,49.823
U68696,30828,16.41,17.893,8.388,4.561,50.464
U68943,35926,15.632,19.888,9.829,5.394,50.003
U68970,85474,17.139,18.365,9.954,5.937,49.447
U69052,35636,14.999,21.29,10.773,5.433,49.501
U69072,34865,16.398,21.236,10.957,6.244,49.743
U69252,46156,17.764,17.118,8.181,4.233,49.571
U69393,45680,19.186,15.952,7.579,3.938,48.969
U69551,59002,14.366,23.413,11.474,5.742,48.902
U69575,52118,18.126,16.854,7.89,4.405,50.587
U69625,46261,18.716,15.825,7.445,4.148,50.034
U69695,52023,17.825,17.831,8.539,4.413,50.643
U69720,52736,15.708,21.892,10.736,5.973,49.171
U69841,47928,19.844,12.581,5.206,2.706,51.152
U69865,29659,15.729,16.757,8.2,4.467,51.266
U69901,37759,14.389,25.107,12.94,7.257,49.527
U70185,25871,11.932,19.3,9.648,5.504,50.423
U70212,32894,16.328,21.606,9.859,5.156,49.2
U70230,60102,17.091,17.753,8.717,4.689,50.248
U70326,46147,16.994,20.365,10.718,6.442,49.316
U70497,93637,14.934,22.215,10.546,5.71,49.498
U70624,29247,19.062,16.364,7.286,3.874,50.012
U70739,33121,15.193,23.758,12.485,7.137,48.673
U70886,35042,17.993,14.514,6.997,3.761,50.945
U71014,29113,18.71,9.762,3.651,2.085,52.688
U71089,55370,14.103,12.523,6.057,3.473,52.521
U71206,29721,14.801,9.741,4.293,2.429,50.183
U71550,59529,13.906,26.8,13.918,7.758,48.565
U71643,69748,17.672,18.412,8.397,4.774,48.558
U71716,77031,15.245,23.1,11.612,6.32,49.468
U71739,67408,18.042,8.361,3.231,1.789,53.33
U71777,52310,14.418,14.41,7.299,4.301,52.026
U71839,40549,11.325,3.433,1.253,0.72,51.387
U71897,51983,16.521,20.534,10.44,6.229,49.091
U71931,48307,15.081,24.143,12.605,7.028,49.098
U72114,39197,13.083,17.991,9.036,5.138,51.223
U72129,42874,22.704,10.466,4.593,2.561,49.594
U72156,53767,19.315,14.541,6.837,3.727,49.495
U72231,30516,15.661,17.466,9.008,5.243,48.692
U72309,50750,19.994,14.977,7.367,4.254,48.847
U72457,77139,11.556,25.322,13.8,7.598,51.348
U72604,29895,15.511,20.231,10.477,6.232,49.182
U72706,66269,14.488,23.024,11.357,6.095,50.985
U72748,33424,14.406,25.066,13.413,7.713,48.501
U72812,87322,14.953,22.458,11.008,5.764,49.604
U72848,61154,15.353,18.702,9.008,5.121,49.763
U72999,63069,16.455,18.898,8.865,4.65,50.204
U73005,53035,19.187,14.526,6.569,3.722,50.007
U73009,51696,15.295,15.396,7.608,4.252,51.41
U73010,37215,14.903,25.17,13.664,8.193,48.636
U73163,59845,13.065,8.489,3.335,1.821,51.463
U73212,47241,13.844,27.705,14.987,8.442,49.104
U73227,44021,19.302,10.568,4.373,2.415,51.314
U73296,37473,13.991,25.813,13.212,7.456,49.249
U73458,54109,11.59,7.703,3.182,1.739,49.787
U73478,41069,19.584,15.822,7.558,4.125,50.252
U73923,42802,15.948,24.06,13.525,8.546,48.516
U73966,33618,17.562,16.848,8.671,5.024,49.59
U74074,43199,16.637,18.373,8.602,4.47,49.469
U74229,28346,15.265,23.079,11.127,6.124,50.66
U74266,25886,15.572,26.13,14.239,8.132,48.648
U74544,38532,16.129,22.651,11.385,6.042,49.19
U74554,56172,15.898,16.487,7.821,4.549,52.492
U74798,78516,16.468,13.947,6.065,3.513,50.302
U74819,66517,20.444,13.648,6.4,3.497,49.88
U75018,58817,16.05,22.575,11.029,6.085,49.504
U75079,52302,12.529,29.672,15.713,8.818,49.059
U75268,76894,16.466,18.966,9.379,5.345,50.973
U75274,23106,13.226,33.316,18.822,11.209,48.252
U75375,36361,18.003,20.181,10.429,6.125,49.407
U75382,27769,18.488,13.63,6.126,3.183,51.802
U75449,54287,16.323,21.578,10.839,5.764,49.325
U75549,64248,18.016,18.698,9.124,4.867,49.542
U75847,40142,18.763,14.234,6.382,3.647,49.875
U76010,49657,5.762,7.054,2.892,1.581,46.986
U76028,46151,14.182,17.254,8.581,4.841,52.239
U76032,66814,12.723,29.329,15.147,8.149,48.592
U76122,89141,14.977,6.079,2.085,1.111,52.598
U76315,76099,15.327,22.226,11.81,6.62,48.867
U76349,38504,14.918,15.611,6.919,3.675,51.545
U76383,36835,16.435,19.981,9.822,5.307,49.054
U76419,58693,24.105,7.168,2.772,1.641,53.148
U76444,45780,7.717,10.795,5.697,3.331,51.597
U76572,31883,13.722,26.161,13.076,7.045,49.484
U76753,34702,17.956,17.964,8.025,3.957,49.81
U76772,56014,10.876,13.154,6.418,3.654,55.609
U76778,38264,16.661,11.679,5.041,2.702,49.929
U76801,29225,15.367,20.808,10.929,6.228,49.495
U76908,30409,17.837,16.87,7.587,3.815,49.443
U76977,27169,17.733,17.597,7.891,4.244,48.747
U77096,59904,13.971,23.374,11.357,6.195,49.578
U77170,40524,16.134,9.693,3.855,2.186,51.814
U77200,38992,15.213,24.32,11.769,6.196,49.059
U77203,26030,16.512,18.767,9.32,5.225,49.57
U77315,47668,19.674,8.138,2.897,1.406,51.62
U77416,33288,15.88,21.089,10.899,6.236,49.85
U77447,42791,15.975,21.6,11.671,6.529,48.945
U77584,45378,13.586,24.195,12.486,7.166,49.755
U77811,37257,14.067,10.991,4.541,2.534,53.045
U78157,169293,7.672,4.285,1.631,0.923,56.188
U78164,42832,14.856,24.323,12.829,7.473,48.569
U78207,104155,14.435,24.48,12.653,7.162,49.092
U78272,45119,13.052,7.959,3.367,1.942,50.704
U78361,47644,22.192,7.296,2.754,1.522,54.544
U78369,45930,17.675,18.099,9.451,5.408,49.308
U78443,34852,18.688,17.356,7.807,3.908,50.106
U78449,65455,15.962,18.579,9.064,4.809,49.681
U78462,23805,17.736,22.092,11.67,6.931,48.229
U78466,46171,19.703,13.11,6.236,3.641,50.287
U78490,52600,14.719,25.331,14.053,8.186,49.255
U78517,30325,11.842,10.912,4.462,2.387,49.111
U78528,44728,19.842,13.435,6.155,3.318,50.069
U78575,79894,16.94,16.295,8.046,4.561,49.12
U78604,47910,12.114,32.311,18.48,10.889,48.487
U78687,45945,14.818,13.022,6.001,3.297,50.728
U78694,73960,13.898,26.029,14.273,8.056,50.018
U78708,27651,16.148,12.669,5.269,2.861,50.664
U79003,35463,21.834,6.92,2.611,1.61,54.355
U79015,50336,15.16,21.317,10.595,5.914,50.886
U79019,40522,16.685,18.36,9.592,5.777,48.265
U79049,49206,18.158,13.393,6.168,3.406,51.571
U79121,68051,13.121,30.47,16.585,9.556,48.43
U79163,47261,17.122,18.231,8.832,4.816,50.83
U79246,52690,15.567,22.439,10.774,5.682,49.545
U79310,35909,13.994,24.977,12.93,6.898,48.748
U79313,38512,19.895,15.489,7.439,4.445,49.351
U79381,38984,18.818,16.668,8.28,4.748,49.266
U79397,24371,18.087,14.513,6.844,3.738,50.773
U79408,67968,15.975,19.828,9.112,4.842,50.029
U79433,53337,21.55,10.242,4.329,2.475,51.12
U79464,34917,16.41,18.913,9.812,5.298,50.271
U79523,39845,17.3,19.425,8.997,4.969,49.366
U79533,93398,16.163,19.715,9.513,5.063,50.131
U79546,21974,15.477,22.868,11.45,6.084,49.408
U79574,48715,12.479,33.844,19.329,11.36,47.794
U79587,65570,15.777,9.276,3.506,1.871,57.118
U79678,45364,16.207,21.605,11.344,6.157,49.182
U79722,26408,13.428,29.097,14.511,8.058,49.572
U79723,81673,16.846,19.972,10.536,6.309,49.03
U79764,43124,12.724,31.275,16.341,8.916,49.079
U79881,53993,16.678,20.119,10.092,5.638,48.96
U79932,38483,19.783,14.175,6.925,4.22,51.025
U79938,37423,17.845,18.812,9.438,4.772,49.691
U80019,78776,18.973,11.245,4.75,2.673,49.871
U80251,44617,14.815,23.937,13.118,7.979,49.138
U80264,35319,18.67,17.495,8.483,4.527,49.251
U80335,68775,17.413,16.093,7.696,4.346,50.338
U80470,46399,12.992,30.313,15.987,9.061,48.443
U80502,50792,13.862,26.904,14.646,8.092,48.657
U80633,36163,14.468,20.256,10.054,5.699,49.949
U80679,42267,16.467,19.46,10.292,5.806,49.348
U80710,69850,16.673,10.365,4.249,2.325,55.354
U80758,67286,15.232,21.999,11.439,6.489,49.356
U80779,46085,15.673,23.721,12.473,7.126,49.344
U81168,37803,15.337,22.596,11.782,6.534,48.951
U81184,36359,12.096,9.205,4.304,2.42,48.057
U81217,33159,19.859,12.163,5.811,3.17,50.481
U81307,34415,14.093,28.313,14.488,7.845,48.871
U81324,84506,14.417,10.282,4.434,2.416,51.786
U81398,47813,16.945,19.043,10.012,5.971,49.359
U81405,31614,16.391,19.308,9.119,4.599,49.889
U81415,34680,13.524,22.439,10.199,4.997,48.896
U81483,26830,11.551,31.446,15.27,8.01,49.605
U81818,36109,14.307,24.041,11.98,6.575,49.91
U81825,38433,15.778,20.818,9.297,5.118,49.608
U81930,87822,16.217,20.302,10.066,5.447,50.889
U81960,59042,13.043,11.72,5.301,2.93,50.178
U82047,58511,15.785,20.991,10.95,6.327,48.926
U82077,27623,14.249,23.611,11.65,6.596,49.868
U82095,38067,17.845,17.805,7.702,3.961,50.634
U82305,30553,19.559,13.262,6.062,3.319,50.722
U82404,47305,19.421,13.772,6.403,3.551,50.117
U82487,69103,14.383,17.271,8.833,5.223,50.445
U82499,60462,15.36,24.023,12.107,6.588,49.224
U82523,32823,12.412,32.715,16.72,9.216,48.85
U82536,48966,14.974,25.728,13.648,7.83,48.744
U82612,63029,14.324,21.947,11.182,6.311,49.791
U82712,70327,18.064,17.284,8.301,4.603,49.349
U82731,31027,13.063,29.033,15.026,8.222,48.387
U82789,47989,14.439,17.027,9.333,5.653,51.851
U83168,57777,15.241,8.934,3.382,1.961,51.387
U83279,53016,9.388,12.526,6.498,3.814,53.548
U83457,83329,8.164,5.997,2.453,1.346,50.189
U83494,30404,14.998,26.296,14.136,8.117,49.237
U83511,34142,15.904,22.31,11.376,6.567,48.626
U83524,58841,15.708,22.681,12.08,6.846,49.443
U83604,57994,17.119,15.31,6.968,3.883,49.614
U83990,65330,17.895,18.2,9.267,5.302,49.356
U84081,48646,12.529,16.217,8.488,4.814,51.077
U84150,34837,16.505,18.69,9.117,4.888,49.244
U84175,29214,15.554,21.729,10.96,6.059,49.534
U84178,31787,11.156,5.867,2.07,1.233,54.264
U84198,37947,13.645,27.088,13.403,7.16,48.067
U84263,43529,15.858,19.734,10.173,6.017,50.293
U84277,40704,12.817,31.931,17.362,9.879,48.546
U84294,39480,13.772,11.216,5.317,2.943,51.928
U84379,38136,18.4,17.076,8.006,4.248,49.531
U84454,41432,15.367,25.879,13.731,7.248,49.363
U84465,58365,15.235,24.208,12.285,6.655,49.127
U84490,49015,16.795,18.139,8.361,4.499,50.009
U84529,78928,15.96,22.033,11.162,6.303,49.474
U84537,26488,5.153,10.416,5.301,3.062,52.178
U84543,37000,20.281,13.768,6.357,3.489,49.386
U84550,45331,17.626,18.702,9.433,5.303,50.021
U84655,35872,15.982,10.139,4.519,2.779,51.731
U84846,82048,15.809,17.403,8.499,4.945,50.051
U85008,45693,18.344,17.515,8.054,4.443,50.743
U85067,39411,15.409,21.862,10.558,5.42,49.603
U85198,52290,16.152,20.023,9.964,5.642,49.82
U85257,49509,17.991,19.106,8.586,4.678,49.508
U85348,49829,12.551,33.597,19.396,11.22,47.689
U85476,86427,15.692,22.352,10.964,5.94,49.405
U85493,26554,13.41,27.201,14.533,7.969,49.273
U85644,50885,15.743,20.652,10.494,5.793,49.785
U85685,49516,16.451,21.157,10.401,5.643,49.782
U85744,40134,16.726,12.189,5.178,2.995,51.891
U85748,64017,19.885,8.509,3.215,1.732,53.869
U85953,60918,16.967,17.657,8.544,4.744,51.08
U85954,50941,21.062,12.094,5.147,2.634,50.48
U85986,72614,16.568,18.812,8.889,4.929,49.7
U86169,38571,17.368,18.397,9.442,5.328,48.801
U86258,51415,19.177,12.282,5.782,3.266,49.771
U86378,38091,23.423,5.537,1.696,0.667,50.726
U86433,31117,16.435,15.352,6.614,3.712,49.761
U86579,81788,18.096,14.245,6.448,3.596,50.029
U86623,44018,13.769,14.889,7.492,4.232,50.761
U86774,41205,14.401,27.225,14.132,8.082,49.259
U86881,48044,20.431,11.19,4.952,2.874,52.006
U86948,43361,15.92,23.369,12.62,7.02,48.892
U86966,38826,24.432,5.906,2.321,1.231,50.6
U87168,77926,9.78,7.679,3.08,1.59,50.694
U87170,52582,17.046,20.174,9.762,5.331,48.581
U87177,57897,15.918,22.471,11.714,6.387,49.089
U87199,35069,14.896,8.352,3.274,1.742,51.658
U87221,49298,16.471,22.011,10.503,5.749,49.116
U87255,42214,18.541,12.069,5.145,2.743,53.518
U87298,43870,18.47,10.397,4.249,2.33,51.678
U87332,40929,19.654,11.869,5.202,2.871,51.286
U87442,70687,17.163,17.812,8.931,4.888,49.391
U87478,29197,15.022,24.852,13.529,7.854,49.235
U87499,28600,16.451,20.259,10.154,5.559,50.035
U87508,42068,15.061,21.472,11.636,6.91,49.848
U87524,63214,17.02,22.054,12.568,7.831,48.477
U87666,24818,16.939,21.488,10.69,5.863,49.956
U87755,49437,14.734,22.307,11.586,6.532,50.547
U87769,59661,17.333,17.983,8.277,4.319,49.2
U87776,34664,16.954,9.442,3.56,2.094,54.336
U87787,55777,18.694,12.419,5.653,3.186,49.642
U87882,35848,18.154,15.348,7.311,4.184,49.707
U87914,42126,13.339,28.505,15.316,8.676,49.312
U87975,33700,11.831,31.131,16.677,9.288,48.893
U87998,40465,16.795,20.603,10.797,6.02,49.411
U88126,61567,16.449,16.728,8.368,4.692,49.471
U88179,39017,15.401,15.855,7.776,4.385,51.198
U88190,45277,15.809,13.676,6.286,3.43,51.492
U88254,51041,10.162,8.638,4.265,2.404,54.756
U88279,54811,16.283,21.35,11.085,6.305,49.698
U88280,48164,17.353,17.843,8.915,5.031,50.401
U88348,33926,15.711,18.924,8.784,4.454,50.486
U88368,59477,17.114,19.784,10.313,6.164,49.569
U88407,62120,17.473,18.242,9.825,5.703,48.886
U88414,62130,16.079,22.018,11.206,6.396,49.501
U88623,76352,15.279,22.091,10.914,5.911,49.862
U88743,48141,16.373,24.837,13.155,7.443,48.595
U88820,52406,16.777,18.103,8.772,4.91,49.3
U88890,33550,15.139,17.246,7.815,4.143,51.914
U89118,66055,14.941,22.257,10.705,5.915,49.645
U89131,61514,16.721,18.501,9.412,5.397,49.74
U89134,59443,21.103,7.621,2.813,1.467,52.837
U89141,67047,16.664,15.456,7.035,3.75,51.383
U89143,52525,14.578,17.885,9.165,5.331,52.687
U89154,45266,33.268,5.79,2.236,1.133,50.996
U89162,75543,15.626,21.089,10.714,5.934,50.264
U89375,32597,16.854,12.363,5.451,3.295,51.581
U89419,28807,17.957,18.482,10.924,6.682,49.384
U89554,48434,16.032,21.89,10.996,5.952,49.094
U89699,51034,12.468,31.816,16.097,8.486,49.152
U89762,53628,16.391,17.731,8.391,4.404,49.771
U89776,23047,21.912,9.884,3.445,1.835,53.204
U89806,71018,16.589,14.782,6.912,3.927,50.038
U90050,46305,16.875,15.206,7.356,4.231,50.841
U90095,40817,16.628,20.837,11.022,6.296,50.854
U90174,63218,16.546,16.718,8.3,4.625,49.606
U90175,33850,17.536,15.758,7.563,4.21,50.688
U90236,27781,14.064,9.103,3.924,2.163,53.382
U90309,36276,12.992,21.689,11.211,6.371,50.717
U90349,64767,15.786,21.868,10.675,5.813,49.162
U90453,42740,15.473,14.789,7.218,3.992,50.922
U90656,61147,16.776,18.442,8.753,4.579,49.603
U90673,67302,16.509,23.383,12.199,6.769,48.626
U90861,33470,11.987,34.362,19.05,11.374,48.112
U90977,46331,16.015,23.274,12.206,6.898,48.831
U91030,30599,16.733,18.867,9.304,5.213,48.688
U91110,67550,14.409,21.953,10.534,5.788,49.38
U91215,40584,11.374,34.528,18.276,10.179,48.918
U91254,61045,16.47,18.247,8.558,4.606,50.296
U91268,32521,19.304,17.327,8.847,5.28,48.464
U91286,47733,20.091,8.175,3.459,2.017,53.33
U91385,38813,3.901,3.043,1.394,0.706,53.969
U91471,37481,13.028,11.71,4.864,2.791,49.903
U91476,47119,19.272,13.239,5.862,3.232,50.434
U91762,62363,13.385,25.105,13.232,7.485,49.763
U91790,54560,14.355,22.665,11.639,6.677,49.771
U91844,70450,17.182,20.055,10.29,5.78,49.075
U91913,30323,13.491,29.074,14.758,8.119,49.243
U91930,41583,16.649,11.493,4.769,2.621,52.704
U91937,37485,13.317,27.792,14.55,7.947,49.628
U91979,41548,16.415,21.871,11.784,6.662,49.297
U92096,47598,15.904,23.186,11.58,6.446,49.218
U92100,25606,17.715,21.936,11.646,6.545,48.977
U92125,56473,16.725,15.73,8.013,4.719,50.452
U92128,38713,16.746,20.996,10.208,5.435,49.296
U92151,47081,16.973,18.201,9.239,5.403,49.128
U92223,54501,15.758,21.286,10.321,5.695,49.542
U92384,31837,15.394,23.765,12.96,7.975,48.833
U92558,39430,16.698,21.139,11.687,6.566,49.262
U92562,103875,16.503,20.529,10.355,5.803,49.863
U92581,37561,17.569,12.654,5.524,2.947,51.641
U92600,35899,16.867,20.299,10.276,6.042,49.681
U92720,52219,18.401,11.23,4.91,2.715,50.581
U92836,35193,17.188,9.695,4.146,2.327,51.451
U92874,34375,21.388,9.248,3.68,2.06,49.987
U92975,106006,18.48,16.061,7.555,4.23,50.715
U93045,48582,16.889,8.812,3.501,1.91,49.788
U93148,63209,15.412,21.475,10.973,6.403,49.045
U93165,39812,18.211,17.57,8.859,4.868,49.257
U93499,36640,17.385,13.895,5.63,2.983,50.322
U93573,28936,16.032,20.901,10.105,5.488,49.679
U93726,50601,15.644,23.792,12.488,6.939,48.262
U93827,42577,14.846,23.487,12.18,6.804,49.308
U93843,47561,15.614,21.114,10.099,5.483,50.291
U93998,49683,18.745,15.524,7.536,4.307,51.172
U94009,87144,15.916,19.849,9.664,5.249,49.951
U94037,30157,14.017,25.255,13.413,7.259,49.282
U94126,32033,17.357,7.255,2.323,1.111,50.932
U94184,61795,16.22,22.842,12.637,7.714,48.407
U94342,37269,11.913,4.298,1.613,0.885,56.245
U94373,59784,20.164,12.836,5.286,2.563,49.891
U94460,51085,15.85,22.161,10.322,5.604,49.018
U94664,33771,19.129,13.905,6.153,3.331,50.33
U94681,39312,11.284,36.48,20.007,11.432,48.693
U94747,40375,15.393,9.714,3.733,2.09,53.635
U94879,20463,13.659,25.617,12.046,6.299,49.289
U94996,31715,16.248,24.323,13.656,8.018,48.412
U95154,63123,15.025,14.797,7.394,4.369,50.039
U95193,59384,15.819,20.438,9.622,4.949,49.251
U95344,48469,17.599,19.148,9.994,5.956,49.477
U95499,47959,16.566,20.891,10.509,5.48,49.478
U95574,47485,16.818,16.249,8.171,4.686,50.692
U95654,46943,14.62,26.087,13.881,7.912,48.861
U95672,65086,14.82,18.114,9.606,5.757,49.044
U95792,39862,15.463,20.752,10.775,6.023,49.88
U95892,24736,14.582,26.848,14.881,8.672,48.63
U96077,27534,12.156,36.558,20.876,12.138,47.817
U96099,35193,13.338,24.516,13.736,8.274,49.112
U96127,44331,14.879,23.679,12.316,6.745,49.275
U96198,61063,16.552,18.908,9.009,4.864,50.468
U96202,29878,13.666,26.103,12.431,6.537,49.856
U96282,64240,2.749,0.535,0.126,0.059,49.556
U96386,36166,17.776,18.802,9.033,4.905,50.064
U96425,21381,16.449,20.294,10.912,6.73,49.291
U96434,57983,17.134,14.632,7.173,3.874,49.299
U96568,52283,14.211,24.302,12.017,6.335,49.823
U96599,53355,14.542,11.858,4.71,2.686,51.549
U96653,51186,18.753,16.192,7.783,4.089,51.061
U96870,67771,15.4,18.71,9.148,5.088,50.587
U97051,67506,16.929,18.351,9.527,5.546,49.542
U97101,34189,13.142,27.102,13.566,7.163,49.162
U97340,37653,16.827,17.672,8.422,4.69,49.842
U97460,21849,14.756,26.555,14.788,8.495,49.247
U97645,29985,17.152,17.072,7.867,4.269,48.948
U97650,53424,12.766,9.919,4.513,2.439,51.544
U97651,43435,19.371,15.423,7.881,4.379,49.211
U97695,40674,13.003,27.531,14.83,8.583,48.537
U97785,48576,15.411,23.596,11.93,6.666,48.462
U97801,33440,18.206,18.577,9.061,5.15,50.484
U97806,37186,16.42,21.403,11.494,6.744,48.142
U97855,25562,15.421,22.471,11.486,6.819,49.933
U98004,83055,17.351,11.496,4.981,2.681,51.391
U98116,52692,16.452,16.181,8.119,4.367,50.144
U98152,49564,14.983,25.212,13.429,7.487,49.35
U98167,57208,11.476,8.911,4.401,2.577,51.772
U98291,45736,18.762,13.672,6.389,3.564,50.56
U98318,29869,14.102,21.574,11.219,6.575,48.351
U98408,65131,14.796,10.5,4.233,2.34,50.841
U98432,47867,15.608,20.576,10.362,5.71,50.147
U98513,38168,21.293,14.054,6.16,3.474,48.9
U98530,33091,16.633,20.58,10.834,5.712,49.134
U98548,29688,15.565,17.098,8.418,4.79,50.145
U98580,40368,15.156,22.31,11.702,6.508,49.284
U98623,17554,17.802,14.51,6.785,3.72,50.148
U98785,67825,14.173,23.652,13.135,7.698,48.904
U98974,44070,13.215,29.317,14.658,8.098,49.794
U98994,48999,15.237,20.882,10.272,5.672,50.86
U99055,53639,17.681,18.356,8.924,4.907,50.141
U99194,98896,16.499,18.266,8.267,4.436,50.506
U99355,51952,14.236,11.819,4.801,2.668,51.417
U99438,101376,15.215,21.196,10.209,5.475,49.832
U99463,111021,15.148,21.465,11.247,6.247,49.555
U99474,40312,15.578,12.686,5.738,3.299,52.18
U99739,45455,15.211,20.603,11.594,6.906,49.262
U99971,59793,17.134,16.539,7.879,4.322,50.294
Y00020,9103,8.997,8.656,3.405,1.813,52.763
Y00026,2790,18.28,14.301,5.699,3.011,51.004
Y00033,6984,23.726,6.472,2.033,0.888,50.702
Y00050,6998,18.905,14.647,6.502,3.43,51.729
Y00054,102,0.0,4.902,0.98,0.0,78.431
Y00056,689,0.0,5.951,0.581,0.145,84.761
Y00057,15699,19.434,7.943,2.886,1.541,51.526
Y00060,582,0.0,4.296,0.687,0.172,75.43
Y00078,5524,18.338,16.112,7.929,4.544,50.724
Y00080,7405,14.018,28.17,14.004,6.82,49.169
Y00081,32,0.0,0.0,0.0,0.0,87.5
Y00090,8389,17.356,10.061,4.47,2.491,53.463
Y00137,32544,19.168,14.571,6.858,4.056,50.953
Y00140,2143,16.612,23.052,11.013,6.253,52.45
Y00155,10847,20.725,7.016,2.978,1.779,53.13
Y00159,31613,20.261,13.001,5.893,3.41,49.796
Y00182,1034,15.667,0.29,0.0,0.0,65.377
Y00184,9828,18.834,3.917,1.231,0.672,60.623
Y00185,11506,17.174,14.792,7.37,4.154,49.2
Y00186,1679,23.407,6.135,1.727,0.893,56.641
Y00200,4504,12.234,8.859,3.308,1.643,47.069
Y00206,10018,17.868,6.967,2.635,1.477,52.016
Y00228,2498,20.697,6.005,1.962,1.281,51.121
Y00252,3034,15.854,24.258,11.931,6.46,49.769
Y00265,16108,23.1,3.588,1.006,0.503,52.632
Y00278,3778,20.778,12.414,5.717,3.362,51.244
Y00286,3459,16.305,19.37,9.02,4.712,48.02
Y00293,9432,15.765,24.12,11.98,6.478,49.47
Y00297,4968,17.13,21.88,11.373,6.502,49.275
Y00312,4559,21.759,10.902,4.694,2.281,47.686
Y00316,5810,16.558,11.876,6.024,3.253,47.952
Y00344,1641,7.313,1.219,0.305,0.183,80.987
Y00347,5502,15.304,20.974,10.923,5.78,50.582
Y00351,12055,17.213,15.321,6.786,3.791,51.92
Y00352,23700,19.709,6.063,2.08,1.059,53.38
Y00399,4068,14.331,23.402,12.193,6.268,51.524
Y00403,7905,12.094,3.491,0.848,0.405,50.601
Y00411,11699,19.258,15.899,6.505,3.402,49.902
Y00412,5626,17.064,9.758,3.679,2.204,55.421
Y00437,10703,20.807,9.381,3.691,1.906,50.182
Y00445,19217,20.529,8.55,3.393,1.551,53.375
Y00446,3157,13.209,23.282,11.15,6.969,50.269
Y00469,11893,18.65,18.397,8.795,4.599,49.079
Y00471,8050,15.193,7.23,2.646,1.602,55.901
Y00475,5302,14.975,25.085,13.127,6.696,49.095
Y00486,7465,20.268,9.98,4.407,2.384,51.132
Y00492,8960,22.801,3.259,0.737,0.391,53.583
Y00507,3944,13.007,9.863,4.057,2.257,46.095
Y00560,18192,24.126,10.274,4.54,2.457,48.439
Y00568,4811,13.739,10.705,5.196,3.076,52.234
Y00612,4667,17.442,11.463,3.75,2.143,50.804
Y00726,5640,21.294,14.911,6.472,3.351,49.468
Y00758,2554,20.908,12.608,5.638,3.211,51.605
Y00774,5109,12.84,24.976,13.055,7.34,52.28
Y00902,3423,12.796,8.034,3.067,1.636,53.9
Y00918,6693,18.094,13.507,5.364,2.958,51.337
Y00969,11729,12.618,29.5,14.716,7.903,48.853
Y00996,3969,10.28,0.731,0.227,0.126,80.751
Y00999,11568,22.121,8.826,3.432,1.686,50.104
Y01008,54207,16.112,23.006,11.672,6.602,49.486
Y01011,10840,15.424,8.902,3.699,2.103,49.594
Y01050,7627,13.859,26.065,14.016,6.752,46.467
Y01051,8435,11.12,30.136,15.483,8.263,50.48
Y01057,1088,0.0,3.768,0.276,0.092,86.397
Y01066,8384,15.124,6.477,2.421,1.324,49.75
Y01068,4981,23.268,4.999,1.827,1.064,52.018
Y01090,8688,17.254,6.941,2.808,1.611,54.109
Y01108,3913,16.432,14.209,6.389,3.246,50.396
Y01118,3466,18.061,16.849,6.924,4.039,52.135
Y01127,6637,13.425,29.486,14.223,8.302,46.904
Y01132,12822,12.635,12.752,5.771,3.174,53.252
Y01163,3907,13.053,29.23,15.741,8.293,49.808
Y01206,9737,13.937,22.43,11.79,6.809,50.395
Y01221,3348,12.366,14.964,5.376,2.897,54.779
Y01262,38,0.0,2.632,0.0,0.0,86.842
Y01280,2424,19.719,6.766,2.269,1.403,54.868
Y01281,4684,12.233,31.234,17.997,11.272,49.637
Y01291,10448,19.075,14.51,7.236,4.537,49.167
Y01652,6123,11.694,32.631,16.283,8.672,48.947
Y01655,9965,15.093,8.259,3.041,1.315,49.634
Y01690,7429,19.908,10.015,4.657,2.692,51.528
Y01695,4148,17.84,6.365,2.073,0.844,53.905
Y01719,9089,24.315,6.194,2.454,1.309,49.158
Y01756,6319,16.126,23.469,10.872,6.267,50.467
Y01794,14897,16.607,20.145,9.989,5.639,50.111
Y01795,8919,23.086,7.142,2.556,1.368,49.669
Y01812,11355,18.239,16.768,8.199,4.553,48.692
Y01839,7446,18.292,9.2,3.532,1.759,48.482
Y01922,11995,11.855,30.254,15.431,8.445,48.67
Y01924,72,0.0,23.611,12.5,2.778,63.889
Y01929,52088,20.164,12.596,5.402,2.847,50.574
Y01948,2468,16.045,4.822,1.337,0.567,60.413
Y01964,28909,24.131,9.506,3.995,2.2,48.971
Y02002,22341,6.548,1.522,0.358,0.17,51.52
Y02045,4,0.0,0.0,0.0,0.0,100.0
Y02117,14176,12.655,8.825,3.224,1.806,51.841
Y02177,6895,19.985,10.341,4.119,2.001,50.645
Y02212,2653,17.942,17.753,8.481,4.599,51.15
Y02274,3845,22.965,6.996,2.133,0.988,50.143
Y02319,7688,24.102,3.018,0.728,0.286,53.707
Y02321,5686,22.705,13.102,6.296,3.043,49.578
Y02322,9787,21.355,11.515,5.17,2.687,50.792
Y02325,5285,25.014,6.263,2.384,1.211,51.069
Y02332,17843,20.748,9.382,3.839,2.197,53.679
Y02342,9879,17.613,5.375,1.822,0.921,57.89
Y02354,9004,15.093,21.89,12.05,7.386,51.044
Y02378,6388,15.764,18.723,9.173,5.009,50.047
Y02423,45119,13.052,7.959,3.367,1.942,50.704
Y02463,13156,19.223,3.116,0.692,0.274,53.557
Y02466,12451,23.653,7.718,3.502,1.839,49.747
Y02469,9902,21.682,7.19,2.393,1.192,51.333
Y02476,14990,16.451,3.602,1.254,0.607,53.596
Y02494,8944,19.264,2.292,0.559,0.179,54.629
Y02510,6871,18.571,14.481,7.175,4.075,48.173
Y02517,17481,14.467,18.431,8.89,4.708,50.066
Y02519,10147,21.277,6.495,2.385,1.114,52.212
Y02520,5376,24.535,5.804,2.102,1.135,49.07
Y02521,10091,22.475,12.011,5.014,2.864,49.678
Y02526,68,1.471,7.353,2.941,2.941,75.0
Y02567,6074,28.778,6.355,2.14,1.301,49.078
Y02571,8608,21.747,10.56,4.984,2.474,49.198
Y02575,22640,24.876,4.655,1.577,0.826,51.528
Y02578,12740,4.207,2.033,0.549,0.22,53.556
Y02586,5127,25.005,5.754,2.067,0.936,51.531
Y02589,10710,11.289,4.874,1.494,0.812,50.616
Y02594,2976,20.027,20.464,10.148,6.586,47.043
Y02605,4177,20.589,13.0,5.818,2.945,48.791
Y02606,6285,22.928,8.64,2.689,1.161,51.472
Y02611,17991,24.862,7.354,3.074,1.606,47.907
Y02622,16328,5.653,1.341,0.276,0.055,52.297
Y02625,1179,0.0,91.433,77.439,60.39,40.543
Y02626,4602,21.556,13.407,5.954,3.238,51.347
Y02627,12034,24.963,11.484,5.385,3.233,49.742
Y02633,5935,14.676,25.695,12.064,6.352,49.587
Y02636,6701,22.385,8.029,4.059,2.88,51.619
Y02639,9691,23.135,8.482,3.137,1.837,50.108
Y02645,20,0.0,10.0,0.0,0.0,85.0
Y02646,10635,23.752,5.548,2.144,0.95,49.788
Y02653,4360,22.385,13.876,7.018,4.083,48.05
Y02657,8487,22.729,12.478,5.632,2.828,48.674
Y02663,4405,22.951,11.986,4.858,2.611,47.877
Y02669,5220,16.762,11.782,4.157,1.973,52.261
Y02671,18521,19.95,6.236,1.906,0.88,53.777
Y02672,13971,20.958,5.977,1.94,0.902,51.779
Y02674,540,0.0,6.667,1.111,0.556,80.556
Y02676,9375,6.688,3.403,1.024,0.448,54.155
Y02684,3803,19.642,8.283,2.367,1.157,53.405
Y02686,9097,14.928,2.616,0.649,0.22,52.655
Y02692,15874,16.587,3.792,1.033,0.435,56.029
Y02701,8265,22.323,7.804,2.553,1.222,50.502
Y02707,7004,19.275,12.75,5.525,2.684,49.415
Y02713,4513,20.917,11.81,4.609,2.415,50.853
Y02718,4670,22.034,13.897,6.445,3.405,48.501
Y02720,4678,25.139,6.285,2.009,1.133,48.974
Y02721,5162,26.986,6.8,2.867,1.259,48.605
Y02736,7182,24.909,5.681,1.866,0.863,50.07
Y02751,11352,14.359,8.835,4.686,3.083,53.717
Y02753,6225,24.996,9.012,3.373,1.735,49.012
Y02755,9607,24.701,5.798,1.77,0.739,52.587
Y02757,13538,24.501,7.756,3.088,1.788,49.911
Y02767,6674,21.322,7.836,3.566,1.993,50.554
Y02769,8185,21.136,9.737,4.582,2.297,49.969
Y02790,7609,27.099,5.914,2.142,1.143,52.385
Y02794,12542,30.131,3.867,1.403,0.813,50.941
Y02795,5346,22.091,8.268,3.161,1.758,49.85
Y02807,13037,24.661,4.019,1.135,0.491,51.131
Y02811,11656,24.271,9.9,4.35,2.368,47.255
Y02827,4972,23.13,5.451,1.83,1.106,52.192
Y02842,9020,13.115,6.741,2.217,1.064,50.122
Y02847,10734,7.537,3.27,0.811,0.373,54.416
Y02849,15452,6.679,1.469,0.246,0.116,57.585
Y02867,4820,20.415,10.788,5.207,2.967,53.174
Y02873,97,0.0,6.186,0.0,0.0,75.258
Y02875,4873,23.086,6.259,2.216,0.821,53.109
Y02885,4287,24.656,6.345,2.473,1.213,49.778
Y02886,4604,19.396,11.642,4.865,2.15,50.369
Y02890,6595,17.892,4.655,1.562,0.804,53.707
Y02893,22429,23.296,11.249,4.994,2.911,50.613
Y02900,22111,24.44,4.211,1.104,0.398,51.219
Y02906,9667,13.82,6.269,2.648,1.459,48.443
Y02928,24067,16.504,3.553,0.868,0.424,49.358
Y02933,8835,23.95,9.904,4.12,1.969,49.202
Y02936,3509,22.599,9.803,4.531,2.223,50.499
Y02946,8499,8.836,2.247,0.612,0.2,54.559
Y02960,6401,20.481,4.046,1.234,0.594,57.397
Y02973,9052,23.917,6.838,2.099,1.027,50.144
Y02974,12610,20.896,4.021,1.118,0.515,51.031
Y02986,5232,15.386,4.377,1.089,0.401,51.491
Y02987,32988,20.474,4.562,1.698,0.919,54.777
Y03023,33023,18.336,4.421,1.52,0.833,51.831
Y03035,21384,14.876,14.249,5.967,3.077,49.317
Y03049,17683,23.011,6.04,2.126,1.165,50.981
Y03052,14756,20.371,14.726,6.628,3.551,49.478
Y03063,8060,10.025,7.407,2.432,1.452,54.665
Y03079,16132,19.285,15.987,7.643,4.035,49.417
Y03103,298,0.0,6.04,1.007,0.0,84.899
Y03124,5528,20.351,15.539,7.959,4.269,48.444
Y03135,9099,8.803,9.54,3.66,2.231,55.38
Y03222,6790,14.801,25.803,12.901,6.76,49.926
Y03303,2,0.0,50.0,0.0,0.0,100.0
Y03366,5661,24.695,7.472,2.685,1.66,52.588
Y03402,18716,18.77,8.992,3.115,1.672,51.213
Y03441,9783,9.435,4.6,1.574,0.716,50.158
Y03584,91,0.0,4.396,1.099,0.0,86.813
Y03595,6835,15.977,21.917,11.5,6.35,50.183
Y03597,7836,27.973,5.117,1.838,1.136,51.149
Y03602,6156,13.889,27.956,13.483,7.57,49.529
Y03663,9634,16.307,8.657,3.654,2.076,49.741
Y03664,8300,15.747,11.12,4.807,2.807,54.265
Y03755,14025,14.831,8.62,4.877,3.387,47.8
Y04225,1188,0.0,83.754,69.444,55.135,45.875
Y04266,3938,17.699,18.994,9.142,5.891,51.473
Y04273,20584,13.928,2.706,0.656,0.291,50.564
Y04662,6243,28.384,4.693,1.297,0.577,48.118
Y04664,4354,12.977,29.582,15.526,8.636,49.058
Y04809,2614,22.035,11.438,4.093,1.568,49.005
Y04882,3418,17.554,17.934,9.626,5.705,52.077
Y04884,3268,13.005,23.776,12.332,6.61,49.939
Y04925,8221,21.275,8.636,3.503,1.885,49.41
Y04957,32929,15.044,23.775,12.117,6.818,49.592
Y04965,21862,21.672,5.978,2.502,1.473,52.708
Y04969,4847,24.407,8.149,3.734,2.084,49.804
Y04977,5543,16.219,19.43,9.237,5.142,50.947
Y04995,18900,16.005,19.561,9.196,4.767,50.556
Y05023,5014,19.306,18.907,8.636,4.567,49.083
Y05080,3138,15.997,9.72,3.219,1.721,55.672
Y05167,13232,20.224,4.187,1.096,0.529,57.928
Y05212,6036,21.554,8.863,3.595,1.905,51.359
Y05248,3348,17.384,16.995,7.019,3.823,50.568
Y05286,17317,22.51,11.047,4.937,2.731,48.946
Y05317,7302,16.516,13.914,5.998,3.424,47.823
Y05318,5653,15.337,15.089,6.262,3.503,49.797
Y05330,4569,12.869,3.524,1.094,0.547,49.42
Y05346,3609,18.26,11.139,3.685,1.829,49.349
Y05349,5893,12.914,2.613,0.747,0.187,56.253
Y05363,3209,20.193,15.176,6.949,3.771,49.673
Y05364,3669,21.177,10.848,4.034,2.262,48.542
Y05369,6833,17.562,17.181,8.781,4.756,49.524
Y05412,3,0.0,0.0,0.0,0.0,100.0
Y05622,5527,27.936,7.273,3.003,1.628,48.272
Y05690,7229,21.69,12.381,5.464,3.043,48.084
Y05733,6219,17.479,15.758,7.622,4.261,51.021
Y05750,125,0.0,2.4,0.8,0.8,75.2
Y05826,6545,26.203,3.759,1.131,0.611,54.026
Y05857,141,0.0,24.823,8.511,3.546,63.121
Y06007,8594,16.907,12.52,5.713,3.025,49.511
Y06095,23,0.0,0.0,0.0,0.0,69.565
Y06113,455,0.0,94.286,81.538,64.615,38.462
Y06218,9781,21.225,9.876,3.957,2.014,50.373
Y06275,6332,17.641,13.582,5.891,2.701,53.395
Y06345,1462,0.0,94.596,85.91,75.376,32.627
Y06356,9353,18.005,14.701,6.811,3.785,50.775
Y06378,6471,22.964,5.069,2.163,1.561,55.076
Y06389,1215,4.198,3.292,2.634,2.058,89.218
Y06443,12763,17.002,19.079,9.794,5.586,48.97
Y06499,268,2.239,9.328,3.358,1.119,82.463
Y06545,201,0.0,4.975,0.0,0.0,80.1
Y06592,221,0.0,5.43,0.452,0.452,75.566
Y06659,3306,16.576,18.149,8.5,5.354,50.242
Y06792,7727,24.744,8.386,3.507,1.889,49.735
Y06810,15980,22.015,7.372,2.516,1.039,50.044
Y07014,14211,18.901,13.011,6.776,3.673,51.502
Y07020,254,0.0,55.512,36.22,29.134,51.181
Y07025,8054,16.365,15.185,6.891,3.874,51.925
Y07040,112,0.0,8.036,0.893,0.0,79.464
Y07057,12071,17.612,16.047,7.721,3.827,50.799
Y07059,19222,18.604,16.7,7.502,4.125,50.005
Y07060,24143,16.377,13.95,6.557,3.699,53.283
Y07275,2849,16.357,18.112,9.266,4.914,51.141
Y07697,72,0.0,5.556,1.389,0.0,81.944
Y07819,39,0.0,7.692,0.0,0.0,82.051
Y08082,8,0.0,0.0,0.0,0.0,87.5
Y08371,4277,25.228,2.525,0.772,0.374,46.902
Y08411,312,0.0,88.782,67.308,55.449,39.423
