Practice_Code,Practice_Name,IMD_Score_2025
E92000001,England,21.80951
A81001,The Densham Surgery,33.519
A81002,Queens Park Medical Centre,31.289
A81004,Acklam Medical Centre,24.556
A81005,Springwood Surgery,16.448
A81006,Tennant Street Medical Practice,34.168
A81007,Bankhouse Surgery,39.266
A81009,Village Medical Centre,37.658
A81011,Chadwick Practice,39.264
A81012,Westbourne Medical Centre,52.819
A81013,Brotton Surgery,33.112
A81014,Queenstree Practice,24.605
A81016,Park Surgery,48.445
A81017,Woodbridge Practice,18.095
A81018,Bentley Medical Practice,30.83
A81019,Crossfell Health Centre,52.403
A81020,Martonside Medical Centre,34.039
A81021,Normanby Medical Centre,37.744
A81022,Hillside Practice,30.908
A81023,The Endeavour Practice,49.491
A81025,The Dovecot Surgery,35.479
A81026,Linthorpe Surgery,45.894
A81027,Yarm Medical Practice,9.338
A81029,Prospect Surgery,51.902
A81030,Borough Road & Nunthorpe Medical Group,27.62
A81031,Havelock Grange Practice,41.823
A81032,The Garth,19.97
A81034,Thornaby & Barwick Medical Group,19.839
A81035,Newlands Medical Centre,45.836
A81036,Norton Medical Centre,28.162
A81037,The Erimus Practice,48.365
A81038,Hirsel Medical Centre,48.015
A81039,Eaglescliffe Medical Practice,9.704
A81040,Marsh House Medical Practice,24.82
A81041,Hart Medical Practice,36.937
A81042,South Grange Medical Group Practice,45.96
A81044,Mckenzie House Surgery,38.436
A81045,The Coatham Road Surgery,32.092
A81046,Woodlands Family Medical Centre,31.481
A81048,Zetland Medical Practice,16.789
A81049,Kings Medical Centre,49.632
A81051,Cambridge Medical Group,30.957
A81052,The Green House Surgery,27.355
A81053,Woodside Surgery,38.762
A81054,The Saltscar Surgery,29.987
A81056,Melrose Surgery,25.007
A81057,Kingsway Medical Centre,27.31
A81058,Coulby Medical Practice,28.117
A81060,The Koh Practice,36.759
A81063,The Headland Medical Centre,40.061
A81064,The Discovery Practice,50.017
A81065,The Eston Surgery,49.487
A81066,Park Lane Surgery,17.563
A81067,Alma Medical Centre,39.069
A81070,Mckenzie Group Practice,33.149
A81602,Dr Rasool,22.051
A81608,Elm Tree Surgery,44.955
A81610,The Roseberry Practice,24.232
A81611,Parkway Medical Centre,26.45
A81612,The Patel Practice,24.26
A81618,Huntcliff Surgery,20.66
A81621,Thorntree Surgery,65.449
A81622,Gladstone House Surgery,45.484
A81629,Riverside Medical Practice,41.238
A81631,West View Millenium Surgery A,37.629
A82003,Ulverston Health Centre (Murray),13.747
A82004,Alston Medical Practice,23.341
A82005,Ambleside Health Centre,15.256
A82006,Appleby Medical Practice,18.93
A82007,Duke Street Surgery,31.035
A82008,Norwood Medical Centre,28.468
A82009,Bridgegate Medical Centre,28.118
A82010,Abbey Road Surgery,22.003
A82012,Brampton Medical Practice,16.183
A82013,Upper Eden Medical Practice,20.792
A82014,Caldbeck Surgery,18.072
A82015,Warwick Road Surgery,28.022
A82016,Carlisle Healthcare,22.718
A82018,Spencer St Surgery,23.763
A82020,Eden Medical Group,24.47
A82021,Castlegate and Derwent Surgery,13.264
A82022,Dalston Medical Group,13.593
A82023,Distington Surgery,22.054
A82024,Seascale Health Centre,17.53
A82025,Captain French Surgery,13.28
A82026,The James Cochrane Pract.,11.243
A82027,Station House Surgery,12.206
A82028,Castlehead Medical Centre,13.52
A82029,The Croft Surgery,17.633
A82030,Lunesdale Surgery,11.228
A82031,Shap Medical Practice,19.593
A82032,Maryport Health Services,33.413
A82033,Waterloo House Surgery,26.009
A82035,Birbeck Medical Group,14.643
A82036,The Lakes Medical Practice,14.519
A82037,Silloth Group Medical Practice,25.096
A82038,Temple Sowerby Medical Practice,16.77
A82039,Dalton Surgery,17.857
A82041,Lowther Medical Centre,26.695
A82044,Fellview Healthcare,27.119
A82045,Wigton Group Medical Practice,22.173
A82046,Windermere Health Centre,12.641
A82047,James Street Group Pract,31.602
A82053,Nutwood Medical Practice,11.687
A82055,Aspatria Medical Group,25.197
A82062,Atkinson Health Centre,33.236
A82064,Westcroft House Surgery,24.227
A82068,Ulverston Community Health Centre,14.6
A82070,St Mary's Surgery,12.285
A82071,Burnett Edgar Medical Ctr,23.754
A82072,Risedale Surgery,31.266
A82075,Mansion House Surgery,27.926
A82608,Sedbergh Medical Practice,13.526
A82613,Wraysdale House Surgery,16.769
A82617,Kirkoswald Surgery,15.277
A82620,Glenridding Health Centre,16.431
A82629,The Family Practice,33.069
A82631,Court Thorn Surgery,14.703
A82646,Longtown Medical Centre,31.196
A82647,Cartmel Surgery,12.787
A82650,Haverthwaite Surgery,15.992
A82651,Duddon Valley Medical Practice,16.85
A82654,Warwick Square Group Practice,24.934
A83001,St andrew's Medical Practice,25.341
A83003,Willington Medical Group,36.135
A83005,Whinfield Medical Practice,24.971
A83006,Orchard Court Surgery,26.155
A83007,Blackhall and Peterlee Practice,40.828
A83008,Hallgarth Surgery,45.455
A83009,Bridge End Surgery,21.995
A83010,Moorlands Surgery,22.253
A83011,Claypath & University Medical Group,10.293
A83012,William Brown Centre,40.149
A83013,Neasham Road Surgery,34.623
A83014,Belmont & Sherburn Medical Group,21.479
A83015,Station View Medical Centre,34.998
A83016,Tanfield View Medical Group,36.52
A83018,Consett Medical Centre,25.15
A83020,North House Surgery,31.292
A83021,Auckland Medical Group,35.641
A83022,The Medical Group,27.994
A83023,Stanley Medical Group,37.669
A83024,West Rainton Surgery,27.071
A83025,Bishopgate Medical Centre,38.81
A83026,Sacriston Medical Centre,26.01
A83027,Coxhoe Medical Practice,20.97
A83028,Middle Chare Medical Group,21.642
A83029,Great Lumley Surgery,18.858
A83030,Dunelm Medical Practice,21.477
A83031,Carmel Medical Practice,15.315
A83032,Woodview Medical Practice,29.943
A83033,Pelton & Fellrose Medical Group,25.952
A83034,Blacketts Medical Practice,28.261
A83035,The Weardale Practice,23.026
A83036,Chastleton Medical Group,8.812
A83037,Bewick Crescent Surgery,28.189
A83038,Cedars Medical Group,19.23
A83040,Clifton Court Medical Practice,33.663
A83041,Murton Medical Centre,35.619
A83043,Old Forge Surgery,23.236
A83044,The Horden Group Practice,43.883
A83045,Ferryhill and Chilton Medical Practice,42.69
A83046,Barnard Castle Surgery,17.14
A83047,Denmark Street Surgery,31.337
A83048,Rockliffe Court Surgery,13.443
A83049,Queens Road Surgery,22.522
A83050,Cestria Health Centre,20.759
A83051,Marlborough Surgery,31.725
A83052,Bishops Close Medical Practice,26.661
A83054,Skerne Medical Group,21.247
A83055,Cheveley Park Medical Ctr,13.84
A83057,East Durham Medical Group,39.84
A83060,Pinfold Medical Practice,28.117
A83061,Gainford Surgery,16.904
A83066,Jubilee Medical Group,34.694
A83070,St George's Medical Practice,15.726
A83071,The New Seaham Medical Group,30.81
A83072,Lanchester Medical Centre,17.451
A83073,Drs Lambert & Ng,38.262
A83074,Pease Way Medical Centre,33.51
A83075,Byron Medical Practice,33.088
A83610,Wingate Medical Practice Intrahealth,34.943
A83616,Bevan Medical Group,39.983
A83617,Browney House Surgery,24.982
A83618,Oakfields Health Group,27.268
A83619,Southdene Medical Centre,40.04
A83622,The Haven Surgery,32.45
A83626,Evenwood Medical Practice,39.182
A83627,Silverdale Family Practice,34.937
A83634,West Cornforth Medical Centre,43.247
A83635,Bowburn Medical Centre,22.583
A83636,Leadgate Surgery,29.307
A83637,Villages Medical Group,33.976
A83641,Parkgate Surgery,38.172
A83644,Annfield Plain Surgery,38.691
A84002,The Rothbury Practice,16.059
A84005,Bedlingtonshire Medical Group,23.014
A84006,Alnwick Medical Group,16.23
A84007,Ponteland Medical Group,8.105
A84008,Belford Medical Practice,20.812
A84009,Railway Medical Group,34.281
A84011,White Medical Group,8.228
A84013,The Gables Medical Group,31.499
A84014,Marine Medical Group,32.244
A84016,Prudhoe Medical Group,14.933
A84018,Corbridge Health Centre,11.875
A84020,Guidepost Medical Group,26.789
A84022,Coquet Medical Group,23.979
A84024,Burn Brae Medical Group,13.966
A84025,Cramlington Medical Group,22.054
A84026,Well Close Medical Group,23.028
A84027,Bellingham Practice,23.585
A84028,Seaton Park Medical Group,33.74
A84029,Northumberland Health,18.958
A84030,Village Medical Group,19.579
A84031,Greystoke Surgery,13.704
A84033,The Sele Medical Practice,14.199
A84034,Haltwhistle Medical Group,23.021
A84035,Riversdale Surgery,14.308
A84036,Valens Medical Partnership,26.775
A84037,Netherfield House,23.433
A84038,Forum Family Practice,18.487
A84039,Gas House Lane Surgery,13.616
A84040,Humshaugh & Wark Med Grp,19.624
A84042,Scots Gap Medical Group,17.909
A84044,Union Brae & Norham Prac,23.129
A84045,Haydon Bridge & Allendale Medical Pract,20.376
A84047,Branch End Surgery,11.374
A84604,Wooler Health,21.775
A84614,The Adderlane Surgery,18.581
A84619,Elsdon Avenue Surgery,19.759
A85001,Fell Tower Medical Centre,20.142
A85002,Bensham Family Practice,32.773
A85004,Longrigg Medical Centre,31.307
A85005,Oxford Tce & Rawling Rd Medical Group,36.617
A85006,Glenpark Medical Centre,27.646
A85007,Fell Cottage Surgery,20.021
A85008,Birtley Medical Group,24.584
A85009,Crowhall Medical Centre,37.883
A85010,Chainbridge Medical Partnership,21.21
A85011,St. Albans Medical Group,37.946
A85013,Millennium Family Practice,35.309
A85014,Crawcrook Medical Centre,19.621
A85016,Wrekenton Medical Group,36.366
A85017,Bewick Road Surgery,42.839
A85018,Oldwell Surgery,26.136
A85019,Central Gateshead Medical Group,38.053
A85020,Whickham Cottage Medical Centre,14.047
A85021,Second Street Surgery,40.221
A85024,Chopwell Primary Healthcare Centre,39.814
A85026,Beacon View Medical Centre,32.924
A85611,Pelaw Medical Practice,22.898
A85614,The Bridges Medical Practice,34.007
A85616,Hollyhurst Medical Centre,20.696
A85617,Sunniside Surgery,16.097
A86003,Saville Medical Group,27.154
A86004,Prospect Medical Centre,44.244
A86005,West Farm Surgery,22.337
A86006,Roseworth Surgery,11.264
A86008,Park Medical Group,19.645
A86010,Biddlestone Health Group,18.101
A86011,Walker Medical Group,50.041
A86012,West Road Medical Centre,42.963
A86013,Denton Park Medical Group,33.64
A86016,Lane End Surgery,13.456
A86017,Cruddas Park Surgery,45.731
A86018,The Grove Medical Group,10.175
A86020,The Surgery-Osborne Road,10.628
A86021,Holmside Medical Group,37.027
A86022,Parkway Medical Group,18.375
A86023,Benfield Park Medical Group,32.213
A86024,Heaton Road Surgery,39.53
A86025,Westerhope Medical Group,36.596
A86026,Throckley Primary Care Centre,26.377
A86027,Newcastle Medical Centre,23.637
A86028,Regent Medical Centre,14.942
A86029,Thornfield Medical Group,34.65
A86030,Betts Avenue Medical Group,38.406
A86031,Fenham Hall Surgery,34.52
A86033,Brunton Park,5.226
A86037,Elswick Family Practice,51.557
A86038,Newburn Surgery,30.422
A86040,St. Anthony's Health Centre,57.12
A86041,Swarland Avenue Surgery,13.442
A86601,Denton Turret Medical Centre,29.97
A87002,Spring Terrace Health Centre,20.848
A87004,Collingwood Health Group,26.227
A87005,Whitley Bay Health Centre,12.36
A87007,Forest Hall Medical Group,21.363
A87008,Marine Avenue Medical Ctr,9.376
A87009,Priory Medical Group,20.898
A87011,Beaumont Park Surgery,7.618
A87012,Wideopen Medical Centre,21.796
A87013,Bewicke Medical Centre,32.764
A87016,The Village Green Surgery,27.432
A87017,Woodlands Park Health Ctr,14.147
A87020,Monkseaton Medical Centre,11.463
A87022,Northumberland Park Medical Group,16.941
A87029,Hadrian Health Centre,29.349
A87030,Redburn Park Medical Centre,43.528
A87612,Wellspring Medical Pract.,16.494
A87615,Mallard Medical Practice,17.259
A88001,Victoria Medical Centre,26.275
A88002,Farnham Medical Ctr.,36.628
A88003,Marsden Rd. Health Centre,31.674
A88004,Mayfield Medical Group,31.634
A88005,Wenlock Road Surgery,39.937
A88006,Talbot Medical Centre,38.931
A88008,Trinity Medical Centre,39.786
A88009,Dr Thorniley-Walker & Partners,20.306
A88010,Albert Road Surgery,32.039
A88012,Ellison View Surgery,26.471
A88013,Central Surgery,31.965
A88014,West View Surgery,40.626
A88015,St George & Riverside Medical Practice,39.727
A88016,Colliery Court Medical Group,19.656
A88022,The Glen Medical Group,25.658
A88023,Whitburn Surgery,17.796
A88025,The G.P.Suite,34.055
A88601,Imeary Street Practice,32.673
A88608,Ravensworth Surgery,33.83
A88613,East Wing Practice,34.652
A89001,Deerness Park Medical Group,42.836
A89002,Riverview Surgery,47.743
A89004,Hetton Group Practice,36.617
A89005,Villette Surgery,37.33
A89006,Wearside Medical Practice - Pallion,38.687
A89007,Pallion Family Practice,35.083
A89008,Red House Medical Centre,45.193
A89009,Herrington Medical Centre,24.471
A89010,Dr Stephenson & Partners,29.457
A89011,Joshi Na,26.884
A89012,Galleries Medical Practice,29.278
A89013,The New City Medical Group,44.165
A89015,Fulwell Medical Centre,13.825
A89016,St Bede Medical Centre,29.422
A89017,Millfield Medical Group,38.123
A89018,Ashburn Medical Centre,41.366
A89019,Bridge View Medical Group,48.092
A89020,Forge Medical Practice,37.2
A89021,Kepier Medical Practice,27.979
A89022,Concord Medical Practice,29.255
A89023,"Houghton Medical Group,",28.846
A89024,The Broadway Medical Practice,35.315
A89025,Sunderland GP Alliance Medical Practice,30.92
A89026,New Washington Medical Group,31.19
A89027,Springwell Medical Group,38.013
A89028,Grangewood Surgery,23.073
A89030,Westbourne Medical Group,28.19
A89031,Hylton Medical Group,37.433
A89032,New Silksworth Medical Practice,26.08
A89034,Park Lane Practice,33.966
A89035,Southlands Medical Group,26.402
A89036,Castletown Medical Centre,38.756
A89040,Monkwearmouth Health Centre,32.931
A89041,Happy House Surgery,38.231
A89614,Sunderland GP Alliance - South Hylton Surgery,35.989
A89616,Rickleton Medical Centre,20.667
A89617,I J Healthcare,28.311
A89623,Chester Surgery,33.724
B81003,Beacon Medical,24.69
B81004,"Eastgate Medical Group, Hornsea",21.081
B81005,The Central Surgery Barton,17.206
B81006,Humber Primary Care,33.346
B81007,Winterton Medical Practice,18.594
B81008,East Hull Family Practice,37.657
B81009,Market Weighton Group Practice,11.117
B81011,Kingston Health (Hull),33.678
B81012,Dr Ap Kumar,43.217
B81013,Montague Medical Practice,25.829
B81015,Clee Medical Centre,33.467
B81016,Pelham Medical Group,37.759
B81017,Kingston Medical Group,47.735
B81018,Orchard 2000 Group,47.461
B81020,The Sutton Manor Surgery,28.776
B81022,Cambridge Avenue Medical Centre,18.999
B81024,Willerby and Swanland Surgery,5.671
B81025,Holderness Health,21.606
B81026,Ancora Medical Practice,30.824
B81027,St Andrews Surgery,43.564
B81029,The Snaith and Rawcliffe Medical Group,12.835
B81030,Scartho Medical Centre,19.671
B81031,Fieldhouse Medical Group,26.826
B81032,Wilberforce Surgery,44.877
B81034,Leven & Beeford Medical Practice,14.832
B81035,The Avenues Medical Centre,22.568
B81036,Pocklington Group Practice,10.285
B81037,The Park Surgery,14.45
B81038,The Oaks Medical Centre,31.665
B81039,The Roxton Practice,31.195
B81040,Dr Jad Weir & Partners,49.304
B81041,Gilberdyke Health Centre,12.585
B81042,Manor Road Surgery,11.118
B81043,South Axholme Practice,14.483
B81045,Ashby Turn Primary Care Partners,27.189
B81046,The Bridge Group Practice,47.528
B81047,Wolseley Medical Centre,42.291
B81048,Modality Partnership (Hull),30.454
B81051,Old Fire Station Surgery,10.589
B81052,Princes Medical Centre,37.567
B81054,Clifton House Medical Centre,39.988
B81061,The Ridings Medical Group,9.276
B81063,Bridge Street Surgery,18.048
B81064,Church Lane Medical Centre,26.871
B81068,Bartholomew Medical Group,24.008
B81069,Drs Reddy & Nunn,33.861
B81074,City Health Practice Ltd,36.257
B81075,Hastings Medical Centre,24.768
B81082,North Beverley Medical Centre,8.23
B81085,Burnbrae Medical Practice,30.198
B81087,Birkwood Medical Centre,31.385
B81088,Howden Medical Practice,11.818
B81090,The Oswald Road Medical Surgery,31.531
B81091,Littlefield Surgery,25.978
B81092,"The Medical Centre, Driffield",15.177
B81097,Delta Healthcare,35.154
B81099,The Kirton Lindsey and Scotter Surgery,17.209
B81100,Dr Ac Milner,9.942
B81101,Greengates Medical Group,12.243
B81104,Campus Health Centre,24.178
B81108,Dr A Sinha,26.316
B81109,Riverside Surgery,20.49
B81112,James Alexander Family Practice,39.361
B81113,Cedar Medical Practice,28.347
B81118,West Common Lane Teaching Practice,33.735
B81119,Goodheart Surgery,43.351
B81606,Stirling Medical Centre (Mathews),44.914
B81616,Dr Gt Hendow's Practice,34.959
B81617,The Birches Medical Practice,35.847
B81619,Park View Surgery,13.6
B81628,Barnetby Medical Centre,18.705
B81631,Drs Raut and Thoufeeq,38.953
B81635,Laurbel Surgery,17.055
B81642,Dr Oz Qureshi,19.279
B81645,East Park Practice,35.183
B81647,West Town Surgery,17.161
B81648,The Killingholme Surgery,25.601
B81653,King Street Medical Centre,12.103
B81655,Greenlands Surgery,29.085
B81656,Raj Medical Centre,45.205
B81663,Core Care Family Practice,30.202
B81665,Healing Partnership,13.012
B81666,Dr Mitchell,4.742
B81697,Weelsby View Health Centre,34.434
B82002,Millfield Surgery,11.006
B82004,Nidderdale Group Practice,13.99
B82005,Priory Medical Group,14.135
B82007,Townhead Surgery,12.819
B82008,North House Surgery,12.803
B82010,Ripon Spa Surgery,12.788
B82011,Sherburn Surgery,21.718
B82012,The Leeds Road Practice,6.322
B82013,Moss Healthcare Harrogate,11.589
B82014,Kingswood Surgery,10.471
B82016,East Parade Surgery,11.232
B82017,Whitby Group Practice,24.723
B82018,Escrick Surgery,10.14
B82019,Topcliffe Surgery,13.615
B82021,Dalton Terrace Surgery,11.16
B82022,Great Ayton Surgery,12.941
B82023,Catterick Village Surgery,18.082
B82024,Eastfield Medical Centre,34.503
B82025,Derwent Practice,16.867
B82026,Haxby Group Practice,10.286
B82027,The Spa Surgery,10.857
B82029,Doctors Lane Surgery,16.666
B82030,Dr Akester & Partners,15.95
B82031,Sherburn Group Practice,9.702
B82032,Church Lane Surgery,12.687
B82033,Pickering Medical Practice,14.412
B82034,Quakers Lane Surgery,13.505
B82035,Scorton Medical Centre,13.927
B82036,Park Street,12.857
B82037,Filey Surgery,23.32
B82038,Central Healthcare,32.549
B82041,Beech Tree Surgery,12.92
B82042,Lambert Medical Centre,14.516
B82044,Stokesley Surgery,14.593
B82045,Central Dales Practice,18.291
B82046,Staithes Surgery,32.174
B82047,Unity Health,8.575
B82049,Thirsk Doctors Surgery,14.226
B82050,Mowbray House Surgery,15.376
B82053,Dyneley House Surgery,13.668
B82054,Scarborough Medical Group,22.825
B82057,Springbank Surgery,11.023
B82059,Church Avenue Medical Group,12.165
B82060,Eastgate Medical Group,11.686
B82061,Bentham Medical Practice,13.928
B82063,Ayton and Snainton Medical Practice,14.962
B82064,Tollerton Surgery,9.059
B82066,Glebe House Surgery,12.816
B82067,Stockwell Road Surgery,10.145
B82068,Helmsley Surgery,15.655
B82069,Beech House Surgery,10.022
B82071,The Old School Medical Practice,6.544
B82072,The Friary Surgery,13.916
B82073,South Milford Surgery,13.934
B82074,Posterngate Surgery,16.829
B82075,Mayford House Surgery,14.968
B82077,Kirkbymoorside Surgery,17.027
B82078,Leyburn Medical Practice,14.244
B82079,Stillington Surgery,12.185
B82080,My Health Group,8.052
B82081,Elvington Medical Practice,7.513
B82083,York Medical Group,13.646
B82086,The Danby Practice,24.695
B82088,Brook Square Surgery,33.726
B82097,Scott Road Medical Centre,19.409
B82098,Jorvik Gillygate Practice,12.735
B82100,Front Street Surgery,15.047
B82101,Sleights and Sandsend Medical Practice,21.649
B82104,Harewood Medical Practice,15.691
B82105,Tadcaster Medical Centre,11.346
B82106,Hackness Road Surgery,19.328
B82609,Ampleforth Surgery,16.134
B82619,Terrington Surgery,16.337
B82622,Reeth Medical Centre,19.565
B82628,Hunmanby Surgery,21.736
B83002,Ilkley & Wharfedale Medical Practice,6.717
B83005,Thornbury Medical Practice,51.3
B83008,Ling House Medical Centre,45.58
B83009,Sunnybank & Cowgill Medical Practice,31.059
B83010,Parklands Medical Practice,45.394
B83012,Manor Medical Practice,44.13
B83014,Bingley Medical Practice,13.755
B83015,Tong Medical Practice,52.159
B83016,Farrow Medical Centre,53.234
B83018,Idle Medical Centre,23.483
B83019,Grange Park Surgery,6.39
B83020,The Willows Medical Practice,24.699
B83022,Baildon Medical Practice,10.751
B83025,Little Horton Lane Medical Centre - Raja,53.129
B83026,Primrose Surgery,58.446
B83028,Wibsey & Queensbury Med P,30.249
B83029,Low Moor Surgery,28.568
B83031,Oak Glen Surgery,10.701
B83032,Bradford Moor Practice,55.763
B83033,Modality Partnership (AWC),24.644
B83034,Grange Medical Centre,50.062
B83035,Horton Park Medical Practice,55.655
B83037,The Wilsden Medical Practice,14.443
B83038,Leylands Lane Medical Practice,37.976
B83039,The Saltaire & Windhill Medical Partnership,22.276
B83041,Bowling Hall Med Practice,50.106
B83042,Rooley Lane Medical Centre,46.813
B83045,Hollyns Health & Wellbeing - Clayton,37.144
B83051,Bradford Student Health Service,53.712
B83052,Kensington Partnership,53.793
B83054,Haigh Hall Medical Practice,31.194
B83055,The Ridge Medical Pract.,45.143
B83056,Moorside Surgery,35.367
B83058,The Avicenna Medical Practice,56.251
B83062,Ashcroft Surgery,42.694
B83063,Shipley Medical Practice-Affinity Care,31.547
B83064,The Rockwell and Wrose Practice,32.407
B83067,The Springfield Surgery (Bingley),14.115
B83604,The Lister Surgery,51.113
B83611,New Otley Road Medical Practice,55.696
B83614,Picton Medical Centre,51.853
B83620,Addingham Surgery,9.028
B83622,Dr Ia Gilkar & Partners,53.43
B83624,I G Medical,8.712
B83626,Valley View Surgery,50.58
B83627,Frizinghall Medical Centre,41.488
B83628,Clarendon Medical Centre,54.655
B83629,Peel Park Surgery,46.965
B83641,Ashwell Medical Centre,53.509
B83642,The City Medical Practice,50.794
B83653,Dr Gilkar,55.49
B83657,Bevan Healthcare Cic,56.328
B83659,Park Grange Medical Centre,50.224
B83660,Bilton Medical Centre,55.271
B83661,Moor Park Medical Practice,51.774
B84001,Station Road Surgery,26.752
B84003,Rydings Hall Surgery,20.477
B84004,Hebden Bridge Group Practice,20.081
B84006,Todmorden Group Practice,28.353
B84007,Brig Royd Surgery,15.011
B84008,Kos Clinic,11.623
B84009,Stainland Road Medical Centre,16.986
B84010,Keighley Road Surgery,33.782
B84011,Church Lane Surgery,19.745
B84012,Spring Hall Group Practice,37.871
B84013,Plane Trees Group Practice,33.992
B84014,Rastrick Health Centre,17.665
B84016,Bankfield Surgery,26.447
B84019,The Boulevard Medical Practice,37.033
B84021,King Cross Practice,32.989
B84612,Lister Lane Surgery,47.452
B84613,Beechwood Medical Centre,42.076
B84618,Caritas Group Practice,40.988
B84623,Longroyde Surgery,21.064
B85001,Parkview Surgery,22.754
B85002,Dearne Valley Health Centre,11.857
B85004,Calder View Surgery,40.04
B85005,Shepley Health Centre,8.254
B85006,Elmwood Family Doctors,11.565
B85008,Batley Health Centre Surgery,34.084
B85009,Ravensthorpe Health Centre,39.699
B85010,Dalton Surgery,27.34
B85012,Undercliffe Surgery,29.923
B85014,Brookroyd House,26.462
B85015,Wellington House,29.931
B85016,Meltham Road Surgery,37.242
B85018,Grove House Surgery,33.96
B85019,Mirfield Health Centre,14.835
B85020,Eightlands Surgery,38.983
B85021,Cleckheaton Group Practice,23.24
B85022,Honley Surgery,12.604
B85023,The Almondbury Surgery,26.082
B85024,The Waterloo Practice,24.898
B85025,Blackburn Rd.Medical Ctr.,18.231
B85026,Kirkburton Health Centre,9.463
B85027,The Lindley Group Pract.,15.066
B85028,The Grange Medical Practice,37.021
B85030,The Greenway Medical Practice,22.465
B85031,Lepton and Kirkheaton Surgeries,13.132
B85032,Meltham Group Practice,14.422
B85033,The Lindley Village Surg.,12.871
B85036,New Street & Netherton Group Practice,24.808
B85037,Newsome Surgery,33.603
B85038,The Paddock Surgery,32.766
B85041,Mount Pleasant Med Centre,34.984
B85042,Paddock and Longwood Family Practice,30.296
B85044,Thornton Lodge Surgery,42.32
B85048,Woodhouse Hill Surgery,42.583
B85051,Fieldhead Surgery,20.674
B85054,Colne Valley Group Practice,19.603
B85055,Healds Road Surgery,38.9
B85058,Rose Medical Practice,35.853
B85059,Slaithwaite Health Centre,17.599
B85060,Greenhead Family Doctors,27.899
B85061,Skelmanthorpe Family Doctors,11.691
B85062,University Health Centre,33.339
B85606,Thornhill Lees Medical Centre,38.485
B85610,Oaklands Health Centre,11.138
B85611,Dr Handa & Partner,38.049
B85612,Liversedge Medical Centre,28.049
B85614,Croft Medical Centre,41.373
B85619,Cook Lane Surgery,33.675
B85620,Windsor Medical Centre,31.134
B85623,Marsh Surgery,27.14
B85634,Birkby Health Centre,34.456
B85636,Westbourne Surgery,20.166
B85640,Kirkgate Surgery,24.46
B85641,Lockwood Surgery,35.7
B85645,Savile Town Medical Ctr.,41.554
B85646,The Albion Mount Medical Practice,37.082
B85650,Dr Mahmood & Partners,51.747
B85652,Sidings Healthcare Centre,37.497
B85655,Cherry Tree Surgery,33.555
B85659,The Whitehouse Centre,40.759
B85660,The Junction Surgery,30.001
B86002,City View Medical Practice,47.763
B86003,Dr G Lees & Partners,41.309
B86004,Highfield Surgery,17.214
B86005,Dr N Dumphy & Partners,48.977
B86006,Dr L Freeman & Partners,16.779
B86007,Windmill Health Centre,35.867
B86008,Alwoodley Medical Centre,13.649
B86009,Manston Surgery,17.884
B86010,Collingham Church View Surgery,7.147
B86011,Hillfoot Surgery,17.302
B86012,Leeds City Medical Practice,45.913
B86013,The North Leeds Medical Practice,32.742
B86014,Robin Lane Health and Wellbeing Centre,18.324
B86015,Manor Park Surgery,32.493
B86016,Shaftesbury Medical Ctr.,35.803
B86017,Craven Road Medical Practice,14.999
B86018,Mulberry Street Medical Practice,16.665
B86019,Rutland Lodge Medical Centre,18.277
B86020,Lofthouse Surgery,16.122
B86022,Oakwood Lane Medical Practice,33.84
B86024,Priory View Medical Centre,35.472
B86025,Hyde Park Surgery,24.467
B86028,Dr Jj Mcpeakes Practice,18.805
B86029,Westgate Surgery,11.767
B86030,Burton Croft Surgery,12.585
B86032,Chevin Medical Practice,10.367
B86033,New Medical Centre,8.26
B86034,Spa Surgery,8.538
B86035,South Bank Surgery,38.8
B86036,Gibson Lane Practice,11.695
B86038,Guiseley and Yeadon Medical Practice,11.861
B86039,Allerton Medical Centre,28.157
B86041,Vesper Road,29.282
B86042,Lingwell Croft Surgery,36.108
B86043,East Park Medical Centre,42.899
B86044,Ireland Wood Surgery,13.117
B86048,Garforth Medical Centre,9.207
B86049,Woodhouse Medical Practice,24.297
B86050,West Lodge Surgery,17.14
B86051,Aire Valley Surgery,10.807
B86052,Park Road & Menston,6.184
B86054,The Garden Surgery,45.445
B86055,Ashfield Medical Centre,30.817
B86057,Windsor House Group Practice,14.781
B86059,Meanwood Health Centre,19.284
B86060,Thornton Medical Centre,38.274
B86061,Harehills Corner Surgery,53.586
B86062,The Medical Centre,35.197
B86064,Leigh View Medical Practice,17.719
B86066,The Street Lane Practice,8.707
B86067,The Dekeyser Group Practice,16.685
B86068,Abbey Grange Medical Practice,24.518
B86069,Burley Park Medical Centre,24.42
B86070,Aireborough Family Practice,15.025
B86071,Whitehall Surgery,28.868
B86075,Dr T P Fox & Partners,24.039
B86081,Bellbrooke Surgery,60.095
B86086,Laurel Bank Surgery,17.866
B86089,Nova Scotia Medical Cntr,19.98
B86092,Kippax Hall Surgery,17.471
B86093,Park Edge Practice,36.193
B86094,Dr S M Chen & Partner,25.76
B86096,Arthington Medical Centre,43.97
B86100,St Martins Practice,26.067
B86101,Gildersome Health Centre,16.312
B86103,Conway Medical Centre,60.193
B86104,Bramley Village Health & Wellbeing Ctr,37.356
B86106,Foundry Lane Surgery,46.58
B86108,Chapeltown Family Surgery,50.189
B86109,Kirkstall Lane Medical Centre,19.848
B86110,Leeds Student Medical Practice,20.412
B86623,Ashton View Medical Ctr,62.964
B86642,Dr S Hussain,38.557
B86643,The Roundhay Road Surgery,53.073
B86648,Family Doctors,11.416
B86655,Beech Tree Medical Centre,36.729
B86658,Moorfield House Surgery,16.621
B86666,Newton Surgery,39.108
B86667,Beeston Village Surgery,35.632
B86669,York Street Health Practice,34.594
B86672,Hawthorn Surgery,27.954
B86673,Bramham Medical Centre,10.891
B86675,Lincoln Green Medical Centre,44.539
B86678,Dr F Gupta's Practice,13.094
B87001,Middlestown,15.403
B87002,Orchard Croft,18.244
B87003,College Lane Surgery,13.212
B87004,Warrengate Medical Centre,36.256
B87005,Riverside Medical Centre,28.625
B87006,Park Green Surgery,38.787
B87007,Northgate Surgery,25.065
B87008,Lupset Health Centre,32.947
B87009,St Thomas Road Surgery,34.583
B87011,Friarwood Surgery,25.038
B87012,Maybush Medical Centre,33.434
B87013,Outwood Park Medical Centre,14.465
B87015,Stuart Road,25.571
B87016,White Rose Surgery,35.25
B87017,Trinity Medical Centre,30.056
B87018,Henry Moore Clinic,33.46
B87019,Stanley,17.449
B87020,Chapelthorpe,18.102
B87021,Ash Grove,32.52
B87022,Homestead,32.933
B87025,Castleford Medical Practice,31.118
B87026,The Grange Medical Centre,39.206
B87027,New Southgate Surgery,19.11
B87028,Crofton and Sharlston Med Prac,20.102
B87030,Health Care First Partnership,28.508
B87031,Ossett Surgery,20.095
B87032,Station Lane,31.594
B87033,Newland Surgery,30.274
B87036,Langthwaite Surgery,35.652
B87039,King's Medical Practice,24.659
B87042,Tieve Tara,43.181
B87044,Alverthorpe,26.06
B87602,Patience Lane Surgery,17.947
B87604,Eastmoor Health Centre,36.374
C81001,Springs Health Centre,23.101
C81002,The Valleys Medical Partnership,15.595
C81003,Sett Valley Medical Centre,15.893
C81004,Ivy Grove Surgery,19.011
C81005,Jessop Medical Practice,24.171
C81006,Horizon Healthcare,38.263
C81007,Vernon Street Medical Ctr,23.28
C81008,Royal Primary Care Clay Cross,29.213
C81009,Wilson Street Surgery,42.258
C81010,The Moir Medical Centre,19.511
C81012,The Surgery At Wheatbridge,23.955
C81013,Baslow Health Centre,10.083
C81014,Derwent Valley Medical Practice,30.318
C81015,Newbold Surgery,24.784
C81016,Peak & Dales Medical Partnership,14.204
C81017,Arthur Medical Centre,12.788
C81018,Dove River,12.306
C81020,Newhall Surgery,20.383
C81021,Old Station Surgery,30.614
C81022,South Street Surgery,26.885
C81023,The Aitune Medical Practice,18.646
C81025,Dronfield Medical Practice,9.831
C81026,Adam House Medical Centre,17.83
C81027,Somercotes Medical Centre,26.901
C81029,Staffa Health,23.635
C81030,Credas Medical,13.845
C81031,Park Surgery,22.758
C81032,Swadlincote Surgery,20.636
C81033,Shires Healthcare,35.259
C81034,Stewart Medical Centre,22.098
C81035,Village Surgery,30.192
C81036,Friar Gate Surgery,29.906
C81037,Ashbourne Medical Practice,13.23
C81038,Whitemoor Medical Centre,10.832
C81039,Eyam Surgery,12.027
C81040,Park Lane Surgery,6.097
C81041,Welbeck Road Health Centre,26.189
C81042,Mickleover Medical Centre,7.773
C81044,Whittington Moor Surgery,28.37
C81045,Royal Primary Care Chesterfield West,26.168
C81046,West Hallam Medical Ctr,13.119
C81047,Alvaston Medical Centre,21.625
C81048,Appletree Medical Practice,6.865
C81049,Kelvingrove Medical Centre,22.201
C81050,The Village Surgery,22.727
C81051,The Park Medical Practice,20.65
C81052,Brooklyn Medical Practice,25.872
C81053,Parkside Surgery,24.097
C81054,Hollybrook Medical Centre,23.404
C81055,North Wingfield Medical Centre,31.349
C81056,Clay Cross Medical Centre,26.535
C81057,Willington Surgery,9.063
C81058,The Brimington Surgery,24.197
C81059,Ripley Medical Centre,21.651
C81060,Woodville Surgery,20.068
C81061,Littlewick Medical Centre,24.235
C81062,Hannage Brook Medical Centre,15.02
C81063,Thornbrook Surgery,13.438
C81064,Park Farm Medical Centre,14.513
C81065,Buxton Medical Practice,22.415
C81066,Overdale Medical Practice,13.835
C81067,Chatsworth Road Medical Centre,11.534
C81068,Chapel Street Medical Centre,22.459
C81069,Riversdale Surgery,11.948
C81070,Oakhill Medical Practice,10.01
C81071,Osmaston Surgery,41.738
C81072,Lister House Surgery,39.348
C81073,Macklin Street Surgery,33.233
C81074,Elmwood Medical Centre,22.44
C81075,Brailsford & Hulland Medical Practice,10.843
C81080,Goyt Valley Medical Practice,12.946
C81081,Manor House Surgery,17.59
C81082,Hartington Surgery,20.36
C81083,West Park Surgery,17.335
C81084,Inspire Health,22.564
C81086,The Surgery Clifton Road,13.042
C81089,Stubley Medical Centre,9.656
C81091,Killamarsh Medical Practice,19.012
C81092,Evelyn Medical Centre,11.542
C81094,Crich Medical Practice,13.339
C81095,Emmett Carr Surgery,20.267
C81096,Crag's Health Care,29.066
C81097,College Street Medical Practice,19.832
C81099,Limes Medical Centre,24.681
C81101,Lime Grove Medical Centre,17.039
C81106,Lambgates Health Centre,18.199
C81108,Melbourne & Chellaston Medical Practice,9.799
C81110,Wellbrook Medical Centre,7.66
C81113,Mickleover Surgery,8.145
C81114,Gresleydale Healthcare Centre,16.881
C81115,Gladstone House Surgery,26.859
C81118,Derby Family Medical Centre,43.146
C81604,Eden Surgery,23.339
C81611,Ashover Medical Centre,15.037
C81615,Cottage Lane Surgery,38.332
C81616,Peartree Medical Centre,46.065
C81634,Arden House Medical Practice,15.771
C81638,Castle Street Medical Centre,30.132
C81640,Simmondley Medical Practice,11.685
C81647,St Lawrence Road Surgery,25.054
C81649,Calow and Brimington Practice,23.243
C81652,Derwent Medical Centre,26.207
C81653,Brook Medical Centre,18.359
C81655,Family Friendly Surgery,27.683
C81658,Wingerworth Medical Centre,10.535
C81662,Barlborough Medical Practice,20.569
C82001,South Leicestershire Medical Partnership,9.052
C82002,Countesthorpe Health Centre,9.228
C82003,Greengate Medical Centre,8.514
C82005,Groby Road Medical Centre (Id Patchett),30.855
C82007,Castle Donington Surgery,10.663
C82008,Oakmeadow Surgery,39.581
C82009,Market Harborough Medical Centre,9.204
C82010,Oakham Medical Practice,9.272
C82011,Pinfold Medical Practice,20.579
C82012,Ibstock House Surgery,14.65
C82013,Bushloe Surgery,15.201
C82014,Castle Medical Group,11.085
C82016,Long Clawson Medical Practice,14.595
C82017,Measham Medical Unit,15.949
C82018,Parker Drive Surgery,30.097
C82019,Sturdee Road Health and Wellbeing Centre,37.068
C82020,De Montfort Surgery,32.078
C82021,The Central Surgery,11.558
C82022,The Billesdon Surgery,11.097
C82024,Spinney Hill Medical Centre,33.679
C82025,The Wycliffe Medical Practice,9.64
C82026,Bridge Street Medical Practice,18.186
C82027,The Old School Surgery,13.883
C82028,Markfield Medical Centre,12.615
C82030,Downing Drive Surgery (Ajj Bentley),14.38
C82031,Johnson Medical Practice,24.564
C82032,Dr Nw Osborne's Practice,10.464
C82033,Humberstone Medical Centre (Ip Jones),28.316
C82034,Quorn Medical Centre,8.634
C82035,Park View Surgery,19.263
C82037,East Park Medical Centre (Rp Pandya),30.439
C82038,Latham House Medical Practice,15.264
C82039,Kingsway Surgery,13.048
C82040,Orchard Surgery,9.378
C82041,Charnwood Medical Group,15.118
C82042,The County Practice,11.097
C82043,Station View Health Centre,13.521
C82044,Empingham Medical Centre,9.82
C82045,The Surgery,19.449
C82046,Saffron Group Practice,40.816
C82047,Maples Family Medical Practice,14.094
C82048,Rosemead Drive Surgery,10.979
C82050,Dr Nr Pulman's Practice,19.283
C82051,Newbold Verdon Medical Practice,14.503
C82052,Dr Am Lewis' Practice,16.468
C82053,Hockley Farm Med Pract (A Nana),49.445
C82054,The Burbage Surgery,10.089
C82055,The Limes Medical Centre,9.55
C82056,The Glenfield Surgery,9.493
C82059,Westcotes GP Surgery (One),33.821
C82060,The Practice-Sayeed,36.503
C82061,Barwell & Hollycroft Medical Centres,15.5
C82062,Barrow Health Centre,10.303
C82063,East Leicester Med Pract(S Longworth),33.494
C82064,Forest House Surgery,13.448
C82066,Forest House Medical Ctr,8.947
C82067,The Croft Medical Centre,9.383
C82068,Northfield Medical Centre,11.194
C82070,Woodbrook Medical Centre,18.35
C82071,Wigston Central Surgery,15.475
C82072,Broom Leys Surgery,22.076
C82073,Merridale Medical Centre (Rp Tew),35.716
C82075,Castle Mead Medical Centre,12.626
C82076,The Welby Practice,12.099
C82077,The Uppingham Surgery,11.079
C82078,The Jubilee Medical Practice,11.543
C82079,South Wigston Health Ctr.,21.373
C82080,Shefa Medical Practice,38.354
C82082,The Centre Surgery,15.671
C82084,Dr B Modi,29.776
C82086,Fosse Medical Centre,38.066
C82088,Horizon Healthcare,29.446
C82091,Birstall Medical Centre,31.215
C82092,Aylestone Health Centre,29.296
C82093,The Orchard Med Practice,8.56
C82094,Beaumont Lodge Medical Practice,36.93
C82095,Alpine House Surgery,11.783
C82096,Hugglescote Surgery,15.489
C82097,Charnwood Surgery,11.824
C82098,Hazelmere Medical Centre,11.229
C82099,Al-Waqas Medical Centre,34.204
C82100,The Hedges Medical Centre (Sa Bailey),42.279
C82102,Manor House Surgery,13.351
C82103,Dishley Grange Medical Practice,13.811
C82107,Cossington Park Surgery,33.795
C82109,Husbands Bosworth Medical Centre,13.029
C82111,Campus View Medical Centre,13.395
C82112,Severn Surgery,10.593
C82114,Dr U K Roy,33.386
C82116,Highfields Surgery (R Wadhwa),41.243
C82119,Narborough Road Surgery,29.78
C82120,Whitwick Health Centre,16.71
C82121,Heath Lane Surgery,18.49
C82124,Victoria Park Health Centre,25.295
C82600,The Banks Surgery,15.731
C82610,The Parks Medical Centre (B Hainsworth),45.944
C82611,The Masharani Practice,9.891
C82614,Asquith Surgery,15.071
C82620,Dr S Shafi,32.543
C82624,The Practice Beaumont Leys,47.171
C82627,Silverdale Medical Centre,17.466
C82628,Groby Surgery,7.848
C82631,Enderby Medical Centre,11.027
C82634,Ratby Surgery,15.137
C82639,Westend Medical Practice,30.532
C82642,Highfields Medical Centre,35.54
C82643,Community Health Centre (Zs Osama),40.896
C82644,Dr Mk Lakhani's Practice,15.711
C82649,Market Overton & Somerby Surgeries,13.748
C82650,Desford Medical Centre,11.939
C82651,Broadhurst St Med Pract (Ks Morjaria),31.452
C82653,Westcotes GP Surgery (Two),36.042
C82656,Field Street Surgery,14.37
C82659,Dr R Kapur & Partners,38.0
C82660,St Peter's Med Centre (Mansingh & Mehra),30.497
C82662,Walnut Street Medical Centre,29.338
C82667,The Charnwood Practice,34.842
C82669,The Surgery @ Aylestone,29.002
C82670,Inclusion Healthcare,39.263
C82671,Dr Gandecha & Partner,33.027
C82676,St Elizabeth's Medical Centre (Ja Wood),27.923
C82678,Thurmaston Health Centre,20.273
C82680,Rushey Mead Health Centre,25.784
C83001,Heart of Lincoln Health Group,26.679
C83002,Navenby Cliff Villages Surgery,10.064
C83003,Beechfield Medical Centre,19.064
C83004,Liquorpond Surgery,30.797
C83005,Spilsby Surgery,28.677
C83007,Lakeside Healthcare Stamford,12.244
C83008,Swingbridge Surgery,23.34
C83009,Lindum Medical Practice,35.334
C83010,Parkside Medical Centre,30.438
C83011,Millview Medical Centre,15.181
C83013,Ruskington Surgery,14.806
C83014,Boultham Park Medical Practice,32.613
C83015,Swineshead Surgery,22.482
C83018,Cleveland Surgery,38.604
C83019,Beacon Medical Practice,46.027
C83020,Caythorpe & Ancaster Medical Practice,14.287
C83022,Munro Medical Centre,18.397
C83023,Sleaford Medical Group,15.691
C83024,The Glenside Country Practice,15.267
C83025,Richmond Medical Centre,10.146
C83026,The Deepings Practice,10.283
C83027,Horncastle Medical Group,20.985
C83028,Holbeach Medical Centre,21.8
C83029,Branston & Heighington Family Practice,12.556
C83030,Billinghay Medical Practice,27.017
C83031,Nettleham Medical Practice,10.016
C83032,Merton Lodge Surgery,31.829
C83033,Hibaldstow Medical Practice,18.297
C83035,Hereward Medical Centre,10.669
C83036,Gosberton Medical Centre,19.338
C83037,Welton Family Health Centre,11.757
C83038,The Glebe Practice,13.328
C83039,Moulton Medical Centre,19.391
C83040,St. Peters Hill Surgery,20.748
C83041,The Woodland Medical Practice,22.828
C83042,Marsh Medical Practice,24.896
C83043,Market Rasen Surgery,19.54
C83044,Caskgate Street Surgery,43.021
C83045,Hawthorn Medical Practice,42.269
C83046,The Heath Surgery,12.803
C83048,St. Johns Medical Centre,20.975
C83049,Dr Sinha & Partners,26.036
C83051,Abbey Medical Practice,36.938
C83052,The Ingham Surgery,18.505
C83053,Colsterworth Surgery,19.805
C83054,Bourne Galletly Practice Team,10.856
C83055,Stickney Surgery,26.24
C83056,East Lindsey Medical Group,23.183
C83057,Kirton Medical Centre,24.009
C83058,Washingborough Surgery,10.25
C83059,Greyfriars Surgery,30.746
C83060,The Sidings Medical Practice,31.872
C83061,North Thoresby Surgery,15.437
C83062,Church Walk Surgery,16.333
C83063,Long Sutton Medical Ctr.,27.747
C83064,Marisco Medical Practice,42.75
C83065,Littlebury Medical Centre,21.802
C83067,The Medical Centre,10.223
C83072,Minster Medical Practice,29.827
C83073,Cliff House Medical Practice,23.395
C83074,Willingham-By-Stow Surgery,18.373
C83075,Vine Street Surgery,17.258
C83078,Brant Road & Springcliffe Surgery,21.047
C83079,Glebe Park Surgery,22.38
C83080,The Harrowby Lane Surgery,19.516
C83082,Birchwood Medical Practice,25.58
C83083,The New Coningsby Surgery,22.643
C83085,James Street Family Practice,24.634
C83611,The Bassingham Surgery,11.883
C83613,Caistor Health Centre,18.262
C83614,Sutterton Surgery,26.154
C83617,Abbeyview Surgery,20.363
C83626,Brayford Medical Practice,25.514
C83634,Tasburgh Lodge Surgery,15.816
C83635,Woodhall Spa New Surgery,19.361
C83641,Trent Valley Surgery,16.827
C83643,Binbrook Surgery,25.314
C83649,Market Cross Surgery,16.298
C83650,The Wragby Surgery,23.985
C84001,Larwood Surgery,21.554
C84004,St Albans Medical Centre,43.389
C84005,Village Health Group,8.178
C84008,Tuxford Medical Centre,20.935
C84009,Barnby Gate Surgery,22.516
C84010,Trentside Medical Group,20.969
C84011,Elmswood Surgery,23.165
C84012,Willowbrook Medical Practice,32.566
C84013,Kingfisher Family Practice,19.985
C84014,Woodlands Medical Practice,23.78
C84016,Oakwood Surgery,24.473
C84017,Belvoir Health Group,9.891
C84018,Family Medical Centre (Sood),35.514
C84019,Fountain Medical Centre,21.846
C84020,Churchside Medical Practice,28.345
C84021,Middleton Lodge Practice,27.311
C84023,The University of Nottingham Health Service,16.58
C84024,Newgate Medical Group,27.201
C84025,East Bridgford Med Centre,8.506
C84026,Stenhouse Medical Centre,15.25
C84028,The Ruddington Med Centre,7.351
C84029,Lombard Medical Centre,24.848
C84030,The Oaks Medical Centre,13.268
C84032,Eastwood Primary Care Centre,20.242
C84033,Westdale Lane Surgery,15.675
C84034,Churchfields Medical Practice,36.452
C84035,Crown House Surgery,19.708
C84036,Forest Medical,29.466
C84037,Abbey Medical Group,14.908
C84039,Derby Road Health Centre,20.631
C84042,Saxon Cross Surgery,18.019
C84043,Leen View Surgery,45.687
C84044,Deer Park Family Medical Practice,13.386
C84045,Collingham Medical Centre,12.579
C84046,Clifton Medical Practice,34.9
C84047,The Calverton Practice,13.972
C84049,Southwell Medical Centre,7.814
C84051,Orchard Medical Practice,22.947
C84053,Torkard Hill Medical Ctre,21.423
C84055,Highcroft Surgery,17.185
C84057,Pleasley Surgery,23.832
C84059,Sherwood Medical Partnership,22.681
C84060,Rivergreen Medical Centre,32.469
C84061,King's Medical Centre,34.332
C84063,Greendale Primary Care Centre,39.281
C84064,Parkside Medical Centre,42.749
C84065,Abbey Medical Centre,15.832
C84066,Daybrook Medical Practice,24.324
C84067,Ashfield House (Annesley),20.014
C84069,Roundwood Surgery,25.614
C84072,The Wellspring Surgery,43.906
C84074,Family Medical Centre (Kirkby),29.268
C84076,Kirkby Health Centre,26.91
C84077,Brierley Park Medical Centre,27.822
C84078,Hucknall Road Medical Centre,32.839
C84080,The Manor Surgery,12.198
C84081,John Ryle Medical Practice,33.873
C84084,Radcliffe-on-Trent Health Centre,7.263
C84085,Victoria and Mapperley Practice,24.073
C84086,St Georges Med Practice,7.406
C84087,Rainworth Health Centre,23.102
C84090,Musters Medical Practice,6.834
C84091,Aspley Medical Centre,41.047
C84092,Bridgeway Practice,30.585
C84094,Riverside Health Centre,21.665
C84095,Oakenhall Medical Pract,22.103
C84101,Bawtry and Blyth Medical,16.503
C84105,Fairfields Practice,47.814
C84106,Millview Surgery,27.501
C84107,The Linden Medical Group,16.968
C84112,Bramcote Surgery,8.973
C84113,Major Oak Medical Practice,17.824
C84115,Plains View Surgery,7.931
C84116,Melbourne Park Medical Centre,39.705
C84117,Radford Medical Practice (Kaur),31.884
C84120,Chilwell Valley and Meadows Practice,9.463
C84122,Wollaton Park Medical Centre,15.961
C84123,Bilsthorpe Surgery,20.937
C84129,Rise Park Surgery,28.498
C84131,Newthorpe Medical Practice,18.167
C84136,St. Luke's Surgery,39.329
C84140,Lowmoor Road Surgery,28.146
C84142,Selston Surgery,21.029
C84144,Meadows Health Centre (Larner),30.403
C84150,Unity Surgery,13.71
C84151,The Medical Centre (Irfan),41.889
C84605,Castle Healthcare Practice,7.564
C84613,Jubilee Park Medical Partnership,15.233
C84619,Tudor House Medical Practice,30.385
C84621,West Bridgford Medical Centre,8.286
C84624,Hama Medical Centre,14.511
C84628,Sherwood Rise Medical Centre,38.19
C84629,"Health Care Complex, Kirkby",30.956
C84637,Sandy Lane Surgery,32.52
C84646,The Ivy Medical Group,6.77
C84654,Jacksdale Medical Centre,23.514
C84656,Hill View Surgery,15.82
C84658,Meden Medical Services,34.125
C84660,Hounsfield Surgery,15.549
C84664,Welbeck Surgery,22.206
C84667,Giltbrook Surgery,14.434
C84676,Greenfields Medical Centre (Yvs Rao),46.068
C84679,Acorn Medical Practice,33.202
C84682,Sherrington Park Medical Practice,24.163
C84683,The Windmill Practice,38.21
C84691,Highgreen Practice (Khan),49.718
C84692,North Leverton Surgery,20.659
C84693,Bakersfield Medical Centre,21.711
C84694,Lime Tree Surgery,40.802
C84695,The Alice Medical Centre,36.617
C84696,West Oak Surgery,11.712
C84703,The Gamston Medical Ctr.,6.51
C84704,JRB Healthcare - Beechdale Surgery,34.64
C84705,Hickings Lane Medical Ctr,19.231
C84714,Sunrise Medical Practice,25.255
C84720,Notspar,36.106
C85001,Goldthorpe Medical Centre PMS Practice,39.747
C85003,Ashville Medical Centre PMS Practice,36.915
C85004,Penistone Group PMS Practice,11.52
C85005,Royston Group Practice,29.228
C85006,Woodland Drive Medical Centre,24.126
C85007,The Dove Valley PMS Practice,36.118
C85008,Walderslade Surgery,26.027
C85009,The Kakoty Practice,39.663
C85010,Hill Brow Surgery PMS Practice,23.514
C85013,Wombwell Gms Practice,32.079
C85014,The Rose Tree PMS Practice,33.25
C85016,Garland House Surgery,31.859
C85017,Burleigh Medical Centre,37.176
C85018,Grimethorpe Surgery,39.3
C85019,The Grove Medical Practice,26.287
C85020,Huddersfield Road Surgery,22.122
C85022,Hoyland Medical Practice,26.833
C85023,Hollygreen Practice,41.833
C85024,High Street Practice,27.547
C85028,Lundwood Medical Centre PMS Practice,37.341
C85030,Wombwell Medical Centre Practice,31.709
C85033,Victoria Medical Centre PMS Practice,24.186
C85614,Darton Health Centre Practice,17.441
C85619,St George's Medical Centre PMS Practice,35.447
C85622,Monk Bretton Health Centre Practice,31.246
C85623,Kingswell Surgery PMS Practice,11.319
C86001,Great North Medical Group,37.822
C86002,The Ransome Practice,38.664
C86003,Hatfield Health Centre,27.334
C86005,Mexborough Health Centre,39.66
C86006,Regent Square Group Practice,32.219
C86007,The Burns Practice,23.979
C86009,The Mayflower Medical Practice,14.361
C86011,Mount Group Practice,22.45
C86012,The Oakwood Surgery,19.358
C86013,The Tickhill & Colliery Medical Practice,17.297
C86015,The Rossington Practice,29.221
C86016,The Lakeside Practice,33.542
C86017,Kingthorne Group Practice,29.851
C86018,Northfield Surgery,33.336
C86019,The Scott Practice,34.879
C86020,St John's Group Practice,38.322
C86021,White House Farm Medical Centre,23.5
C86023,Don Valley Healthcare,31.047
C86024,Conisbrough Group Practice,35.379
C86025,Frances Street Medical Centre,40.185
C86026,Edlington Health Centre Practice,34.763
C86029,St Vincent Medical Centre,26.934
C86032,Scawsby Health Centre Practice,20.972
C86033,The Nayar Practice,35.54
C86034,The New Surgery,35.653
C86037,Field Road Surgery,43.996
C86038,Petersgate Medical Centre,24.283
C86605,Askern Medical Practice,39.83
C86609,Asa Medical Group,25.341
C86611,Dunsville Medical Centre,25.17
C86614,Thorne Moor Medical Practice,35.683
C86616,Denaby Medical Practice,51.521
C86621,West End Clinic,29.307
C86625,Conisbrough Medical Practice,37.203
C86626,Park View Surgery,15.217
C87002,Dinnington Group Practice,24.727
C87003,Woodstock Bower Group Practice,49.065
C87004,Kiveton Park Medical Practice,16.477
C87005,St Ann's Medical Centre,44.574
C87006,The Magna Group Practice,40.982
C87007,Stag Medical Centre,16.942
C87008,Swallownest Health Centre,20.707
C87009,Brinsworth Medical Centre,23.014
C87010,York Road Surgery,54.804
C87012,Broom Lane Medical Centre,30.238
C87013,Parkgate Medical Centre,33.887
C87014,Treeton Medical Centre,20.332
C87015,Wickersley Health Centre,16.505
C87016,Morthen Road Surgery,14.886
C87017,Clifton Medical Centre,38.505
C87018,High Street Surgery,27.658
C87020,Greenside Surgery,36.435
C87022,Village Surgery,32.595
C87024,Rawmarsh Health Centre,36.08
C87029,Market Surgery,28.641
C87030,Crown Street Surgery,31.346
C87031,Dr Raolu's Practice,34.62
C87603,Greasbrough Medical Centre,41.526
C87604,Thorpe Hesley Surgery,24.834
C87608,Shakespeare Road Surgery,57.882
C87616,Blyth Road Medical Centre,34.454
C87620,Manor Field Surgery,34.861
C87622,Gateway Primary Care,46.453
C88005,Walkley House & Stannington Medical Centre,14.793
C88006,Norfolk Park Health Centre,41.136
C88007,Porter Brook Medical Centre,22.598
C88008,Forge Health Group,48.767
C88009,Foxhill Medical Centre,39.993
C88010,Chapelgreen Practice,19.647
C88011,Buchanan Road Surgery,49.115
C88014,Norwood Medical Centre,52.282
C88015,Meadowgreen Health Centre,33.972
C88016,Carterknowle & Dore Medical Practice,10.025
C88018,Tramways Medical Centre (O'Connell),19.39
C88019,Gleadless Medical Centre,50.658
C88020,White House Surgery,47.214
C88021,Far Lane Medical Centre,22.925
C88022,Stonecroft Medical Centre,21.092
C88023,Sothall & Beighton Health Centres,18.234
C88025,Birley Health Centre,23.775
C88026,Sloan Medical Centre,25.007
C88027,Upwell Street Surgery,58.895
C88028,Broomhill Surgery,7.102
C88030,Duke Medical Centre,39.445
C88031,Upperthorpe Medical Centre,21.075
C88032,Charnock Health Primary Care Centre,18.716
C88034,Nethergreen Surgery,5.23
C88035,Firth Park Surgery,56.211
C88036,Handsworth Medical Practice,19.164
C88037,"Baslow Rd, Shoreham St & York Rd Srgies",26.426
C88038,The Mathews Practice Belgrave,26.65
C88039,Ecclesfield Group Pract,29.143
C88040,Oughtibridge Surgery,14.837
C88041,Woodseats Medical Centre,15.72
C88043,Tramways and Middlewood Medical Centres,18.879
C88044,Manchester Road Surgery,6.134
C88045,Dykes Hall Medical Centre,19.56
C88046,Beauchief Medical Practice,10.99
C88047,Wincobank Medical Centre,31.856
C88048,Burngreave Surgery,53.439
C88049,Elm Lane Surgery,27.128
C88050,Jaunty Springs Health Centre,23.235
C88051,Page Hall Medical Centre,63.546
C88052,Hollies Medical Centre,12.847
C88053,Falkland House Surgery,3.922
C88054,Grenoside Surgery,25.112
C88059,Harold Street Medical Centre,36.575
C88060,Sharrow Lane Medical Centre,28.006
C88062,Rustlings Road Medical Centre,7.515
C88069,Clover Group Practice,49.281
C88070,Shiregreen Medical Centre,45.787
C88072,Woodhouse Medical Centre,33.97
C88073,Heeley Green Surgery,30.273
C88074,Deepcar Medical Centre,18.402
C88076,Devonshire Green Medical Centre,26.203
C88077,Green Cross Group Practice,46.621
C88078,Mosborough Health Centre,15.922
C88079,Crookes Practice,12.167
C88082,Carrfield Medical Centre,28.64
C88083,Selborne Road Medical Centre,6.502
C88084,Clover North Darnall Health Centre,49.458
C88085,Richmond Medical Centre,34.257
C88086,Southey Green Medical Ctr,51.98
C88087,Dovercourt Group Practice,40.309
C88088,East Bank Medical Centre,48.284
C88090,Manor and Park Group Practice,47.775
C88091,Barnsley Road Surgery,45.032
C88092,Valley Medical Centre,18.835
C88095,Mill Road Surgery,17.646
C88622,Sheffield Medical Centre,42.256
C88627,University Health Service Health Centre,16.751
C88631,Veritas Health Centre,22.334
C88647,The Thorpe Practice,26.996
C88648,Crystal Peaks Medical Centre,25.175
C88652,Greystones Medical Centre,7.102
C88655,The Medical Centre Dr Okorie,42.953
D81001,Lensfield Medical Practice,9.813
D81002,Huntingdon Road Surgery,6.207
D81003,York Street Medical Practice,11.647
D81004,Alconbury Surgery,9.636
D81005,Newnham Walk Surgery,5.96
D81008,North Brink Practice,32.413
D81010,Priory Fields Surgery,15.281
D81011,Clarkson Surgery,32.215
D81012,Cornford House Surgery,8.911
D81013,Trumpington Street Medical Practice,9.08
D81014,Staploe Medical Centre,13.905
D81015,Parson Drove Surgery,29.473
D81016,Arbury Road Surgery,20.155
D81017,Mill Road Surgery,10.378
D81018,"Orchard Surgery,Melbourn",10.991
D81021,St. George's Medical Centre,17.233
D81022,Jenner Healthcare,20.396
D81025,Cherry Hinton Medical Centre,11.006
D81026,Boroughbury Medical Centre,31.165
D81027,Wellside Surgery,11.291
D81028,Firs House Surgery,7.985
D81029,Old Fletton Surgery,24.036
D81030,Grove Medical Practice,9.128
D81031,Yaxley Group Practice,13.374
D81033,Over Surgery,6.163
D81034,St Mary's Surgery,9.972
D81035,Comberton Surgery,7.885
D81036,Priors Field Surgery,13.821
D81037,Bridge Street Medical Centre,9.899
D81038,Kimbolton Medical Centre,12.456
D81041,Bourn Surgery,8.294
D81042,Waterbeach Surgery,11.407
D81043,Granta Medical Practices,8.895
D81044,Nuffield Road Medical Centre,17.827
D81045,Buckden Surgery,9.316
D81046,New Queen Street Surgery,19.375
D81047,Ashwell Surgery,13.154
D81049,Spinney Surgery,8.71
D81050,The Hicks Group Practice,12.415
D81051,Burwell Surgery,9.916
D81052,Cornerstone Practice,24.883
D81054,Red House Surgery,13.155
D81055,Bottisham Medical Practice,10.538
D81056,Petersfield Medical Practice,9.864
D81057,Lakeside Healthcare St Neots,11.665
D81058,Harston Surgery,8.328
D81059,Ramsey Health Centre,16.342
D81060,Moat House Surgery,13.614
D81061,George Clare Surgery,19.062
D81062,Haddenham Surgery,16.244
D81064,Mercheford House,24.8
D81065,Nightingale Medical Centre,38.778
D81066,Queen Edith Medical Practice,7.42
D81070,Woodlands Surgery,9.692
D81073,Westwood Clinic,35.218
D81078,Maple Surgery Bar Hill Health Centre,7.27
D81081,Great Staughton Surgery,11.55
D81082,Almond Road Surgery,12.538
D81084,Willingham Medical Practice,10.012
D81085,Papworth Surgery,9.978
D81086,East Barnwell Health Centre,23.09
D81603,Riverside Practice,24.574
D81606,Riverport Medical Practice,9.432
D81607,Swavesey Surgery,7.182
D81611,Fenland Group Practice,18.397
D81612,Milton Surgery,9.505
D81615,Thorpe Road,22.317
D81618,Ailsworth Medical Centre,22.453
D81622,Trinity Surgery,33.982
D81625,Thistlemoor Medical Centre,36.93
D81629,Willow Tree Surgery,28.083
D81630,Hampton Medical Centre,16.605
D81631,Central Medical Centre,41.724
D81633,Acorn Surgery,17.928
D81637,Monkfield Medical Practice,9.39
D81645,The Grange Medical Centre,27.921
D82001,Holt Medical Practice,22.637
D82002,Grove Surgery,25.664
D82003,Beaches Medical Centre,29.197
D82004,Cromer Group Practice,22.034
D82005,Sheringham Medical Practice,16.092
D82006,Chet Valley Medical Practice,16.384
D82007,East Norfolk Medical Practice,46.363
D82008,St Stephen's Gate Medical Practice,17.888
D82009,Stalham Staithe Surgery,23.75
D82010,Grimston Medical Centre,22.206
D82011,Castle Partnership,23.121
D82012,Magdalen Medical Practice,21.107
D82013,Old Catton Medical Practice,12.379
D82015,Bridge Street Surgery,20.129
D82016,Market Surgery,15.619
D82017,Trinity & Bowthorpe Medical Practice,22.304
D82018,Hellesdon Medical Practice,12.087
D82019,The Millwood Partnership,22.82
D82020,Orchard Surgery,18.752
D82022,Lawns Practice,16.1
D82023,Roundwell Medical Centre,12.687
D82024,Taverham Surgery,15.527
D82025,Hoveton & Wroxham Medical Centre,16.812
D82026,Lakenham Surgery,25.101
D82027,Heacham Group Practice,18.674
D82028,Ludham and Stalham Green Surgeries,22.713
D82029,Drayton Medical Practice,12.204
D82030,Reepham & Aylsham Medical Practice,17.256
D82031,Parish Fields Practice,16.001
D82032,Brundall Medical Partnership,12.744
D82034,Attleborough Surgery,14.377
D82035,Upwell Health Centre,29.274
D82036,Old Mill and Millgates Medical Practice,11.369
D82037,Long Stratton Medical Partnership,14.014
D82038,Wells Health Centre,23.398
D82039,Mattishall Surgery,16.334
D82040,Wensum Valley Medical Practice,35.901
D82041,School Lane Surgery,26.032
D82042,E Harling & Kenninghall Medical Practice,18.283
D82043,Watlington Medical Centre,20.512
D82044,Vida Healthcare,24.605
D82045,Wymondham Medical Partnership,11.172
D82046,Church Hill Surgery,18.806
D82047,Oak Street Medical Pract.,27.169
D82048,Thorpewood Medical Group,16.168
D82049,Litcham Health Centre,21.663
D82050,Theatre Royal Surgery,18.503
D82051,St James Medical Practice,27.626
D82053,Mundesley Medical Centre,22.447
D82054,Fakenham Medical Practice,21.523
D82056,Elmham Surgery,19.28
D82057,Campingland Surgery,23.548
D82058,Coastal Villages Practice,22.252
D82059,Birchwood Medical Practice,20.98
D82062,Coltishall Medical Practice,13.068
D82063,Watton Medical Practice,21.466
D82064,Humbleyard Practice,9.054
D82065,Manor Farm Medical Centre,23.107
D82066,Paston Surgery,20.869
D82067,The Park Surgery,53.058
D82068,Howdale Surgery,19.791
D82070,Great Massingham Surgery,24.519
D82071,East Norwich Medical Partnership,12.931
D82072,Burnham Surgery,25.352
D82073,The Lionwood Medical Practice,20.44
D82076,Lawson Road Surgery,17.384
D82078,Heathgate Medical Practice,10.176
D82079,Feltwell Surgery,23.742
D82080,Blofield Surgery,12.456
D82084,Harleston Medical Practice,16.637
D82085,Hingham Surgery,16.195
D82087,Prospect Medical Practice,36.333
D82088,UEA Medical Centre,16.522
D82096,Woodcock Rd Surgery,36.732
D82099,Southgates Surgical & Medical Centre,31.476
D82100,Shipdham Surgery,17.612
D82104,Acle Medical Partnership,18.558
D82105,St Clements Surgery,25.249
D82106,West Pottergate Med Prac,22.512
D82600,Fleggburgh Surgery,20.574
D82604,Boughton Surgery,23.929
D82618,The Woottons Surgery,12.663
D82621,Plowright Medical Centre,22.634
D82624,Windmill Surgery,11.836
D82628,Aldborough Surgery,18.479
D83001,Constable Country Rural Medical Practice,9.9
D83002,Alexandra & Crestview Surgeries,40.192
D83003,Wickhambrook Surgery,14.465
D83004,Felixstowe Road Medical Practice,18.415
D83005,Angel Hill Surgery,15.477
D83006,Bildeston Health Centre,16.414
D83007,Ixworth Surgery,14.631
D83008,Burlington Primary Care,31.25
D83009,Beccles Medical Centre,18.81
D83010,Longshore Surgeries,25.881
D83011,Bridge Road Surgery,21.564
D83012,Unity Healthcare,16.69
D83013,The Guildhall and Barrow Surgery,14.548
D83015,Howard House Surgery,18.472
D83016,Victoria Road Surgery,26.513
D83017,Needham Market Country Practice,12.706
D83018,Market Cross Surgery,19.181
D83019,Mendlesham Medical Group,15.265
D83020,The Holbrook and Shotley Practice,14.653
D83021,Haverhill Family Practice,17.774
D83022,Sole Bay Health Care,18.474
D83023,High Street Surgery,38.424
D83024,Ivry Street Medical Practice,18.667
D83026,Framlingham Surgery,16.278
D83027,Orchard House Surgery,13.588
D83028,Leiston Surgery,22.634
D83029,The Rookery Medical Centre,14.101
D83030,Kirkley Mill Health Centre,41.308
D83033,Botesdale Health Centre,16.11
D83034,Bungay Medical Centre,20.149
D83035,Cutlers Hill Surgery,21.707
D83037,Hadleigh Boxford Group Practice,14.267
D83038,Mount Farm Surgery,11.109
D83040,Victoria Surgery,16.081
D83041,Debenham Group Practice,13.512
D83043,Eye Health Centre,15.877
D83044,Stowhealth,14.865
D83045,Lakenheath Surgery,18.635
D83046,Two Rivers Medical Centre,13.848
D83047,Rosedale Surgery,20.036
D83048,Grove Medical Centre,17.095
D83049,Little St John Street Surgery,12.846
D83050,Cardinal Medical Practice,24.382
D83051,The Derby Road Practice,20.33
D83053,Saxmundham Health Centre,21.702
D83054,The Peninsula Practice,17.079
D83055,Woolpit Health Centre,13.529
D83056,Hawthorn Drive Surgery,31.934
D83057,Framfield House Surgery,12.127
D83059,Barrack Lane Medical Centre,30.927
D83060,Hardwicke House Group Practice,18.249
D83061,Wickham Market Medical Centre,16.79
D83062,Forest Surgery,23.181
D83064,Glemsford Surgery,15.049
D83067,Oakfield Surgery,13.217
D83069,Fressingfield Medical Centre,16.509
D83070,Stanton Surgery,17.176
D83073,Dr Solway & Dr Mallick Practice,26.537
D83074,Orchard Medical Practice,25.721
D83075,Siam Surgery,17.996
D83076,Clare Guildhall Surgery,15.817
D83078,The Reynard Surgery,16.796
D83079,Combs Ford Surgery,17.407
D83080,Martlesham Surgery,8.348
D83081,Haven Health,22.18
D83084,The Birches Medical Centre,7.697
D83608,andaman Surgery,22.887
D83610,Swan Surgery,15.763
E06000001,Hartlepool,37.58
E06000002,Middlesbrough,40.037
E06000003,Redcar and Cleveland,30.336
E06000004,Stockton-on-Tees,25.83
E06000005,Darlington,25.713
E06000006,Halton,31.117
E06000007,Warrington,16.835
E06000008,Blackburn with Darwen,36.899
E06000009,Blackpool,43.467
E06000010,Kingston upon Hull,37.206
E06000011,East Riding of Yorkshire,15.755
E06000012,North East Lincolnshire,30.213
E06000013,North Lincolnshire,23.473
E06000014,York,11.814
E06000015,Derby,28.155
E06000016,Leicester,34.449
E06000017,Rutland,9.851
E06000018,Nottingham,33.747
E06000019,Herefordshire,18.762
E06000020,Telford and Wrekin,24.423
E06000021,Stoke-on-Trent,33.614
E06000022,Bath and North East Somerset,12.281
E06000023,Bristol,22.496
E06000024,North Somerset,15.456
E06000025,South Gloucestershire,11.614
E06000026,Plymouth,24.087
E06000027,Torbay,26.917
E06000030,Swindon,17.554
E06000031,Peterborough,27.799
E06000032,Luton,29.548
E06000033,Southend-on-Sea,24.027
E06000034,Thurrock,21.032
E06000035,Medway,24.354
E06000036,Bracknell Forest,10.084
E06000037,West Berkshire,11.049
E06000038,Reading,18.558
E06000039,Slough,22.967
E06000040,Windsor and Maidenhead,8.881
E06000041,Wokingham,6.102
E06000042,Milton Keynes,18.503
E06000043,Brighton and Hove,20.266
E06000044,Portsmouth,26.378
E06000045,Southampton,25.611
E06000046,Isle of Wight,24.599
E06000047,County Durham,28.808
E06000049,Cheshire East,14.169
E06000050,Cheshire West and Chester,17.736
E06000051,Shropshire,17.604
E06000052,Cornwall,22.321
E06000053,Isles of Scilly,12.65
E06000054,Wiltshire,13.608
E06000055,Bedford,19.747
E06000056,Central Bedfordshire,13.102
E06000057,Northumberland,21.963
E06000058,"Bournemouth, Christchurch and Poole",17.513
E06000059,Dorset,16.268
E06000060,Buckinghamshire UA,11.921
E06000061,North Northamptonshire,18.472
E06000062,West Northamptonshire,16.654
E06000063,Cumberland,23.807
E06000064,Westmorland and Furness,17.836
E06000065,North Yorkshire UA,15.799
E06000066,Somerset UA,19.137
E07000008,Cambridge,11.471
E07000009,East Cambridgeshire,12.217
E07000010,Fenland,26.1
E07000011,Huntingdonshire,11.804
E07000012,South Cambridgeshire,9.338
E07000032,Amber Valley,18.593
E07000033,Bolsover,25.728
E07000034,Chesterfield,25.388
E07000035,Derbyshire Dales,13.761
E07000036,Erewash,20.726
E07000037,High Peak,17.642
E07000038,North East Derbyshire,18.689
E07000039,South Derbyshire,14.369
E07000040,East Devon,14.548
E07000041,Exeter,15.946
E07000042,Mid Devon,18.984
E07000043,North Devon,22.002
E07000044,South Hams,15.115
E07000045,Teignbridge,17.18
E07000046,Torridge,23.865
E07000047,West Devon,19.096
E07000061,Eastbourne,23.904
E07000062,Hastings,37.255
E07000063,Lewes,16.774
E07000064,Rother,22.519
E07000065,Wealden,12.655
E07000066,Basildon,22.599
E07000067,Braintree,16.638
E07000068,Brentwood,10.942
E07000069,Castle Point,17.64
E07000070,Chelmsford,13.122
E07000071,Colchester,17.339
E07000072,Epping Forest,14.101
E07000073,Harlow,21.659
E07000074,Maldon,15.976
E07000075,Rochford,11.423
E07000076,Tendring,32.08
E07000077,Uttlesford,9.968
E07000078,Cheltenham,12.961
E07000079,Cotswold,12.052
E07000080,Forest of Dean,19.129
E07000081,Gloucester,21.534
E07000082,Stroud,12.629
E07000083,Tewkesbury,11.549
E07000084,Basingstoke and Deane,12.953
E07000085,East Hampshire,9.881
E07000086,Eastleigh,10.996
E07000087,Fareham,8.067
E07000088,Gosport,23.45
E07000089,Hart,5.914
E07000090,Havant,21.459
E07000091,New Forest,12.941
E07000092,Rushmoor,15.157
E07000093,Test Valley,12.166
E07000094,Winchester,10.218
E07000095,Broxbourne,17.8
E07000096,Dacorum,14.031
E07000098,Hertsmere,14.123
E07000099,North Hertfordshire,11.312
E07000102,Three Rivers,9.978
E07000103,Watford,16.254
E07000105,Ashford,19.717
E07000106,Canterbury,19.219
E07000107,Dartford,17.375
E07000108,Dover,24.869
E07000109,Gravesham,23.624
E07000110,Maidstone,18.093
E07000111,Sevenoaks,14.37
E07000112,Folkestone & Hythe,25.193
E07000113,Swale,26.683
E07000114,Thanet,32.017
E07000115,Tonbridge and Malling,13.023
E07000116,Tunbridge Wells,13.894
E07000117,Burnley,38.681
E07000118,Chorley,16.381
E07000119,Fylde,15.712
E07000120,Hyndburn,35.43
E07000121,Lancaster,22.408
E07000122,Pendle,35.285
E07000123,Preston,28.762
E07000124,Ribble Valley,9.997
E07000125,Rossendale,25.988
E07000126,South Ribble,14.136
E07000127,West Lancashire,18.265
E07000128,Wyre,20.864
E07000129,Blaby,10.5
E07000130,Charnwood,13.272
E07000131,Harborough,9.224
E07000132,Hinckley and Bosworth,13.703
E07000133,Melton,14.866
E07000134,North West Leicestershire,15.307
E07000135,Oadby and Wigston,13.428
E07000136,Boston,28.459
E07000137,East Lindsey,30.392
E07000138,Lincoln,28.872
E07000139,North Kesteven,13.168
E07000140,South Holland,20.984
E07000141,South Kesteven,15.161
E07000142,West Lindsey,21.492
E07000143,Breckland,20.374
E07000144,Broadland,12.222
E07000145,Great Yarmouth,34.228
E07000146,King's Lynn and West Norfolk,24.054
E07000147,North Norfolk,21.114
E07000148,Norwich,26.262
E07000149,South Norfolk,13.115
E07000170,Ashfield,25.568
E07000171,Bassetlaw,22.54
E07000172,Broxtowe,13.752
E07000173,Gedling,14.485
E07000174,Mansfield,26.909
E07000175,Newark and Sherwood,19.056
E07000176,Rushcliffe,7.838
E07000177,Cherwell,12.649
E07000178,Oxford,14.423
E07000179,South Oxfordshire,8.546
E07000180,Vale of White Horse,9.472
E07000181,West Oxfordshire,10.148
E07000192,Cannock Chase,19.899
E07000193,East Staffordshire,19.021
E07000194,Lichfield,12.737
E07000195,Newcastle-under-Lyme,19.001
E07000196,South Staffordshire,13.527
E07000197,Stafford,13.901
E07000198,Staffordshire Moorlands,14.829
E07000199,Tamworth,20.233
E07000200,Babergh,15.388
E07000202,Ipswich,25.457
E07000203,Mid Suffolk,14.429
E07000207,Elmbridge,8.047
E07000208,Epsom and Ewell,7.975
E07000209,Guildford,9.468
E07000210,Mole Valley,9.77
E07000211,Reigate and Banstead,10.14
E07000212,Runnymede,12.394
E07000213,Spelthorne,14.861
E07000214,Surrey Heath,8.037
E07000215,Tandridge,12.532
E07000216,Waverley,8.128
E07000217,Woking,11.508
E07000218,North Warwickshire,20.081
E07000219,Nuneaton and Bedworth,23.971
E07000220,Rugby,14.059
E07000221,Stratford-on-Avon,11.767
E07000222,Warwick,10.799
E07000223,Adur,14.99
E07000224,Arun,19.416
E07000225,Chichester,15.599
E07000226,Crawley,20.786
E07000227,Horsham,9.611
E07000228,Mid Sussex,8.658
E07000229,Worthing,15.928
E07000234,Bromsgrove,11.003
E07000235,Malvern Hills,16.051
E07000236,Redditch,20.306
E07000237,Worcester,19.112
E07000238,Wychavon,15.828
E07000239,Wyre Forest,22.053
E07000240,St Albans,8.102
E07000241,Welwyn Hatfield,13.866
E07000242,East Hertfordshire,9.831
E07000243,Stevenage,18.919
E07000244,East Suffolk,20.316
E07000245,West Suffolk,16.165
E08000001,Bolton,31.41
E08000002,Bury,24.008
E08000003,Manchester,38.677
E08000004,Oldham,36.83
E08000005,Rochdale,34.331
E08000006,Salford,32.345
E08000007,Stockport,18.404
E08000008,Tameside,29.836
E08000009,Trafford,14.972
E08000010,Wigan,25.206
E08000011,Knowsley,36.157
E08000012,Liverpool,37.11
E08000013,St. Helens,28.953
E08000014,Sefton,25.15
E08000015,Wirral,27.473
E08000016,Barnsley,30.057
E08000017,Doncaster,30.523
E08000018,Rotherham,29.836
E08000019,Sheffield,27.574
E08000021,Newcastle upon Tyne,28.834
E08000022,North Tyneside,20.932
E08000023,South Tyneside,31.061
E08000024,Sunderland,32.76
E08000025,Birmingham,38.115
E08000026,Coventry,27.528
E08000027,Dudley,23.174
E08000028,Sandwell,33.772
E08000029,Solihull,17.04
E08000030,Walsall,31.732
E08000031,Wolverhampton,32.552
E08000032,Bradford,36.713
E08000033,Calderdale,27.582
E08000034,Kirklees,25.805
E08000035,Leeds,24.115
E08000036,Wakefield,27.247
E08000037,Gateshead,28.128
E09000001,City of London,10.21
E09000002,Barking and Dagenham,30.266
E09000003,Barnet,19.499
E09000004,Bexley,15.302
E09000005,Brent,30.046
E09000006,Bromley,12.673
E09000007,Camden,23.695
E09000008,Croydon,22.562
E09000009,Ealing,25.947
E09000010,Enfield,29.888
E09000011,Greenwich,23.539
E09000012,Hackney,31.795
E09000013,Hammersmith and Fulham,21.202
E09000014,Haringey,30.856
E09000015,Harrow,17.527
E09000016,Havering,16.755
E09000017,Hillingdon,20.653
E09000018,Hounslow,24.859
E09000019,Islington,26.651
E09000020,Kensington and Chelsea,20.339
E09000021,Kingston upon Thames,11.063
E09000022,Lambeth,23.041
E09000023,Lewisham,25.472
E09000024,Merton,14.384
E09000025,Newham,31.583
E09000026,Redbridge,19.854
E09000027,Richmond upon Thames,9.532
E09000028,Southwark,23.328
E09000029,Sutton,13.85
E09000030,Tower Hamlets,30.554
E09000031,Waltham Forest,23.453
E09000032,Wandsworth,15.157
E09000033,Westminster,23.931
E10000003,Cambridgeshire,13.328
E10000007,Derbyshire,19.386
E10000008,Devon,17.722
E10000011,East Sussex,21.23
E10000012,Essex,17.703
E10000013,Gloucestershire,15.146
E10000014,Hampshire,12.777
E10000015,Hertfordshire,13.007
E10000016,Kent,20.7
E10000017,Lancashire,23.56
E10000018,Leicestershire,12.809
E10000019,Lincolnshire,22.239
E10000020,Norfolk,21.179
E10000024,Nottinghamshire,18.599
E10000025,Oxfordshire,11.189
E10000028,Staffordshire,16.513
E10000029,Suffolk,18.849
E10000030,Surrey,10.132
E10000031,Warwickshire,15.589
E10000032,West Sussex,14.8
E10000034,Worcestershire,17.311
E54000008,NHS Cheshire and Merseyside Integrated Care Board - QYG,25.531
E54000010,NHS Staffordshire and Stoke-on-Trent Integrated Care Board - QNC,20.392
E54000011,"NHS Shropshire, Telford and Wrekin Integrated Care Board - QOC",20.099
E54000013,NHS Lincolnshire Integrated Care Board - QJM,22.239
E54000015,"NHS Leicester, Leicestershire and Rutland Integrated Care Board - QK1",19.793
E54000018,NHS Coventry and Warwickshire Integrated Care Board - QWU,19.975
E54000019,NHS Herefordshire and Worcestershire Integrated Care Board - QGH,17.654
E54000022,NHS Norfolk and Waveney Integrated Care Board - QMM,21.735
E54000023,NHS Suffolk and North East Essex Integrated Care Board - QJG,19.708
E54000024,"NHS Bedfordshire, Luton and Milton Keynes Integrated Care Board - QHG",19.537
E54000025,NHS Hertfordshire and West Essex Integrated Care Board - QM7,13.522
E54000026,NHS Mid and South Essex Integrated Care Board - QH8,18.08
E54000027,NHS North West London Integrated Care Board - QRV,23.635
E54000028,NHS North Central London Integrated Care Board - QMJ,25.754
E54000029,NHS North East London Integrated Care Board - QMF,26.334
E54000030,NHS South East London Integrated Care Board - QKK,20.606
E54000031,NHS South West London Integrated Care Board - QWE,15.604
E54000032,NHS Kent and Medway Integrated Care Board - QKS,21.25
E54000034,NHS Frimley Integrated Care Board - QNQ,12.359
E54000036,NHS Cornwall and the Isles of Scilly Integrated Care Board - QT6,22.283
E54000037,NHS Devon Integrated Care Board - QJK,20.141
E54000038,NHS Somerset Integrated Care Board - QSL,19.137
E54000039,"NHS Bristol, North Somerset and South Gloucestershire Integrated Care Board - QUY",17.706
E54000040,"NHS Bath and North East Somerset, Swindon and Wiltshire Integrated Care Board - QOX",14.281
E54000041,NHS Dorset Integrated Care Board - QVV,16.905
E54000042,NHS Hampshire and Isle of Wight Integrated Care Board - QRL,17.157
E54000043,NHS Gloucestershire Integrated Care Board - QR1,15.146
E54000044,"NHS Buckinghamshire, Oxfordshire and Berkshire West Integrated Care Board - QU9",11.618
E54000048,NHS Lancashire and South Cumbria Integrated Care Board - QE1,25.813
E54000050,NHS North East and North Cumbria Integrated Care Board - QHM,27.871
E54000051,NHS Humber and North Yorkshire Integrated Care Board - QOQ,20.858
E54000052,NHS Surrey Heartlands Integrated Care Board - QXU,10.378
E54000053,NHS Sussex Integrated Care Board - QNX,17.741
E54000054,NHS West Yorkshire Integrated Care Board - QWO,27.808
E54000055,NHS Birmingham and Solihull Integrated Care Board - QHL,34.77
E54000056,NHS Cambridgeshire and Peterborough Integrated Care Board - QUE,16.614
E54000057,NHS Greater Manchester Integrated Care Board - QOP,29.6
E54000058,NHS Derby and Derbyshire Integrated Care Board - QJ2,21.553
E54000059,NHS Northamptonshire Integrated Care Board - QPM,17.483
E54000060,NHS Nottingham and Nottinghamshire Integrated Care Board - QT1,22.865
E54000061,NHS South Yorkshire Integrated Care Board - QF7,29.11
E54000062,NHS Black Country Integrated Care Board - QUA,30.214
E54000063,placeholder for new ICB1,10.378
E54000064,placeholder for new ICB2,17.741
E81002,Greensand Surgery (Ampthill),9.923
E81003,Dr Jl Henderson & Partners,11.812
E81004,Salisbury House Surgery,12.543
E81005,Bell House Medical Centre,38.074
E81006,Stopsley Village Practice,19.236
E81007,Harrold Medical Practice,13.199
E81008,Wheatfield Surgery,25.29
E81009,West Street Surgery,16.467
E81010,Dr Whm Matta's Practice,26.785
E81012,Greensands (Potton),13.587
E81013,Castle Medical Group Practice,27.296
E81014,Priory Gardens Surgery,18.456
E81015,Flitwick Surgery,9.212
E81016,Lister House Surgery,31.638
E81018,Woodland Avenue Practice,28.468
E81019,London Road Health Centre,25.439
E81021,Queens Park Health Centre,22.126
E81022,Larksfield & Arlesey Medical Practice,11.932
E81024,Sharnbrook Surgery,13.413
E81025,The Oakley Surgery,26.382
E81026,Larkside Practice,19.12
E81027,Houghton Regis Medical Centre,22.693
E81028,The Blenheim Medical Centre,34.262
E81029,Putnoe Medical Centre Partnership,17.451
E81030,Cauldwell Medical Centre,29.937
E81031,Great Barford Surgery,16.572
E81032,Lea Vale Medical Practice,29.593
E81033,Shefford Health Centre,11.698
E81034,Toddington Medical Centre,12.541
E81035,Sandy Health Centre,17.574
E81036,Ivel Medical Centre,13.925
E81037,The De Parys Group,19.329
E81038,King Street Surgery,18.344
E81040,Sundon Medical Centre,18.933
E81041,Gardenia Practice,32.368
E81043,Marston Forest Healthcare,10.651
E81044,Leighton Road Surgery,11.222
E81045,Kingsbury Court Surgery,16.436
E81046,Dr Sulakshana & Partners,10.226
E81047,Goldington Avenue Surgery,18.982
E81048,Bute House Medical Centre,35.897
E81049,Priory Medical Centre,14.723
E81050,Asplands Medical Centre,11.322
E81052,Kirby Road Surgery,15.48
E81057,Saffron Health Partnership,14.694
E81060,Linden Road Surgery,25.892
E81061,"Drs Carragher, Neal & Akhtar",9.731
E81063,Conway Medical Centre,36.295
E81069,Caddington Surgery,14.703
E81073,The Medici Medical Practice,33.021
E81074,Houghton Close Surgery,8.811
E81076,Dr Dv Shah's Practice,26.75
E81612,Drs Mirza Sukhani & Partners,33.464
E81615,Ashburnham Road Surgery,35.826
E81617,Dr Ps Bath's Practice,18.088
E81631,Malzeard Road Practice,35.869
E81632,Barton Hills Medical Group,17.425
E81633,Neville Road Surgery,24.389
E81635,Eastgate Surgery,17.192
E82001,Rothschild House Group,8.989
E82002,Wrafton House Surgery,17.381
E82004,Hatfield Road Surgery,11.242
E82005,Stanmore Medical Group,17.478
E82006,The Limes Surgery,14.148
E82007,Hanscombe House Surgery,9.734
E82008,The Nevells Road Surgery,16.997
E82009,Lincoln House Surgery,17.955
E82012,Fairbrook Medical Centre,20.101
E82013,Bridgewater Surgeries,16.759
E82014,"Lodge,Highfield & Redbourn",11.048
E82015,Suthergrey House Medical Centre,15.083
E82017,Garston Medical Centre,15.232
E82018,Lister House Surgery,16.457
E82019,Bridge Cottage Surgery,9.122
E82020,Consulting Rooms,19.814
E82021,Much Hadham Health Centre,12.52
E82022,Fernville Surgery,18.706
E82023,Burvill House Surgery,17.193
E82024,Wallace House,11.351
E82027,Parkfield Medical Centre,12.157
E82031,Maltings Surgery,9.482
E82032,Bennetts End Surgery,17.208
E82035,Knebworth & Marymead Practice,13.29
E82037,Village Surgery,5.495
E82038,The Buntingford & Puckeridge Medical Practice,13.486
E82040,Peartree Lane Surgery,17.093
E82041,The Garden City Practice,12.967
E82042,Abbey Road Surgery,27.261
E82043,Schopwick Surgery,12.6
E82044,The Portmill Surgery,8.508
E82045,Watford Health Centre,19.973
E82046,Vine House Health Centre,12.735
E82050,Grove Hill Medical Centre,23.386
E82051,Everest House Surgery,18.748
E82053,Bancroft Medical Centre,9.668
E82055,Midway Surgery,7.65
E82056,Shephall Health Centre,19.192
E82058,Potterells Medical Centre,12.835
E82059,Grange Street Surgery,8.553
E82060,Parkbury House Surgery,8.081
E82061,Amwell Surgery,15.97
E82062,Hall Grove Group Practice,14.324
E82063,The Maples,19.918
E82066,Haverfield Surgery,10.606
E82067,Church Street Partnership,6.624
E82068,Gade Surgery,6.937
E82069,The Elms Surgery,13.377
E82070,Woodhall Farm Medical Ctr,20.534
E82071,Elms Medical Practice,5.203
E82073,Manor View Practice,15.376
E82074,South Street Surgery,7.129
E82075,Regal Chambers Surgery,9.657
E82077,Davenport House Surgery,4.42
E82078,Highview Medical Centre,14.047
E82079,Cromwell Medical Centre,21.021
E82081,Cuffley and Goffs Oak Medical Practice,8.478
E82082,Birchwood Surgery,15.714
E82083,The Colne Practice,9.287
E82084,Harvey Group Practice,7.54
E82085,The Red House Group,10.819
E82086,King George & Manor House Surgeries,16.965
E82088,Hailey View Surgery,12.878
E82090,Park Lane Surgery,10.063
E82091,Parkwood Surgery,15.258
E82092,Dolphin House Surgery,10.263
E82093,Bedwell Medical Centre,20.951
E82094,The Manor Street Surgery,7.167
E82096,Sheepcot Medical Centre,13.578
E82098,Annandale Medical Centre,10.703
E82099,The Baldock Surgery,11.032
E82100,Central Surgery,8.476
E82102,New River Health,10.015
E82105,Abbotswood Medical Centre,15.36
E82106,New Road Surgery,4.941
E82107,Summerfield Health Centre,13.489
E82111,The Symonds Green Health Centre,18.996
E82113,"Colney, Coleridge House & Bricket Wood Medical Centres",16.307
E82115,Stockwell Lodge Medical Centre,17.455
E82117,The Grove Medical Centre,19.71
E82121,Watton Place Clinic,12.049
E82123,Warden Lodge Medical Practice,19.21
E82124,Attenborough Surgery,13.321
E82129,Kings Langley Surgery,9.344
E82132,Roysia Surgery,10.622
E82133,High Street Surgery,20.805
E82626,Whitwell Surgery,13.439
E82638,Stanhope Surgery,24.179
E82643,Archway Surgery,9.557
E82652,Gossoms End Surgery,9.933
E82654,Helix Medical Centre,7.142
E82655,South Oxhey Surgery,19.877
E82657,Little Bushey Surgery,8.464
E82661,The Garden City Surgery,17.877
E83003,Oakleigh Road Health Centre,14.858
E83005,Lichfield Grove Surgery,16.13
E83006,Greenfield Medical Centre,27.56
E83007,Squires Lane Medical Practice,21.094
E83008,Heathfielde Medical Centre,12.343
E83009,Phgh Doctors,16.562
E83010,The Speedwell Practice,15.776
E83011,The Everglade Medical Practice,27.591
E83012,The Old Court House Surgery,14.432
E83013,Cornwall House Surgery,14.846
E83016,Millway Medical Practice,16.176
E83017,Longrove Surgery,15.292
E83018,Watling Medical Centre,23.507
E83020,St. Georges Medical Centre,21.317
E83021,Torrington Park Group Practice,15.747
E83024,St andrews Medical Practice.,10.525
E83025,Pennine Drive Practice,28.522
E83026,Supreme Medical Centre,15.907
E83027,The Practice at 188,24.789
E83028,Parkview Surgery,28.523
E83030,Penshurst Gardens Surgery,20.32
E83031,The Village Surgery,18.02
E83032,Oak Lodge Medical Centre,26.782
E83034,Colney Hatch Lane Surgery,22.505
E83035,Wentworth Medical Practice.,14.749
E83038,Jai Medical Centre,24.895
E83039,Ravenscroft Medical Centre,22.617
E83041,Wakemans Hill Surgery,24.36
E83044,Addington Medical Centre,17.666
E83045,Friern Barnet Medical Centre,20.216
E83046,Mulberry Medical Practice,24.687
E83049,Langstone Way Surgery,16.26
E83050,East Finchley Medical Centre,13.516
E83053,Lane End Medical Group,21.296
E83600,Adler Js-The Surgery,23.177
E83613,East Barnet Health Centre,18.349
E83621,Brunswick Park Medical Practice,13.988
E83622,Temple Fortune Medical Group,18.447
E83637,Colindale Medical Centre Lp,22.211
E83638,The Mountfield Surgery,15.402
E83639,Rosemary Surgery,18.648
E83649,The Hodford Road Practice,19.998
E83653,The Phoenix Practice,22.825
E83668,Dr Sp Talpahewa,21.067
E84002,Forty Willows Surgery,27.215
E84003,Premier Medical Centre,24.858
E84004,The Circle Practice,20.325
E84005,Kings Road Surgery,14.511
E84006,The Law Medical Group Practice,30.972
E84007,Uxendon Crescent Surgery,19.276
E84008,Simpson House Medical Centre,19.49
E84009,Enderley Road Medical Centre,23.156
E84011,St andrews Medical Centre,39.568
E84012,Mapesbury Medical Group,29.913
E84013,Church End Medical Centre,47.319
E84014,Bacon Lane Surgery,22.177
E84015,Willow Tree Family Doctors,23.218
E84017,Sudbury & Alperton Medical Centre,22.6
E84018,Streatfield Health Centre,13.655
E84020,Jai Medical Centre (Brent),28.11
E84021,The Willesden Medical Centre,37.367
E84022,Roxbourne Medical Centre,21.501
E84024,The Pinn Medical Centre,8.257
E84025,The Lonsdale Medical Centre,24.902
E84028,The Stonebridge Practice,44.848
E84030,Preston Hill Surgery,21.535
E84031,Brentfield Medical Centre,47.852
E84032,Ellis Practice,28.462
E84033,Chalkhill Family Practice,27.504
E84036,Gladstone Medical Centre,40.293
E84039,Honeypot Medical Centre,19.078
E84040,The Pinner Road Surgery,16.451
E84042,Kilburn Park Medical Centre,30.997
E84044,The Northwick Surgery,20.096
E84048,The Fryent Way Surgery,20.548
E84049,Brampton Health Centre,23.632
E84051,Stanley Corner Medical Centre,28.966
E84053,Hatch End Medical Centre,9.45
E84057,The Stanmore Medical Centre,17.139
E84058,GP direct,19.742
E84059,The Allendale Road Surgery,18.831
E84061,Elliott Hall Medical Ctr.,9.937
E84062,The Shaftesbury Medical Centre,20.355
E84063,Lancelot Medical Centre,28.606
E84066,GP Pathfinder Clinics,26.464
E84067,Church Lane Surgery,24.708
E84068,The Ridgeway Surgery,11.343
E84069,Belmont Health Centre,20.746
E84070,Pinner View Medical Centre,15.542
E84074,Freuchen Medical Centre,43.346
E84075,Mollison Way Surgery,21.531
E84076,Oxgate Gardens Surgery,39.222
E84078,Kingsbury Health and Wellbeing,20.557
E84080,Staverton Surgery,25.577
E84083,Lanfranc Medical Centre,20.846
E84086,Walm Lane Surgery,27.338
E84601,Kenton Bridge Medical Centre,16.846
E84617,The Civic Medical Centre,23.369
E84620,Preston Road Surgery,23.084
E84626,The Sunflower Medical Centre,26.422
E84635,The Surgery,26.92
E84637,Hilltop Medical Practice,44.604
E84638,Alperton Medical Centre,29.06
E84645,Park Royal Medical Practice,35.808
E84646,The Streatfield Medical Centre,18.475
E84647,Kenton Clinic,17.818
E84653,Zain Medical Centre,22.699
E84656,Roundwood Park Medical Centre,38.841
E84658,Aspri Medical Centre,22.573
E84663,Kenton Bridge Medical Centre - Dr Raja,16.235
E84665,Neasden Medical Centre,44.226
E84674,Chichele Road Surgery,34.132
E84676,Headstone Lane Medical Centre,16.677
E84678,Preston Medical Centre,23.877
E84680,Headstone Road Surgery,20.883
E84684,The Tudor House Medical Centre,34.046
E84685,Sudbury Surgery,23.332
E84693,St. Peter's Medical Centre,17.335
E84699,Kings Edge Medical Centre,22.279
E84701,Pearl Medical Practice,26.587
E84702,Willesden Green Surgery,32.355
E84704,St George's Medical Centre,40.477
E84709,Wembley Park Drive Medical Centre,21.946
E85001,Thornbury Road Centre For Health,17.582
E85003,North End Medical Centre,22.948
E85004,Albany Practice,25.04
E85005,"The Surgery, Dr Dasgupta & Partners",31.87
E85006,Waterside Medical Centre,32.971
E85007,St Margaret's Practice,18.683
E85008,North Fulham Surgery,23.876
E85012,Ks Medical Centre,32.226
E85013,Westseven GP,27.413
E85014,Northfields Surgery,13.958
E85015,Hounslow Medical Centre,27.44
E85016,Richford Gate Medical Centre,21.723
E85019,Crown Street Surgery,24.933
E85020,Brook Green Medical Centre,19.196
E85021,Yeading Medical Centre,33.551
E85023,Chepstow Gardens Medical Centre,31.384
E85024,Carlton Surgery,26.36
E85025,Cassidy Road Medical Centre,19.272
E85026,Gordon House Surgery,21.009
E85028,Hillcrest Surgery,20.302
E85029,"The Medical Centre, Dr Jefferies & Partn",18.719
E85030,Chiswick Health Practice,13.906
E85032,Ashchurch Surgery,20.987
E85033,Hammersmith Surgery,20.418
E85034,Grosvenor House Surgery,29.621
E85035,Mount Medical Centre,29.007
E85038,"The Surgery, Dr Mangwana & Partners",14.02
E85040,West4 GPs,15.034
E85041,Hanwell Health Centre (Naish),25.531
E85042,The New Surgery,24.599
E85045,Twickenham Park Medical Centre,23.483
E85046,Eastmead Avenue Surgery,26.998
E85048,"Dr Canisius & Dr Hasan, Parkview Cfh&W",29.868
E85049,Belmont Medical Centre,35.129
E85050,Greenford Road Medical Centre,25.258
E85051,Greenford Avenue Fhp,30.33
E85052,Cranford Medical Centre,28.817
E85053,The Medical Centre,30.141
E85054,Hillview Surgery,24.924
E85055,The Bush Doctors,27.417
E85056,St Davids Practice,25.608
E85057,Queens Walk Practice,13.537
E85058,Blue Wing Family Doctor Unit,27.412
E85059,Chestnut Practice,27.38
E85060,Kingfisher Practice,20.128
E85061,Welcome Practice,33.518
E85062,Firstcare Practice,26.766
E85064,West End Surgery,32.07
E85066,The Bedford Park Surgery,11.773
E85069,Oldfield Family Practice,27.224
E85071,Clifford House Medical Centre,26.204
E85074,West Kensington GP Surgery,18.489
E85075,Chiswick Family Practice,20.265
E85077,Shepherds Bush Medical Centre,26.482
E85083,Dr Sivanesan & Partner,30.359
E85088,Elmbank Surgery,31.894
E85090,Hammond Road Surgery,33.537
E85091,Brunswick Surgery,26.133
E85096,Medical Centre,27.443
E85098,Islip Manor Medical Centre,31.851
E85099,The Avenue Surgery,20.527
E85103,Lady Margaret Road Medical Centre,32.618
E85107,The Mill Hill Surgery,24.416
E85108,Mandeville Medical Centre,31.821
E85109,The Acton Health Centre,26.708
E85111,Perivale Medical Clinic,29.629
E85112,Elmtrees Surgery,21.712
E85113,Redwood Practice,20.223
E85114,Crosslands Surgery,27.092
E85115,Pentelow Practice,27.655
E85116,The Cuckoo Lane Practice,25.872
E85118,The Fulham Medical Centre,18.681
E85119,The Mwh Practice,31.904
E85120,The Argyle Surgery,23.778
E85121,Guru Nanak Medical Centre,29.568
E85122,The Florence Road Surgery,17.434
E85123,The Corfton Road Surgery,17.834
E85124,GP at Hand,22.468
E85125,Sterndale Surgery,19.135
E85126,Green Practice,28.378
E85127,The Barnabas Medical Ctre,23.672
E85128,Sands End Health Clinic,17.349
E85129,The Mansell Road Practice,25.937
E85130,Chiswick Family Practice,18.721
E85600,Willow Practice,20.806
E85605,Brentford Group Practice,24.495
E85617,Acton Town Medical Centre,19.231
E85623,Somerset Medical Centre,31.523
E85624,"Dr Uppal & Partn, Parkview Ctr For H&W",31.181
E85628,Elthorne Park Surgery,17.692
E85633,The Southall Medical Ctr.,32.243
E85635,The Vale Surgery,23.122
E85636,Park Medical Centre,18.186
E85640,The Churchfield Road Surgery,25.341
E85643,Meadow View,24.293
E85649,Fulham Cross Medical Centre,19.273
E85656,Sunrise Medical Centre,33.13
E85657,Ealing Park Health Centre,20.116
E85658,Holly Road Medical Centre,16.412
E85659,"Dr Rk Kukar, Parkview Ctr For H&W",29.937
E85663,The Saluja Clinic,31.98
E85677,The Horn Lane Surgery,26.359
E85680,Cloister Road Surgery,25.305
E85681,Jersey Practice,28.94
E85682,Dormers Wells Medical Centre,33.02
E85683,Glebe Street Surgery,13.833
E85685,The Lilyville Surgery,13.831
E85687,Acton Lane Medical Centre,20.54
E85693,Grove Park Surgery,15.865
E85694,The Boileau Road Surgery,16.771
E85696,Clifford Road Surgery,27.97
E85697,Greenbrook Bedfont,27.833
E85699,Grove Village Medical Centre,28.345
E85707,Skyways Medical Centre,27.691
E85708,Gill Medical Practice,26.04
E85712,Goodcare Practice,33.113
E85713,Hounslow Family Practice,25.068
E85715,Broadmead Surgery,35.332
E85716,Bath Road Surgery,27.605
E85718,Hatton Medical Practice,26.752
E85719,Ashville Surgery,14.438
E85721,The Town Surgery,30.9
E85725,The Grove Medical Practice,26.24
E85726,Mattock Lane Health Centre,23.069
E85734,Queens Park Medical Practice,25.707
E85735,Brentford Family Practice,23.054
E85736,Little Park Surgery,27.863
E85739,Hmc Health Heston Great West,29.944
E85743,St George's Medical Centre,30.224
E85744,Argyle Health-Isleworth Practice,22.036
E85745,Jubilee Gardens Medical Centre,30.092
E85746,Grove Park Terrace Surgery,16.698
E85748,"The Medical Centre, Dr Kukar",26.5
E85750,Spring Grove Medical Practice,20.793
E86001,Mountwood Surgery,10.007
E86004,The Medical Centre,29.912
E86005,The Oakland Medical Centre,14.638
E86006,The Devonshire Lodge Practice,9.425
E86007,Harefield Practice,21.804
E86009,Belmont Medical Centre,18.931
E86010,Yiewsley Family Practice,28.647
E86011,Oxford Drive Medical Centre,9.47
E86012,Wood Lane Medical Centre,9.142
E86014,Cedars Medical Centre,9.383
E86015,Central Uxbridge Surgery,19.292
E86016,The Pine Medical Centre,25.214
E86017,Hayes Medical Centre,27.735
E86018,Townfield Doctors Surgery,28.235
E86019,The Warren Practice,26.354
E86020,Yeading Court Surgery,29.611
E86022,The Abbotsbury Practice,7.648
E86024,King Edwards Medical Centre,8.222
E86026,Parkview Surgery,26.201
E86027,Otterfield Medical Centre,28.37
E86028,Eastbury Surgery,7.816
E86029,Cedar Brook Practice,25.708
E86030,Brunel Medical Centre,16.338
E86033,St Martins Medical Centre,9.338
E86034,Church Road Surgery,22.198
E86036,Hillingdon Health Centre,13.272
E86038,Glendale Medical Centre,29.422
E86041,Acre Surgery,14.818
E86042,The High Street Practice,28.23
E86605,Ladygate Lane Medical Practice,13.147
E86609,North Hyde Road Surgery,27.005
E86610,Willow Tree Surgery,28.221
E86612,Shakespeare Health Centre,26.129
E86615,Acrefield Surgery,17.088
E86618,Carepoint Practice,15.223
E86619,Wallasey Medical Centre,5.967
E86620,West London Medical Centre,25.189
E86625,Kincora Doctors Surgery,28.394
E86626,Queens Walk Medical Centre,10.77
E86629,Dr Mlr Siddiqui's Practice,16.779
E86632,Acorn Medical Centre,17.762
E86637,Heathrow Medical Centre,28.271
E86640,Southcote Clinic,9.344
E87002,Victoria Medical Centre,22.078
E87003,North Kensington Medical Centre,28.709
E87004,Violet Melchett Health Centre,18.199
E87005,Belgravia Surgery,17.336
E87006,Little Venice Medical Centre,26.685
E87007,Westbourne Grove Medical Centre,17.805
E87008,Paddington Green Health Centre,33.951
E87009,The Garway Medical Practice,23.305
E87010,Maida Vale Medical Centre,20.261
E87011,Lisson Grove Health Centre,36.236
E87013,Stanhope Mews Surgery,14.128
E87016,Holland Park Surgery,13.636
E87021,Queens Park Health Centre,31.709
E87024,The Golborne Medical Centre,36.109
E87026,Meanwhile Garden Medical Centre,34.354
E87029,Portland Road Practice,20.823
E87034,Pimlico Health At The Marven Surgery,26.116
E87037,Connaught Square Practice,21.933
E87038,Elgin Clinic,33.428
E87043,Emperor's Gate Centre For Health,12.933
E87045,Covent Garden Medical Centre,24.04
E87046,The Randolph Surgery,21.863
E87047,Earls Court Medical Centre,22.756
E87048,Rosary Garden Surgery,13.66
E87052,Crompton Medical Centre,32.58
E87061,The Pembridge Villas Surgery,16.86
E87063,Kings Road Medical Centre,20.595
E87065,The Notting Hill Medical Centre,27.816
E87066,Fitzrovia Medical Centre,21.033
E87067,Colville Health Centre,29.566
E87069,Soho Centre For Health and Care,22.361
E87070,Crawford Street Surgery,17.906
E87609,St Johns Wood Medical Practice,13.361
E87637,Grand Union Health Centre,30.617
E87648,Mayfair Medical Centre,15.697
E87663,Third Floor Lanark Road Medical Centre,27.281
E87665,The Chelsea Practice,16.805
E87677,Imperial College Health Centre,17.88
E87681,Newton Medical Centre,22.932
E87701,The Abingdon Health Centre,13.603
E87702,The Surgery,12.328
E87706,The Foreland Medical Centre,31.724
E87711,Royal Hospital Chelsea,12.478
E87714,Soho Square General Practice,22.583
E87715,Scarsdale Medical Centre,12.692
E87720,Kensington Park Medical Centre,18.979
E87722,Lancaster Gate Medical Centre,19.897
E87733,The Exmoor Surgery,33.164
E87737,Marylebone Health Centre,14.915
E87738,Knightsbridge Medical Centre,13.542
E87739,Millbank Medical Centre,21.535
E87740,The Doctor Hickey Surgery,21.934
E87741,Woodfield Road Medical Centre,33.413
E87742,The Golborne Medical Centre,35.913
E87745,Cavendish Health Centre,13.702
E87746,Brompton Medical Centre,18.828
E87750,Earls Court Surgery,21.53
E87751,Srikrishnamurthy Harrow Road Surgery,33.749
E87753,Belgrave Medical Centre,20.802
E87754,Wellington Health Centre,15.43
E87755,Queens Park Health Centre,33.456
E87756,Ground Floor Lanark Medical Centre,28.652
E87762,The Good Practice,21.336
E87768,Kings College Health Centre,19.301
E87772,Great Chapel Street Medical Centre,27.005
F81001,Dr Khan & Partners,10.979
F81003,Dr F Khan Carnavon Road Surgery,30.226
F81004,The Eden Surgeries,11.824
F81006,Clayhill Medical Practice,38.255
F81007,The Puzey Family Practice,18.846
F81009,The Gold Street Surgery,8.03
F81010,Aveley Medical Centre,22.919
F81011,Kelvedon & Feering Health Centre,13.057
F81012,West Mersea Surgery,13.608
F81013,Western Road Surgery,6.463
F81014,Church Lane Surgery,18.797
F81015,Crocus Medical Practice,8.08
F81017,Walton Medical Centre,32.056
F81019,Mayflower Medical Centre,34.366
F81020,The Freshford Practice,16.333
F81021,Great Bentley Surgery,20.848
F81022,Longfield Medical Centre,15.11
F81023,Beechwood Surgery,11.182
F81025,Dr Gc Chajed's Practice,26.194
F81026,Caradoc Surgery,20.929
F81027,Lister Medical Centre,23.889
F81028,Wivenhoe Surgery,9.613
F81029,Dr Degun & Dr Macaulay,19.596
F81030,Fern House Surgery,17.132
F81031,Dr M Aslam's Practice,34.148
F81032,P A Patel Surgery,11.163
F81034,Newport Surgery,9.778
F81036,Robert Frew Medical Centre,12.607
F81037,East Lynne Medical Centre,47.13
F81038,Tile House Surgery,12.669
F81040,Stock Surgery,13.22
F81041,London Road Surgery,13.46
F81042,Colchester Medical Practice,22.614
F81043,The Limes Medical Centre,13.578
F81044,The Ardleigh Surgery,13.607
F81045,Dr N Dabas's Practice,11.311
F81046,Dr Krishnan & Ptnr - Kent Elms HC,16.727
F81047,The Hamilton Practice,23.077
F81048,Loughton Health Centre,11.804
F81049,Ongar Health Centre,16.671
F81051,Third Avenue Health Centre,28.509
F81052,St Jame's Surgery,41.483
F81053,Stansted Surgery,9.29
F81055,Mount Avenue Surgery,7.642
F81056,Old Harlow Health Centre,14.613
F81057,Whitley House Surgery,12.3
F81060,Aegis Medical Centre,30.848
F81061,Conner & Partners,11.336
F81062,Chigwell Medical Centre,14.57
F81065,William Harvey Surgery,10.673
F81066,The Greensward Surgery,6.483
F81067,Ambrose Avenue Group Practice,12.863
F81068,The Elizabeth Courtauld Surgery,16.571
F81069,Winstree Medical Practice,14.161
F81071,Rivermead Gate Medical Centre,15.074
F81072,"High Street Surgery, Epping",11.722
F81075,The Hollies,12.325
F81076,The Tollesbury Practice,18.18
F81078,Church Langley Medical Practice,12.275
F81080,The Billericay Medical Practice,6.394
F81081,The Queensway Surgery,35.601
F81082,The Rigg-Milner Medical Centre,19.162
F81083,Beauchamp House,13.651
F81085,"Dr A Naeem & Partners,The New Surgery",13.022
F81086,Central Surgery - Southchurch Blvd,28.71
F81087,Mount Chambers Medical Practice,18.147
F81088,Southend Road Surgery,15.787
F81089,Wakering Medical Ctr.,16.546
F81090,Angel Lane Surgery,10.441
F81091,East Hill Surgery,22.922
F81092,Dr Sooriakumaran,18.103
F81095,Abbey Field Medical Centre,26.759
F81096,Oaklands Surgery,25.263
F81097,The Valkyrie Surgery,27.455
F81098,The Writtle Surgery,14.647
F81099,Blackwater Medical Centre,15.096
F81100,Beacon Health Group-Danbury Medical Ctr,10.38
F81101,Essex Way Surgery,10.589
F81102,Rockleigh Court Surgery,7.838
F81104,Chapel Street Surgery,13.403
F81105,Little Waltham & Gt Notley Surgery,12.105
F81106,The Ross Practice,23.241
F81108,Laindon Medical Group,27.355
F81110,Tilbury Health Centre,30.304
F81112,Highlands Surgery,9.159
F81113,Dr Abela T Practice,10.272
F81114,Baddow Village Surgery,12.813
F81115,Creffield Medical Group,14.625
F81116,Colne Medical Centre,18.067
F81117,Sutherland Lodge Surgery,14.286
F81118,John Tasker House Surgery,10.739
F81119,The Pump House Surgery,14.368
F81120,Nuffield House Health Centre,24.707
F81121,Thorpe Bay & Shaftesbury Avenue Surgery,21.805
F81122,Chelmer Medical Partnership,16.082
F81123,Audley Mills Surgery,8.418
F81125,Church View Surgery,8.127
F81126,Burnham Surgery,14.869
F81128,Eastwood Group Practice,14.821
F81130,William Fisher Medical Centre,19.715
F81131,Thaxted Surgery,12.598
F81132,Blandford Medical Centre,17.092
F81133,Tiptree Medical Centre,13.795
F81134,Peartree Surgery & West Horndon Surgery,20.044
F81136,The Loughton Surgery,12.601
F81137,Orsett Surgery,14.112
F81141,Rowhedge Surgery,16.606
F81142,Dr Baker & Partners,11.34
F81144,The Pall Mall Surgery,12.868
F81147,Dr Navin Kumar,26.193
F81149,The Laurels Surgery,14.09
F81150,Ballards Walk Surgery,28.649
F81152,Forest Practice,15.345
F81153,Hassengate Medical Centre,15.392
F81155,Balfour Medical Centre,17.077
F81156,Ranworth Surgery,46.402
F81158,Dr Nasah & Partners,35.953
F81159,Southend Medical Centre,40.345
F81163,The New Folly Surgery,11.408
F81164,West Road Surgery,28.183
F81165,Palmerston Road Surgery,7.773
F81169,Kings Medical Centre,7.031
F81170,Kingsway Surgery,11.422
F81173,Douglas Grove Surgery,20.8
F81176,North Avenue Surgery,31.831
F81177,Dr Deshpande Am Practice,16.354
F81181,Addison House - Haque Practice,23.865
F81183,The Dengie Medical Partnership,21.248
F81184,Abridge Surgery,17.474
F81186,Felmores Medical Centre,36.506
F81192,Stifford Clays Medical Centre,16.955
F81193,Witham Health Centre,18.785
F81197,Sancta Maria Medical Centre,25.434
F81198,Horndon-on-the-Hill Surgery,13.71
F81205,Ghauri Practice,25.653
F81206,Commonwealth Health Centre,35.621
F81207,Dr Bekas Medical Centre,30.729
F81211,Dr Yadava N Practice,21.23
F81212,Old Road Surgery,49.239
F81213,Thorpe Surgery,22.296
F81215,Deal Tree Health Centre,12.377
F81216,The River Surgery,10.827
F81219,Dell Medical Centre,17.23
F81221,Fronks Rd Family Surgery,35.149
F81222,Queens Park Surgery,9.132
F81223,Dr Malik - Kent Elms HC,17.682
F81606,Harewood Surgery,22.555
F81613,Dr Kumar & Ptnr - Shoebury HC,28.144
F81618,High Road Family Doctors,11.502
F81619,Sydenham House Surgery,24.53
F81623,Kadim Primecare Medical Centre,20.619
F81632,Dr Yasin Sa Practice,25.339
F81633,Lawford Surgery,15.34
F81635,Collingwood Road Surgery,18.851
F81636,Mill Road Surgery,11.738
F81640,Aryan Medical Centre,31.234
F81641,Milton Road Surgery,22.512
F81645,Rose Villa Surgery,35.956
F81649,Drs. Palacin & Guyler,24.484
F81652,Medic House,28.098
F81656,Warrior Square Surgery,37.876
F81665,Chelmer Village Surgery,8.294
F81666,Dr Sharma & Partners,20.503
F81669,Derry Court Medical Practice,25.357
F81674,Wyncroft Surgery,12.74
F81675,The Practice Leecon Way,13.019
F81679,Highwoods Surgery,16.18
F81681,Clacton Community Practices,42.13
F81683,Blyth's Meadow Surgery,17.805
F81690,Ashingdon Medical Centre,13.036
F81696,The Leigh Surgery,17.285
F81697,Dr Devaraja Vc Practice,17.27
F81700,Rahman Practice,25.526
F81704,Downhall Park Surgery,9.782
F81707,Fryerns Medical Centre,36.782
F81708,Sai Medical Centre,27.703
F81711,Knights Surgery,26.944
F81713,Benfleet Surgery,11.225
F81716,Tollgate Health Centre,13.478
F81725,Maynard Court Surgery,18.18
F81729,Matching Green Surgery,28.894
F81730,The Coggeshall Surgery,15.166
F81732,Swanwood Partnership,14.058
F81737,The Highwood Surgery,13.705
F81739,The Island Surgery,25.149
F81740,The Community Practice,25.338
F81741,North Clacton Medical Practice,35.27
F81744,Scott Park Surgery,11.671
F81746,Bluebell Surgery,16.676
F81749,Market Square Surgery,21.169
F81751,The Trinity Medical Practice,17.141
F81757,The Riverside Health Ctr,15.761
F82001,Halbutt Street Surgery,29.716
F82002,Haiderian Medical Centre,6.599
F82003,Dr M Fateh's Practice,27.312
F82005,Dr M Goyal's Practice,34.179
F82006,Cranham Village Surgery,5.776
F82007,The Green Wood Practice,14.028
F82008,Maylands Healthcare,12.213
F82009,North Street Medical Care,17.852
F82010,Petersfield Surgery,27.366
F82011,St Edwards Medical Centre,21.191
F82013,Western Road Medical Centre,15.379
F82014,Kucchai,29.57
F82015,Hedgemans Medical Centre,31.53
F82016,Central Park Surgery,30.49
F82017,St Albans Surgery,30.928
F82018,Barking Medical Group Practice,26.318
F82019,The Upstairs Surgery,23.934
F82021,The New Medical Centre,12.078
F82022,The Rosewood Medical Centre,13.881
F82023,High Street Surgery,16.342
F82025,Dr Bk Jaiswal's Practice,28.787
F82027,Dr P Prasad's Practice,22.428
F82028,Wood Lane Surgery,16.114
F82030,Lynwood Medical Centre,18.954
F82031,Dr Sanomi,21.929
F82033,Dr Vm Patel,9.614
F82034,Victoria Medical Centre,32.774
F82038,Dr Sz Haider's Practice,29.811
F82039,Dr P & S Poologanathan,20.336
F82040,John Smith Medical Centre,31.469
F82042,Aurora Medcare,31.461
F82045,Chowdhury,15.188
F82051,Laburnum Health Centre,32.411
F82055,Hornchurch Healthcare,10.385
F82604,Marks Gate Health Centre,31.914
F82607,South Hornchurch Medical Practice,18.023
F82609,Dr Pm Patel,10.299
F82610,Dr Gupta,17.358
F82612,The White House Surgery,26.725
F82619,Harlow Road Surgery,20.946
F82624,Upminster Bridge Surgery,9.123
F82625,Abbey Medical Centre,32.595
F82627,Rainham Health Centre,20.734
F82630,Chase Cross Medical Centre,19.592
F82634,Heathway Medical Centre,30.836
F82638,Modern Medical Centre,20.414
F82642,Gables Surgery,29.784
F82647,Dr R Chibber's Practice,30.803
F82648,Ingrebourne Medical Centre,28.198
F82649,Berwick Surgery,17.023
F82650,Dr Aa Ansari's Practice,31.109
F82660,Tulasi Medical Centre,30.84
F82661,Green Lane Surgery,26.463
F82663,Dr Marks Practice,19.189
F82670,Abbamoor Surgery,30.554
F82671,Straight Road Surgery,30.23
F82674,Cranham Health Centre,7.584
F82675,Billet Lane Medical Practice,10.292
F82677,Dr A Moghal's Practice,28.832
F82678,Dr Km Alkaisy Practice,29.813
F82679,Dr Dp Shah's Practice,28.407
F82680,Highgrove Surgery,27.855
F82686,Ashton Gardens Surgery,24.513
F83002,River Place Health Centre,28.49
F83003,Park End Surgery,13.042
F83004,Archway Medical Centre,26.098
F83005,Gower Street Practice,21.177
F83006,Ampthill Practice,33.148
F83007,Roman Way Medical Centre,27.962
F83008,The Goodinge Group Practice,28.484
F83010,Islington Central Medical Centre,23.752
F83011,Primrose Hill Surgery,16.981
F83012,Elizabeth Avenue Group Practice,25.538
F83015,St Johns Way Medical Centre,27.269
F83017,Hampstead Group Practice,18.186
F83018,Prince Of Wales Group Surgery,32.633
F83019,Abbey Medical Centre,26.114
F83020,Adelaide Medical Centre,18.939
F83021,Ritchie Street Group Practice,24.351
F83022,Caversham Group Practice,24.985
F83023,James Wigg Practice,27.582
F83032,St Peter's Street Medical Practice,21.197
F83033,Barnsbury Medical Practice,27.73
F83034,New North Health Centre,23.435
F83039,The Rise Group Practice,30.971
F83042,Gray's Inn Road Medical Centre,26.061
F83043,Ridgmount Practice,24.848
F83044,The Bloomsbury Surgery,26.563
F83045,The Miller Practice,20.715
F83048,Brunswick Medical Centre Uhpc,26.83
F83050,Fortune Green Road Surgery,17.868
F83052,Brookfield Park Surgery,24.866
F83053,Mildmay Medical Practice,26.882
F83055,West Hampstead Medical Centre,19.638
F83056,The Mitchison Road Surgery,27.906
F83057,Parliament Hill Surgery,21.537
F83058,Holborn Medical Centre,24.785
F83059,Brondesbury Medical Centre,30.158
F83060,The Northern Medical Centre,27.704
F83061,Museum Practice,23.656
F83063,Killick Street Health Centre,26.081
F83064,City Road Medical Centre,24.469
F83615,Cholmley Gardens Surgery,16.094
F83623,Keats Group Practice,9.561
F83624,Clerkenwell Medical Practice,22.14
F83632,Queens Crescent Practice,34.156
F83633,Daleham Gardens Health Centre,13.35
F83635,Kings Cross Surgery,28.535
F83652,Amwell Group Practice,25.442
F83658,Belsize Priory Medical Practice,27.138
F83660,Highbury Grange Medical Practice,20.197
F83664,The Village Practice,32.221
F83665,Swiss Cottage Surgery,16.308
F83666,andover Medical Centre,34.338
F83671,The Beaumont Practice,30.595
F83672,St Philips Medical Centre,21.031
F83673,The Medical Centre,26.643
F83674,The Junction Medical Practice,23.559
F83678,Dr Segarajasinghe,25.54
F83680,Sobell Medical Centre,28.312
F83681,Partnership Primary Care Centre,28.641
F83683,Somers Town Medical Centre,35.019
F83686,Stroud Green Medical Centre,26.759
F84003,Lower Clapton Group Practice,31.697
F84004,Market Street Health Group,36.246
F84006,The Shrewsbury Centre,33.08
F84008,Barton House Group Practice,23.816
F84009,Stratford Village Surgery,28.798
F84010,St. Bartholomews Surgery,35.526
F84012,Albion Health Centre,41.425
F84013,Stamford Hill Group Practice,48.731
F84014,Upton Lane Medical Centre,33.882
F84015,Kingsmead Healthcare,35.759
F84016,The Mission Practice,35.039
F84017,Star Lane Medical Centre,32.415
F84018,The Nightingale Practice,32.093
F84021,London Fields Medical Centre,28.375
F84022,Stratford Health Centre,30.466
F84025,Gough Walk Practice,37.28
F84030,Ruston Street Clinic,29.805
F84031,Jubilee Street Practice,38.077
F84033,Somerford Grove Practice,29.291
F84034,St Stephen's Health Centre,28.674
F84035,Richmond Road Medical Centre,28.529
F84036,The Cedar Practice,29.72
F84038,Beechwood Medical Centre,28.973
F84039,Goodman's Field Health Centre,31.131
F84044,Harley Grove Medical Ctr.,29.435
F84047,Custom House Surgery,32.939
F84050,Boleyn Medical Centre,34.207
F84051,Strouts Place Medical Centre,30.607
F84052,Essex Lodge,32.818
F84053,Greengate Medical Centre,33.78
F84054,The Limehouse Practice,32.286
F84055,The Grove Road Surgery,26.838
F84060,Athena Medical Centre,29.55
F84062,The Chrisp Street Hth Ctr,38.658
F84063,The Dalston Practice,31.348
F84069,Well Street Surgery,33.322
F84070,Lathom Road Medical Centre,34.859
F84072,De Beauvoir Surgery,24.806
F84074,The Graham Practice,33.066
F84077,Newham Vicarage Practice,30.755
F84079,The Wapping Group Practice,16.687
F84080,Fountayne Road Health Centre,37.124
F84081,The Spitalfields Practice,31.946
F84083,Bethnal Green Health Ctr.,34.699
F84086,The Forest Practice,30.74
F84087,Harford Health Centre,36.913
F84088,Plashet Road Medical Centre,32.812
F84092,Glen Road Medical Centre,35.191
F84093,Tollgate Medical Centre,29.733
F84096,The Lawson Practice,27.157
F84097,Claremont Clinic,32.598
F84105,The Lea Surgery,33.517
F84111,Abbey Road Medical Practice,31.422
F84114,City Square Medical Group,38.211
F84115,The Statham Grove Surgery,22.233
F84117,Queensbridge Group Practice,27.865
F84118,Wellington Way Health Centre,32.54
F84119,The Heron Practice,29.129
F84121,E12 Health,36.271
F84122,Xx Place Health Centre,36.756
F84123,Suttons Wharf Health Centre,30.652
F84124,The Project Surgery,32.947
F84601,Elsdale Street Surgery,35.272
F84619,The Riverside Practice,37.916
F84620,The Wick Health Centre,36.183
F84621,Sandringham Practice,32.491
F84632,The Greenhouse Walk-In,30.287
F84635,Shoreditch Park Surgery,26.357
F84636,The Surgery (Barretts Grove),28.428
F84640,The Neaman Practice,12.921
F84641,Birchdale Road Medical Centre,33.223
F84642,Lucas Avenue Practice,31.574
F84647,Roserton Street Surgery,23.447
F84656,Docklands Medical Centre,20.214
F84658,Sangam Practice,35.933
F84660,Dr Cm Patel's Surgery,32.497
F84666,The Ruiz Medical Practice,28.786
F84668,The Clapton Surgery,42.964
F84669,Newham Medical Centre,32.772
F84670,Westbury Road Medical Practice,34.587
F84672,First 4 Health Group - E7 Health,30.902
F84677,East End Medical Centre,30.901
F84681,Balaam Street Practice,33.946
F84686,The Surgery (Cranwich Road),46.881
F84692,The Hoxton Surgery,24.397
F84694,The Surgery (Brooke Road),27.526
F84696,Tredegar Practice,26.454
F84698,Aberfeldy Practice,28.042
F84710,Island Health,21.499
F84716,The Allerton Road Surgery,33.425
F84717,Royal Docks Medical Practice,27.07
F84718,The Blithehale Medical Centre,35.925
F84719,Latimer Health Centre,33.397
F84720,Healy Medical Centre,44.49
F84724,Woodgrange Medical Practice,34.217
F84729,The Manor Park Practice,39.931
F84730,The Vicarage Lane Surgery,31.056
F84731,St. Katherine's Dock Practice,10.869
F84733,Health E1,35.888
F84735,The Azad Practice,33.749
F84739,E12 Medical Centre,31.289
F84740,Newham Transitional Practice,35.018
F84741,Dr T Krishnamurthy,33.376
F84747,The Barkantine Practice,19.69
F84749,Carpenters Practice,28.547
F85002,Medicus Health Partners,33.09
F85004,Eagle House Surgery,38.524
F85007,Lawrence House Surgery,37.687
F85008,Staunton Group Practice,36.304
F85010,Keats Surgery,37.753
F85013,Tynemouth Medical Practice,39.48
F85014,Highgate Group Practice,11.772
F85016,Cockfosters Medical Ctre,13.208
F85017,Charlton House Medical Centre,43.86
F85019,Morris House Group Practice,42.519
F85020,The Woodberry Practice,15.879
F85023,The Ordnance Unity Centre For Health,39.547
F85025,White Lodge Medical Practice,18.816
F85028,Bruce Grove Primary Health Care Ctr,42.299
F85029,Abernethy House Surgery,18.595
F85030,Somerset Gardens Family Health Centre,47.051
F85031,Westbury Medical Centre,37.246
F85032,Southgate,15.964
F85033,Winchmore Hill Practice,13.483
F85034,Arcadian Gardens Surgery,30.26
F85035,Highlands Practice,12.143
F85039,Rainbow Practice,43.758
F85044,The Bounces Road Surgery,43.427
F85046,Hornsey Park Surgery,32.024
F85058,Nightingale House Surgery,39.554
F85060,Havergal Surgery,33.268
F85061,Christchurch Hall Surgery,20.258
F85063,The Muswell Hill Practice,10.915
F85064,Stuart Crescent Health Centre,35.276
F85065,Stuart Crescent Medical Practice,38.176
F85066,Bounds Green Group Practice,23.001
F85067,The 157 Medical Practice,28.066
F85069,Crouch Hall Road Surgery,16.081
F85071,Fernlea Surgery,45.269
F85072,Grovelands Medical Centre,22.254
F85615,Tottenham Health Centre,47.442
F85623,Grove Road Surgery,39.873
F85625,Bincote Surgery,14.449
F85628,Dowsett Road Surgery,35.316
F85634,East Enfield Medical Centre,39.636
F85640,Cheshire Road Surgery,29.211
F85642,The North London Health Centre,20.663
F85650,Morecambe Surgery,34.664
F85663,Latymer Road Surgery,41.011
F85666,Dr Me Silver's Practice,45.798
F85669,West Green Surgery,31.664
F85675,The Alexandra Surgery,20.079
F85676,Boundary House Surgery,41.46
F85678,The Town Surgery Ltd,21.791
F85682,Chalfont Road Surgery,45.277
F85687,Oakwood Medical Centre,16.645
F85688,Rutland House Surgery,15.498
F85697,The Old Surgery,29.414
F85700,Arnos Grove Medical Centr,23.891
F85701,Gillan House Surgery,22.396
F85705,Js Medical Practice,41.588
F86001,The Firs,24.206
F86004,Handsworth Medical Practice,15.351
F86005,The Penrhyn Surgery,21.423
F86006,Dr Phillips and Patel,26.979
F86007,The Forest Edge Practice,22.336
F86008,Gants Hill Medical Centre,15.901
F86009,The Palms Medical Centre,18.053
F86010,Fullwell Cross Medical Centre,17.099
F86011,The Manor Practice,29.883
F86012,Rydal,11.707
F86013,The Broadway Surgery,10.036
F86018,The Ecclesbourne Practice,21.807
F86020,Glebelands Practice,10.326
F86022,Ilford Medical Centre,30.222
F86023,The Evergreen Surgery,10.274
F86025,Oak Tree Medical Centre,24.893
F86026,The Forest Surgery,21.696
F86028,Chadwell Heath Surgery,22.146
F86030,Queens Road Medical Centre,24.022
F86032,Wanstead Place Surgery,10.414
F86034,"Green Lane, Goodmayes Medical Practice",26.722
F86036,The Allum Medical Centre,21.536
F86038,Sma Medical Practice,29.343
F86040,Dr A Arif,29.073
F86042,Balfour Road Surgery,27.211
F86044,Crawley Road Medical Centre,26.129
F86045,High Road Surgery,28.931
F86057,The Willows Practice,20.272
F86058,St James Medical Practice Limited,25.132
F86060,Newbury Group Practice,17.577
F86062,Grove Surgery,24.953
F86064,The Elmhurst Practice,11.463
F86066,Southdene Surgery,11.981
F86074,Leyton Healthcare 4th Floor,26.271
F86078,The Ridgeway Surgery,17.159
F86081,Kenwood Medical,14.791
F86082,Ilford Lane Surgery,31.769
F86083,The Eastern Avenue Medical Centre,15.88
F86085,Hainault Surgery,18.733
F86086,Dr Dhital Practice,27.158
F86087,Goodmayes Medical Centre,26.337
F86088,The Lyndhurst Surgery,26.116
F86607,Addison Road Medical Practice,23.712
F86612,The Fullwell Avenue Surgery,17.642
F86616,The Old Church Surgery,18.68
F86621,Dr Mohammed Green Man Medical Centre,20.409
F86624,The Heathcote Primary Care Centre,12.266
F86625,Ll Medical Care Ltd,28.466
F86626,Dr Shantir Practice,24.314
F86627,Churchill Medical Centre,21.528
F86637,Seven Kings Practice,24.636
F86638,The Microfaculty,20.555
F86641,The Shrubberies Medical Centre,12.011
F86644,Waltham Forest Comm & Fam Hth Serv Ltd,26.45
F86650,Lime Tree Surgery,26.624
F86652,The Drive Surgery,21.999
F86657,York Road Surgery,31.936
F86658,Queen Mary Practice,12.52
F86664,Larkshall Medical Centre,19.253
F86666,Harrow Road GP Centre,27.101
F86679,Higham Hill Medical Centre,25.16
F86689,The Bailey Practice,22.946
F86691,Clayhall Clinic,14.211
F86692,Mathukia's Surgery,31.529
F86696,Francis Road Medical Centre,22.049
F86698,Cranbrook Surgery,17.506
F86700,Kings Head Medical Practice,18.823
F86701,Kiyani Medical Practice,28.505
F86702,St Clement's Surgery,24.341
F86705,Langthorne Sharma Family Practice,27.706
F86707,Fence Piece Road Medical Centre,17.146
F86708,Claremont Medical Centre,25.646
F86712,Hampton Medical Centre,19.675
F86731,Aldersbrook Medical Centre,15.8
G81001,Hove Medical Centre,19.445
G81002,Grove Road Surgery,24.909
G81003,The Lighthouse Medical Practice,26.666
G81004,Downlands Medical Centre,12.781
G81006,Ardingly Court Surgery,31.334
G81008,Stone Cross Surgery,16.677
G81011,St Peter's Medical Centre,27.783
G81012,Bridgeside Surgery,19.594
G81014,Carden Surgery,16.09
G81016,Quayside Medical Practice,28.14
G81017,Seaside Medical Centre,31.254
G81018,Preston Park Surgery,14.385
G81019,Beacon Surgery,8.712
G81021,Foundry Healthcare Lewes,15.037
G81022,Sovereign Practice,21.639
G81023,Martins Oak Surgery,19.257
G81024,Ashdown Forest Health Centre,11.751
G81028,Park Crescent Health Centre,25.315
G81029,Seaford Medical Practice,13.842
G81030,Belmont Surgery,14.576
G81031,Harold Road Surgery,31.24
G81032,Victoria Medical Centre,20.076
G81034,Charter Medical Centre,14.964
G81036,Warmdene Surgery,10.913
G81037,The Meads Surgery,10.971
G81038,Stanford Medical Centre,18.888
G81039,Little Common Surgery,19.308
G81040,Woodhill Surgery,9.866
G81041,Sidley Medical Practice,29.083
G81042,Beaconsfield Medical Practice,10.356
G81043,Rotherfield Surgery,9.974
G81044,Montpelier Surgery,19.274
G81046,Portslade Health Centre,21.654
G81047,Seven Dials Medical Centre,15.721
G81048,Carisbrooke Surgery,34.889
G81049,Manor Park Medical Centre,17.476
G81050,Arlington Road Surgery,19.493
G81051,Rye Medical Centre,28.763
G81052,Fairfield Surgery,17.088
G81054,Pavilion Surgery,29.327
G81055,Saxonbury House Surgery,8.784
G81057,Sedlescombe & Westfield Surgeries,23.452
G81059,Hailsham Medical Group,21.008
G81061,Chapel Street Surgery,27.668
G81065,Woodingdean Medical Centre,18.776
G81070,Trinity Medical Centre,16.15
G81071,University Of Sussex Health Centre,20.432
G81073,Mile Oak Medical Centre,19.948
G81074,High Glades Medical Centre,33.668
G81075,The Avenue Surgery,37.548
G81076,Saltdean and Rottingdean Med Practice,11.184
G81077,Collington Surgery,23.387
G81082,Oldwood Surgery,18.523
G81083,Wish Park Surgery,15.688
G81085,Ferry Road Health Centre,30.871
G81086,Bird-In-Eye Surgery,10.914
G81087,Northiam Surgery,18.417
G81088,Heathfield Surgery,11.295
G81089,South Saxon House Surgery,30.63
G81095,Hastings Old Town Surgery,40.212
G81096,Sedlescombe House,32.476
G81098,Quintins Medical Centre,16.32
G81099,Old School Surgery,13.531
G81100,Havenshealth,20.2
G81102,Buxted Medical Centre,12.302
G81104,Park Practice,27.787
G81613,School House Surgery,29.251
G81614,Groombridge & Hartfield Medical Group,10.84
G81634,Herstmonceux Integrative Health Centre,16.534
G81638,Wellbn Healthcare,21.13
G81641,Priory Road Surgery,40.839
G81646,The Haven Practice,11.783
G81656,Regency Surgery,31.37
G81658,The Station Practice,43.206
G81663,Links Road Surgery,21.707
G81669,Broadway Surgery,43.095
G81689,Arch Healthcare,34.988
G81694,Ship Street Surgery,26.592
G82002,St James' Surgery,30.618
G82006,Dartford East Health Centre,19.456
G82007,Church Lane Health Centre,27.273
G82013,Amherst Medical Practice,7.788
G82014,Woodlands Family Practice,24.212
G82015,Pencester Surgery,36.304
G82016,Kingswood Surgery,9.419
G82018,Sun Lane,19.338
G82019,Edenbridge Med Practice,17.672
G82020,The Grange Practice,33.659
G82021,The Shrubbery Surgery,21.533
G82022,Speldhurst & Greggswood Medical Group,15.63
G82023,Sheerness Health Centre,41.462
G82024,Greensand Health Centre,17.742
G82025,The Wells Medical Practice,12.634
G82026,Grovehurst Surgery,21.435
G82027,Faversham Medical Practice,21.667
G82028,The Cedars Surgery,21.568
G82031,Bower Mount Medical Practice,14.764
G82032,Pelham Medical Practice,27.381
G82035,The Chestnuts Surgery,24.5
G82036,Balmoral Surgery,20.233
G82037,Hildenborough Medical Group,11.957
G82038,St Richards Road Surgery,20.693
G82039,Newton Place Surgery,20.323
G82041,Grosvenor & St James Medical Centre,12.464
G82042,Tonbridge Medical Group,12.507
G82044,Springhead Health,26.979
G82046,Summerhill Surgery,38.07
G82048,Horsman's Place Surgery,20.673
G82050,Sydenham House Medical Centre,23.709
G82051,City Way Surgery,21.182
G82052,The Limes Medical Centre,44.299
G82053,Woodchurch Surgery,21.043
G82055,Weald View Medical Practice - Hawkhurst,18.183
G82056,The Wellcome Practice,14.12
G82057,St Georges Medical Centre,43.425
G82058,Aylesford Medical Centre,15.364
G82059,Warders Medical Centre,12.285
G82060,Northgate Medical Practice,25.954
G82062,Parrock Street Surgery,32.06
G82063,Sandwich Medical Practice,18.958
G82066,Northdown Surgery,38.275
G82067,Old Road West Surgery,21.59
G82069,White House Surgery,20.188
G82071,Whitstable Medical Practice,15.561
G82073,Meopham Medical Centre,11.005
G82074,Bearsted,9.055
G82076,Mote,21.412
G82077,The Elms Medical Centre,23.548
G82079,Westgate Surgery,22.487
G82080,Ashford Medical Partnership,23.13
G82082,Sturry Surgery,22.552
G82083,Thornhills Medical Practice,15.618
G82085,Snodland Medical Practice,18.277
G82086,The New Surgery,32.919
G82087,New Hayesbank Surgery,17.952
G82089,Brewer Street,19.963
G82090,The Heron Medical Practice,20.469
G82091,Guildhall Street Surgery,38.056
G82092,Westerham Practice,14.365
G82093,Len Valley Practice,19.597
G82094,Charing Surgery,20.113
G82095,Thorndike Partnership,22.667
G82097,Jubilee Medical Centre,13.565
G82098,Blackthorn,13.938
G82099,The College Practice,21.507
G82100,Highparks Medical Practice,15.802
G82105,Bethesda Medical Centre,41.473
G82106,Riverside Medical Practice,14.331
G82107,Minster Surgery,21.189
G82108,King George Road Surgery,22.515
G82110,Town Medical Centre,7.172
G82111,The Cedars Surgery,19.571
G82113,Stonecross and West Drive Surgery,27.425
G82114,Ivy Court Surgery,18.389
G82115,New Dover Road Surgery,23.427
G82117,High Street Surgery,29.678
G82118,Woodlands Health Centre,15.306
G82119,Park Surgery,20.453
G82120,Borough Green Medical Practice,11.501
G82121,Sandgate Road,19.92
G82122,Swanscombe Health Centre,20.721
G82125,Otford Medical Practice,11.602
G82126,East Cliff Medical Practice,31.505
G82129,The Glebe Family Practice,29.25
G82135,West Malling Group Practice,9.806
G82137,St Andrews Medical Centre,13.21
G82138,Ash Surgery,19.79
G82139,Maidstone Rd Chatham Surgery,23.276
G82140,University Medical Centre,15.358
G82141,Yalding,18.114
G82142,Wye Surgery,14.187
G82143,Lowfield Medical Centre,21.58
G82147,Oak Hall,25.581
G82150,Newington Road Surgery,42.461
G82152,Rusthall Medical Practice,13.947
G82154,Thames Ave Surgery,13.064
G82155,Waterfield House Surgery,12.398
G82158,Howell Surgery,15.652
G82160,Oaklands Health Centre,17.491
G82161,Reach Healthcare,21.355
G82162,Orchard Family Practice,15.984
G82164,The Vine Medical Centre,16.079
G82165,Hawkinge and Elham,17.285
G82170,Lamberhurst,15.227
G82180,Maidstone Rd Rainham Surgery,13.981
G82184,Waltham Road Medical Centre,26.81
G82185,Dartford West Health Centre,12.681
G82186,Hamstreet Surgery,21.756
G82200,Wateringbury,12.474
G82203,Court View Surgery,28.317
G82205,St John's Medical Practice,10.379
G82211,Aylesham Medical Practice,24.045
G82212,Pilgrims Way Surgery,19.501
G82215,Marden Medical Centre,19.027
G82217,Harbour Medical Practice,36.533
G82218,Braeside Surgery,17.693
G82219,St Peter's Surgery,18.528
G82224,Old Parsonage Surgery,18.392
G82226,Wigmore Medical Centre,9.346
G82227,Lydden Surgery,15.119
G82228,Canterbury Medical Practice,18.47
G82229,Sutton Valence Group Practice,19.694
G82231,London Road Medical Centre,20.929
G82232,Manor Clinic,31.629
G82233,St.Werburgh Medical Practice,25.776
G82234,Phoenix Medical Practice,17.006
G82235,Old School Surgery,19.561
G82600,Eastcourt Lane Surgery,22.768
G82604,The Medical Centre Group,19.847
G82631,Bryant Street Medical Practice,41.685
G82634,The Meads Medical Practice,21.734
G82635,Pump Lane Surgery,14.209
G82641,Wallis Avenue,30.484
G82647,Temple Hill Surgery,19.573
G82648,Rochester Road Surgery,26.503
G82650,Mocketts Wood Surgery,19.807
G82652,Church Road,17.81
G82658,Sellindge Surgery,18.789
G82665,Martello Health Centre,28.903
G82666,Birchington Medical Centre,25.317
G82679,Apex Medical Centre,23.015
G82682,The Om Medical Centre,37.591
G82684,New Lyminge Surgery,16.031
G82687,Vel Surgery,40.64
G82691,Langley,19.716
G82693,Memorial Medical Centre,21.359
G82696,Manor Road Surgery,21.249
G82697,The Churchill Clinic,30.896
G82698,The Medic Care Surgery,24.059
G82700,Buckland Medical Practice,31.243
G82702,Green Porch Medical Partnership,24.137
G82708,Marlowe Park Medical Ctr.,26.562
G82711,Borstal Village Surgery,19.654
G82719,Matrix Medical Practice,25.692
G82721,Parkwood Family Practice,12.564
G82729,White Cliffs Medical Centre,33.335
G82730,Kingsnorth Medical Practice,12.721
G82733,Orchard End,18.264
G82737,Long Catlis Road Surgery,14.095
G82741,Princes Park Medical Centre,28.563
G82744,Maritime Health Partnership,26.709
G82753,The Kings Family Practice,45.5
G82754,Hadlow Medical Centre,16.947
G82763,Napier Road Surgery,31.165
G82768,Lonsdale Medical Centre,10.468
G82780,Gravesend Medical Centre,32.059
G82790,Old School Surgery,20.834
G82796,Broadstairs Medical Practice,18.819
G82799,Sheppey Healthy Living Centre,32.479
G82802,Canterbury Health Centre,19.657
G82808,"Oakfield Health Centre, Practice 2",25.758
G82809,Downs Way Medical Practice,10.237
G82888,South Park Medical Practice,6.929
G83001,Manor Brook PMS  ,19.537
G83002,The Westwood Surgery,9.32
G83004,Barnard Medical Group,11.817
G83006,The Albion Surgery,11.932
G83009,Bellegrove Surgery,11.524
G83010,Northumberland Heath Medical Centre,22.083
G83012,Gallions Reach Health Centre,27.476
G83013,Blackheath Standard PMS  ,19.109
G83015,Eltham Palace PMS  ,24.832
G83016,Royal Arsenal Medical Centre,21.534
G83018,Lakeside Medical,28.795
G83019,Plumstead Health Care PMS,26.878
G83021,Vanbrugh Group Practice,17.216
G83024,Ingleton Avenue Surgery,9.119
G83025,Welling Medical Practice,12.869
G83026,Triveni PMS  ,29.952
G83027,Everest Health Partnership,21.785
G83028,Bexley Group Practice,16.233
G83029,Plas Meddyg Surgery,6.063
G83030,All Saints Medical Centre PMS  ,25.85
G83031,Abbey Wood Surgery,30.231
G83033,Dr Davies & Partner,8.373
G83039,St Marks PMS  ,26.646
G83044,Fairfield PMS  ,25.485
G83046,Bursted Wood Surgery,13.167
G83047,Station Road Surgery,10.686
G83049,Lyndhurst Road Medical Centre,12.54
G83052,Belvedere Medical Centre,19.554
G83053,Bexley Medical Group,15.744
G83057,Woodlands Surgery,9.45
G83058,Primecare PMS (South Street),20.383
G83060,Glyndon PMS  ,30.871
G83062,Slade Green Medical Ctr.,26.274
G83065,Burney Street PMS  ,17.784
G83066,Sidcup Medical Centre,13.207
G83067,Valentine Health Partnership,28.487
G83628,New Eltham and Blackfen Medical Centre,12.168
G83630,Riverside Surgery,26.718
G83631,Abbeyslade PMS (Dr Chand),26.339
G83633,Conway PMS  ,25.128
G83635,Waverley PMS  ,24.825
G83641,Plumbridge Medical Centre,23.584
G83642,Crayford Town Surgery,18.813
G83647,Mostafa PMS  ,28.79
G83651,Woodlands Surgery,19.71
G83654,Bannockburn Surgery,28.578
G83673,Elmstead Medical Clinic,23.971
G83680,Eltham Medical Practice,20.087
G84001,South View Partnership,9.818
G84002,Dysart Surgery,9.288
G84003,Links Medical Practice,26.595
G84004,Stock Hill Surgery,11.603
G84005,Derry Downs Surgery,23.111
G84006,Summercroft Surgery,6.608
G84007,Poverest Medical Centre,19.179
G84008,Manor Road Surgery,9.022
G84009,Family Surgery,6.873
G84010,Chislehurst Medical Practice,10.542
G84011,Eden Park Surgery,10.522
G84013,St Mary Cray Practice,29.002
G84015,Station Road Surgery,5.936
G84016,London Lane Clinic,14.009
G84017,Addington Road Surgery,6.467
G84018,Cornerways Surgery,6.704
G84019,Broomwood Health Centre,28.02
G84020,Chelsfield Surgery,8.192
G84023,Southborough Lane Surgery,11.151
G84024,Bromley Common Practice,13.388
G84025,The Park Practice,25.426
G84027,Elm House Surgery,10.009
G84028,St James' Practice,12.298
G84029,Robin Hood Surgery,24.442
G84030,Forge Close Surgery,5.553
G84032,Knoll Medical Practice,10.65
G84033,Pickhurst Surgery,5.815
G84035,Tudor Way Surgery,5.917
G84039,Norheads Lane Surgery,11.518
G84040,Ballater Surgery,10.503
G84041,Gillmans Road Surgery,24.623
G84604,Highland Road Surgery,11.621
G84607,Wickham Park Surgery,12.156
G84609,Bank House Surgery,10.321
G84621,Whitehouse Surgery,6.462
G84624,Anerley Surgery,25.73
G84625,Oakfield Surgery,26.202
G84627,Green Street Green Med Ct,8.098
G84629,Sundridge Medical Centre,15.285
G84630,Crescent Surgery,21.841
G85001,Forest Hill Group Practice,15.539
G85002,Streatham High Practice,23.055
G85004,Modality Lewisham (Ml),28.725
G85006,The Acorn & Gaumont House Surgery,30.062
G85011,Clapham Family Practice,19.223
G85013,Dr Rs Durston's Practice,26.392
G85014,Streatham Common Group Practice,21.44
G85015,The Qrp Surgery,25.918
G85016,Herne Hill Group Practice,19.366
G85019,Trafalgar Surgery,29.233
G85020,Kingfisher Medical Centre,23.491
G85021,Prentis Medical Centre,24.36
G85022,North Wood Group Practice,24.78
G85023,Lewisham Medical Centre,22.362
G85024,Sydenham Green Group Practice,26.57
G85025,Brixton Hill Group Practice,22.887
G85026,Clifton Rise Family Practice,27.289
G85028,Stockwell Group Practice,25.625
G85029,Falmouth Road Group Practice,21.816
G85030,Parkside Medical Centre,27.104
G85031,Dmc Chadwick Road,21.561
G85032,Torridon Road Medical Practice,25.927
G85034,Nexus Health Group,24.417
G85038,The Lewisham Care Partnership,21.528
G85039,Paxton Green Group Practice,22.709
G85040,Queens Road Surgery,28.831
G85041,Palace Road Surgery,25.607
G85042,St Giles Surgery,24.861
G85044,Valley Road Surgery,21.292
G85045,Hetherington Group Practice,21.745
G85046,Lee Road Surgery,14.755
G85047,Knights Hill Surgery Suite 1,24.527
G85051,Elm Lodge Surgery,12.921
G85052,Old Kent Road Surgery,28.761
G85053,Hurley and Riverside Practices,21.828
G85054,Lambeth Walk Group Practice,25.338
G85057,Downham Family Medical Practice,26.537
G85061,Woolstone Medical Centre,24.343
G85073,Vassall Medical Centre,26.331
G85076,New Cross Centre (Hurley Group),27.413
G85083,Sandmere Practice,23.643
G85084,Penrose Surgery,26.31
G85085,Grove Medical Centre,20.818
G85086,The South Lambeth Road Practice,22.235
G85087,Silverlock Medical Centre,27.79
G85091,The Three Zero Six Medical Centre,16.16
G85096,The Vale Surgery,23.05
G85100,Beckett House Practice,24.666
G85102,The Vauxhall Surgery,23.828
G85104,Ico Health Group,31.03
G85105,Vesta Road Surgery,20.494
G85109,Clapham Park Group Practice,16.236
G85114,Wells Park Practice,23.979
G85119,Sternhall Lane Surgery,25.547
G85120,Triangle Group Practice,28.075
G85121,Parkview Surgery,29.627
G85123,Binfield Road Surgery,24.51
G85125,Park Medical Centre,29.098
G85127,The Corner Surgery,26.94
G85129,The Deerbrook Surgery,24.227
G85130,Mawbey Group Practice,21.777
G85132,Tessa Jowell GP Surgery,20.378
G85134,The Lister Primary Care Centre,27.692
G85135,Minet Green Health Practice,29.467
G85136,Waterloo Health Centre,19.381
G85137,Brockwell Park Surgery,21.415
G85138,Albion Street Group Practice,18.328
G85623,Bermondsey Spa Medical Centre,26.924
G85632,The Villa Street Medical Centre,29.15
G85633,Novum Health Partnership,30.252
G85642,Blackfriars Medical Practice,19.24
G85644,The Gardens Surgery,17.11
G85647,The Exchange Surgery,22.951
G85651,The Dulwich Medical Centre,16.944
G85662,The Streatham Hill Group Practice,21.868
G85673,Springfield Medical Centre,24.623
G85674,Grafton Square Surgery,16.823
G85681,The Lordship Lane Surgery,20.633
G85685,The Nunhead Surgery,25.236
G85690,Herne Hill Road Medical Practice,28.202
G85695,Akerman Medical Practice,27.007
G85696,Vale Medical Centre,23.796
G85698,Amersham Vale Training Practice,25.724
G85705,The New Mill Street Surgery,14.409
G85706,The Old Dairy Health Centre,15.99
G85708,Dr Curran & Partners,19.622
G85711,Deptford Surgery,24.361
G85715,The Lister Practice,27.475
G85716,Oakview Family Practice,32.546
G85721,301 East Street Surgery,30.246
G85722,Woodlands Health Centre,26.085
G85724,Edith Cavell Practice,21.918
G85726,Brunswick Park Family Practice,25.162
G85727,Nightingale Surgery,20.602
G85736,Deptford Medical Centre,26.492
H81002,Knowle Green Medical,13.167
H81003,Sunbury Group Practice,13.826
H81004,Shepperton Medical Practice,10.803
H81005,Pond Tail Surgery,20.944
H81006,Austen Road Surgery,6.877
H81009,Studholme Medical Centre,14.166
H81010,Guildowns Group Practice,11.149
H81011,Nork Clinic,5.434
H81013,Bartlett Group Practice,9.325
H81015,Chobham & West End Medical Practice,8.97
H81016,Fairfield Medical Centre,7.503
H81017,Ashlea Medical Practice,8.822
H81019,Sunny Meed Surgery,11.909
H81020,Fort House Surgery,9.123
H81021,The Mill Medical Practice,8.4
H81022,Chiddingfold Surgery,11.267
H81023,Lingfield Surgery,14.561
H81024,Goldsworth Park Health Centre,12.558
H81025,St John's Family Practice,9.281
H81026,Binscombe Medical Centre,9.749
H81027,Farnham Park Health Group,8.182
H81028,Dorking Medical Practice,10.622
H81029,Dapdune House Surgery,11.637
H81030,Greystone House Surgery,13.424
H81031,Witley Surgery,10.66
H81032,Heathcot Medical Practice,10.623
H81033,Chertsey Health Centre,15.115
H81034,Madeira Medical,7.992
H81035,Merrow Park Surgery,6.19
H81036,Parishes Bridge Medical Practice,9.119
H81038,Littleton Surgery,5.499
H81039,Park House Surgery,9.709
H81040,Station Road Surgery,7.688
H81041,Southview Medical Practice,12.973
H81042,Crouch Oak Family Practice,14.552
H81043,Wonersh Surgery,7.372
H81044,Springfield Surgery,11.467
H81045,Caterham Valley Medical Practice,11.823
H81046,Wayside Medical Practice,12.201
H81047,Runnymede Medical Practice,11.706
H81048,Holmhurst Medical Centre,11.129
H81050,Wey Family Practice,8.273
H81051,Derby Medical Centre,9.316
H81052,Cranleigh Medical Practice,9.206
H81053,Villages Medical Ctr,10.882
H81055,Hawthorns Surgery,11.057
H81056,Oxted Health Centre,10.929
H81057,Fordbridge Medical Centre,13.861
H81058,Woodlands Road Medical Centre,11.366
H81061,Hillview Medical Centre,11.359
H81062,Haslemere Health Centre,8.241
H81064,Fairlands Medical Practice,10.976
H81065,Hersham Surgery,9.454
H81066,Grove Medical Centre,11.943
H81067,Cobham Health Centre,9.714
H81068,Brockwood Medical Practice,12.363
H81069,Park Road Group Practice,8.839
H81070,Heathcote Medical Centre,7.819
H81071,Ashley Centre Surgery,10.015
H81072,Medwyn Surgery,9.974
H81073,Church Street Practice,6.952
H81074,St Stephens House Surgery,4.88
H81075,Upper Gordon Road Surgery,9.361
H81076,Grayshott Surgery,8.383
H81077,Shere Surgery & Dispensary,10.519
H81078,Glenlyn Medical Centre,9.079
H81080,Longcroft Clinic,6.547
H81081,Tadworth Medical Centre,12.379
H81082,Camberley Health Centre,11.304
H81084,The Horsley Medical Practice,4.891
H81085,St Luke's Surgery,6.366
H81086,Thorkhill Surgery,5.661
H81087,St David's Family Practice,25.58
H81088,Downing Street Group Practice,7.987
H81089,The Wall House Surgery,8.262
H81090,Woodbridge Hill Surgery,10.75
H81091,Spring Street Surgery,6.66
H81094,The Red Practice Walton,11.013
H81095,The Yellow Practice,12.162
H81099,Esher Green Surgery,7.388
H81103,Eastwick Park Medical Practice,6.45
H81104,Stanwell Road Surgery,15.425
H81107,Oxshott Medical Practice,4.813
H81109,Capelfield Surgery,4.986
H81110,Holly Tree Surgery,6.452
H81111,Virginia Water Medical Practice,6.714
H81113,Leith Hill Practice,13.451
H81116,Elizabeth House Medical Practice,9.06
H81119,Warlingham Green Med Prac,10.586
H81122,Hythe Medical Centre Surgery,13.889
H81123,Sheerwater Health Centre,23.741
H81126,Tattenham Health Centre,7.469
H81128,Vine Medical Centre,8.55
H81129,Pirbright Surgery,6.243
H81130,Lightwater Surgery,5.421
H81131,Dr S Morcos,11.922
H81133,The Integrated Care Partnership,8.111
H81134,Staines Health Group,12.729
H81615,Farnham Dene Medical Practice,6.845
H81618,Molebridge Practice,11.817
H81632,The Orchard Surgery,13.182
H81638,Smallfield Surgery,12.763
H81641,The Practice College Road,21.472
H81642,Upper Halliford Medical Centre,15.006
H81643,Maybury Surgery,21.325
H81644,Fountain Practice,8.677
H81656,Shadbolt Park House Surg,5.578
H81658,New Ottershaw Surgery,10.619
H81663,Ashley Medical Practice,10.187
H81672,Lantern Surgery,5.019
H82003,Meadows Surgery,9.222
H82004,Cowfold Surgery,13.132
H82005,Cuckfield Medical Centre,9.607
H82006,The Petworth Surgery,17.957
H82007,Westcourt Medical Centre,15.938
H82009,St. Lawrence Surgery,12.527
H82011,Strand Medical Group,16.784
H82012,Leacroft Medical Practice,22.741
H82013,Langley House Surgery,14.719
H82014,Coppice Surgery,15.006
H82016,Bersted Green Surgery,22.919
H82017,Park Surgery,9.106
H82020,Bognor Medical Centre,34.933
H82021,Arundel Surgery,16.486
H82022,Steyning Health Centre,9.955
H82023,Adur Health Partnership,13.104
H82025,Woodlands&Clerklands Partnership,17.337
H82026,Saxonbrook Medical Centre,17.616
H82027,Rudgwick Medical Centre,10.741
H82028,The Courtyard Surgery,8.939
H82030,Pulborough Medical Group,12.422
H82031,Loxwood Surgery,13.699
H82032,Riverbank Medical Centre,14.054
H82033,Gossops Green Medical Ctr,22.283
H82034,Lime Tree Surgery,12.799
H82035,Lindfield Medical Centre,7.186
H82036,Orchard Surgery,8.763
H82037,Selsey Medical Practice,19.343
H82038,Flansham Park Health Centre,13.926
H82039,Park Surgery,26.262
H82040,Modality Mid Sussex,8.983
H82041,Victoria Road Surgery,20.507
H82042,Cathedral Medical Group,17.32
H82043,Grove House Surgery,13.927
H82044,Dolphins Practice,7.467
H82045,Worthing Medical Group,20.49
H82046,Broadwater Medical Centre,12.855
H82047,Bridge Medical Centre,17.599
H82048,Avisford Medical Group,17.406
H82049,Parklands Surgery,15.853
H82050,Ifield Medical Practice,21.183
H82051,Lavant Road Surgery,15.893
H82052,Pound Hill Medical Group,10.763
H82053,Furnace Green Surgery,17.434
H82055,Billingshurst Surgery,11.105
H82056,Newtons Practice,7.822
H82057,Mid Sussex Health Care,8.327
H82058,Maywood Health Care Centre,23.228
H82059,Willow Green Surgery,14.016
H82060,Henfield Medical Centre,11.933
H82061,Selden Medical Centre,20.136
H82063,Moatfield Surgery,8.561
H82064,Southgate Medical Group,24.182
H82065,Ball Tree Surgery,17.346
H82066,Fitzalan Medical Group,28.884
H82067,Tangmere Medical Centre,19.1
H82070,Glebe Surgery,10.543
H82072,Silverdale Practice,8.017
H82076,Cornerways Surgery,9.355
H82077,The Croft Surgery,16.36
H82078,Southbourne Surgery,12.724
H82084,Brow Medical Centre,9.493
H82087,Barn Surgery,9.404
H82088,Bewbush Medical Centre,27.17
H82089,Riverside Surgery,8.967
H82091,New Pond Row Surgery,17.552
H82092,Village Surgery,7.258
H82095,Witterings Medical Centre,14.732
H82096,The Orchard Surgery,18.044
H82098,Coachmans Medical Practice,29.209
H82099,West Meads Surgery,18.507
H82100,Northlands Wood Surgery,8.863
H82615,Ouse Valley Practice,12.207
H82640,Holbrook Surgery,7.675
H83001,Portland Medical Centre,26.759
H83004,Farley Road Medical Practice,11.698
H83005,Upper Norwood Group Practice,21.219
H83006,New Addington Group Practice,37.301
H83007,Violet Lane Medical Practice,26.383
H83008,Addiscombe Road Surgery,21.875
H83009,Norbury Medical Practice,22.307
H83010,South Norwood Hill Medical Centre,25.262
H83011,North Croydon Medical Centre,32.843
H83012,St James Medical Centre,32.6
H83013,Old Coulsdon Medical Practice,11.52
H83014,Queenhill Medical Practice,10.766
H83015,Parkside Group Practice,14.581
H83016,Keston Medical Practice,13.76
H83017,Brigstock & South Norwood Partnership,28.596
H83018,Selsdon Park Medical Practice,10.087
H83019,Friends Road Medical Practice,25.917
H83020,Eversley Medical Practice,32.927
H83021,London Road Medical Practice,31.842
H83022,Thornton Heath Medical Centre,32.054
H83023,Morland Road Surgery,25.598
H83024,Woodcote Medical,10.593
H83028,Addington Medical Practice,33.13
H83029,Hartland Way Surgery,9.182
H83030,Broom Road Medical Practice,31.285
H83031,Haling Park Medical Practice,22.508
H83033,Ashburton Park Medical Centre,26.824
H83034,Whitehorse Practice,34.851
H83037,Auckland Surgery,19.994
H83039,Stovell House Surgery,18.332
H83042,Leander Family Practice,24.588
H83043,Shirley Medical Centre,11.743
H83044,Edridge Road Practice,22.393
H83049,Headley Drive Surgery,38.114
H83051,Thornton Road & Valley Park Surgery,27.603
H83052,Bramley Avenue Surgery,10.713
H83053,Parchmore Medical Centre,29.389
H83608,Family Practice Group,28.572
H83609,Mersham Medical Centre,25.882
H83611,Selhurst Medical Centre,30.82
H83624,Fairview Medical Centre,22.829
H83627,Birdhurst Medical Practice,19.693
H83631,Greenside Group Practice,33.378
H84002,Park Road Surgery,7.028
H84005,Parkshot Medical Practice,10.086
H84006,Richmond Medical Group,10.69
H84007,Acorn Group Practice,9.209
H84010,Canbury Medical Centre,11.29
H84012,York Medical Practice,8.69
H84014,Paradise Road Surgery,9.348
H84015,Brunswick Surgery,9.903
H84016,Groves Medical Centre,10.465
H84017,Seymour House Surgery,11.086
H84018,Broad Lane Surgery,11.406
H84020,Fairhill Medical Practice,13.101
H84023,Essex House Surgery,11.505
H84025,Hook Surgery,11.925
H84027,Churchill Medical Centre,11.672
H84030,Central Surgery,9.486
H84031,Jubilee Surgery,12.895
H84032,Hampton Wick Surgery,8.695
H84033,St Albans Medical Centre,7.855
H84034,Orchard Practice,11.09
H84039,Cross Deep Surgery,7.677
H84040,Hampton Medical Centre,11.952
H84041,Vineyard Surgery,8.805
H84042,Holmwood Corner Surgery,12.657
H84044,The Green & Fir Road,16.423
H84048,Twickenham Park Surgery,6.502
H84050,Chessington Park Surgery,11.7
H84051,Roselawn Surgery,13.31
H84053,Berrylands Surgery,9.947
H84054,Red Lion Road Surgery,12.695
H84055,Sheen Lane Surgery,9.92
H84057,Staines Road Medical Centre,14.249
H84059,Thameside Medical Practice,6.807
H84060,Richmond Lock Surgery,13.577
H84061,Kingston Health Centre,10.959
H84062,Langley Medical Practice,10.076
H84618,Sunray Surgery,12.527
H84619,Claremont Medical Centre,9.161
H84623,Hampton Hill Medical Centre,9.379
H84625,Woodlawn Medical Centre,16.729
H84630,Crane Park Surgery,19.337
H84635,Manor Drive Medical Centre,8.531
H84639,Kew Medical Practice,11.115
H85001,Wandsworth Medical Centre,14.063
H85002,Falcon Road Medical Centre,19.414
H85003,Queenstown Road Medical Practice,21.804
H85006,Mayfield Surgery,25.526
H85007,Southfields Group Practice,7.471
H85008,Roehampton Lane Surgery,22.997
H85009,Bedford Hill Family Practice,12.197
H85011,Greyswood Practice,17.911
H85012,Putneymead Group Medical Practice,13.17
H85018,Mulgrave Road Surgery,10.631
H85020,Nelson Medical Practice,8.735
H85021,Chesser Practice,20.348
H85022,Park Road Medical Centre,14.734
H85023,Bishopsford Road Medical Centre,25.021
H85024,Mitcham Medical Centre,22.883
H85025,Wrythe Green Surgery,14.961
H85026,Francis Grove Surgery,7.759
H85027,Wimbledon Village Surgery,6.58
H85028,Wimbledon Medical Practice,8.395
H85029,Wide Way Medical Centre,22.707
H85030,Old Court House Surgery,14.031
H85031,Benhill & Belmont GP Centre,14.325
H85033,Tamworth House Medical Centre,21.405
H85037,Morden Hall Medical Centre,16.071
H85038,Cricket Green Medical Practice,25.373
H85041,Earlsfield Surgery,11.693
H85045,Bridge Lane Group Practice,15.424
H85047,Chatfield Health Care,15.267
H85048,Brocklebank Group Practice,13.517
H85049,Battersea Rise Group Practice,10.378
H85051,Lambton Road Medical Practice,8.492
H85052,Streatham Park Surgery,21.309
H85053,Sutton Medical Centre,13.629
H85055,West Barnes Surgery,8.751
H85057,Elborough Street Surgery,7.962
H85061,Heathbridge Practice,10.329
H85063,Cheam GP Centre,7.56
H85065,Alton Practice,28.727
H85066,Balham Park Surgery,11.09
H85067,Danebury Avenue Surgery,29.395
H85069,Lavender Hill Group Practice,16.041
H85070,Central Medical Centre,18.576
H85075,Haider Practice,13.145
H85076,Stonecot Surgery,11.292
H85077,Bolingbroke Medical Centre,12.21
H85078,Mitcham Family Practice,22.211
H85082,Triangle Surgery,14.94
H85087,Open Door Surgery,19.031
H85088,Clapham Junction Medical Practice,21.026
H85090,Figges Marsh Surgery,22.784
H85092,Riverhouse Medical Practice,13.451
H85095,Robin Hood Lane Health Centre,13.393
H85100,St Paul's Cottage Surgery,17.566
H85101,Grand Drive Surgery,8.036
H85103,Hackbridge Medical Centre,16.211
H85105,Cheam Family Practice,7.609
H85110,Ravensbury Park Medical Centre,21.241
H85111,Battersea Fields Practice,19.442
H85112,Vineyard Hill Road Surgery,9.202
H85113,Maldon Road Surgery,13.615
H85114,Thurleigh Road Practice,7.92
H85115,Shotfield Medical Practice,13.646
H85116,Manor Road Practice,22.671
H85618,James O'Riordan Medical Centre,9.203
H85634,Merton Medical Practice,15.66
H85637,Balham Health Centre,15.343
H85649,Colliers Wood Surgery,18.016
H85653,Wallington Family Practice,13.537
H85656,Alexandra Road Surgery,11.936
H85659,St John's Hill Surgery,13.129
H85662,Beeches Surgery,7.248
H85664,Tooting Bec Surgery,13.723
H85680,Tooting South Medical Centre,19.141
H85682,Tudor Lodge Health Centre,20.291
H85683,Faccini House Surgery,22.648
H85686,Grove Road Practice,9.938
H85691,Nightingale House,13.936
H85693,Green Wrythe Surgery,25.195
J81002,Orchid House Surgery,10.642
J81006,The Adam Practice,18.988
J81009,Royal Manor Health Care,26.178
J81010,Swanage Medical Practice,17.446
J81011,Wareham Surgery,15.783
J81012,Shore Medical,16.66
J81013,Canford Heath Group Pract,15.135
J81014,Westbourne Medical Centre,15.062
J81016,Queens Avenue Surgery,13.479
J81017,Yetminster Medical Centre,17.398
J81018,Beaufort Road Surgery,15.429
J81019,The Blandford Group Practice,15.372
J81020,Bere Regis Surgery,18.749
J81021,Shelley Manor Holdenhurst Medical Centre,26.82
J81022,West Moors Village Surgery,14.774
J81025,The Wellbridge Practice,17.7
J81027,Royal Crescent Surgery,20.694
J81028,Highcliffe Medical Centre,10.307
J81029,The Apples Medical Centre,15.133
J81030,The Verwood Surgery,9.254
J81033,Talbot Medical Centre,23.316
J81034,Quarterjack Surgery,12.036
J81035,Milton Abbas Surgery,17.705
J81036,The Rosemary Health Ctr,21.264
J81039,Moordown Medical Centre,12.623
J81041,The Hadleigh Practice,7.707
J81042,Village Surgery,16.911
J81045,Kinson Road Medical Centre,29.836
J81046,The Harvey Practice,8.293
J81047,James Fisher Medical Centre,14.21
J81049,The Marine & Oakridge Partnership,12.493
J81051,Wyke Regis & Lanehouse Medical Practice,21.146
J81053,Cerne Abbas Surgery,16.84
J81056,Christchurch Medical Practice,17.139
J81057,Farmhouse Surgery,18.62
J81058,The Cranborne Practice,13.255
J81059,Southbourne Practice,15.046
J81061,Penny's Hill Practice,10.725
J81062,St Albans Medical Centre,15.799
J81064,Poole Town Surgery,18.007
J81066,Stour Surgery,13.857
J81067,Littledown Surgery,10.367
J81068,Atrium Health Centre,16.187
J81070,The Banks & Bearwood Medical Centre,18.682
J81072,The Panton Practice,23.237
J81073,The Bridges Medical Ctr.,26.94
J81074,Barton House Med Practice,20.622
J81075,Cross Road Surgery,20.438
J81076,Ammonite Health Partnership,18.922
J81077,Walford Mill Medical Centre,11.484
J81078,The Grove Medical Centre,15.168
J81081,Gillingham Medical Practice,14.575
J81082,Poundbury Doctors Surgery,14.827
J81086,Evergreen Oak Surgery,14.022
J81087,The Birchwood Practice,14.097
J81609,Malthouse Meadows Surgery,16.575
J81612,Corfe Castle Surgery,15.972
J81616,Puddletown Surgery,15.572
J81620,Blackmore Vale Partnership,16.131
J81621,The Barcellos Family Practice,13.672
J81625,Denmark Road Medical Centre,16.038
J81626,Fordington Surgery,16.055
J81631,Sandford Surgery,15.111
J81633,Woodlea House Surgery,24.684
J81634,Crescent Providence Surgery,31.189
J81646,Grove Surgery,13.31
J81647,Lyme Bay Medical Practice,16.66
J81648,Dr Newman,17.317
J82001,Burgess Road Surgery,20.893
J82002,Lordshill Health Centre,22.249
J82005,Rowlands Castle Surgery,11.158
J82007,Coastal Medical Partnership,12.77
J82009,Emsworth Surgery,11.949
J82010,The Bosmere Medical Practice,26.141
J82012,Portchester Practice,10.798
J82015,Giffard Drive Surgery,14.376
J82016,Stockbridge Surgery,13.607
J82017,The andover Health Centre Medical Pract,12.826
J82018,Stokewood Surgery,8.955
J82019,The Fryern Surgery,5.892
J82020,Archers Practice,16.896
J82021,Waterside Medical Practice,16.992
J82022,Victor Street Surgery,25.449
J82024,Solent GP Surgery,33.285
J82025,Charlton Hill Surgery,13.074
J82026,Centre Practice,11.956
J82028,Trafalgar Medical Group Practice,20.925
J82033,Gudgeheath Lane Surgery,10.746
J82034,Wickham Surgery,13.633
J82035,St Clements Partnership,13.09
J82036,West Meon Surgery,14.035
J82039,Ringwood Medical Centre,11.958
J82040,West End Road Surgery,31.092
J82042,Badgerswood Surgery,12.573
J82049,The Oakley Health Group,6.076
J82050,St Paul's Surgery,9.695
J82051,Blackthorn Health Centre,11.39
J82053,Adelaide Medical Centre,15.864
J82054,Kintbury & Woolton Hill Surgery,11.91
J82055,Craneswater Group Practice,20.436
J82056,Red and Green Practice,17.366
J82058,Bramblys Grange Medical Practice,15.419
J82059,The Watercress Medical Group,8.273
J82060,The Lighthouse Group Practice,31.015
J82061,Odiham Health Centre,7.744
J82062,Cheviot Road Surgery,32.539
J82064,Bishops Waltham Surgery,9.523
J82066,The Cambridge Practice,15.909
J82067,Voyager Family Health,11.083
J82069,Camrose Gillies and Hackwood Partnership,14.428
J82071,St. Andrew's Surgery,17.729
J82072,Forestside Medical Practice,13.09
J82073,Kirklands Surgery,21.325
J82074,Alma Road Surgery,9.794
J82075,Chawton House Surgery,12.218
J82076,Woolston Lodge Surgery,21.779
J82079,Clift Surgery,10.436
J82080,University Health Service,18.889
J82081,St Mary's Surgery,25.779
J82082,Shepherds Spring Medical Centre,19.831
J82083,The Willow Group,25.436
J82084,Bury Road Surgery,22.951
J82085,Island City Practice,32.761
J82087,Stoneham Lane Surgery,24.297
J82088,The Shirley Health Partnership,23.226
J82092,Aldermoor Surgery,20.341
J82094,Tadley Medical P'ship,10.338
J82098,Swan Medical Group,10.616
J82099,Richmond Surgery,4.766
J82101,The Peartree Practice,25.866
J82102,The Drayton Surgery,15.365
J82103,St Mary's Surgery,14.829
J82104,Stubbington Medical Practice,5.33
J82106,Gratton Surgery,12.469
J82110,Hart Health Partnership,4.602
J82112,New Horizons Medical Partnership,13.493
J82115,Atherley House Surgery,24.065
J82116,Twyford Surgery,7.068
J82119,Denmead Health Centre,12.265
J82120,Alexander House Surgery,9.672
J82121,North Baddesley Surgery,9.445
J82122,Alma Road Surgery,27.161
J82124,Alresford Surgery,9.975
J82125,Jenner House Surgery,14.241
J82126,Raymond Road Surgery,15.166
J82128,Old Fire Station Surgery,23.802
J82129,New Forest Medical Group,8.252
J82130,Friarsgate Practice,8.874
J82131,Fordingbridge Surgery,12.416
J82132,Testvale Surgery,14.44
J82134,Vine Medical Group,17.6
J82136,Chawton Park Surgery,9.592
J82138,Whitewater Health,7.848
J82139,Wistaria & Milford Surgeries,9.537
J82142,The Border Practice,14.699
J82143,Park Surgery,4.756
J82144,Crown Heights Medical Centre,14.952
J82145,Abbeywell Surgery,9.55
J82146,Lyndhurst Surgery,11.599
J82147,The Clanfield Practice,7.203
J82149,Derby Road Practice,24.977
J82150,Cornerways Medical Centre,10.182
J82151,Twin Oaks Medical Centre,11.636
J82152,Bridgemary Medical Centre,25.667
J82154,Meon Health Practice,8.62
J82155,Portsdown Group Practice,30.235
J82156,Waterfront and Solent Surgery,15.63
J82157,Wilson Practice,11.612
J82161,Westlands Medical Centre,8.871
J82163,Oaks Healthcare,13.41
J82169,Boyatt Wood Surgery,14.409
J82174,Lockswood Surgery,5.168
J82178,Princes Gardens Surgery,19.518
J82181,Mayfield Medical Centre,23.462
J82184,Pinehill Surgery,13.686
J82194,East Shore Partnership,21.485
J82196,Homewell Curlew Practice,32.354
J82198,The Wellington Practice,16.024
J82199,The Unicity Medical Centre,32.166
J82201,The Grange Surgery,10.802
J82207,Hill Lane Surgery,17.85
J82208,St Peter's Surgery,24.881
J82210,The Elms Practice,17.149
J82213,Brook House Surgery,30.101
J82214,Whitchurch Surgery,10.823
J82215,Solent View Medical Practice,12.652
J82216,Brook Lane Surgery,6.815
J82217,Homeless Healthcare Team,33.191
J82218,Chineham Medical Practice,10.154
J82605,Walnut Tree Surgery,19.284
J82622,Living Well Partnership,19.006
J82625,Boundaries Surgery,8.008
J82628,Crondall New Surgery,7.71
J82630,North Camp Surgery,11.628
J82639,Watership Down Health,10.184
J82640,Horndean Surgery,9.291
J82646,Park Lane Medical Centre,34.17
J82669,Rowner Health Centre,27.716
J83001,Merchiston Surgery,13.444
J83002,Westrop Medical Practice,13.896
J83003,Harcourt Medical Centre,14.318
J83004,Whiteparish Surgery,10.795
J83005,Barcroft Medical Centre,14.028
J83006,Purton Surgery,10.662
J83007,Hathaway Surgery,12.525
J83008,Lovemead Group Practice,16.357
J83009,Ridgeway View Family Practice,11.721
J83010,Porch Surgery,12.386
J83011,Giffords Primary Care Ctr,15.655
J83013,Box Surgery,9.819
J83014,Castle Practice,15.778
J83016,Trowbridge Health Centre,16.593
J83018,Avenue Surgery,14.322
J83019,The Orchard Partnership,16.398
J83021,Salisbury Medical Practice,16.211
J83022,Old Town Surgery,12.167
J83023,Avon Valley Practice,14.61
J83024,Priory Road Medical Centre,31.666
J83026,Three Chequers Medical Practice,13.867
J83027,Hawthorn Medical Centre,25.631
J83029,Tinkers Lane Surgery,10.866
J83030,Bradford-on-Avon and Melksham Health,10.07
J83033,Whalebridge Practice,19.113
J83034,Lansdowne Surgery,15.691
J83035,Abbey Meads Medical Pract,23.184
J83036,Ashington House Surgery,16.568
J83037,Kennet and Avon Medical Partnership,13.914
J83038,Kingswood Surgery,26.772
J83039,Northlands Surgery,14.661
J83040,Westbury Group Practice,14.797
J83041,Malmesbury Medical Partnership,10.498
J83042,Rowden Surgery,12.491
J83043,Downton Surgery,10.282
J83045,Ramsbury Surgery,10.327
J83046,Spa Medical Centre,15.104
J83047,Eldene Surgery,17.846
J83048,St Melor House Surgery,14.638
J83049,Southbroom Surgery,15.202
J83050,Patford House Partnership,13.03
J83052,Sarum Health Group,15.205
J83053,St James Surgery,15.331
J83055,New Court Surgery,10.186
J83056,Market Lavington Surgery,14.669
J83057,North Swindon Practice,14.84
J83058,Tisbury Surgery,17.637
J83059,The Lawn Medical Centre,12.266
J83060,Mere Surgery,17.246
J83064,Ridge Green Medical Practice,12.585
J83601,Burbage Surgery,14.586
J83603,Jubilee Field Surgery,12.576
J83609,Cricklade Surgery,12.27
J83615,Old School House Surgery,15.236
J83618,Tolsey Surgery,13.468
J83619,Courtyard Surgery,14.754
J83625,Lodge Surgery,9.317
J83629,Silton Surgery,15.946
J83630,Hindon Surgery,19.098
J83633,Victoria Cross Surgery,16.779
J83645,Phoenix Surgery,22.55
J83646,Park Lane Practice,18.916
J84003,Ventnor Medical Practice,31.969
J84004,East Cowes Medical Centre,24.221
J84005,Esplanade Surgery,27.731
J84007,St Helen's Medical Centre,15.73
J84008,Argyll House,27.131
J84011,Newport Health Centre,26.424
J84012,Tower House Surgery,28.38
J84013,The Bay Medical Practice,26.418
J84015,Cowes Medical Centre,15.513
J84016,South Wight Medical Practice,24.581
J84017,Medina Healthcare,23.208
J84019,Wight Primary Partnerships Ltd,24.173
K81001,The Waterfield Practice,10.837
K81002,Eastfield House Surgery,12.197
K81003,Swallowfield Medical Practice,8.952
K81004,Tilehurst Surgery Partnership,14.605
K81005,Wexham Road Surgery,32.827
K81007,London Street Surgery,18.958
K81010,Kings Corner Surgery,5.052
K81012,The Boat House Surgery,8.247
K81014,Balmore Park Surgery,8.074
K81015,Woodlands Park Surgery,10.129
K81017,Falkland Surgery,10.681
K81018,Linden Medical Centre,7.469
K81019,Ross Road Medical Centre,12.631
K81020,Claremont Holyport Surgery,9.457
K81021,Datchet Health Centre,13.672
K81022,Wokingham Medical Centre,6.805
K81024,Langley Health Centre,19.228
K81025,Finchampstead Practice,6.862
K81026,Chatham Street Surgery,20.825
K81027,Mortimer Surgery,10.862
K81028,Magnolia House Surgery,4.863
K81030,Ringmead Medical Practice,9.455
K81034,Crosby House Surgery,25.257
K81036,The Cedars Surgery,10.993
K81040,Milman & Kennet Surgery,22.957
K81041,Emmer Green Surgery,6.687
K81042,Cookham Medical Centre,6.414
K81043,Herschel Medical Centre,25.157
K81045,Parkside Practice,8.884
K81046,Lee House Surgery,9.028
K81047,Brookside Group Practice,4.723
K81048,Long Barn Lane Surgery,26.504
K81050,The Downland Practice,11.617
K81051,Woodley Practice,7.899
K81052,Lambourn Surgery,16.438
K81055,Wargrave Practice,7.677
K81056,Westwood Road Surgery,13.198
K81057,Hungerford Surgery,15.066
K81060,Binfield Surgery,7.173
K81062,Western Elms & Circuit Lane Surgeries,20.797
K81063,Strawberry Hill Medical Centre,13.247
K81066,The Symons Medical Centre,7.465
K81068,Sheet Street Surgery,8.905
K81069,Loddon Vale Practice,6.187
K81070,Twyford Surgery,4.629
K81073,Thatcham Health Centre,10.971
K81074,Clarence Medical Centre,8.711
K81075,Farnham Road Practice,24.626
K81076,Green Meadows Surgery,6.173
K81077,Theale Medical Centre,12.153
K81078,Grovelands Medical Centre,20.237
K81080,New Wokingham Road Surgery,5.837
K81081,Abbey Medical Centre,20.58
K81082,The Village Medical Centre,19.007
K81083,Bharani Medical Centre,24.334
K81084,Rosemead Surgery,6.456
K81085,Shreeji Medical Centre,24.185
K81086,Manor Park Medical Centre,24.476
K81087,Easthampstead Surgery,14.639
K81092,Woosehill Practice,4.044
K81094,Great Hollands Practice,14.057
K81097,Redwood House Surgery,8.443
K81100,Pembroke Surgery,15.238
K81102,Burdwood Surgery,8.397
K81103,Chapel Row Surgery,11.029
K81605,University Medical Group,15.705
K81607,Cordwallis Road Surgery,11.795
K81608,Dr Nabi,23.562
K81610,Forest Health Group,11.231
K81616,Kumar Medical Centre,22.128
K81630,South Meadow Surgery,11.635
K81633,South Reading & Shinfield Group Med Prac,16.287
K81636,Russell Street Surgery,18.713
K81644,Tilehurst Village Surgery,13.594
K81645,240 Wexham Road,23.55
K81651,Melrose Surgery,17.279
K81655,Ascot Medical Centre,6.534
K81656,Crown Wood Medical Centre,11.933
K81657,Evergreen Practice,15.392
K82001,Rectory Meadow Surgery,6.681
K82003,Wolverton Health Centre,27.862
K82004,Amersham Health Centre,6.519
K82006,Iver Medical Centre,14.583
K82007,The Swan Practice,11.886
K82008,The Hall Practice,5.609
K82009,Stony Medical Centre,12.559
K82010,Tower House Surgery,18.538
K82011,Millbarn Medical Centre,6.851
K82012,Highfield Surgery,5.73
K82013,The Red House Surgery,19.401
K82014,Oakfield Surgery,12.743
K82015,Parkside Medical Centre,18.154
K82016,Newport Pagnell Medical Centre,12.067
K82017,Desborough Surgery,16.038
K82019,The Mandeville Practice,19.926
K82020,Chiltern House Med Centre,15.97
K82021,The Cross Keys Practice,10.032
K82022,Kingswood Surgery,18.319
K82023,"The Doctors House, Marlow Medical Group",9.878
K82024,The New Surgery,14.918
K82025,Sovereign Medical Centre,18.673
K82026,Whaddon Healthcare,22.046
K82027,Purbeck Health Centre,26.155
K82028,Haddenham Medical Centre,7.635
K82030,Wye Valley Surgery,19.863
K82031,Threeways Surgery,10.446
K82032,Oakridge Park Medical Centre,23.288
K82033,Burnham Health Centre,13.161
K82035,The John Hampden Surgery,8.468
K82036,Riverside Surgery,20.085
K82037,Water Meadow Surgery,13.464
K82038,Poplar Grove Practice,14.865
K82039,Bedford Street Surgery,18.481
K82040,Whitehill Surgery,17.626
K82044,Carrington House Surgery,15.953
K82045,Southmead Surgery,8.704
K82046,The Simpson Centre,5.603
K82047,Unity Health,9.812
K82048,Stokenchurch Medical Ctre,15.951
K82049,Hughenden Valley Surgery,7.183
K82051,The Misbourne Surgery,5.101
K82053,Priory Surgery,16.854
K82054,Ashfield Medical Centre,36.407
K82055,Denham Medical Centre,14.232
K82057,Cobbs Garden Surgery,9.057
K82058,Gladstone Road Surgery,15.759
K82059,Westfield Road Surgery,23.331
K82061,Ashcroft Surgery,11.181
K82064,Fishermead Medical Centre,28.645
K82065,Central Milton Keynes Medical Centre,24.917
K82066,Bourne End & Wooburn Green Medical Ctr,8.482
K82068,Waddesdon Surgery,13.028
K82070,3W Health,12.322
K82073,Westongrove Partnership,8.647
K82078,The Allan Practice,5.777
K82079,Edlesborough Surgery,13.467
K82603,Cressex Health Centre,18.058
K82610,The Grove Surgery,38.278
K82615,Walnut Tree Health Centre,14.802
K82617,The Stonedean Practice,13.321
K82618,Prospect House Surgery,8.083
K82621,Little Chalfont Surgery,7.815
K82631,Milton Keynes Village Surg,10.591
K82633,Westcroft Health Centre,11.255
K83002,Lakeside Healthcare,23.263
K83003,Queensview Medical Centre,21.713
K83005,Queensway Medical Centre,25.287
K83006,Headlands Surgery,19.042
K83007,Harborough Field Surgery,15.647
K83008,The Pines Surgery,13.553
K83009,Moulton Surgery,11.688
K83010,Eleanor Cross Healthcare,17.593
K83011,The Redwell Medical Centre,17.765
K83012,King Edward Road Surgery,19.765
K83013,Eskdaill Medical,21.047
K83014,Leicester Terrace Health Care Centre,24.671
K83015,Danetre Medical Practice,17.856
K83017,Wansford,12.896
K83018,Springfield Surgery,9.004
K83019,The Long Buckby Practice,11.041
K83021,Rothwell Medical Centre,16.364
K83022,Towcester Medical Centre,8.997
K83023,Oundle,9.536
K83024,Rushden Medical Centre,17.066
K83025,The Mounts Medical Centre,27.943
K83026,Albany House Medical Centre,24.667
K83027,Langham Place Surgery,24.674
K83028,Spinney Brook Medical Centre,17.679
K83029,Abington Park Surgery,18.703
K83030,The Cottons Medical Centre,13.934
K83031,Byfield Medical Centre,13.97
K83032,Abbey House Medical Practice,17.596
K83035,Kingsthorpe Medical Ctr.,20.903
K83036,Linden Medical Group,18.805
K83037,Dr Spencer & Partners,14.016
K83039,Dryland Medical Centre,20.569
K83040,Woodview Medical Centre,25.825
K83041,St Lukes Primary Care Centre,15.595
K83042,Park Avenue Medical Centre & King's Heath Practice,24.532
K83043,Abington Medical Centre,20.197
K83044,Parklands Medical Centre,15.132
K83047,Abbey Medical Practice,20.667
K83048,Brook Medical Centre,28.77
K83049,Brackley Medical Centre,9.268
K83050,The Crescent Medical Ctr.,24.157
K83051,Weavers Medical,18.651
K83052,The Parks Medical Practice,10.299
K83053,Crick Medical Practice,11.644
K83055,Wootton Medical Centre,8.135
K83056,County Surgery,22.435
K83059,Woodsend Medical Centre,21.809
K83064,The Saxon Spires Practice,10.29
K83065,Nene Valley Surgery,12.149
K83066,Greens Norton & Weedon Medical Practice,12.091
K83068,Denton Village Surgery,11.331
K83069,Marshalls Road Surgery,13.893
K83070,Bugbrooke Medical Practice,11.958
K83076,Weston Favell Medical Centre,25.38
K83077,Greenview Surgery,19.577
K83080,Higham Ferrers Surgery,11.892
K83081,Summerlee Medical Centre,20.076
K83601,Earls Barton Medical Centre,11.513
K83610,Danes Camp Medical Centre,13.374
K83614,Dr Kumar & Partner Studfall Medical Ctr,21.499
K83616,The Meadows Surgery,12.416
K83618,Dr Abbas,25.703
K83620,The Brook Health Centre,9.51
K83621,Maple Access Partnership Llp,27.394
K83622,Great Oakley Medical Centre,18.321
K84001,The Hart Surgery,7.289
K84002,Didcot Health Centre Practice,9.319
K84003,Islip Surgery,11.795
K84004,Donnington Medical Partnership,20.237
K84006,Eynsham Medical Group,8.332
K84007,Temple Cowley Health Centre,20.04
K84008,Chalgrove & Watlington Surgeries,10.736
K84009,Hedena Health,12.553
K84010,Bampton Surgery,10.889
K84011,Summertown Health Centre,7.496
K84012,Elm Tree Surgery,9.89
K84013,St Bartholomew's Medical Centre,15.161
K84014,Morland House Surgery,9.125
K84015,Nettlebed Surgery,11.355
K84016,19 Beaumont Street Surgery,7.817
K84017,Windrush Medical Practice,10.796
K84019,Newbury Street Practice,10.778
K84020,Sonning Common Health Ctr,6.22
K84021,Banbury Road Medical Centre,6.804
K84023,Berinsfield Health Centre,14.928
K84024,Windrush Surgery,17.156
K84026,Observatory Medical Practice,7.436
K84027,Malthouse Surgery,10.376
K84028,Banbury Cross Health Centre,16.857
K84030,Chipping Norton Health Centre,13.77
K84031,The Leys Health Centre,30.01
K84032,Bartlemas Surgery,16.799
K84033,Church Street Practice,10.904
K84034,Clifton Hampden Surgery,9.761
K84035,The Bell Surgery,7.183
K84036,Mill Stream Surgery,8.478
K84037,Wallingford Medical Practice,8.482
K84038,Montgomery House Surgery,11.371
K84041,Marcham Rd Family Health Centre,9.852
K84042,Woodstock Surgery,8.051
K84043,Woodlands Medical Centre,8.998
K84044,Manor Surgery,10.484
K84045,Gosford Hill Medical Centre,7.873
K84046,Wychwood Surgery,9.929
K84047,Burford Surgery,12.098
K84050,The Rycote Practice,7.346
K84051,White Horse Medical Practice,11.395
K84052,Bicester Health Centre,11.501
K84054,The Abingdon Surgery,10.276
K84055,Deddington Health Centre,9.848
K84056,Cropredy Surgery,13.418
K84058,Bloxham Surgery,10.482
K84059,Hightown Surgery,12.323
K84060,St. Clement's Surgery,14.072
K84062,Woodlands Surgery,15.981
K84063,Cowley Road Medical Practice,17.955
K84065,Sibford Surgery,13.79
K84066,Luther Street Medical Practice,17.176
K84071,Goring & Woodcote Medical Practice,6.76
K84072,Nuffield Health Centre,10.806
K84075,Broadshires Health Centre,8.684
K84078,Jericho Health Centre,8.761
K84079,Long Furlong Medical Centre,5.9
K84080,28@Northgate,9.911
K84082,The Key Medical Practice,8.779
K84605,KES@Northgate,10.122
K84610,The Charlbury Medical Centre,10.463
K84613,Alchester Medical Group,10.082
K84618,Cogges Surgery,9.151
K84624,Oak Tree Health Centre,7.251
L81004,Portishead Medical Group,7.224
L81007,Bridge View Medical,19.824
L81008,Shirehampton Group Practice,30.205
L81009,Stockwood Medical Centre,21.893
L81010,Hope House Surgery,16.979
L81012,Montpelier Health Centre,24.644
L81013,Fishponds Family Practice,20.717
L81014,Frome Valley Medical Centre,9.586
L81015,Charlotte Keel Medical Practice,34.707
L81016,Graham Road Surgery,33.654
L81017,Westbury On Trym Primary Care Centre,8.061
L81018,Severn View Family Practice,10.737
L81019,Concord Medical Centre,11.914
L81020,Widcombe Surgery,11.729
L81021,Winscombe Surgery,13.112
L81022,Horfield HC,23.134
L81023,East Trees Health Centre,29.298
L81024,Courtside Surgery,12.456
L81025,St Chads Surgery,13.12
L81026,The Downend Health Group,12.468
L81027,Batheaston Medical Centre,8.608
L81029,Three Shires Medical Practice,12.172
L81030,Harptree Surgery,10.928
L81031,The Armada Family Practice,20.175
L81033,Nightingale Valley Practice,18.312
L81034,Tyntesfield Medical Group,6.902
L81037,Pioneer Medical Group,31.826
L81038,Air Balloon Surgery,19.41
L81039,Heart Of Bath,12.441
L81040,Clevedon Medical Centre,10.743
L81041,Hillview Family Practice,56.483
L81042,Kennedy Way Surgery,12.561
L81044,Tudor Lodge Surgery,26.459
L81045,St. Augustines Surgery,10.143
L81046,Leap Valley Medical Centre,9.54
L81047,West Walk Surgery,12.272
L81050,Close Farm Surgery,9.661
L81051,168 Medical Group,26.733
L81053,The Lennard Surgery,22.201
L81054,Grange Road Surgery,39.4
L81055,Orchard Medical Centre,16.859
L81058,The Milton Surgery,18.313
L81059,Elm Hayes Surgery,11.827
L81061,The Wellspring Surgery,33.388
L81062,Fireclay Health,20.552
L81063,Kingswood Health Centre,17.373
L81065,Combe Down Surgery,12.337
L81066,Stafford Medical Group,18.939
L81067,Southmead & Henbury Family Practice,23.948
L81068,The Pulteney Practice,12.324
L81069,St Michael's Surgery,28.031
L81070,Newbridge Surgery,9.485
L81071,Fairfield Park Health Centre,11.109
L81072,Chew Medical Practice,10.395
L81073,West View Surgery,12.059
L81075,The Old School Surgery,17.144
L81078,Gloucester Road Medical Centre,10.516
L81079,Hanham Health,9.798
L81081,Pembroke Road Surgery,7.864
L81082,Bedminster Family Practice,23.089
L81083,Hartwood Healthcare,56.291
L81084,Priory Surgery,19.958
L81085,Heywood Family Practice,12.474
L81086,Mendip Vale Medical Practice,12.117
L81087,Beechwood Medical Practice,22.187
L81089,Lawrence Hill Health Centre,37.68
L81090,The Family Practice,10.359
L81091,Whiteladies Medical Group,8.845
L81095,The Crest Family Practice,42.676
L81098,Greenway Community Practice,25.386
L81103,St Mary Street Surgery,11.958
L81106,Streamside Surgery,10.97
L81118,Stoke Gifford Medical Centre,10.094
L81120,Birchwood Medical Practice,17.636
L81122,St. Mary's Surgery,11.118
L81123,Hillcrest Surgery,13.569
L81125,Wells Road Surgery,16.863
L81127,Almondsbury Surgery,13.495
L81130,Cadbury Heath Healthcare,10.818
L81131,Fallodon Way Medical Centre,5.342
L81132,Westfield Surgery,14.439
L81133,Student Health Service,11.877
L81600,Harbourside Family Practice,7.03
L81617,University Medical Centre,9.778
L81632,Emersons Green Medical Centre,9.573
L81642,Wellington Road Surgery,12.203
L81643,The Cedars Surgery,17.919
L81644,Rush Hill Surgery,12.408
L81669,Monks Park Surgery,22.803
L81670,Horizon Health Centre,53.727
L82001,Lander Medical Practice,17.158
L82003,Port Isaac Surgery,20.53
L82004,Wadebridge & Camel Estuary Practice,18.121
L82006,Penryn Surgery,16.187
L82007,Medical Centre Camelford (Dr Nash),28.276
L82008,Stratton Medical Centre,23.428
L82010,Bosvena Health,26.768
L82011,Brannel Surgery,29.066
L82012,Tamar Valley Health,22.132
L82013,Perranporth Surgery,20.058
L82015,Chacewater Health Centre,19.809
L82016,Oak Tree Surgery,25.211
L82017,St Mary's Health Centre,12.705
L82018,Helston Medical Centre,20.033
L82022,Old Bridge Surgery,25.126
L82023,Petroc Group Practice,22.569
L82025,Mevagissey Surgery,20.609
L82026,Middleway Surgery,24.335
L82028,Three Spires Medical Practice,17.321
L82029,Narrowcliff Surgery,18.308
L82030,Launceston Medical Centre,25.022
L82035,Fowey River Practice,20.333
L82036,Bodriggy Health Centre,21.147
L82038,Atlantic Medical Group,28.0
L82039,Lostwithiel Surgery,22.089
L82041,Carn To Coast Health Centres,27.05
L82042,Leatside Health Centre,24.673
L82043,Quay Lane Surgery,20.908
L82044,Veor Surgery,28.812
L82045,Probus Surgery,17.842
L82046,Saltash Health Centre,15.418
L82047,Marazion Surgery,23.499
L82048,Roseland Surgeries,20.333
L82049,Falmouth Health Centre,16.714
L82050,Rosedean Surgery,27.384
L82051,Clays Practice,33.702
L82052,Trescobeas Surgery,15.696
L82054,St Agnes Surgery,18.351
L82056,The Mullion & Constantine Group Practice,22.746
L82057,St Keverne Health Centre,28.241
L82058,Bottreaux Surgery,25.52
L82059,Meneage Street Surgery,18.58
L82061,Carnon Downs Surgery,13.941
L82066,Port View Surgery,15.758
L82068,Praze-An-Beeble Surgery,22.536
L82070,Sunnyside Surgery,28.752
L82620,Harris Memorial Surgery,24.364
L82622,Westover Surgery,13.083
L83002,Honiton Surgery,15.639
L83003,Queen's Medical Centre,26.061
L83004,Kingsteignton Medical Practice,14.736
L83005,Barton Surgery,20.142
L83006,Mayflower Medical Group,29.427
L83007,Seaton & Colyton Medical Practice,12.16
L83008,Pathfields Medical Group,25.6
L83010,Ashburton Surgery,19.753
L83011,Budleigh Salterton Medical Practice,12.788
L83012,Bradworthy Surgery,25.148
L83013,Brunel Medical Practice,25.473
L83014,Mayfield Medical Centre,24.012
L83015,Oakside Surgery,34.902
L83016,St Thomas Medical Group,15.089
L83018,Beaumont Villa Surgery,48.54
L83019,Elm Surgery,18.804
L83020,Axminster Medical Practice,18.491
L83021,Dean Cross Surgery,10.325
L83023,Mid Devon Medical Practice,21.818
L83024,Barnfield Hill Surgery,17.121
L83025,Wallingbrook Health Centre,25.088
L83026,Torrington Health Centre,21.46
L83027,Croft Hall Medical Practice,38.781
L83028,St Neots Surgery,31.117
L83029,Southover Medical Practice,30.382
L83030,North Road West Medical Centre,35.702
L83031,Kingskerswell & Ipplepen Med Practice,14.215
L83034,Albany Surgery,18.966
L83035,Litchdon Medical Centre,21.013
L83036,Topsham Surgery,14.215
L83038,Tavyside Health Centre,18.34
L83039,Southway Surgery,28.337
L83040,Pinhoe Surgery,14.356
L83041,Westbank Practice,14.692
L83042,St Leonards Practice,16.63
L83043,Leatside Surgery,17.561
L83044,Blackdown Practice,16.978
L83045,Bovey Tracey & Chudleigh Practice,15.24
L83046,Devon Square Surgery,18.097
L83048,Roborough Surgery,15.495
L83049,Moretonhampstead Health Centre,18.14
L83050,Northam Surgery,20.17
L83051,Cricketfield Surgery,17.942
L83052,Castle Place Practice,20.813
L83054,Townsend House Medical Centre,13.528
L83055,Compass House Medical Centres,21.723
L83056,Claremont Medical Practice,15.718
L83057,Fremington Medical Centre,17.081
L83058,Southernhay House Surgery,18.975
L83059,Norton Brook Medical Centre,15.963
L83064,Church View Surgery,10.12
L83066,Mount Pleasant Health Centre,15.083
L83067,Sid Valley Practice,11.713
L83069,Ruby Country Medical Group,26.806
L83070,Buckfastleigh Medical Centre,22.093
L83071,Stoke Surgery,32.038
L83072,Friary House Surgery,27.447
L83073,Brannam Medical Centre,24.008
L83075,South Brent Health Centre,17.894
L83076,Wycliffe Surgery,25.156
L83077,Heavitree Practice,13.942
L83079,Ide Lane Surgery,12.627
L83081,Yealm Medical Centre,13.372
L83082,Chagford Health Centre,19.339
L83083,Bideford Medical Centre,23.654
L83084,South Lawn Medical Practice,15.359
L83085,Amicus Health,22.116
L83086,Modbury Health Centre,15.104
L83087,Okehampton Medical Centre,21.077
L83088,Redfern Health Centre,15.514
L83089,Knowle House Surgery,17.235
L83092,College Surgery Partnership,15.489
L83094,Dartmouth Medical Practice,19.083
L83095,Coleridge Medical Centre,12.616
L83096,Combe Coastal Practice,27.481
L83097,Caen Medical Centre,12.603
L83098,Cheriton Bishop Surgery,20.921
L83099,Isca Medical Practice,15.294
L83100,Beacon Medical Group,11.273
L83101,Abbey Surgery,17.643
L83102,Yelverton Surgery,15.13
L83103,Corner Place Surgery,28.171
L83105,Castle Gardens Surgery,22.161
L83106,Wooda Surgery,25.19
L83111,Chilcote Practice,28.012
L83112,West Hoe Surgery,29.699
L83113,Budshead Medical Practice,36.931
L83115,Whipton Surgery,21.277
L83116,Woodbury Surgery,11.723
L83118,Chelston Hall Surgery,28.181
L83120,Channel View Medical Group,16.195
L83127,Redlands Primary Care,19.069
L83128,Bramblehaies Surgery,15.844
L83129,Hartland Surgery,26.679
L83131,Pembroke Medical Group,25.186
L83134,Wyndham House Surgery,16.402
L83136,Haldon House Surgery,18.196
L83137,South Molton Medical Centre,22.787
L83143,Hill Barton Surgery,12.814
L83146,Catherine House Surgery,17.487
L83147,Lisson Grove Medical Ctr.,19.703
L83148,Chillington Health Centre,17.772
L83607,Old Farm Surgery,28.803
L83616,Sampford Peverell Surgery,15.489
L83624,Devonport Health Centre,42.079
L83628,Imperial Surgery,18.598
L83639,Wembury Surgery,8.345
L83646,St Levan Surgery,33.657
L83648,Peverell Park Surgery,19.533
L83651,Adelaide Street Surgery,51.029
L83655,Wonford Green Surgery,22.846
L83663,Black Torrington Surgery,25.786
L83666,Buckland Surgery,24.855
L83673,Clock Tower Surgery,24.496
L84003,Underwood Surgery,13.825
L84004,Winchcombe Medical Centre,10.562
L84005,Minchinhampton Surgery,10.689
L84006,Staunton & Corse Surgery,16.162
L84007,Rowcroft Medical Centre,13.816
L84008,St George's Surgery,16.436
L84009,Hadwen Health,14.847
L84010,Upper Thames Medical Group,11.297
L84011,Lydney Practice,19.851
L84012,Phoenix Health Group,11.313
L84014,Hucclecote Surgery,7.95
L84015,Sixways Clinic,6.101
L84016,Frithwood Surgery,8.358
L84018,Cirencester Health Group,12.121
L84021,Yorkley Health Centre(Wg),19.72
L84022,Yorkleigh Surgery(Ct),15.736
L84023,Church Street Practice,15.048
L84024,Drybrook Surgery,20.651
L84025,Hoyland House,12.148
L84026,Aspen Medical Practice,22.02
L84027,Culverhay Surgery,12.19
L84028,Forest Health Care,22.069
L84029,Blakeney Surgery,20.344
L84030,Berkeley Place Surgery,11.589
L84031,Stow Surgery,12.731
L84033,Weston House Practice,13.544
L84034,"Partners In Health, Pavilion Family Drs",20.525
L84036,Cleevelands Medical Centre,8.12
L84037,Holts Health Centre,17.417
L84038,Cotswold Medical Practice,13.074
L84039,Beeches Green Surgery,13.837
L84040,The Leckhampton Surgery,5.117
L84041,Overton Park Surgery,12.399
L84043,Chipping Campden Surgery,11.992
L84045,Mitcheldean Surgery,16.706
L84046,Dockham Surgery,22.974
L84047,Churchdown Surgery,10.032
L84048,"The Stoke Road Surgery,",7.815
L84049,The Royal Well Surgery,16.227
L84050,Rosebank Health,24.774
L84051,Chipping Surgery,10.14
L84052,Severnside Medical Practice,34.195
L84053,Hilary Cottage Surgery,10.219
L84054,Mythe Medical Practice,14.029
L84058,St Catherine's Surgery,19.338
L84059,Royal Crescent Surgery,14.133
L84060,Cam & Uley Family Practice,12.503
L84063,Rendcomb Surgery,13.833
L84065,Prices Mill Surgery,11.833
L84067,Longlevens Surgery,7.605
L84068,Mann Cottage Surgery,12.631
L84069,Coleford Family Doctors,20.471
L84072,White House Surgery,12.56
L84075,Walnut Tree Practice,14.399
L84077,Five Valleys Medical Practice,14.686
L84080,Regent Street Surgery,14.349
L84081,Kingsholm Surgery,29.628
L84084,Brockworth Surgery,14.768
L84085,Severnbank Surgery,21.178
L84606,The Alney Practice,13.6
L84613,Stonehouse Health Clinic,14.889
L84617,Quedgeley Medical Centre,14.286
L85001,French Weir Health Centre,17.194
L85002,Wells Health Centre,15.276
L85003,Exmoor Medical Centre,27.121
L85004,"Crewkerne Health Centre, Crewkerne",17.494
L85006,Crown Medical Centre,17.496
L85007,"Church Street Surgery, Martock",20.706
L85008,Frome Medical Centre,17.084
L85009,West Somerset Healthcare,26.467
L85010,Highbridge Medical Centre,28.585
L85011,Cheddar Medical Centre,12.089
L85012,Wellington Medical Centre,16.83
L85013,Quantock Medical Centre,19.684
L85014,Taunton Vale Healthcare,24.928
L85015,"Preston Grove Medical Centre, Yeovil",17.179
L85016,Burnham Medical Centre,23.253
L85017,"Penn Hill Surgery, Yeovil",20.52
L85018,Cannington Health Centre,18.801
L85019,Minehead Medical Centre,24.861
L85020,Beckington Family Practice,14.341
L85021,College Way Surgery,9.458
L85022,Diamond Health Group,17.804
L85023,St James Medical Centre,19.627
L85024,Polden Medical Practice,20.234
L85025,Cranleigh Gardens Medical Centre,25.603
L85026,"Hamdon Medical Centre, Stoke-Sub-Hamdon",19.03
L85027,Wincanton Health Centre,18.596
L85029,Vine Surgery Partnership,15.643
L85030,Ariel Healthcare,21.69
L85031,Milborne Port Surgery,17.316
L85032,Bruton Surgery,17.93
L85033,Langport Surgery,17.651
L85034,Wells City Practice,15.341
L85035,East Quay Medical Centre,22.646
L85036,Quantock Vale Surgery,16.906
L85037,North Curry,19.081
L85038,Lister House Partnership,17.497
L85039,Glastonbury Surgery,18.2
L85040,"Millbrook Surgery, Castle Cary",17.277
L85042,Taunton Road Medical Centre,26.141
L85043,Park Medical Practice,18.069
L85044,Queen Camel Medical Centre,16.662
L85046,Mendip Country Practice,17.758
L85047,Glastonbury Health Centre,21.599
L85048,"Ryalls Park Medical Centre, Yeovil",15.382
L85051,Redgate Medical Centre,26.084
L85052,Warwick House Medical Practice,18.56
L85053,Grove House Surgery,17.603
L85054,Summervale Surgery,17.783
L85055,Axbridge Surgery,12.925
L85056,North Petherton Surgery,18.427
L85061,The Meadows Surgery,17.816
L85062,Lyngford Park,24.938
L85064,Oaklands Surgery,22.05
L85065,Dunster & Porlock Surgeries,25.897
L85066,Buttercross Health Centre,16.977
L85601,Brent Area Medical Centre,17.492
L85607,Somerset Bridge Medical Centre,22.97
L85609,Creech,13.832
L85611,Oakhill Surgery,15.287
L85624,Church View Medical Centre,17.663
M81001,St Stephen's Medical Partnership,22.819
M81002,Elgar House,24.216
M81004,Riverside Surgery,16.318
M81005,Northumberland House Surgery,26.593
M81006,Severn Valley Medical Practice,12.11
M81007,Bredon Hill Surgery,11.737
M81008,Spring Gardens Group Medical Practice,22.812
M81009,Golden Valley Practice,22.247
M81010,Kidderminster Medical Centre,26.377
M81011,Ombersley Medical Centre,16.93
M81012,Ledbury Health Partnership,16.253
M81015,Stanmore House Surgery,18.977
M81016,Ryeland Surgery,23.711
M81017,Elbury Moor Medical Centre,31.159
M81018,Weobley & Staunton On Wye Surgeries,20.875
M81019,Winyates Health Centre,21.942
M81020,The Dow Surgery,24.159
M81021,New Road Surgery Bromsgrove,11.04
M81022,Haresfield House Surgery,19.76
M81024,Much Birch Surgery,18.334
M81025,New Road Surgery,16.734
M81026,Hereford Medical Group,17.914
M81027,Hagley Surgery,5.486
M81029,New Barn Close Surgery,12.747
M81032,Cantilupe Surgery,14.213
M81033,Great Witley Surgery,15.473
M81034,Salters Medical Practice,18.316
M81035,St Martin's Gate Surgery,16.052
M81037,Thorneloe Lodge Surgery,16.355
M81038,Upton Surgery,16.552
M81039,Whiteacres Medical Centre,15.871
M81040,Stourport Medical Centre,21.466
M81041,Hillview Medical Centre,18.528
M81042,Tenbury Surgery,19.118
M81043,The Mortimer Medical Prac,19.329
M81044,Alton Street Surgery,16.887
M81045,Knightwick Surgery,17.243
M81046,Abbottswood Medical Centre,16.722
M81047,Spa Medical Practice,18.415
M81048,Nunwell Surgery,22.148
M81049,Barbourne Health Centre,15.494
M81054,Kington Medical Practice,23.209
M81055,Cornhill Surgery,26.623
M81056,The Church Street Practice,25.556
M81057,Bewdley Medical Centre,19.128
M81058,Merstow Green Medical Practice,17.969
M81061,Pendeen Surgery,16.345
M81063,St Johns House Surgery,15.995
M81064,Hollywood Medical Centre,11.682
M81066,Wargrave House Surgery,18.287
M81067,The Surgery Kingstone,20.567
M81068,Aylmer Lodge Cookley Partnership,21.995
M81069,Davenal House Surgery Partnership,13.704
M81070,Churchfields Surgery,14.911
M81072,Albany House Surgery,18.269
M81074,Pershore Medical Practice,17.196
M81075,Malvern Health Centre,18.295
M81076,Colwall Surgery,12.191
M81077,The Ridgeway Surgery,8.71
M81078,Barnt Green Surgery,5.299
M81081,St Saviours Surgery,16.188
M81082,St. Johns Surgery,14.53
M81083,Hollyoaks Medical Centre,9.116
M81084,Catshill Village Surgery,13.891
M81090,Chaddesley Surgery,14.813
M81091,Corbett Medical Practice,13.578
M81092,The Bridge Surgery,17.6
M81093,Belmont Medical Centre,22.885
M81094,Abbey Medical Practice,17.992
M81600,Cradley Surgery,15.605
M81604,Fownhope Medical Centre,16.358
M81605,The Glebeland Surgery,10.944
M81608,Wolverley Surgery,18.572
M81616,Crabbs Cross Medical Centre,19.144
M81617,Crabbs Cross Surgery,16.111
M81627,Demontfort Medical Centre,16.889
M81629,New Court Surgery,15.972
M82002,Mytton Oak Medical Pract.,11.111
M82003,Stirchley Medical Practice,35.832
M82004,Bridgnorth Medical Practice,16.707
M82005,Plas Ffynnon Medical Ctre,19.218
M82006,Riverside Medical Practice,18.816
M82007,Charlton Medical Practice,22.979
M82008,Church Stretton Medical Centre,14.977
M82009,Dawley Medical Practice,31.13
M82010,Market Drayton Medical Practice,18.409
M82011,Shawbury Medical Practice,18.616
M82012,Donnington Medical Practice,26.523
M82013,Westbury Medical Centre,18.9
M82014,Station Drive Surgery,20.19
M82016,Radbrook Green Surgery,9.441
M82017,Clive Medical Practice,16.386
M82018,Beeches Medical Practice,11.593
M82019,Much Wenlock & Cressage Medical Practice,17.857
M82020,Knockin Medical Centre,16.75
M82021,Albrighton Medical Pract,12.614
M82022,The Caxton Surgery,20.606
M82023,Prescott Surgery,14.722
M82024,Brown Clee Medical Centre,20.493
M82025,Churchmere Medical Group,18.012
M82026,Cambrian Medical Practice,18.993
M82028,Wellington Road Surgery,11.014
M82030,Pontesbury & Worthen Medical Practice,18.222
M82032,Severn Fields Medical Practice,23.313
M82033,Bishops Castle Medical Practice,23.817
M82034,Claremont Bank Surgery,15.033
M82035,Wem and Prees Medical Practice,20.547
M82038,Shifnal & Priorslee Medical Practice,12.337
M82039,Wellington Medical Practice,25.874
M82040,Marysville Medical Pract,16.78
M82041,Cleobury Mortimer Surgery,21.022
M82042,Woodside Medical Practice,46.627
M82043,Ludlow - Portcullis,20.298
M82046,Craven Arms Surgery,25.712
M82047,Marden Medical Practice,13.901
M82048,Belvidere Medical Pract.,18.054
M82051,Broseley Medical Practice,20.044
M82056,Linden Hall Surgery,12.449
M82057,Hollinswood Surgery,22.125
M82058,Hodnet Medical Practice,20.178
M82059,Shawbirch Medical Centre,13.673
M82060,South Hermitage Surgery,14.406
M82601,Alveley Medical Practice,17.679
M82606,Ironbridge Medical Practice,19.117
M82616,Court Street Medical Practice,36.922
M82620,The Meadows Medical Practice,22.35
M83001,Horsefair Practice,17.3
M83004,Mayfield Surgery,27.563
M83005,Heathcote Street Surgery,28.729
M83006,The Westgate Practice,10.587
M83007,The Village Surgery,21.499
M83009,Brewood Medical Practice,16.354
M83010,Gordon Street Surgery,30.512
M83011,Werrington Village Surgery,11.461
M83012,Leek Health Centre,17.561
M83013,Yoxall,10.709
M83014,Trent Vale Medical Practice,25.959
M83015,Madeley Practice,13.381
M83016,High Street Surgery,13.813
M83017,Ashley Surgery,13.086
M83018,Gravel Hill Surgery,11.824
M83020,Cumberland House,11.945
M83021,Furlong Medical Centre,39.345
M83022,Hazeldene House Surgery,9.234
M83023,Kidsgrove Medical Centre,19.641
M83024,Castlefields,17.105
M83025,Miller Street Surgery,18.787
M83026,Carlton Street Surgery,25.207
M83027,Trent Meadows,10.907
M83028,Glebedale Medical Practice,37.983
M83030,The Langton Medical Group,13.652
M83031,Russell House Surgery,10.697
M83032,The Aldergate Medical Practice,19.089
M83033,Hednesford Medical Practice,19.553
M83034,Silverdale Medical Centre,23.471
M83035,Alrewas,9.95
M83036,Rising Brook,21.298
M83037,Tutbury Health Centre,10.499
M83038,Orchard Surgery,24.252
M83042,Bridge Surgery,17.776
M83044,Stafford Health and Wellbeing,17.631
M83045,Penkridge Medical Practice,12.096
M83046,Biddulph Valley Surgery,15.379
M83047,Meir Park & Weston Coyney Medical Pract,25.124
M83048,The Nile Practice,16.638
M83049,Holmcroft,14.197
M83050,Wolverhampton Road Surgery,17.263
M83051,Wetmore Road Surgery,21.909
M83052,Weeping Cross Health Centre,10.195
M83054,Audley Health Centre,17.673
M83056,Wolstanton Medical Centre,15.982
M83057,Mill Bank,18.212
M83059,Abbots Bromley Surgery,10.804
M83061,Millrise Medical Practice,21.55
M83062,Laurel House Surgery,19.354
M83063,Norton Canes Health Centre,19.666
M83065,Barton,7.885
M83066,Hartshill Medical Centre,19.551
M83067,Lyme Valley Medical Centre,20.088
M83068,Belgrave Medical Centre,33.44
M83069,Mansion House Surgery,11.951
M83070,Gnosall,11.246
M83071,Park Medical Centre,17.811
M83072,Salters Meadow Health Ctr,14.872
M83073,Stapenhill Medical Centre,22.955
M83074,Balance Street,13.751
M83075,Norfolk Street Surgery,39.586
M83076,Harley Street Medical Ctr,39.55
M83079,Dr J Greig & Partners,17.587
M83084,Dr Robinson & Partners,18.566
M83088,Hollies Practice,19.104
M83089,Biddulph Doctors,15.679
M83090,Dunrobin Street Medical Centre,31.494
M83092,Crown Surgery,12.274
M83093,Dale Medical Practice,12.378
M83094,Brook Medical Centre,31.581
M83096,Dr Ks Upton's Practice,16.104
M83097,Bilbrook Medical Centre,14.786
M83100,Meir Primary Care Centre,27.797
M83102,Potteries Medical Centre,44.032
M83103,Dr P Craven's Practice,15.735
M83107,Alderwood Medical Practice,22.685
M83108,Dr Do Yates' Practice,16.547
M83109,Dr Manickam & Partner,18.116
M83110,Heathview Medical Practice,22.11
M83111,Riverside Surgery,23.01
M83113,Dr Khare's Surgery,25.362
M83117,Crown Medical Practice,21.311
M83121,Tean Surgery,11.706
M83122,Waterhouses Medical Pract,17.675
M83123,Birches Head Medical Ctr.,31.093
M83125,Claverley,19.246
M83126,Longton Hall Surgery,31.804
M83127,Cobridge Surgery,43.938
M83129,Heath Hayes Health Centre,16.794
M83130,Red Lion Surgery,21.952
M83132,Lakeside,10.956
M83138,Drs Shah & Talpur,13.998
M83139,Moss Street Surgery,26.721
M83140,Higherland Surgery,18.763
M83141,Kingsbridge Medical Centre,12.093
M83143,Goldenhill Medical Centre,33.368
M83146,The Moorcroft Medical Ctr,42.662
M83148,The Peel Medical Practice,20.674
M83601,Brinsley Avenue Practice,10.648
M83608,Quinton Practice,15.187
M83616,Dr I Rasib & Partners,22.325
M83617,Darwin Medical Centre,14.337
M83619,Honeywall Medical Practice,28.208
M83624,Cambridge House Surgery,39.302
M83625,Prima Care Surgeries,38.257
M83627,Apsley Surgery,42.398
M83632,Trinity Medical Centre,13.183
M83637,Chadsmoor Medical Practice,25.837
M83638,The Colliery Practice,21.312
M83640,Alton Surgery,12.176
M83641,Mill View Surgery,19.414
M83650,Tunstall Primary Care Centre,35.358
M83661,Adderley Green Surgery,35.138
M83668,Tamar Medical Centre,12.925
M83670,Keele Practice,13.888
M83680,Northgate Surgery,13.473
M83681,All Saints Surgery,29.036
M83682,Lucie Wedgwood Health Ctr,41.768
M83691,Betley Surgery,10.373
M83693,Tri-Links Medical Practice,21.027
M83697,Milehouse Medical Practice,27.755
M83698,Southfield Way Surgery,16.194
M83701,Talke Pits Clinic,23.001
M83703,Brereton Surgery,17.46
M83709,Baddeley Green Surgery,15.581
M83711,Trentham Mews Medical Centre,8.732
M83713,Meir Medical Practice,33.355
M83715,Featherstone,21.58
M83717,Norton Canes Surgery,18.166
M83718,Peel Croft,31.813
M83719,Rawnsley Surgery,16.05
M83723,Loomer Road Surgery,32.687
M83725,Blurton Medical Centre,43.273
M83727,Norton Canes Practice,17.272
M83738,Aelfgar Surgery,17.921
M84001,Red Roofs Surgery,25.191
M84002,Pool Medical Centre,12.789
M84003,Arbury Medical Centre,27.38
M84004,Whitehall Medical Practice,13.06
M84005,Chapel End Surgery,28.066
M84006,Pear Tree Surgery,17.85
M84007,Dordon & Polesworth Group Practice,17.753
M84008,Spring Hill Medical Centre,25.178
M84009,Fenny Compton Surgery,13.929
M84010,Avonside Health Centre,12.05
M84011,Bedworth Health Centre,26.776
M84012,Park Leys Medical Practice,21.998
M84013,Castle Medical Centre,5.616
M84014,Bridge House Medical Centre,10.364
M84015,Croft Medical Centre,14.936
M84016,Wolston Surgery,13.341
M84017,Clarendon Lodge Medical Centre,9.812
M84018,Bidford Health Centre,13.037
M84019,The Atherstone Surgery,23.013
M84020,Clifton Road Surgery,14.233
M84021,Rother House Medical Centre,11.61
M84022,Manor Court Surgery,29.344
M84023,Central Surgery,15.44
M84024,Henley-In-Arden Med Ctr,11.927
M84025,Shipston Medical Centre,12.475
M84026,Southam Surgery,10.0
M84028,Priory Medical Centre,11.645
M84029,Lillington Health Hub,10.953
M84030,Hastings House Surgery,12.44
M84031,Revel Surgery,14.385
M84032,Waterside Medical Centre,14.621
M84034,Whitestone Surgery,14.103
M84035,Westside Medical Centre,16.488
M84036,Abbey Medical Centre,5.633
M84037,The Grange Medical Centre,11.694
M84040,Sherbourne Medical Centre,11.709
M84041,Riversley Road Surgery,27.044
M84042,Hazelwood Group Practice,14.358
M84043,Trinity Court Surgery,11.257
M84044,Harbury Surgery,10.858
M84046,Dunchurch Surgery,8.754
M84047,Tanworth-In-Arden Med Ctr,9.607
M84049,Alcester Health Centre,11.744
M84050,Market Quarter Medical Practice,15.938
M84051,Old Mill Surgery,24.536
M84055,Stockingford Medical Centre,25.253
M84059,Spa Medical Centre,14.607
M84060,The Arrow Surgery,12.125
M84061,Bulkington Surgery,15.044
M84062,Vale Of Red Horse,13.967
M84063,Chase Meadow Health Centre,10.262
M84064,Whitnash Medical Centre,10.802
M84065,Beech Tree Medical Practice,16.762
M84066,Meon Medical Centre,15.405
M84067,Bennfield Surgery,15.277
M84069,Budbrooke Medical Centre,9.949
M84070,Warwick Gates Fam.Hth.Ctr,10.957
M84609,Woodlands Surgery,23.828
M84612,Station Street Surgery,18.527
M84615,Chancery Lane Surgery,24.879
M84616,Brookside Surgery,13.119
M84618,Rugby Road Surgery,22.338
M84620,Lapworth Surgery,13.88
M84621,Queens Road Surgery,30.481
M84627,The Old Cole House Practice,27.645
M84629,St Wulfstan Surgery,10.664
M85001,Shah Zaman Surgery,50.577
M85005,The Park Medical Centre,53.299
M85006,Green Ridge Surgery,36.089
M85007,West Heath Surgery,34.729
M85009,Hamstead Road Surgery,38.225
M85011,The Swan Medical Centre,42.518
M85013,Church Lane - Khan,51.22
M85014,Kingsbury Road Medical Centre,44.276
M85016,Hillcrest Surgery,43.188
M85018,Yardley Wood Health Centre,31.387
M85019,Tower Hill Partnership,24.22
M85020,Raydocs Newtown,55.147
M85021,Moseley Medical Centre,34.594
M85023,Millennium Medical Centre,41.551
M85024,The Limes Medical Centre,55.616
M85025,Bath Row Medical Practice,26.643
M85026,Ashfield Surgery,10.425
M85027,Leach Heath Medical Centre,32.602
M85028,Lordswood House Group Medical Practice,25.484
M85029,College Green Medical Practice,25.958
M85030,St Heliers Medical Practice,35.939
M85031,The Harlequin Surgery,43.778
M85033,The Manor Practice,12.191
M85034,Omnia Practice,51.9
M85035,Woodgate Valley Health Centre,41.781
M85037,Kingsfield Medical Centre,19.748
M85041,Bournbrook Varsity Medical Centre,20.004
M85042,Selly Park Surgery,21.522
M85043,Hawkesley Medical Practice,50.323
M85046,Sutton Coldfield Group Practice,9.59
M85047,Woodland Road Surgery,30.813
M85048,Church Road Surgery,33.502
M85051,Firstcare Practice,51.104
M85053,The St.Clements Surgery,52.722
M85055,Selly Oak Health Centre,20.843
M85056,Weoley Park Surgery,31.386
M85058,Harborne Medical Practice,23.142
M85060,The Oaks Medical Centre,21.337
M85061,Yardley Green Medical Centre,51.17
M85062,Shenley Green Surgery,35.509
M85063,Midlands Medical Partnership,35.953
M85065,The Poplars Surgery,32.823
M85066,Ward End Medical Centre,47.75
M85069,Laurie Pike Health Centre,41.544
M85070,Reservoir Road Surgery,45.661
M85071,Wychall Lane Surgery,31.422
M85074,Wake Green Surgery,31.411
M85076,Hollymoor Medical Centre,43.466
M85077,Northwood Medical Centre,17.287
M85078,Oakwood Surgery,43.694
M85079,Eden Court Medical Practice,47.013
M85081,The Dove Medical Practice,39.704
M85082,Handsworth Medical Pract.,49.304
M85084,The Wand Medical Centre,52.602
M85086,Cofton Medical Centre,27.045
M85087,College Road Surgery,41.497
M85088,Karis Medical Centre,33.942
M85094,Yardley Medical Centre,51.227
M85097,Cranes Park Road Surgery,27.469
M85098,Rotton Park Medical Centre,36.879
M85105,Victoria Road Surgery,39.185
M85107,Firs Surgery,48.806
M85108,Small Heath Medical Practice,59.315
M85110,Saltley and Fernbank Medical Practice,53.075
M85113,Bucklands End Lane Surgery,38.675
M85115,Sutton Road Surgery,30.453
M85116,Fernley Medical Centre,49.036
M85117,Bartley Green Medical Practice,43.522
M85118,Baldwins Lane Surgery,15.336
M85123,Al-Shafa Medical Centre,53.832
M85124,Bellevue Medical Centre,33.811
M85128,Balsall Heath Health Centre,54.496
M85136,Druids Heath Surgery,47.348
M85139,Alpha Medical Practice,54.122
M85141,Schoolacre Road Surgery,47.744
M85143,Jiggins Lane Medical Centre,40.795
M85145,The Slieve Surgery,30.611
M85146,The Khattak Memorial Surgery,53.646
M85149,Alum Rock Medical Centre,52.633
M85153,Weather Oak Medical Centre,54.402
M85154,Finch Road Primary Care Centre,53.392
M85155,Kingstanding Circle Surgery,39.426
M85156,River Brook Medical Centre,25.422
M85158,Apollo Surgery,27.8
M85164,Newport Medical Group,52.408
M85167,University Medical Practice,14.363
M85170,Gate Medical Centre,55.061
M85171,Rowlands Road Surgery,31.511
M85172,Ridgacre House Surgery,24.048
M85174,The Brook Surgery,54.296
M85175,The Hawthorns Surgery,10.95
M85176,Kirpal Medical Practice,52.823
M85177,Swanswell Medical Centre,35.511
M85178,Modality Enki Medical Practice,49.943
M85179,Maypole Health Surgery Y,35.558
M85600,Kings Norton Surgery,30.381
M85624,Perry Park Surgery,36.136
M85634,Heathfield Family Centre,52.441
M85642,Cavendish Medical Practice,45.072
M85669,Tudor Practice Stockland Green,47.237
M85670,Greenfield Medical Centre,54.985
M85676,Victoria Road Medical Ctr,55.174
M85679,Charles Road Surgery,54.086
M85680,Cotterils Lane Surgery,54.635
M85684,City Road Medical Centre,41.365
M85686,Dr Kulshrestha Family Practice,50.876
M85693,Featherstone Medical Centre,24.901
M85694,Garretts Green Lane Surgery,34.767
M85697,Church Road Surgery,54.605
M85699,Coventry Road Medical Centre,54.818
M85701,Burbury Medical Centre,56.435
M85706,Druid Group - EMC Surgery,48.136
M85711,City Health Centre,34.122
M85713,Highgate Medical Centre,50.244
M85715,Soho Road Primary Care Centre,53.452
M85716,Dr Khuroo's Practice,48.042
M85717,Downsfield Medical Centre,45.589
M85721,Holyhead Primary Health Care Centre,52.521
M85722,Naseby Medical Centre,50.763
M85730,Ley Hill Surgery,33.882
M85732,Bloomsbury Surgery,51.135
M85733,Moor Green Lane Medical Centre,28.304
M85735,Greet Medical Practice,50.164
M85736,Acocks Green Medical Centre,44.417
M85739,Pak Health Centre,54.66
M85746,Mirfield Surgery,51.252
M85749,Aubrey Road Medical Centre,51.879
M85756,Springfield Medical Pract,47.703
M85757,Soho Road Health Centre,53.535
M85759,Nechells Practice,53.103
M85766,Balsall Heath Health Centre (S),52.509
M85770,The Sheldon Medical Centre,32.311
M85774,Springfield Surgery,44.027
M85778,Halcyon Medical,20.906
M85779,Aylesbury Surgery,42.595
M85781,Bordesley Green Surgery,55.57
M85783,Strensham Road Surgery,48.106
M85792,Cotmore Surgery,24.28
M85794,"The Balaji Surgery, The Sparkbrook Chc",55.874
M85797,Hockley Medical Practice,32.502
M85803,Pearl Medical Centre,53.779
M86001,Willenhall Primary Care Centre - 1,42.15
M86002,Longford Primary Care Centre,39.7
M86003,Sky Blue Medical Group,25.07
M86004,Allesley Park Medical Ctr,12.277
M86005,Hillfields Health Centre - 1,37.2
M86006,Jubilee Healthcare,20.439
M86007,Phoenix Family Care,12.646
M86008,The Gables Medicentre,28.689
M86009,Engleton House Surgery,29.723
M86010,Forrest Medical Centre,22.363
M86012,Priory Gate Practice,38.159
M86014,The Forum Health Centre,22.251
M86015,Kenyon Medical Centres,25.07
M86016,Godiva Group Practice,32.866
M86017,Mansfield Medical Centre,26.932
M86018,Moseley Avenue Surgery,21.063
M86019,Westwood Medical Health Centre,20.939
M86020,Wood End Health Centre,46.021
M86021,Springfield Medical Practice,21.033
M86027,The Cheylesmore Surgery,19.722
M86028,Central Medical Centre,39.468
M86029,Broomfield Park Medical Centre,16.022
M86030,Kensington Road Surgery,17.29
M86032,Holbrooks Health Team,29.183
M86033,Willenhal Oak Medical Centre,38.343
M86034,Woodside Medical Centre,23.185
M86035,Henley Green Medical Centre,41.753
M86037,Quinton Park Medical Centre,19.217
M86038,Bredon Avenue Surgery,19.564
M86039,Allesley Village Surgery,11.753
M86040,Walsgrave Health Centre,21.614
M86041,Clay Lane Medical Practice,33.262
M86044,Park House,29.332
M86045,Paradise Medical Centre,38.085
M86046,Copsewood Medical Centre,20.548
M86048,Windmill Surgery,32.917
M86605,Limbrick Wood Surgery,23.255
M86610,Dadhania Surgery,30.483
M86612,George Eliot Medical Centre,40.728
M86617,Hillfields - Dr Bano,36.331
M86622,Govind Health Centre,14.926
M86624,Coventry GP Group of Practices,34.272
M86627,Stoke Aldermoor Med Ctre,36.578
M86633,Edgwick Medical Centre,43.999
M86638,Woodway Medical Centre,24.84
M87001,Meadowbrook Surgery,13.265
M87003,Moss Grove Surgery,9.913
M87005,Three Villages Medical Practice,16.198
M87006,Eve Hill Medical Practice,32.244
M87007,The Ridgeway Surgery,20.752
M87008,Kingswinford Medical Practice,16.483
M87009,Aw Surgeries,25.288
M87010,The Waterfront Surgery,34.663
M87011,Lion Health,14.127
M87012,The Greens Health Centre,38.027
M87013,Horseley Heath Surgery,30.908
M87014,Lapal Medical Practice,12.362
M87015,Lower Gornal Medical Practice,19.571
M87016,Woodsetton Medical Centre,22.863
M87017,Steppingstones Medical Practice,41.729
M87018,The Summerhill Surgery,13.656
M87019,The Limes Surgery Medical Centre,31.176
M87020,Feldon Lane Practice,16.41
M87021,Coseley Medical Centre,31.137
M87023,Wordsley Green Health Centre,15.618
M87024,Wychbury Medical Group,25.789
M87025,Cross Street Health Centre,39.334
M87026,St James Medical Practice2,34.91
M87027,Quarry Bank Medical Centre,26.682
M87028,Anchor Medical Practice,32.981
M87030,Pedmore Medical Practice,28.277
M87034,Clement Road Medical Practice,26.714
M87036,Bean Medical Practice,41.35
M87037,Northway Medical Centre,14.489
M87041,Rangeways Road Surgery,18.023
M87601,Keelinge House,40.518
M87602,Halesowen Medical Practice,15.494
M87605,Central Clinic,40.842
M87612,St James Medical Practice1,34.842
M87617,Links Medical Practice,35.99
M87618,Quincy Rise Surgery,13.757
M87620,Castle Meadows Surgery,20.329
M87621,Bath Street Medical Centre,27.789
M87623,Alexandra Medical Centre,24.865
M87628,Chapel Street Medical Centre,34.166
M87638,Thorns Road Surgery,23.691
M88001,The Village Medical Centre,39.11
M88002,The Smethwick Medical Centre,36.488
M88003,Warley Medical Centre,24.149
M88004,Regis Medical Centre,32.024
M88006,Cape Hill Medical Centre,40.262
M88007,Oakeswell Health Centre,34.916
M88008,Stone Cross Medical Centre,33.276
M88009,Norvic Family Practice,35.851
M88010,Swanpool Medical Centre,45.558
M88013,Black Country Family Practice,37.077
M88014,Dr Gudi Pv & Partner,34.098
M88015,Great Barr Practice,19.786
M88016,Old Hill Medical Centre,33.274
M88018,Oldbury Health Centre,32.726
M88019,Bearwood Road Surgery,36.95
M88020,Sherwood House Medical Practice,26.019
M88021,Scott Arms Medical Centre,17.26
M88022,Jubilee Health Centre,35.027
M88023,Tame Valley Medical Centre,38.919
M88026,Portway Family Practice,30.997
M88030,Church View Surgery,31.301
M88035,New Street Surgery,33.78
M88038,Linkway Medical Practice,38.026
M88040,St Paul's Medical Practice,38.23
M88041,Hawthorns Medical Centre,41.901
M88042,Bearwood Medical Centre,28.394
M88043,Haden Vale Surgery,26.62
M88600,The Victoria Surgery,37.611
M88610,Sarephed Medical Centre,38.352
M88612,Glebefields Surgery,40.819
M88616,Great Bridge Partnership for Health,37.387
M88618,"Walford Street, Tividale",34.807
M88619,Dr Arora Rk,36.619
M88620,Causeway Green Road Surgery,30.639
M88625,St Paul's Partnership - Lyng Medical,38.115
M88626,Dr Ui Haque N,38.521
M88628,Dr Singh M,35.413
M88630,Clifton Lane Medical Centre,36.504
M88633,Lodge Road Surgery,36.722
M88635,Dog Kennel Lane Surgery,32.483
M88639,St Pauls Partners,38.667
M88640,Warley Road Surgery,33.237
M88643,The Spires Health Centre,35.925
M88645,Hill Top Medical Centre,27.766
M88646,Dr Dewan Vk,37.475
M88647,Rood End Medical Practice,37.384
M89001,Parkfield Medical Centre,25.439
M89002,Kingshurst Medical Practice,42.543
M89003,GPs Healthcare,11.727
M89005,St Margaret's Medical Practice,11.323
M89007,Richmond Medical Centre,17.556
M89008,Bosworth Medical Group,43.347
M89009,Manor House Lane Surgery,26.83
M89010,Dorridge Surgery,5.096
M89012,Croft Medical Centre,45.713
M89013,Arran Medical Centre,43.785
M89015,Northbrook Health Centre,14.286
M89016,Balsall Common & Meriden Group Practice,9.846
M89017,Solihull Healthcare Partnership,8.822
M89019,Hobs Moat Medical Centre,17.556
M89021,Coventry Road Practice,20.224
M89024,Grafton Road Surgery,28.062
M89026,The Castle Practice,30.146
M89027,Green Lane Surgery,42.06
M89030,Arden Medical Centre,4.91
M89608,Hampton Surgery,8.866
M91003,Sina Health Centre,23.083
M91004,St Peter's Surgery,45.873
M91006,Parkside Medical Practice,28.655
M91007,St John's Medical Centre,22.434
M91008,Little London Surgery,42.194
M91009,Streets Corner Surgery,22.876
M91010,Portland Medical Practice,13.186
M91013,Lockfield Surgery,33.54
M91014,Brace Street Health Centre,44.149
M91015,Lichfield St Surgery,29.279
M91016,New Invention Health Centre,27.258
M91017,Northgate Medical Centre,13.863
M91018,Saddlers Health Centre,40.55
M91019,Rushall Medical Centre,23.123
M91021,Lockstown Practice,33.714
M91024,Dr Nambisan Surgery,19.544
M91026,Darlaston Family Practice,39.794
M91028,Berkley Practice,35.651
M91029,Mossley & Dudley Fields Medical Practice,41.756
M91032,Collingwood Family Practice,14.818
M91033,Willenhall Medical Centre,33.401
M91034,Bloxwich Medical Practice,34.433
M91036,Harden Health Centre,47.72
M91602,Khan Medical Practice,43.626
M91609,New Road Medical Centre,28.055
M91611,Beechdale Centre,49.967
M91612,St Mary's Surgery,42.295
M91613,Forrester Street Medical Centre,43.414
M91614,Stroud Practice,31.457
M91616,Pleck Health Centre,41.305
M91619,Broadway Medical Centre,31.102
M91621,Palfrey Health Centre,44.255
M91623,Lower Farm Health Centre,28.666
M91624,Moxley Medical Centre,38.931
M91626,Holland Park Surgery,28.207
M91628,Brace Street HC- Kumar,39.886
M91629,Birchills Health Centre,46.899
M91637,Blackwood Health Centre,4.95
M91639,Walsall Wood Health Centre,26.314
M91640,Rough Hay Surgery,42.893
M91641,Dr Ali Surgery,40.906
M91642,Queslett Medical Centre,18.809
M91647,Pillai,41.27
M91650,Pinfold Medical,39.952
M91654,High Street Surgery,22.753
M91659,Brace Street Health Centre,46.224
M92001,Poplars Medical Centre,40.391
M92004,Primrose Lane Practice,36.368
M92006,Coalway Road Surgery,20.785
M92008,Castlecroft Medical Practice,16.539
M92009,Prestbury Medical Practice,29.261
M92010,Tettenhall Medical Practice,14.227
M92011,Penn Manor Medical Centre,27.583
M92012,Duncan Street Primary Care Centre,35.852
M92013,Dr Sinha & Tahir,45.505
M92015,Improving Health (IH) Medical,38.006
M92016,Tudor Medical Centre,42.683
M92019,Keats Grove Surgery,39.878
M92022,Ashmore Park Medical Centre,30.423
M92026,Griffiths Drive Medical Practice,29.403
M92028,Thornley Street Surgery,42.986
M92029,Newbridge Surgery,21.505
M92039,Dr St Pierre-Libberton,31.129
M92040,Mayfield Medical Practice,35.853
M92041,Probert Road Surgery,29.176
M92043,Penn Surgery,19.301
M92607,Whitmore Reans Medical Practice,37.757
M92609,Ashfield Road Surgery,29.108
M92612,Health and Beyond,35.639
M92627,Bilston Family Practice,37.52
M92629,Fordhouses Medical Centre,31.621
M92630,East Park Medical Practice,41.244
M92649,Dr Mudigonda,37.549
M92654,Bagary's Medical Practice,41.786
N81001,Audlem Medical Practice,13.095
N81002,Kenmore Medical Centre,5.485
N81005,Helsby Health Centre,13.376
N81006,Bunbury Medical Practice,14.748
N81007,Holes Lane Medical Centre,15.094
N81008,The Cedars Medical Centre,10.537
N81009,Heath Lane Medical Centre,8.846
N81010,Nantwich Health Centre,12.46
N81011,Bevan Group Practice,23.096
N81012,Guardian Street Medical Centre,20.771
N81013,High Street Surgery,17.016
N81014,Brookfield Surgery,6.906
N81016,Millcroft Medical Centre,28.854
N81018,Tarporley Health Centre,9.593
N81019,Castlefields Health Centre,40.953
N81020,Penketh Health Centre,7.365
N81022,Middlewood Partnership,6.923
N81024,Swanlow Medical Centre,28.982
N81025,Firdale Medical Centre,13.083
N81027,Readesmoor Medical Group Practice,13.366
N81028,Causeway Medical Centre,15.81
N81029,South Park Surgery,16.277
N81030,Princeway Surgeries,11.68
N81031,Drs Adey and Dancy,10.504
N81032,Ashfields Primary Care Centre,10.27
N81033,Alderley Edge Medical Centre,6.188
N81034,Boughton Medical Group,12.595
N81035,Fir Park Medical Centre,21.469
N81036,Springfields Medical Centre,22.42
N81037,The Beeches Medical Ctr,32.995
N81038,Laurel Bank Surgery,14.952
N81039,Oaklands,14.386
N81040,High Street Practice Winsford,28.668
N81041,Helsby Street Medical Centre,21.707
N81043,Haslington Surgery,8.6
N81044,Hungerford Medical Centre,21.229
N81045,Peelhouse Medical Plaza,28.494
N81046,Park Medical Centre,13.511
N81047,The Kiltearn Medical Ctr.,12.173
N81048,Fearnhead Cross Medical Centre,28.732
N81049,Knutsford Medical Partnership,12.185
N81050,Great Sutton Medical Centre,19.758
N81051,The Weaverham Surgery,14.615
N81052,Lawton House Surgery,14.454
N81053,Earnswood Medical Centre,27.594
N81054,Weaver Vale Practice,39.708
N81055,Watling Street Surgery,15.956
N81056,Folly Lane Medical Centre,27.655
N81057,Tower House Practice,29.807
N81059,Culcheth Medical Centre,11.369
N81060,Neston Surgery,11.577
N81061,Witton Street Surgery,19.17
N81062,Cumberland House Surgery,15.629
N81063,York Road Group Practice,32.612
N81064,Newtown Surgery,36.918
N81065,Latchford Medical Centre,22.971
N81066,Grove House Practice,32.032
N81067,Oakwood Medical Centre,15.235
N81068,Grosvenor Medical Centre,28.276
N81069,Chelford Surgery,9.208
N81070,Handforth Health Centre,15.784
N81071,Greenmoss Medical Centre,13.065
N81072,Murdishaw,34.246
N81074,Launceston Close Surgery,32.646
N81075,Stockton Heath MedicalCentre,8.151
N81077,The Health Centre (Holmes Chapel),7.791
N81079,The Elms Medical Centre,20.605
N81080,Northgate Medical Centre,19.958
N81081,Garden Lane Medical Ctr.,16.508
N81082,City Walls Medical Centre,18.329
N81083,Parkview Medical Centre,23.891
N81084,Rope Green Medical Centre,10.363
N81085,Park Lane Surgery,15.882
N81086,Wilmslow Health Centre,7.603
N81087,Danebridge Medical Centre,12.803
N81088,Park Green Surgery,16.637
N81089,Greenbank Surgery,21.786
N81090,Tudor Surgery,12.479
N81092,Hope Farm Medical Centre,18.438
N81093,Whitby Health Partnership,22.062
N81096,Brookvale Practice,37.844
N81097,Dallam Lane Medical Centre,25.948
N81100,Upton Village Surgery,10.388
N81101,The Handbridge Medical Centre,11.624
N81102,Fountains Medical Practice,17.431
N81107,Manchester Road Surgery,20.937
N81108,The Lakeside Surgery,6.817
N81109,Padgate Medical Centre,17.705
N81111,Merepark Medical Centre,11.601
N81113,Middlewich Road Surgery,20.345
N81114,Birchwood Medical Centre,21.794
N81115,Lache Health Centre,24.251
N81117,Old Hall Surgery,30.415
N81118,Meadowside Medical Centre,13.311
N81119,Hough Green Health Park,37.355
N81120,Kelsall Medical Centre,9.395
N81121,Northgate Village Surgery,18.958
N81122,Westbrook Medical Centre,8.321
N81123,Willow Wood Surgery,31.539
N81125,Neston Medical Centre,12.733
N81127,The Weaver Vale Surgery,27.437
N81607,Westminster Surgery,37.903
N81614,The Surgery,15.303
N81619,Oaks Place Surgery,39.344
N81623,Stretton Medical Centre,6.442
N81624,The Village Surgeries Group,11.373
N81626,Western Ave Medical Ctre,40.001
N81628,The Eric Moore Partnership,29.028
N81632,Broken Cross Surgery,15.54
N81637,Cockhedge Medical Centre,31.561
N81642,Waters Edge Medical Centre,13.748
N81645,4 Seasons Medical Centre,33.304
N81651,Upton Rocks Primary Care,21.576
N81655,St Werburgh's Medical Practice Homeless,24.786
N82001,The Margaret Thompson Med Centre,48.998
N82002,Yew Tree Centre,48.052
N82003,Dovecot Health Centre,44.283
N82004,Garston Family Health Centre,37.801
N82009,Grassendale Medical Centre,15.783
N82011,Priory Medical Centre,56.899
N82014,Lance Lane Medical Centre,22.845
N82018,Ellergreen Medical Centre,46.195
N82019,Langbank Medical Centre,44.834
N82022,Edge Hill Health Centre,46.327
N82024,West Derby Medical Centre,23.54
N82026,Penny Lane Surgery,15.216
N82033,Dingle Park Practice,44.857
N82034,The Village Surgery,33.884
N82035,Mather Avenue Surgery,19.973
N82036,Netherley Health Centre,50.978
N82037,Westmoreland GP Centre,32.249
N82039,Storrsdale Medical Centre,12.871
N82041,Oak Vale Medical Centre,17.663
N82046,Sefton Park Medical Centre,37.761
N82048,Walton Medical Centre,57.812
N82049,Westminster Medical Centre,59.029
N82050,Gateacre Medical Centre,32.698
N82052,Townsend Medical Centre,50.005
N82053,Aintree Park Group Practice,25.144
N82054,Abercromby Family Practice,40.167
N82058,Rock Court Surgery,42.8
N82059,Greenbank Drive Surgery,26.224
N82062,Fulwood Green Medical Ctr,17.416
N82065,Earle Road Medical Centre,49.603
N82066,Woolton House Medical Ctr,16.521
N82067,Dr A Gupta Benim Medical Centre,57.643
N82070,The Elms Medical Centre,39.339
N82073,The Ash Surgery,17.132
N82074,Old Swan Health Centre,40.447
N82076,Brownlow Health @ Princes Park,50.935
N82077,Bousfield Health Centre (Dr Shah),53.45
N82078,Bousfield Health Centre (Dr Roberts),53.826
N82079,Greenbank Road Surgery,19.415
N82081,Islington House Medical Centre,50.262
N82082,St James' Health Centre,26.709
N82083,Jubilee Medical Centre,37.058
N82084,Gateacre Brow Surgery,22.843
N82086,Abingdon Family Health Care Centre,47.496
N82087,Gillmoss Medical Centre,47.688
N82089,Picton Green,52.089
N82090,Green Lane Medical Centre,42.72
N82091,GP Practice Riverside (Dr Jude),46.278
N82092,The Valley Medical Centre,19.873
N82093,Derby Lane Medical Centre,37.72
N82094,Belle Vale Health Centre,37.656
N82095,Albion Surgery,54.396
N82097,The Grey Road Surgery,54.023
N82099,Mere Lane Group Practice,60.815
N82101,Kirkdale Medical Centre,59.066
N82103,Anfield Group Practice,53.838
N82104,Stoneycroft Medical Centre,33.171
N82106,The Village Medical Ctre,18.009
N82107,Edge Hill Health @ Mossley Hill Surgery,15.076
N82108,Rutherford Medical Centre,12.761
N82109,Speke HC - Dr Thakur,45.723
N82110,Long Lane,45.987
N82113,Fairfield Medical Centre,54.417
N82115,Vauxhall Health Centre,51.627
N82116,Hillfoot Health,25.028
N82117,Brownlow Group Practice,26.06
N82617,Brownlow at Marybone,23.1
N82633,Calvary Health Centre,34.927
N82641,Sandringham Medical Centre,34.771
N82645,Brownlow Health At Kensington,46.4
N82646,Riverside Centre for Health,48.926
N82648,Poulter Road Medical Centre,34.367
N82650,Speke Health Centre,49.177
N82651,Stanley Medical Centre,57.935
N82655,Moss Way,49.061
N82662,Dunstan Village Group Practice,50.215
N82663,Hornspit Medical Centre,29.959
N82664,Rocky Lane Medical Centre,17.831
N82668,Walton Village Medical Centre,55.68
N82669,Great Homer Street Medical Centre,56.45
N82671,Bigham Road Medical Centre,54.276
N82676,Fir Tree,19.694
N82678,Stopgate Lane Medical Centre,43.932
N83001,Rainbow Medical Centre,33.629
N83002,Patterdale Lodge Med Ctre,25.571
N83003,Ormskirk House Surgery,33.806
N83005,Vista Road Surgery,26.886
N83006,Phoenix Medical Centre,34.633
N83007,Lingholme Health Centre,34.793
N83008,Berrymead Family Medical Centre,45.598
N83009,Wingate Medical Centre,47.64
N83010,Rainhill Village Surgery,14.485
N83012,Mill Street Medical Ctr.,31.185
N83013,The Health Centre Surgery,29.441
N83014,Dinas Lane Medical Centre,33.945
N83017,Hall Street Medical Centre,40.033
N83018,Stockbridge Village HC,55.374
N83019,Billinge Medical Practice,12.572
N83020,Haydock Medical Centre,29.362
N83021,Four Acre Health Centre,36.081
N83023,Atlas Medical Practice,42.843
N83024,Park House Medical Centre,27.976
N83025,Cornerways Medical Centre,47.539
N83026,Parkfield Surgery,34.384
N83027,Central Surgery,30.746
N83028,Aston Healthcare Limited,32.378
N83030,Dr M Suares' Practice,28.884
N83031,Roseheath Surgery,32.776
N83032,Millbrook Medical Centre,40.586
N83033,St. Laurence's Medical Centre,46.523
N83035,The Spinney Medical Ctr.,30.417
N83041,Rainford Health Centre,11.723
N83043,Longview Medical Centre,38.253
N83045,Newton Medical Centre,27.281
N83047,Tarbock Medical Centre,23.201
N83049,Kenneth Macrae Med Centre,12.634
N83050,The Bowery Medical Centre,32.6
N83053,Longton Medical Centre,17.649
N83054,Bethany Medical Centre,28.793
N83601,The Macmillan Surgery,45.335
N83603,Prescot Medical Centre,28.488
N83605,Hollies Medical Centre,23.17
N83608,Dr Maassarani & Partners,38.133
N83609,Cedar Cross Medical Centre,34.674
N83610,Colby Medical Centre,40.695
N83614,Eccleston Medical Centre,17.32
N83619,Roby Medical Centre,25.961
N83620,Windermere Medical Centre,36.992
N83621,Hillside House Surgery,44.571
N83622,Primrose Medical Practice,48.276
N83633,Nutgrove Villa Surgery,35.511
N83637,Newholme Surgery,34.866
N84001,42 Kingsway,17.691
N84002,Aintree Road Medical Centre,44.281
N84003,High Pastures Surgery,10.854
N84004,Glovers Lane Surgery,39.237
N84005,Cumberland House Surgery,25.686
N84006,Chapel Lane Surgery,8.91
N84007,Liverpool Rd Medical Practice,26.647
N84008,Norwood Surgery,20.636
N84010,Maghull Family Surgery,12.946
N84011,Eastview Surgery,22.041
N84012,Ainsdale Medical Centre,15.186
N84013,Christiana Hartley Medical Practice,23.254
N84014,Ainsdale Village Surgery,17.818
N84015,Bootle Village Surgery,48.028
N84016,Moore Street Medical Centre,53.804
N84017,Churchtown Medical Centre,18.561
N84018,The Village Surgery Formby,8.85
N84019,North Park Health Centre,49.031
N84020,Blundellsands Surgery,14.024
N84021,St Mark's Medical Centre (TCG Medical),32.155
N84023,Bridge Road Medical Centre,43.292
N84024,Grange Surgery,15.535
N84025,Westway Medical Centre,11.859
N84027,Orrell Park Medical Centre,35.872
N84028,The Strand Medical Centre,51.632
N84029,Ford Medical Practice,41.501
N84034,Park Street Surgery,49.791
N84035,15 Sefton Road,32.845
N84037,Lincoln House Surgery,15.684
N84038,Concept House Surgery,43.518
N84041,Kingsway Surgery,18.392
N84605,Litherland Practice,41.124
N84613,The Corner Surgery (Dr Mulla),16.713
N84614,The Marshside Surgery,17.664
N84615,Rawson Road Medical Centre,43.268
N84617,Kew Surgery,19.815
N84621,Thornton Surgery,21.549
N84625,The Family Surgery,17.93
N84626,Hightown Village Surgery,9.953
N85002,Marine Lake Medical Practice,10.775
N85005,Eastham Group Practice,14.385
N85006,Civic Medical Centre,16.067
N85007,Heswall & Pensby Group Practice,13.091
N85008,West Wirral Group Practice,9.482
N85012,St Georges Medical Centre,31.147
N85013,Upton Group Practice,18.107
N85015,Devaney Med Ctr,35.292
N85016,Riverside Surgery,44.45
N85017,Cavendish Medical Centre,48.605
N85018,Villa Med Ctr,19.057
N85019,Whetstone Lane Med Ctr,51.177
N85020,St Catherine's Surgery,40.25
N85021,Hamilton Med Ctr,54.736
N85022,Holmlands Med Ctr,21.443
N85023,Manor Health Ctr,35.239
N85024,Somerville Med Ctr,45.232
N85025,St Hilary Group Practice,24.573
N85027,Central Park Medical Centre,41.613
N85028,Moreton Group Practice,28.606
N85031,Gladstone Med Ctr,48.459
N85032,Greasby Group Practice,7.698
N85037,Heatherlands Med Ctr,37.484
N85038,Vittoria Med Ctr G,56.285
N85044,Paxton Medical Group,32.028
N85046,Hoylake Rd Met Ctr,20.971
N85047,Orchard Surgery,16.924
N85048,Moreton Medical Centre,26.341
N85051,Sunlight Group Practice,28.707
N85052,Grove Rd Surgery,23.371
N85054,Kings Lane Medical Practice,16.837
N85057,Teehey Lane Surgery,21.274
N85059,Hoylake & Meols Medical Ctr,11.482
N85616,Liscard Group Practice,39.776
N85617,Spital Surgery,9.659
N85620,The Village Medical Centre,24.475
N85625,Miriam Primary Care Group,44.072
N85629,Egremont Med Ctr,53.855
N85633,Church Road Medical Practice,18.917
N85634,Vittoria Med Ctr K,54.568
N85640,Leasowe Medical Practice,49.542
N85643,Prenton Medical Centre_Murugesh V,28.704
N85648,Blackheath Med Ctr,30.979
P81002,Lancaster Medical Practice,18.551
P81003,St James' Medical Centre,18.456
P81005,Little Harwood Health Centre,33.032
P81006,Garstang Medical Practice,11.025
P81008,Yorkshire Street Medical Centre,39.44
P81010,Withnell Health Centre,11.751
P81013,Queen Square Medical Practice,16.459
P81014,Ormskirk Medical Practice,11.423
P81015,Lytham Road Surgery,14.347
P81016,Waterloo Medical Centre,51.415
P81017,Whalley Medical Centre,7.685
P81018,St Fillan's Medical Ctre,9.217
P81020,Burnley Group Practice,39.037
P81022,Witton Medical Centre,32.601
P81025,The Richmond Hill Practice,35.423
P81027,Irwell Medical Practice,32.863
P81029,Ash Trees Surgery,11.263
P81031,Poplar House Surgery,20.823
P81032,Reedyford Hlth Care Group,39.521
P81033,Coppull Medical Practice,18.819
P81035,Colne Road Surgery,49.283
P81036,Peel House Medical Practice,36.965
P81037,Ansdell Medical Centre,15.168
P81038,The Chorley Surgery,22.745
P81039,Manor Primary Care,35.767
P81040,Longton Health Centre,7.04
P81041,Parkgate Surgery,11.058
P81042,Adelaide Street Surgery,59.907
P81043,South King Street Medical Centre,63.51
P81044,Library House Surgery,21.44
P81045,The Elms Practice,10.975
P81046,Park View Surgery,36.95
P81047,Parkside Surgery,37.921
P81051,Darwen Healthcare,29.546
P81053,Briercliffe Surgery,27.115
P81054,Marton Medical Practice,36.911
P81055,Berry Lane Medical Centre,11.468
P81057,Worden Medical Centre,20.228
P81058,St Georges Surgery,35.731
P81059,Great Eccleston Hlth Ctr,12.759
P81061,Redlam Surgery,36.732
P81062,Regent House Surgery,20.184
P81063,St Pauls Medical Centre,56.869
P81065,The Pendle Medical Partnership,28.916
P81066,Layton Medical Centre,44.474
P81067,The Healthcare Centre,17.774
P81069,Pendleside Medical Pract,11.209
P81070,Pendle View Medical Ctre,38.257
P81071,The New Hall Lane Practice,47.486
P81072,Glenroyd Medical Centre,33.607
P81073,Cleveleys Group Practice,23.099
P81074,Highfield Surgery,33.686
P81076,Sandy Lane Surgery,16.547
P81077,Holland House Surgery,12.244
P81078,Barnoldswick Med Ctr,22.327
P81079,The Thornton Practice,15.209
P81081,Arnold Medical Centre,35.422
P81082,The Ryan Medical Centre,15.817
P81083,Roslea Surgery,15.624
P81084,Hall Green Surgery,14.15
P81086,Broadway Medical Centre,37.719
P81087,The Over-Wyre Medical Centre,19.626
P81088,Whitworth Medical Centre,26.444
P81089,The Mount View Practice,44.841
P81092,The Crescent Surgery,22.93
P81095,Thursby Surgery,39.903
P81096,Parbold Surgery,7.888
P81099,Haslingden Healthcare Ltd,22.263
P81100,The Castle Medical Group,11.451
P81103,North Preston Medical Practice,18.311
P81107,Stonebridge Surgery,10.95
P81112,Beacon Primary Care,25.267
P81113,Park View Surgery,11.639
P81115,Bloomfield Medical Centre,57.078
P81117,Central Park Surgery,18.026
P81118,Ilex View Medical Practice,23.887
P81119,Lane Ends Surgery,28.361
P81123,Pwe Pendle Valley Mill,44.024
P81125,Oakenhurst Medical Practice,32.213
P81127,The Surgery Chorley,19.818
P81128,Kirkham Health Centre,14.781
P81129,Ash Tree House Surgery,14.635
P81130,Padiham Group Practice,31.652
P81132,Waterfoot Medical Practice,30.02
P81133,The Village Practice,16.766
P81136,Dr A Bisarya,27.088
P81137,Burnley Wood Medical Centre,40.675
P81138,Burscough Family Practice,12.568
P81140,Darwen Healthlink,30.832
P81143,Whittle Surgery,9.535
P81147,Blackburn Rd Medical Centre,42.769
P81149,Lockwood GP Surgery,12.209
P81150,Parcliffe Medical Centre,21.028
P81154,Granville House Med Ctre,12.887
P81155,Brownhill Surgery,17.249
P81157,Fernbank Surgery,13.469
P81159,Stonyhill Medical Practice,35.996
P81160,Oswald Medical Centre,40.301
P81165,Ightenhill Medical Centre,37.642
P81166,Dr Bello's Surgery,37.399
P81167,Stepping Stone Practice,43.24
P81169,Fishergate Hill Surgery,30.388
P81170,Nelson Medical Practice,50.062
P81171,The Euxton Medical Centre,8.945
P81172,Newton Drive Health Centre,35.294
P81179,Lostock Hall Medical Ctr.,14.14
P81180,Clayton Brook Surgery,32.17
P81181,Kingsfold Medical Centre,17.83
P81182,Richmond Medical Centre,50.17
P81184,Ribbleton Medical Centre,41.462
P81185,Riverside Medical Centre,12.13
P81186,Moss Side Medical Centre,20.919
P81191,Queensway Medical Centre,12.197
P81196,Issa Medical Centre - Patel,31.153
P81197,Rosegrove Surgery,35.382
P81201,Ashurst Primary Care,27.68
P81208,Excel Primary Care,34.732
P81212,Hazelvalley Family Practice,27.262
P81213,St Mary's Health Centre,23.283
P81214,Limefield Surgery,32.627
P81218,The Clayton Medical Ctr.,32.726
P81620,Slaidburn Health Centre,16.691
P81622,Shifa Surgery,38.802
P81633,Spring-Fenisco Healthlink,23.181
P81646,Lathom House Surgery,11.999
P81647,Gutteridge Medical Centre,37.791
P81655,The Village Surgeries Croston&Eccleston,9.761
P81664,The Park Medical Practice,30.299
P81668,Fleetwood Surgery,39.715
P81674,Stanley Court Surgery,11.968
P81681,North Shore Surgery,31.289
P81683,Olive Medical Centre,38.425
P81685,Dr Ali Guttridge Medical Centre,38.672
P81686,Rossendale Valley Medical Practice,27.145
P81687,New Longton Surgery,7.005
P81692,Beeches Medical Centre,8.653
P81694,Family Practice,47.519
P81695,Aughton Surgery,8.123
P81699,Higher Heys Surgery,30.224
P81701,Dr Dawoud's Surgery,24.684
P81704,Blakewater Healthcare,35.46
P81707,William Hopwood Street Surgery,45.4
P81709,Roman Road Health Centre,46.081
P81710,Tarleton Group Practice,9.72
P81711,Dill Hall Surgery,36.371
P81714,Abbey Dale Medical Centre,33.568
P81721,Hollins Grove Surgery,36.086
P81724,Pringle Street Surgery,45.497
P81726,King Street Medical Ctr,42.903
P81730,Great Harwood Medical Group,29.725
P81731,Dr Jehangir (Sh),47.256
P81732,Harambee Surgery,22.127
P81734,The Cornerstone Practice,41.827
P81735,Dr A Hussain,44.605
P81736,Whitefield Healthcare,46.675
P81740,Adlington Medical Centre,16.889
P81741,Station Surgery,18.104
P81742,Beechwood Surgery,17.157
P81748,Briarwood Medical Centre,22.663
P81755,The Weavers Practice,30.719
P81757,Barrowford Surgery,18.185
P81770,Avenham Surgery,37.684
P81771,Primrose Bank Medical Centre,37.113
P81780,Riverside Family Practice,49.433
P82001,The Dunstan Partnership,37.805
P82002,Pikes Lane 1,40.686
P82003,Kildonan House,19.422
P82004,Swan Lane Medical Centre,41.867
P82005,Stable Fold Surgery,18.978
P82006,Dr Malhotra & Partners,21.647
P82007,Kearsley Medical Centre,29.683
P82008,Stonehill Medical Centre,41.805
P82009,St Helens Road Practice,32.852
P82010,Dalefield Surgery,40.774
P82011,Tonge Fold Health Centre,36.388
P82012,Dr Earnshaw & Partners,44.031
P82013,Lever Chambers 2,44.578
P82014,Spring House Surgery,23.994
P82015,Unsworth Group Practice,16.213
P82016,Harwood Medical Centre,23.969
P82018,The Alastair Ross Medical Practice,42.192
P82020,Little Lever Health Centre 1,31.415
P82021,The Oaks Family Practice,27.444
P82022,Halliwell Surgery 1,41.68
P82023,Mandalay Medical Centre,13.141
P82025,Burnside Surgery,28.344
P82029,Halliwell Surgery 2,43.276
P82030,Deane Medical Centre,44.239
P82031,Heaton Medical Centre,20.577
P82033,Bradford Street Surgery,43.472
P82034,Edgworth Medical Centre,12.257
P82036,Little Lever Health Centre 2,24.68
P82037,Fig Tree Medical Practice,41.479
P82607,Crompton View Surgery,31.879
P82609,Shanti Medical Centre,41.703
P82613,Spring View Medical Centre,25.155
P82616,Beehive Surgery,42.004
P82624,Orient House Medical Centre,39.771
P82625,Charlotte Street Surgery,39.935
P82626,Halliwell Surgery 3,46.285
P82627,Cornerstone Surgery,28.528
P82629,Dr M Dakshina-Murthi,44.008
P82633,Great Lever One,44.525
P82634,Wyresdale Road Surgery,38.494
P82640,Al Fal Medical Group,42.896
P82643,Bromley Meadows Surgery,9.582
P82652,Farnworth Family Practice,41.775
P82660,Deane Clinic 1,41.39
P83001,Fairfax Group Practice,20.221
P83004,The Uplands Medical Practice,22.315
P83005,Townside Surgery,29.165
P83006,Ramsbottom Medical Practice,15.933
P83007,Radcliffe Medical Practice,31.37
P83009,Blackford House Medical Centre,17.061
P83010,Monarch Medical Centre,29.724
P83011,Unsworth Medical Centre,21.513
P83012,Tower Family Healthcare,22.917
P83015,Ribblesdale Medical Practice,28.045
P83017,Woodbank Surgery,22.103
P83021,Peel GPs,32.518
P83024,Knowsley Medical Centre,33.214
P83025,St Gabriel's Medical Centre,25.447
P83027,Greyland Medical Centre,20.145
P83603,Red Bank Group Practice,27.209
P83605,Whittaker Lane Med Centre,22.106
P83608,The Elms Medical Centre,22.986
P83609,The Birches Medical Centre,19.933
P83611,Walmersley Road Medical Practice,39.999
P83612,Mile Lane Health Centre,14.159
P83620,Garden City Medical Centre,13.122
P83621,Huntley Mount Medical Centre,44.475
P83623,Longfield Medical Practice,21.646
P84004,Five Oaks Familiy Practice,47.54
P84005,The Vallance Centre,27.317
P84009,Ailsa Craig Medical Centre,44.653
P84010,The Borchardt Medical Centre,28.289
P84012,Northenden Group Practice,25.715
P84014,Rk Medical Practice,49.038
P84016,Levenshulme Medical Practice,41.324
P84017,Ladybarn Group Practice,32.566
P84018,Mauldeth Medical Centre,26.205
P84019,Valentine Medical Centre,48.677
P84020,Peel Hall Medical Centre,46.002
P84021,The Maples Medical Centre,37.497
P84022,Kingsway Medical Practice,29.012
P84023,Surrey Lodge Practice,35.032
P84024,Bowland Medical Practice,38.119
P84025,St George's Medical Centre,47.949
P84026,Dickenson Road Medical Centre,49.585
P84027,West Point Medical Centre,38.791
P84028,Gorton Medical Centre,58.046
P84029,Benchill Medical Practice,50.672
P84030,New Collegiate Medical Centre,47.198
P84032,Drs Hanif & Bannuru,46.79
P84033,Beacon Medical Centre,45.573
P84034,Barlow Medical Centre,12.026
P84035,Bodey Medical Centre,26.886
P84037,Ardwick Medical Practice,42.326
P84038,Ashville Surgery,26.557
P84039,The Range Medical Centre,34.696
P84040,Conran Medical Centre,55.825
P84041,Cornerstone Family Practice,43.12
P84042,Florence House Medical Practice,46.519
P84043,Cornishway Group Practice,46.65
P84045,The Park Medical Centre,39.098
P84046,Cheetham Hill Primary Care Centre,46.713
P84047,Droylsden Roadd Family Practice,51.599
P84048,Tregenna Group Practice,43.124
P84049,The Avenue Medical Centre,44.445
P84050,Mount Road Surgery,58.439
P84051,Eastlands Medical Centre,46.514
P84052,West Gorton Medical Practice,51.226
P84053,Ashcroft Surgery,40.878
P84054,Whitley Road Medical Centre,54.489
P84056,Princess Road Surgery,39.462
P84059,Lime Square Medical Centre,42.892
P84061,Brooklands Medical Practice,30.757
P84064,New Islington Medical Centre,28.145
P84065,The Singh Medical Practice,54.953
P84066,David Medical Centre,35.226
P84067,Hazeldene Medical Centre,31.056
P84068,Chorlton Family Practice,20.183
P84070,Newton Heath Medical Centre,52.756
P84071,Wilbraham Surgery,19.392
P84072,The Robert Darbishire Practice,34.48
P84074,Wellfield Medical Centre,49.097
P84605,Fernclough Surgery,61.584
P84611,The Vallance Centre,37.247
P84626,Wilmslow Road Surgery,37.762
P84630,The Arch Medical Practice,25.409
P84635,The Whitswood Practice,43.889
P84637,Dr Khan's Practice,46.168
P84639,Fallowfield Medical Centre,28.909
P84644,Parkside Surgery,53.758
P84645,Park View Medical Centre,45.361
P84650,The Alexandra Practice,28.956
P84651,Northern Moor Medical Practice,33.291
P84663,The Neville Family Centre,43.487
P84665,Al-Shifa Medical Centre,27.262
P84669,Cornbrook Medical Practice,28.838
P84672,Woodlands Medical Practice,20.507
P84673,Ancoats Urban Village Medical Practice,28.549
P84678,Didsbury Medical Centre - Dr Whitaker,12.945
P84679,Willowbank Surgery,54.144
P84683,The Doc's Surgery,18.515
P84684,Jolly Medical Centre,44.844
P84689,Longsight Medical Practice,45.329
P84690,Dam Head Medical Centre,46.204
P85002,St Mary's Medical Centre,51.657
P85003,The Chowdhury Practice,55.864
P85004,Chadderton Medical Practice,40.066
P85005,Leesbrook Surgery,20.684
P85007,Oldham Family Practice,50.102
P85010,Woodlands Medical Practice,27.586
P85011,Ch Medical Practice,34.816
P85012,Oldham Medical Services,53.31
P85013,The Royton & Crompton Family Practice,22.303
P85014,Hopwood House Medical Practice,47.039
P85015,Alexandra Group Med Pract,51.748
P85016,Saddleworth Medical Practice,13.534
P85017,Oak Gables Medical Practice,24.791
P85018,Danson Family Practice,43.465
P85019,Royton Medical Centre,25.781
P85020,Springfield House,43.981
P85021,Greenbank Medical Practice,52.486
P85022,Lees Medical Practice,36.78
P85026,Quayside Medical Practice,28.714
P85601,Jalal Practice,50.546
P85605,Littletown Family Med Pract,44.77
P85606,Moorside Medical Practice,33.115
P85608,Perkins Practice,51.363
P85610,Medlock Medical Practice,31.366
P85612,Werneth Medical Practice,51.287
P85614,Village Medical Practice,27.333
P85615,Kapur Family Care,49.563
P85622,Jarvis Medical Practice,54.943
P86001,Milnrow Village Practice,26.099
P86002,Dr Gwd Bhima,46.36
P86003,Edenfield Road Surgery,19.628
P86004,Peterloo Medical Centre,29.011
P86005,Yorkshire St Surgery,41.626
P86006,Ashworth Street Surgery,36.253
P86007,Wellfield Health Centre,41.662
P86008,Mark Street Surgery,44.218
P86009,Castleton Health Centre,33.811
P86010,The Junction Surgery,23.203
P86011,Longford Street Medical Centre,32.998
P86012,Woodside Medical Centre,39.881
P86013,Healey Surgery,29.095
P86014,Croft Shifa Health Centre,48.893
P86015,Rochdale Road Medical Centre,33.561
P86016,Heywood Health,38.198
P86017,Inspire Medical Centre,51.003
P86018,Littleborough Group Practice,24.441
P86019,Durnford Medical Centre,30.537
P86021,Pennine Surgery,24.265
P86022,Stonefield Street Surgery,26.512
P86023,Hopwood Medical Centre,27.553
P86026,The Dawes Family Practice,37.158
P86602,Heady Hill Surgery,36.68
P86606,Family Practice,45.776
P86608,The Village Medical Ctr.,24.75
P86609,The Dale Medical Practice,48.922
P86614,Dr A Hamid,49.77
P86619,Dr Mb Ghafoor & Partners,48.158
P86620,Windermere Surgery,39.338
P86624,Trinity Medical Centre,24.71
P87002,The Poplars Medical Practice,27.348
P87004,1 Salford Medical Practice,26.508
P87008,Walkden Medical Centre,28.188
P87015,Pendleton Medical Centre,40.63
P87016,The Sides Medical Practice,12.533
P87017,The Limes Medical Practice,27.923
P87019,Silverdale Medical Practice,34.391
P87020,St Andrews Medical Centre,33.877
P87022,Mocha Parade Medical Practice,40.542
P87024,3 Springfield House Medical Practice,38.467
P87025,The Lakes Medical Practice,28.386
P87026,Newbury Green Medical Practice,44.731
P87027,Langworthy Medical Practice,35.502
P87028,The Gill Medical Practice,31.735
P87032,Orient Road Medical Practice,22.498
P87035,Ordsall Health Surgery,25.084
P87040,Sorrel Bank Medical Practice,32.821
P87610,The Mosslands Medical Practice,28.353
P87613,Cleggs Lane Medical Practice,53.051
P87620,1 Monton Medical Practice,26.597
P87624,Ellenbrook Medical Centre,10.67
P87625,Dearden Avenue Medical Practice,50.213
P87627,Orchard Medical Practice,12.914
P87630,Cherry Medical Practice,52.813
P87634,Clarendon Surgery,37.396
P87639,Cornerstone Medical Practice,34.532
P87648,Dr Davis's Medical Practice,43.227
P87649,Chapel Group Medical Centre,28.911
P87654,3 Lower Broughton Medical Practice,41.916
P87657,(Irlam) Salford Care Ctrs Medical Practi,30.046
P87658,The Willows Medical Practice,36.516
P87661,Manchester Road East Medical Practice,46.71
P88002,Marple Bridge Surgery,7.795
P88003,Manor Medical Practice,31.112
P88005,Family Surgery,27.076
P88006,Marple Cottage Surgery,14.278
P88007,Cheadle Hulme Medical Group,7.227
P88008,Heaton Mersey Medical Practice,11.007
P88009,Woodley Village Surgery,20.8
P88011,Heaton Norris Medical Practice,34.41
P88012,Beech House Medical Pract,11.95
P88013,Caritas General Practice Partnership,20.535
P88014,Adshall Road Medical Prac,22.008
P88015,Bramhall Health Centre,5.032
P88016,Bramhall & Shaw Heath Medical Group,19.923
P88017,Chadsfield Medical Practice,16.506
P88018,Park View Group Practice,27.773
P88019,Alvanley Family Practice,22.935
P88020,Cheadle Medical Practice,15.022
P88021,Marple Medical Practice,12.515
P88023,Heald Green Health Centre 2,13.184
P88024,Gatley Medical Centre,9.257
P88025,Hulme Hall Medical Group,9.153
P88026,Heaton Moor Medical Group,19.197
P88031,Bracondale Medical Centre,17.189
P88041,The Village Surgery,3.982
P88042,Finney Lane Surgery,13.436
P88043,Brinnington Surgery,55.877
P88044,Bredbury Medical Centre,25.463
P88606,Springfield Surgery,16.069
P88615,Vernon Park Surgery,35.271
P88623,High Lane Medical Centre,8.826
P88625,Archwood Medical Practice,21.408
P88632,Stockport Medical Group,28.522
P89002,The Brooke Surgery,30.355
P89003,Albion Medical Practice,36.336
P89004,Awburn House Medical Practice,27.154
P89005,Lockside Medical Centre,24.411
P89006,Pennine Medical Centre,18.898
P89007,Staveleigh Medical Centre,29.079
P89008,Ashton Medical Group,36.514
P89010,Medlock Vale Medical Practice,22.754
P89011,Gordon Street Medical Centre,38.376
P89012,Clarendon Medical Centre,30.799
P89013,Hattersley Group Practice,47.789
P89014,Haughton Thornley Medical Centres,31.241
P89015,Millgate Healthcare Partnership,26.202
P89016,Donneybrook Medical Centre,30.679
P89018,Denton Medical Practice,28.722
P89020,HT Practice,41.208
P89021,Dukinfield Medical Practice,29.043
P89022,King Street Medical Centre,37.929
P89023,St Andrew's House Surgery,28.321
P89025,Town Hall Surgery,34.524
P89026,Grosvenor Medical Centre,26.839
P89029,Market Street Medical Practice,25.889
P89030,West End Medical Centre,43.13
P89602,The Smithy Surgery,22.362
P89609,Stamford House,36.218
P89612,Mossley Medical Practice,23.727
P89613,Waterloo Medical Centre,32.589
P89618,Pike Medical Practice,25.167
P91003,Park Medical Practice,9.011
P91004,Altrincham Medical Practice,7.678
P91006,Urmston Group Practice,13.008
P91007,Timperley Health Centre (Westwood),10.095
P91008,Shay Lane Medical Centre (Kelman),6.174
P91009,Davyhulme Medical Centre,11.543
P91011,Shay Lane Medical Centre (Patel),5.803
P91012,Primrose Surgery,13.004
P91013,Boundary House Medical Centre,23.332
P91014,Washway Road Medical Centre,11.922
P91016,West Timperley Medical Centre,8.488
P91017,Bodmin Road Health Centre,15.22
P91018,Delamere Medical Practice,22.172
P91019,Partington Central Surgery,42.817
P91020,Limelight Health & Wellbeing Hub,36.088
P91021,Firsway Health Centre,16.271
P91026,Partington Family Practice,42.477
P91029,Flixton Road Medical Centre,13.115
P91035,Conway Road Medical Practice,10.375
P91603,Barrington Medical Centre,7.514
P91604,St Johns Medical Centre,6.976
P91617,Family Surgery,9.436
P91623,Village Surgery,7.266
P91627,Lostock Medical Centre,21.295
P91629,North Trafford Group Practice,26.05
P91631,Riddings Family Health Centre,4.611
P92001,Medicentre,18.38
P92002,Braithwaite Rd Surgery,15.225
P92003,The Dicconson Group Practice,29.858
P92004,Dr Tun & Partners,27.169
P92005,Zaman,21.617
P92006,Dr Ahmad & Ptnrs,33.235
P92007,Old Henry Street Medical Centre,32.888
P92008,Bradshaw Medical Centre,25.503
P92010,Beech Hill Medical Practice,24.174
P92011,Sullivan Way Surgery,33.871
P92012,High Street Medical Centre,23.091
P92014,Standish Medical Practice,9.763
P92015,Aspull Surgery,20.123
P92016,Pennygate Medical Centre,26.482
P92017,Shevington Surgery,9.602
P92019,Pemberton Surgery,36.916
P92020,Sivakumar & Partner,13.774
P92021,Newtown Medical Practice,34.064
P92023,Brookmill Medical Centre,29.269
P92024,Kumar Family Practice,22.099
P92026,Longshoot Medical Practice,33.8
P92028,Elliott Street Surgery,23.611
P92029,Westleigh Medical Practice,34.056
P92030,Dr Seabrook,24.949
P92031,Platt House Surgery,33.745
P92033,The Surgery,25.427
P92034,Bryn Cross Surgery,19.759
P92038,Saxena L,10.195
P92041,Ashton Medical Centre (SSP Health Ltd),20.422
P92042,Dr KK Chan & Partners,29.317
P92602,Foxleigh Family Surgery,31.579
P92605,Dr Anderson & Dr Ahmed,12.799
P92607,Grasmere Surgery,28.875
P92615,The Avenue Surgery,32.47
P92620,Ince Surgery,39.849
P92621,Premier Health Team,30.219
P92626,Meadowview Surgery,29.624
P92630,Golborne Surgery,23.32
P92633,Bee Fold Medical Centre,26.346
P92634,Mesnes View Surgery,26.422
P92635,Dr Vasanth,29.674
P92637,Astley General Practice,17.216
P92639,Shahbazi Ss,22.697
P92642,Marus Bridge Practice,20.128
P92646,Dr Vardhan's Surgery,12.733
P92647,Hawkley Brook Medical Practice,22.371
P92648,Slag Lane Mc,17.024
P92651,Lowton & Platt Bridge Surgery,26.939
Y00020,The Grantham Centre Practice,23.989
Y00026,The Om Surgery,23.526
Y00033,Purfleet Care Centre,26.459
Y00049,Cornwall Health For Homeless,28.932
Y00050,Lilford & Pennington Park Surgery,32.861
Y00054,The Homeless Healthcare Team,42.903
Y00056,Cambridge Access Surgery,16.482
Y00057,Angel Surgery,44.398
Y00060,The Anchor Centre,47.633
Y00078,Winshill,25.05
Y00080,Harbour Medical Practice,19.837
Y00081,Safe Haven Unit - Lcd,35.548
Y00090,The Doctors House,24.979
Y00137,The Willows Medical Centre,28.502
Y00140,Torcross Medical Centre,26.212
Y00155,Grove Surgery,22.88
Y00159,Hall Green Health,32.881
Y00182,Rainbow Health Centre,37.116
Y00184,Dilston Medical Centre,43.856
Y00185,Cathedral Medical Centre,8.751
Y00186,3D Medical Centre,46.901
Y00200,Portobello Medical Centre,26.286
Y00206,Burnley Practice,39.181
Y00228,Ambar Medical Centre,43.018
Y00230,Westminster Zt Practice,56.921
Y00252,Dr Sjc Clay's Practice,10.941
Y00265,Chapel Medical Centre,25.052
Y00278,Darlaston Health Centre,39.153
Y00286,The Ravenscar Surgery,31.277
Y00293,Hedingham Medical Centre,16.386
Y00297,The Hollies Surgery,20.574
Y00312,"The Robins Surgery, Harold Hill Health C",30.091
Y00316,Woodlands Medical Practice,18.693
Y00344,Leicester City Assist Practice,35.447
Y00347,Dr R Baghdjian Surgery,21.316
Y00351,Langley Corner Surgery,20.358
Y00352,Hesa Medical Centre - Y00352,28.847
Y00361,Sheffield Vp Scheme,41.29
Y00399,Dr Pasquali,15.71
Y00403,Trowbridge Practice,30.168
Y00411,Dearne Valley Group Practice,42.198
Y00412,Soho Health Centre,52.677
Y00437,The Orchard Surgery,16.684
Y00445,Salford Primary Care Together,45.657
Y00446,Maghull Practice,12.253
Y00469,Dr Sims And Partners,35.765
Y00471,Broadway Health Centre,39.213
Y00475,Garswood Surgery,15.492
Y00486,Botolph Bridge Community Health Centre,21.481
Y00492,Summerfield Group Practice,50.428
Y00507,St. Quintin Health Centre,28.72
Y00560,Wootton Vale & Shortstown Surgery,14.409
Y00568,Foxhayes Practice,18.569
Y00612,Green Cedars Medical Centre,42.155
Y00726,The Hive Health Centre,30.263
Y00758,Dr Jo Arayomi's Practice,36.233
Y00774,Brandon Medical Practice,23.859
Y00902,The Westbourne Green Surgery,37.77
Y00918,Granville Medical Centre,26.048
Y00969,Rame Group Practice,21.098
Y00996,Meridian Practice,37.525
Y00999,Oddfellows Hall & St Clements,20.318
Y01008,Bay Medical Group,33.704
Y01011,Barlby Surgery,31.547
Y01050,Rosmellyn Surgery,29.307
Y01051,Morrab Surgery,30.648
Y01057,The Health Xchange,43.051
Y01066,Hanley Primary Care Centre,31.291
Y01068,Amaanah Medical Practice,56.018
Y01090,Sms Medical Practice,26.179
Y01108,Fairfield Surgery,19.953
Y01118,Eccleshill Village Surgery,37.095
Y01127,Neetside Surgery,22.537
Y01132,Chartfield Surgery,15.001
Y01163,West Coker Surgery,16.816
Y01206,Glebe Road Surgery,10.259
Y01221,Somerset Fhp O,27.756
Y01262,Pallion Primary Care Services,37.506
Y01280,Shifa Medical Practice,32.459
Y01281,The Village Surgery,9.729
Y01291,Chingford Medical Practice,20.218
Y01652,The New Springwells Practice,20.031
Y01655,The Vale Practice,18.038
Y01690,School Lane PMS Practice,26.528
Y01695,Mp Victoria Mill,50.333
Y01719,Prime Practice Partnership,30.936
Y01756,Stourside Medical Practice,20.337
Y01794,Ravenswood Medical Practice,22.643
Y01795,The Oval Practice,29.447
Y01812,Heartwood Medical Practice,20.057
Y01839,Sinnott Medical Centre,24.996
Y01845,Wiltshire Ccg Vp Service,21.66
Y01922,Stennack Surgery,20.246
Y01924,Sawbridgeworth Medical Services,4.847
Y01929,Teldoc,25.195
Y01948,Open Door,61.255
Y01964,Berrycroft Community Health Centre,17.522
Y02002,One Medicare Llp-The Light,20.757
Y02045,Vernova Healthcare Cic,25.85
Y02117,St Ann's Road Surgery,36.622
Y02177,The Practice Northumberland Avenue,41.374
Y02212,Dudley Wood Surgery,29.376
Y02274,Rivington Way Surgery,38.218
Y02319,Bolton General Practice,50.761
Y02321,Poplar Street Surgery,30.142
Y02322,Leigh Family Practice,36.863
Y02325,Charlestown Md,47.166
Y02332,Kingsway Health Centre,31.136
Y02342,Featherstone Road Health Centre,36.3
Y02354,Sandy Lane Surgery,18.192
Y02378,Bryn Street Surgery,20.252
Y02423,Grafton Medical Partners,17.811
Y02463,The Town Centre Practice,36.386
Y02466,Buckshaw Village Health Centre,11.864
Y02469,Heron GP Practice,39.606
Y02476,Reading Walk-In Health Centre,19.568
Y02494,Shakespeare Medical Practice,39.471
Y02510,Marshalls Cross Medical Centre,33.955
Y02517,Newquay Health Centre,20.275
Y02519,Gloucester Health Access Centre,34.961
Y02520,Simpson Medical Practice,48.888
Y02521,Willow Bank Surgery,33.678
Y02526,Guildhall Walk Healthcare Centre,20.311
Y02567,Hodge Hill Family Practice,46.161
Y02571,Poplar Primary Care Centre,25.261
Y02575,Omnes Healthcare Ltd,31.984
Y02578,Broadmead Medical Centre,22.526
Y02586,Ashton GP Service,51.169
Y02589,Hammersmith & Fulham Centres For Health,24.743
Y02594,Essington Medical Centre,19.07
Y02605,PWE Accrington Victoria,37.996
Y02606,Fairmore Medical Practice,40.025
Y02611,North Chelmsford Nhs HCC,11.349
Y02622,Blackfriars,21.752
Y02625,Care Homes Medical Practice,37.274
Y02626,The Keys Family Practice,34.737
Y02627,Harden Blakenall,47.904
Y02633,Bow Medical Practice,20.361
Y02636,Pennfields Medical Centre,41.435
Y02639,Spring House Health,15.469
Y02645,Calderdale Safe Haven Service,40.324
Y02646,Turner Road Surgery,17.258
Y02653,High Oak Surgery,35.348
Y02657,Bentham Road Health Centre,39.928
Y02663,Droylsden Medical Practice,26.955
Y02669,Castle Health Centre,45.332
Y02671,The Practice Heart Of Hounslow,28.055
Y02672,The Practice Feltham,26.112
Y02674,Camden Health Improvement Practice,33.03
Y02676,Brighton Station Health Centre,24.031
Y02684,Quayside Medical Centre,58.273
Y02686,Bowling Green Street Surgery,33.62
Y02692,The Wembley Practice,26.809
Y02701,Great Bridge Health Centre,36.04
Y02707,St Luke's Health Centre,34.571
Y02713,Guide Bridge Medical Practice,29.485
Y02718,Birtle View Medical Practice,36.782
Y02720,The Kingsway Practice,45.541
Y02721,Kirkholt Medical Practice,48.808
Y02736,Showell Park Health Centre,42.589
Y02751,Norwich Practices Health Centre,24.235
Y02753,Hill Top Surgery,53.793
Y02755,Rock Healthcare Limited,36.069
Y02757,Bilston Urban Village Medical Centre,37.03
Y02767,The Height General Practice,29.557
Y02769,St Neots Health Centre,13.943
Y02787,The Oak Tree Medical Practice,41.142
Y02790,Bolton Medical Centre,45.07
Y02794,Oakleaf,54.791
Y02795,Middleton Health Centre,35.512
Y02807,Thurrock Health Centre,22.996
Y02811,Cator Medical Centre,14.954
Y02827,John Street Medical Practice,54.362
Y02842,Half Penny Steps Health Centre,34.544
Y02847,Parliament Street Medical Centre,28.066
Y02849,City Health Centre,20.393
Y02867,Middleport Medical Centre,48.789
Y02873,Compass Health,35.915
Y02875,Lindley House Health Centre,54.351
Y02885,Marsh Green Medical Practice,46.606
Y02886,Leigh Sports Village,25.401
Y02890,Hawthorn Mc,34.048
Y02893,"Iridium Medical Practice, Richmond PCC",47.851
Y02900,Brooklands Health Centre,14.364
Y02906,Canberra Old Oak Surgery,28.406
Y02928,The Practice Albert Road,21.194
Y02933,Hollinwood Medical Practice,47.087
Y02936,Millbrook Medical Practice,24.55
Y02946,Junction Health Centre,19.431
Y02960,New Bank Health,50.292
Y02973,Kings Park Surgery,18.005
Y02974,At Medics,26.164
Y02986,Cricklewood Health Centre,32.848
Y02987,At Medics - The Loxford Practice,31.143
Y03023,St andrews Health Centre,34.68
Y03035,Queenswood Medical Practice,18.282
Y03049,Spring Hill Practice,41.07
Y03052,Langdon Hills Medical Practice,21.75
Y03063,Hetherington At The Pavilion,27.077
Y03079,Bolton Community Practice,26.567
Y03103,Special Allocation Scheme,32.474
Y03124,Grange Farm Medical Centre,38.116
Y03135,Bridge House Medical Practice,27.517
Y03222,St John's Surgery,28.687
Y03303,The Ridgeway Health Centre,42.159
Y03366,Olive Family Practice,46.752
Y03402,Evergreen Primary Care Centre,46.739
Y03441,"Health and Wellbeing Centre, Earls Court",19.861
Y03528,Brent & Harrow Safe Haven Unit,35.787
Y03584,C/O The Limes Medical Centre,30.516
Y03595,Beechcroft and Old Palace,20.43
Y03597,Hamd Medical Practice,53.06
Y03602,Grey Gable Surgery,11.887
Y03663,Hendon Way Surgery,25.793
Y03664,Dr Azim & Partners,24.558
Y03755,Greenwich Peninsula,17.429
Y04225,Nursing Home Services,26.962
Y04266,Crosland Moor Surgery,36.392
Y04273,Liberty Bridge Road Practice,20.632
Y04543,Julian House Healthcare Service,19.467
Y04662,Cranbrook Medical Practice,15.647
Y04664,The Willaston Surgery,9.691
Y04809,Lakeside Surgery,39.794
Y04882,Chaucer Surgery,23.184
Y04884,Satis House,12.703
Y04925,Chapelford Primary Care Centre,7.29
Y04957,St Austell Health Group,23.322
Y04965,Alliance Teaching Practices,34.437
Y04969,Camp Hill GP Led Health Centre,36.508
Y04977,Creswell and Langwith Medical Centre,35.133
Y04995,Royal Primary Care Chesterfield,32.355
Y05023,Silver End Surgery,19.132
Y05080,First Choice Medical Care,17.232
Y05167,The Flying Scotsman Health Centre,49.569
Y05212,West Cheltenham Medical,23.543
Y05248,Brierley Medical Centre,33.924
Y05286,Lister House Chellaston,27.26
Y05291,Toftwood Medical Centre,14.92
Y05317,Country Park Practice,26.904
Y05318,Denmark Road Surgery,26.862
Y05330,Tottenham Hale Medical Practice,28.456
Y05346,Westwood Primary Care Centre,37.229
Y05349,Clover City Practice,28.654
Y05363,Bhf Highgate Surgery,32.742
Y05364,Bhf Lundwood Surgery,40.183
Y05369,Balderton Surgery,14.884
Y05412,South Wigston Asylum Service,44.377
Y05622,Southglade Medical Practice,41.82
Y05690,Kirkby Community Primary Care Centre (3),26.575
Y05733,Parkfields Surgery,32.517
Y05750,David Lewis Medical Practice,15.373
Y05788,Compass Medical Practice ,36.118
Y05826,The Hill GP Practice,48.112
Y05857,RHND,21.016
Y06007,Wellsbourne Healthcare CIC,40.39
Y06095,Placeholder,18.184
Y06113,QHS GP Care Home Service,27.741
Y06218,Brownsover Medical Centre,13.713
Y06275,Nelson Medical Centre,52.121
Y06345,Bromleag Care Practice,12.866
Y06356,Bilborough Medical Centre,37.247
Y06378,Heath Street Health Centre,50.119
Y06389,SAS Mid and South Essex STP,18.759
Y06443,Whyburn Medical Practice,22.281
Y06499,Placeholder,26.62
Y06545,Placeholder,25.399
Y06592,Placeholder,30.619
Y06620,placeholder,26.357
Y06659,Nook Surgery,14.626
Y06792,Broad Oak Medical Practice,49.33
Y06810,Whitehouse Health Centre,15.127
Y06826,placeholder,13.621
Y07014,Shakespeare Road Medical Practice,19.836
Y07016,placeholder,19.341
Y07020,placeholder,30.311
Y07025,Park Medical Centre,33.42
Y07040,placeholder,26.903
Y07057,Bretton Medical Practice,31.509
Y07059,Nene Valley and Hodgson Medical Practice,24.002
Y07060,Thomas Walker Westgate Healthcare,33.753
Y07275,Broughton House GP Surgery,33.884
Y07377,Placeholder,14.057
Y07697,placeholder,35.603
Y07819,placeholder,33.446
Y08082,placeholder,40.489
Y08186,placeholder,35.045
Y08371,Beam Park Medical Practice,27.909
Y08402,placeholder,27.455
Y08411,placeholder 2425,27.892
