date,row_id,row_name,total_list_size
2025-12-01,A81001,THE DENSHAM SURGERY,3763
2025-12-01,A81002,QUEENS PARK MEDICAL CENTRE,18674
2025-12-01,A81004,ACKLAM MEDICAL CENTRE,11442
2025-12-01,A81005,SPRINGWOOD SURGERY,7577
2025-12-01,A81006,TENNANT STREET MEDICAL PRACTICE,14597
2025-12-01,A81007,BANKHOUSE SURGERY,10487
2025-12-01,A81009,VILLAGE MEDICAL CENTRE,7997
2025-12-01,A81011,CHADWICK PRACTICE,11939
2025-12-01,A81012,WESTBOURNE MEDICAL CENTRE,5662
2025-12-01,A81013,BROTTON SURGERY,7776
2025-12-01,A81014,QUEENSTREE PRACTICE,4113
2025-12-01,A81016,PARK SURGERY,12566
2025-12-01,A81017,WOODBRIDGE PRACTICE,18293
2025-12-01,A81018,BENTLEY MEDICAL PRACTICE,10175
2025-12-01,A81019,CROSSFELL HEALTH CENTRE,8850
2025-12-01,A81020,MARTONSIDE MEDICAL CENTRE,7825
2025-12-01,A81021,NORMANBY MEDICAL CENTRE,26530
2025-12-01,A81022,HILLSIDE PRACTICE,9348
2025-12-01,A81023,THE ENDEAVOUR PRACTICE,8312
2025-12-01,A81025,THE DOVECOT SURGERY,4107
2025-12-01,A81026,LINTHORPE SURGERY,20819
2025-12-01,A81027,YARM MEDICAL PRACTICE,14289
2025-12-01,A81029,PROSPECT SURGERY,6937
2025-12-01,A81030,BOROUGH ROAD & NUNTHORPE MEDICAL GROUP,16921
2025-12-01,A81031,HAVELOCK GRANGE PRACTICE,13638
2025-12-01,A81032,THE GARTH,11663
2025-12-01,A81034,THORNABY & BARWICK MEDICAL GROUP,20973
2025-12-01,A81035,NEWLANDS MEDICAL CENTRE,9699
2025-12-01,A81036,NORTON MEDICAL CENTRE,16114
2025-12-01,A81037,THE ERIMUS PRACTICE,6324
2025-12-01,A81038,HIRSEL MEDICAL CENTRE,3744
2025-12-01,A81039,EAGLESCLIFFE MEDICAL PRACTICE,13103
2025-12-01,A81040,MARSH HOUSE MEDICAL PRACTICE,8509
2025-12-01,A81041,HART MEDICAL PRACTICE,9406
2025-12-01,A81042,SOUTH GRANGE MEDICAL GROUP PRACTICE,15699
2025-12-01,A81044,MCKENZIE HOUSE SURGERY,19271
2025-12-01,A81045,THE COATHAM ROAD SURGERY,6287
2025-12-01,A81046,WOODLANDS FAMILY MEDICAL CENTRE,12246
2025-12-01,A81048,ZETLAND MEDICAL PRACTICE,7118
2025-12-01,A81049,KINGS MEDICAL CENTRE,6389
2025-12-01,A81051,CAMBRIDGE MEDICAL GROUP,7271
2025-12-01,A81052,THE GREEN HOUSE SURGERY,9976
2025-12-01,A81053,WOODSIDE SURGERY,5830
2025-12-01,A81054,THE SALTSCAR SURGERY,8487
2025-12-01,A81056,MELROSE SURGERY,2373
2025-12-01,A81057,KINGSWAY MEDICAL CENTRE,10038
2025-12-01,A81058,COULBY MEDICAL PRACTICE,9208
2025-12-01,A81060,WEST QUAY MEDICAL PRACTICE,6302
2025-12-01,A81063,THE HEADLAND MEDICAL CENTRE,5357
2025-12-01,A81064,THE DISCOVERY PRACTICE,8081
2025-12-01,A81065,THE ESTON SURGERY,2
2025-12-01,A81066,PARK LANE SURGERY,5518
2025-12-01,A81067,ALMA MEDICAL CENTRE,10855
2025-12-01,A81070,MCKENZIE GROUP PRACTICE,6182
2025-12-01,A81602,DR RASOOL,2213
2025-12-01,A81608,ELM TREE SURGERY,17850
2025-12-01,A81610,THE ROSEBERRY PRACTICE,7770
2025-12-01,A81611,PARKWAY MEDICAL CENTRE,9621
2025-12-01,A81612,THE PATEL PRACTICE,4104
2025-12-01,A81618,HUNTCLIFF SURGERY,9906
2025-12-01,A81621,THORNTREE SURGERY,2800
2025-12-01,A81622,GLADSTONE HOUSE SURGERY,5619
2025-12-01,A81629,RIVERSIDE MEDICAL PRACTICE,10790
2025-12-01,A81631,WEST VIEW MILLENIUM SURGERY A,7459
2025-12-01,A82003,ULVERSTON MEDICAL PRACTICE,11935
2025-12-01,A82004,ALSTON MEDICAL PRACTICE,2203
2025-12-01,A82005,AMBLESIDE HEALTH CENTRE,5766
2025-12-01,A82006,APPLEBY MEDICAL PRACTICE,5159
2025-12-01,A82007,DUKE STREET SURGERY,11510
2025-12-01,A82008,NORWOOD MEDICAL CENTRE,12098
2025-12-01,A82009,BRIDGEGATE MEDICAL CENTRE,9167
2025-12-01,A82010,ABBEY ROAD SURGERY,6743
2025-12-01,A82012,BRAMPTON MEDICAL PRACTICE,16737
2025-12-01,A82013,UPPER EDEN MEDICAL PRACTICE,6465
2025-12-01,A82014,CALDBECK SURGERY,4243
2025-12-01,A82015,CARLISLE CENTRAL PRACTICE,13371
2025-12-01,A82016,CARLISLE HEALTHCARE,40746
2025-12-01,A82018,SPENCER ST SURGERY,13704
2025-12-01,A82020,EDEN MEDICAL GROUP,15264
2025-12-01,A82021,CASTLEGATE AND DERWENT SURGERY,18015
2025-12-01,A82022,DALSTON MEDICAL GROUP,5180
2025-12-01,A82023,DISTINGTON SURGERY,6494
2025-12-01,A82024,SEASCALE HEALTH CENTRE,5940
2025-12-01,A82025,CAPTAIN FRENCH SURGERY,11801
2025-12-01,A82026,THE JAMES COCHRANE PRACT.,17183
2025-12-01,A82027,STATION HOUSE SURGERY,10025
2025-12-01,A82028,CASTLEHEAD MEDICAL CENTRE,8351
2025-12-01,A82029,THE CROFT SURGERY,3551
2025-12-01,A82030,LUNESDALE SURGERY,6529
2025-12-01,A82031,SHAP MEDICAL PRACTICE,3317
2025-12-01,A82032,MARYPORT HEALTH SERVICES,13868
2025-12-01,A82033,WATERLOO HOUSE SURGERY,7940
2025-12-01,A82035,BIRBECK MEDICAL GROUP,14399
2025-12-01,A82036,THE LAKES MEDICAL PRACTICE,11654
2025-12-01,A82037,SILLOTH GROUP MEDICAL PRACTICE,4444
2025-12-01,A82038,TEMPLE SOWERBY MEDICAL PRACTICE,4634
2025-12-01,A82039,DALTON SURGERY,8766
2025-12-01,A82041,LOWTHER MEDICAL CENTRE,13772
2025-12-01,A82044,FELLVIEW HEALTHCARE,23046
2025-12-01,A82045,WIGTON GROUP MEDICAL PRACTICE,9172
2025-12-01,A82046,WINDERMERE HEALTH CENTRE,4723
2025-12-01,A82047,JAMES STREET GROUP PRACT,33405
2025-12-01,A82053,NUTWOOD MEDICAL PRACTICE,7472
2025-12-01,A82055,ASPATRIA MEDICAL GROUP,7332
2025-12-01,A82062,ATKINSON HEALTH CENTRE,6425
2025-12-01,A82064,WESTCROFT HOUSE SURGERY,6290
2025-12-01,A82068,ULVERSTON COMMUNITY HEALTH CENTRE,4733
2025-12-01,A82070,ST. MARY'S SURGERY,6637
2025-12-01,A82071,BURNETT EDGAR MEDICAL CTR,4130
2025-12-01,A82072,RISEDALE SURGERY,7337
2025-12-01,A82075,MANSION HOUSE SURGERY,7629
2025-12-01,A82608,SEDBERGH MEDICAL PRACTICE,4717
2025-12-01,A82613,WRAYSDALE HOUSE SURGERY,1015
2025-12-01,A82617,KIRKOSWALD SURGERY,2809
2025-12-01,A82620,GLENRIDDING HEALTH CENTRE,999
2025-12-01,A82629,THE FAMILY PRACTICE,2965
2025-12-01,A82631,COURT THORN SURGERY,3744
2025-12-01,A82646,LONGTOWN MEDICAL CENTRE,3846
2025-12-01,A82647,CARTMEL SURGERY,3313
2025-12-01,A82650,HAVERTHWAITE SURGERY,2996
2025-12-01,A82651,DUDDON VALLEY MEDICAL PRACTICE,4997
2025-12-01,A82654,WARWICK SQUARE GROUP PRACTICE,7925
2025-12-01,A83001,ST ANDREW'S MEDICAL PRACTICE,15857
2025-12-01,A83003,WILLINGTON MEDICAL GROUP,9196
2025-12-01,A83005,WHINFIELD MEDICAL PRACTICE,12190
2025-12-01,A83006,ORCHARD COURT SURGERY,8654
2025-12-01,A83007,BLACKHALL AND PETERLEE PRACTICE,10270
2025-12-01,A83008,HALLGARTH SURGERY,5400
2025-12-01,A83009,BRIDGE END SURGERY,7604
2025-12-01,A83010,MOORLANDS SURGERY,13194
2025-12-01,A83011,CLAYPATH & UNIVERSITY MEDICAL GROUP,34475
2025-12-01,A83012,WILLIAM BROWN CENTRE,15526
2025-12-01,A83013,NEASHAM ROAD SURGERY,13381
2025-12-01,A83014,BELMONT & SHERBURN MEDICAL GROUP,6328
2025-12-01,A83015,STATION VIEW MEDICAL CENTRE,9699
2025-12-01,A83016,TANFIELD VIEW MEDICAL GROUP,10803
2025-12-01,A83018,CONSETT MEDICAL CENTRE,16647
2025-12-01,A83020,NORTH HOUSE SURGERY,13514
2025-12-01,A83021,AUCKLAND MEDICAL GROUP,16069
2025-12-01,A83022,THE MEDICAL GROUP,26723
2025-12-01,A83023,STANLEY MEDICAL GROUP,12567
2025-12-01,A83024,WEST RAINTON SURGERY,5506
2025-12-01,A83025,BISHOPGATE MEDICAL CENTRE,13648
2025-12-01,A83026,SACRISTON MEDICAL CENTRE,10728
2025-12-01,A83027,COXHOE MEDICAL PRACTICE,7679
2025-12-01,A83028,MIDDLE CHARE MEDICAL GROUP,9304
2025-12-01,A83029,GREAT LUMLEY SURGERY,5277
2025-12-01,A83030,DUNELM MEDICAL PRACTICE,14490
2025-12-01,A83031,CARMEL MEDICAL PRACTICE,11765
2025-12-01,A83032,WOODVIEW MEDICAL PRACTICE,2633
2025-12-01,A83033,PELTON & FELLROSE MEDICAL GROUP,10281
2025-12-01,A83034,BLACKETTS MEDICAL PRACTICE,11609
2025-12-01,A83035,THE WEARDALE PRACTICE,7150
2025-12-01,A83036,CHASTLETON MEDICAL GROUP,10268
2025-12-01,A83037,BEWICK CRESCENT SURGERY,12945
2025-12-01,A83038,CEDARS MEDICAL GROUP,6223
2025-12-01,A83040,CLIFTON COURT MEDICAL PRACTICE,12268
2025-12-01,A83041,MURTON MEDICAL CENTRE,7344
2025-12-01,A83043,OLD FORGE SURGERY,2698
2025-12-01,A83044,THE HORDEN GROUP PRACTICE,8324
2025-12-01,A83045,FERRYHILL AND CHILTON MEDICAL PRACTICE,14887
2025-12-01,A83046,BARNARD CASTLE SURGERY,11009
2025-12-01,A83047,DENMARK STREET SURGERY,14898
2025-12-01,A83048,ROCKLIFFE COURT SURGERY,6284
2025-12-01,A83049,QUEENS ROAD SURGERY,16561
2025-12-01,A83050,CESTRIA HEALTH CENTRE,12623
2025-12-01,A83051,MARLBOROUGH SURGERY,11460
2025-12-01,A83052,BISHOPS CLOSE MEDICAL PRACTICE,8576
2025-12-01,A83054,SKERNE MEDICAL GROUP,17035
2025-12-01,A83055,CHEVELEY PARK MEDICAL CTR,5114
2025-12-01,A83057,EAST DURHAM MEDICAL GROUP,18215
2025-12-01,A83060,PINFOLD MEDICAL PRACTICE,2862
2025-12-01,A83061,GAINFORD SURGERY,3706
2025-12-01,A83066,JUBILEE MEDICAL GROUP,12953
2025-12-01,A83070,MIDDLETON AND DINSDALE MEDICAL PRACTICE,5930
2025-12-01,A83071,THE NEW SEAHAM MEDICAL GROUP,4715
2025-12-01,A83072,LANCHESTER MEDICAL CENTRE,4120
2025-12-01,A83073,DRS LAMBERT & NG,5290
2025-12-01,A83074,PEASE WAY MEDICAL CENTRE,11934
2025-12-01,A83075,BYRON MEDICAL PRACTICE,8298
2025-12-01,A83610,WINGATE MEDICAL PRACTICE INTRAHEALTH,3577
2025-12-01,A83616,BEVAN MEDICAL GROUP,8719
2025-12-01,A83617,BROWNEY HOUSE SURGERY,2695
2025-12-01,A83618,OAKFIELDS HEALTH GROUP,7685
2025-12-01,A83619,SOUTHDENE MEDICAL CENTRE,3413
2025-12-01,A83622,THE HAVEN SURGERY,1761
2025-12-01,A83626,EVENWOOD MEDICAL PRACTICE,2311
2025-12-01,A83627,SILVERDALE FAMILY PRACTICE,6601
2025-12-01,A83634,WEST CORNFORTH MEDICAL CENTRE,2792
2025-12-01,A83635,BOWBURN MEDICAL CENTRE,4608
2025-12-01,A83636,LEADGATE SURGERY,5771
2025-12-01,A83637,VILLAGES MEDICAL GROUP,4090
2025-12-01,A83641,PARKGATE SURGERY,4870
2025-12-01,A83644,ANNFIELD PLAIN SURGERY,3574
2025-12-01,A84002,THE ROTHBURY PRACTICE,6208
2025-12-01,A84005,BEDLINGTONSHIRE MED.GROUP,12913
2025-12-01,A84006,ALNWICK MEDICAL GROUP,18971
2025-12-01,A84007,PONTELAND MEDICAL GROUP,10850
2025-12-01,A84008,BELFORD MEDICAL PRACTICE,4484
2025-12-01,A84009,RAILWAY MEDICAL GROUP,26918
2025-12-01,A84011,WHITE MEDICAL GROUP,8695
2025-12-01,A84013,THE GABLES MEDICAL GROUP,6304
2025-12-01,A84014,MARINE MEDICAL GROUP,14034
2025-12-01,A84016,PRUDHOE MEDICAL GROUP,6804
2025-12-01,A84018,CORBRIDGE HEALTH CENTRE,7305
2025-12-01,A84020,GUIDEPOST MEDICAL GROUP,8108
2025-12-01,A84022,COQUET MEDICAL GROUP,12285
2025-12-01,A84024,BURN BRAE MEDICAL GROUP,10425
2025-12-01,A84025,CRAMLINGTON MEDICAL GROUP,5502
2025-12-01,A84026,WELL CLOSE MEDICAL GROUP,9231
2025-12-01,A84027,BELLINGHAM PRACTICE,3439
2025-12-01,A84028,SEATON PARK MEDICAL GROUP,19987
2025-12-01,A84029,NORTHUMBERLAND HEALTH,4731
2025-12-01,A84030,VILLAGE MEDICAL GROUP,11749
2025-12-01,A84031,GREYSTOKE SURGERY,11032
2025-12-01,A84033,THE SELE MEDICAL PRACTICE,5888
2025-12-01,A84034,HALTWHISTLE MEDICAL GROUP,5613
2025-12-01,A84035,RIVERSDALE SURGERY,5937
2025-12-01,A84036,VALENS MEDICAL PARTNERSHIP,49347
2025-12-01,A84037,NETHERFIELD HOUSE,6026
2025-12-01,A84038,FORUM FAMILY PRACTICE,9238
2025-12-01,A84039,GAS HOUSE LANE SURGERY,7275
2025-12-01,A84040,HUMSHAUGH & WARK MED GRP,3341
2025-12-01,A84042,SCOTS GAP MEDICAL GROUP,2182
2025-12-01,A84044,UNION BRAE & NORHAM PRAC,7072
2025-12-01,A84045,HAYDON BRIDGE & ALLENDALE MEDICAL PRACT,5270
2025-12-01,A84047,BRANCH END SURGERY,5405
2025-12-01,A84604,WOOLER HEALTH,4898
2025-12-01,A84614,THE ADDERLANE SURGERY,2210
2025-12-01,A84619,ELSDON AVENUE SURGERY,4366
2025-12-01,A85001,FELL TOWER MEDICAL CENTRE,7431
2025-12-01,A85002,BENSHAM FAMILY PRACTICE,3761
2025-12-01,A85004,LONGRIGG MEDICAL CENTRE,10027
2025-12-01,A85005,OXFORD TCE & RAWLING RD MEDICAL GROUP,17997
2025-12-01,A85006,GLENPARK & TEAMS MEDICAL SERVICES,14554
2025-12-01,A85007,FELL COTTAGE SURGERY,8782
2025-12-01,A85008,BIRTLEY MEDICAL GROUP,15304
2025-12-01,A85009,CROWHALL MEDICAL CENTRE,6544
2025-12-01,A85010,CHAINBRIDGE MEDICAL PARTNERSHIP,11563
2025-12-01,A85011,ST. ALBANS MEDICAL GROUP,7155
2025-12-01,A85013,MILLENNIUM FAMILY PRACTICE,3767
2025-12-01,A85014,CRAWCROOK MEDICAL CENTRE,20167
2025-12-01,A85016,WREKENTON MEDICAL GROUP,12270
2025-12-01,A85017,BEWICK ROAD SURGERY,8709
2025-12-01,A85018,OLDWELL SURGERY,4731
2025-12-01,A85019,CENTRAL GATESHEAD MEDICAL GROUP,10599
2025-12-01,A85020,WHICKHAM COTTAGE MEDICAL CENTRE,15643
2025-12-01,A85021,SECOND STREET SURGERY,4452
2025-12-01,A85024,CHOPWELL PRIMARY HEALTHCARE CENTRE,2571
2025-12-01,A85026,BEACON VIEW MEDICAL CENTRE,5791
2025-12-01,A85611,PELAW MEDICAL PRACTICE,5643
2025-12-01,A85614,THE BRIDGES MEDICAL PRACTICE,8504
2025-12-01,A85616,HOLLYHURST MEDICAL CENTRE,5054
2025-12-01,A85617,SUNNISIDE SURGERY,3903
2025-12-01,A86003,SAVILLE MEDICAL GROUP,42818
2025-12-01,A86004,PROSPECT MEDICAL CENTRE,14243
2025-12-01,A86005,WEST FARM SURGERY,6010
2025-12-01,A86006,ROSEWORTH SURGERY,5796
2025-12-01,A86008,PARK MEDICAL GROUP,13390
2025-12-01,A86010,BIDDLESTONE HEALTH GROUP,10718
2025-12-01,A86011,WALKER MEDICAL GROUP,10831
2025-12-01,A86012,WEST ROAD MEDICAL CENTRE,12499
2025-12-01,A86013,DENTON PARK MEDICAL GROUP,7498
2025-12-01,A86016,LANE END SURGERY,9421
2025-12-01,A86017,CRUDDAS PARK SURGERY,11839
2025-12-01,A86018,THE GROVE MEDICAL GROUP,13223
2025-12-01,A86020,JESMOND HEALTH PARTNERSHIP,27324
2025-12-01,A86021,HOLMSIDE MEDICAL GROUP,10039
2025-12-01,A86022,PARKWAY MEDICAL GROUP,8468
2025-12-01,A86023,BENFIELD PARK MEDICAL GROUP,10422
2025-12-01,A86024,HEATON ROAD SURGERY,6906
2025-12-01,A86025,WESTERHOPE MEDICAL GROUP,13671
2025-12-01,A86026,THROCKLEY PRIMARY CARE CENTRE,7647
2025-12-01,A86027,NEWCASTLE MEDICAL CENTRE,22568
2025-12-01,A86028,REGENT MEDICAL CENTRE,7810
2025-12-01,A86029,THORNFIELD MEDICAL GROUP,20570
2025-12-01,A86030,BETTS AVENUE MEDICAL GROUP,10637
2025-12-01,A86031,FENHAM HALL SURGERY,10949
2025-12-01,A86033,BRUNTON PARK,8061
2025-12-01,A86037,ELSWICK FAMILY PRACTICE,8541
2025-12-01,A86038,NEWBURN SURGERY,6261
2025-12-01,A86040,ST. ANTHONY'S HEALTH CENTRE,6615
2025-12-01,A86041,SWARLAND AVENUE SURGERY,6713
2025-12-01,A86601,DENTON TURRET MEDICAL CENTRE,9033
2025-12-01,A87002,SPRING TERRACE HEALTH CENTRE,21454
2025-12-01,A87004,COLLINGWOOD HEALTH GROUP,24405
2025-12-01,A87005,WHITLEY BAY HEALTH CENTRE,13879
2025-12-01,A87007,STEPHENSON PARK HEALTH GROUP,17708
2025-12-01,A87008,MARINE AVENUE MEDICAL CTR,9077
2025-12-01,A87009,PRIORY MEDICAL GROUP,15447
2025-12-01,A87011,BEAUMONT PARK SURGERY,6279
2025-12-01,A87012,WIDEOPEN MEDICAL CENTRE,7449
2025-12-01,A87013,BEWICKE MEDICAL CENTRE,9352
2025-12-01,A87016,THE VILLAGE GREEN SURGERY,12862
2025-12-01,A87017,WOODLANDS PARK HEALTH CTR,6781
2025-12-01,A87020,BRIDGE AND MONKSEATON MEDICAL PRACTICE,13313
2025-12-01,A87022,NORTHUMBERLAND PARK MEDICAL GROUP,9607
2025-12-01,A87029,HADRIAN HEALTH CENTRE,21197
2025-12-01,A87030,REDBURN PARK MEDICAL CENTRE,6277
2025-12-01,A87612,WELLSPRING MEDICAL PRACT.,6567
2025-12-01,A87615,MALLARD MEDICAL PRACTICE,5528
2025-12-01,A88001,VICTORIA MEDICAL CENTRE,3648
2025-12-01,A88002,FARNHAM MEDICAL CTR.,16667
2025-12-01,A88003,MARSDEN MEDICAL GROUP,22690
2025-12-01,A88004,MAYFIELD MEDICAL GROUP,8984
2025-12-01,A88005,WENLOCK ROAD SURGERY,4463
2025-12-01,A88006,TALBOT MEDICAL CENTRE,7771
2025-12-01,A88008,TRINITY MEDICAL CENTRE,6336
2025-12-01,A88009,DR THORNILEY-WALKER & PARTNERS,5908
2025-12-01,A88010,ALBERT ROAD SURGERY,3586
2025-12-01,A88012,ELLISON VIEW SURGERY,6051
2025-12-01,A88013,CENTRAL SURGERY,19311
2025-12-01,A88014,WEST VIEW SURGERY,2863
2025-12-01,A88015,ST GEORGE & RIVERSIDE MEDICAL PRACTICE,7396
2025-12-01,A88016,COLLIERY COURT MEDICAL GROUP,8403
2025-12-01,A88022,THE GLEN MEDICAL GROUP,11130
2025-12-01,A88023,WHITBURN SURGERY,5327
2025-12-01,A88025,THE G.P.SUITE,4299
2025-12-01,A88601,IMEARY MEDICAL GROUP,4472
2025-12-01,A88608,RAVENSWORTH SURGERY,5979
2025-12-01,A88613,EAST WING PRACTICE,4189
2025-12-01,A89001,DEERNESS PARK MEDICAL GROUP,13619
2025-12-01,A89002,RIVERVIEW SURGERY,6952
2025-12-01,A89004,HETTON GROUP PRACTICE,11885
2025-12-01,A89005,VILLETTE SURGERY,5869
2025-12-01,A89006,WEARSIDE MEDICAL PRACTICE - PALLION,7975
2025-12-01,A89007,PALLION FAMILY PRACTICE,10073
2025-12-01,A89008,RED HOUSE MEDICAL CENTRE,5452
2025-12-01,A89009,HERRINGTON MEDICAL CENTRE,9740
2025-12-01,A89010,THE STEPHENSON MEDICAL PRACTICE,12162
2025-12-01,A89011,VILLAGE SURGERY PARTNERSHIP,4857
2025-12-01,A89012,GALLERIES MEDICAL PRACTICE,11650
2025-12-01,A89013,THE NEW CITY MEDICAL GROUP,5651
2025-12-01,A89015,"FULWELL MEDICAL CENTRE,",9181
2025-12-01,A89016,ST BEDE MEDICAL CENTRE,9281
2025-12-01,A89017,MILLFIELD MEDICAL GROUP,14354
2025-12-01,A89018,ASHBURN MEDICAL CENTRE,5230
2025-12-01,A89019,BRIDGE VIEW MEDICAL GROUP,14740
2025-12-01,A89020,FORGE MEDICAL PRACTICE,8582
2025-12-01,A89021,KEPIER MEDICAL PRACTICE,8521
2025-12-01,A89022,CONCORD MEDICAL PRACTICE,5219
2025-12-01,A89023,"HOUGHTON MEDICAL GROUP,",8403
2025-12-01,A89024,THE BROADWAY MEDICAL PRACTICE,7968
2025-12-01,A89025,SUNDERLAND GP ALLIANCE MEDICAL PRACTICE,9923
2025-12-01,A89026,NEW WASHINGTON MEDICAL GROUP,7184
2025-12-01,A89027,SPRINGWELL MEDICAL GROUP,6365
2025-12-01,A89028,GRANGEWOOD SURGERY,7507
2025-12-01,A89030,WESTBOURNE MEDICAL GROUP,6654
2025-12-01,A89031,HYLTON MEDICAL GROUP,7371
2025-12-01,A89032,NEW SILKSWORTH MEDICAL PRACTICE,9174
2025-12-01,A89034,PARK LANE PRACTICE,4186
2025-12-01,A89035,SOUTHLANDS MEDICAL GROUP,10787
2025-12-01,A89036,CASTLETOWN MEDICAL CENTRE,2231
2025-12-01,A89040,MONKWEARMOUTH HEALTH CENTRE,4577
2025-12-01,A89041,HAPPY HOUSE SURGERY,8105
2025-12-01,A89614,SUNDERLAND GP ALLIANCE SOUTH HYLTON SURG,4551
2025-12-01,A89616,RICKLETON MEDICAL CENTRE,2915
2025-12-01,A89617,I J HEALTHCARE,3571
2025-12-01,A89623,CHESTER SURGERY,3101
2025-12-01,B81003,BEACON MEDICAL,12730
2025-12-01,B81004,"EASTGATE MEDICAL GROUP, HORNSEA",12423
2025-12-01,B81005,THE CENTRAL SURGERY BARTON,16884
2025-12-01,B81006,HUMBER PRIMARY CARE,11689
2025-12-01,B81007,WINTERTON MEDICAL PRACTICE,9932
2025-12-01,B81008,HULL FAMILY PRACTICE,38143
2025-12-01,B81009,MARKET WEIGHTON GROUP PRACTICE,8692
2025-12-01,B81011,KINGSTON HEALTH (HULL),10627
2025-12-01,B81012,DR AP KUMAR,3213
2025-12-01,B81013,MONTAGUE MEDICAL PRACTICE,8931
2025-12-01,B81015,CLEE MEDICAL CENTRE,17109
2025-12-01,B81016,PELHAM MEDICAL GROUP,10136
2025-12-01,B81017,THE QUAYS MEDICAL PRACTICE,16643
2025-12-01,B81018,ORCHARD 2000 GROUP,9301
2025-12-01,B81020,THE SUTTON MANOR SURGERY,8662
2025-12-01,B81022,CAMBRIDGE AVENUE & MESSINGHAM MC,12724
2025-12-01,B81024,WILLERBY AND SWANLAND SURGERY,11245
2025-12-01,B81025,HOLDERNESS HEALTH,33655
2025-12-01,B81026,ANCORA MEDICAL PRACTICE,20307
2025-12-01,B81027,ST ANDREWS SURGERY,7902
2025-12-01,B81029,THE SNAITH AND RAWCLIFFE MEDICAL GROUP,11908
2025-12-01,B81030,SLC MEDICAL GROUP,24743
2025-12-01,B81031,WOODFIELD MEDICAL,21160
2025-12-01,B81032,WILBERFORCE SURGERY,5894
2025-12-01,B81034,LEVEN & BEEFORD MEDICAL PRACTICE,11531
2025-12-01,B81035,THE AVENUES MEDICAL CENTRE,6973
2025-12-01,B81036,POCKLINGTON GROUP PRACTICE,19002
2025-12-01,B81037,THE PARK SURGERY,14575
2025-12-01,B81038,THE OAKS MEDICAL CENTRE,8182
2025-12-01,B81039,THE ROXTON PRACTICE,34708
2025-12-01,B81040,MARFLEET GROUP PRACTICE,15997
2025-12-01,B81041,GILBERDYKE HEALTH CENTRE,6191
2025-12-01,B81042,MANOR ROAD SURGERY,13593
2025-12-01,B81043,SOUTH AXHOLME PRACTICE,15005
2025-12-01,B81045,ASHBY TURN PRIMARY CARE PARTNERS,12391
2025-12-01,B81046,THE BRIDGE GROUP PRACTICE,8974
2025-12-01,B81047,WOLSELEY MEDICAL CENTRE,7607
2025-12-01,B81048,MODALITY PARTNERSHIP (HULL),56089
2025-12-01,B81051,OLD FIRE STATION SURGERY,10935
2025-12-01,B81052,PRINCES MEDICAL CENTRE,2
2025-12-01,B81054,CLIFTON HOUSE MEDICAL CENTRE,8092
2025-12-01,B81061,THE RIDINGS MEDICAL GROUP,48524
2025-12-01,B81063,BRIDGE STREET SURGERY,7390
2025-12-01,B81064,CHURCH LANE MEDICAL CENTRE,10776
2025-12-01,B81068,BARTHOLOMEW MEDICAL GROUP,17631
2025-12-01,B81069,DRS REDDY AND NUNN,30311
2025-12-01,B81074,CITY HEALTH PRACTICE LTD,11622
2025-12-01,B81075,HASTINGS MEDICAL CENTRE,3993
2025-12-01,B81082,NORTH BEVERLEY MEDICAL CENTRE,6735
2025-12-01,B81085,HAXBY GROUP HULL,38461
2025-12-01,B81087,BIRKWOOD MEDICAL CENTRE,7854
2025-12-01,B81088,HOWDEN MEDICAL PRACTICE,8268
2025-12-01,B81090,THE OSWALD ROAD MEDICAL SURGERY,4766
2025-12-01,B81091,LITTLEFIELD SURGERY,5234
2025-12-01,B81092,"THE MEDICAL CENTRE, DRIFFIELD",12492
2025-12-01,B81097,DELTA HEALTHCARE,2586
2025-12-01,B81099,THE KIRTON LINDSEY AND SCOTTER SURGERY,10684
2025-12-01,B81100,DR AC MILNER,4229
2025-12-01,B81101,GREENGATES MEDICAL GROUP,23875
2025-12-01,B81104,CAMPUS HEALTH CENTRE,7480
2025-12-01,B81108,DR A SINHA,4481
2025-12-01,B81109,RIVERSIDE SURGERY,22492
2025-12-01,B81112,JAMES ALEXANDER FAMILY PRACTICE,21449
2025-12-01,B81113,CEDAR MEDICAL PRACTICE,10037
2025-12-01,B81118,WEST COMMON LANE TEACHING PRACTICE,7717
2025-12-01,B81119,GOODHEART SURGERY,6379
2025-12-01,B81606,STIRLING MEDICAL CENTRE (MATHEWS),4335
2025-12-01,B81616,DR GT HENDOW'S PRACTICE,2935
2025-12-01,B81617,CHERRY TREE MEDICAL PRACTICE,16731
2025-12-01,B81619,PARK VIEW SURGERY,2528
2025-12-01,B81628,BARNETBY MEDICAL CENTRE,2845
2025-12-01,B81631,DRS RAUT AND THOUFEEQ,4709
2025-12-01,B81635,LAURBEL SURGERY,3710
2025-12-01,B81642,DR OZ QURESHI,4357
2025-12-01,B81645,EAST PARK PRACTICE,2106
2025-12-01,B81647,WEST TOWN SURGERY,3078
2025-12-01,B81648,THE KILLINGHOLME SURGERY,1627
2025-12-01,B81653,KING STREET MEDICAL CENTRE,7505
2025-12-01,B81655,GREENLANDS SURGERY,3271
2025-12-01,B81656,RAJ MEDICAL CENTRE,6778
2025-12-01,B81663,CORE CARE FAMILY PRACTICE,2935
2025-12-01,B81665,HEALING PARTNERSHIP,2382
2025-12-01,B81666,DR MITCHELL,2661
2025-12-01,B81697,DR P SURESH BABU,2938
2025-12-01,B82002,MILLFIELD SURGERY,8030
2025-12-01,B82004,NIDDERDALE GROUP PRACTICE,11111
2025-12-01,B82005,PRIORY MEDICAL GROUP,58314
2025-12-01,B82007,TOWNHEAD SURGERY,9702
2025-12-01,B82008,NORTH HOUSE SURGERY,8810
2025-12-01,B82010,RIPON SPA SURGERY,7729
2025-12-01,B82011,SHERBURN SURGERY,5781
2025-12-01,B82012,THE LEEDS ROAD PRACTICE,15664
2025-12-01,B82013,MOSS HEALTHCARE HARROGATE,20637
2025-12-01,B82014,KINGSWOOD SURGERY,6858
2025-12-01,B82016,STRAYSIDE HEALTH,15798
2025-12-01,B82017,WHITBY GROUP PRACTICE,13410
2025-12-01,B82018,ESCRICK SURGERY,6862
2025-12-01,B82019,TOPCLIFFE SURGERY,4325
2025-12-01,B82021,DALTON TERRACE SURGERY,9963
2025-12-01,B82022,GREAT AYTON SURGERY,5687
2025-12-01,B82023,CATTERICK VILLAGE SURGERY,6102
2025-12-01,B82024,EASTFIELD MEDICAL CENTRE,8954
2025-12-01,B82025,DERWENT PRACTICE,21108
2025-12-01,B82026,HAXBY GROUP PRACTICE,31919
2025-12-01,B82027,THE SPA SURGERY,14059
2025-12-01,B82029,DOCTORS LANE SURGERY,3218
2025-12-01,B82030,MASHAM & KIRKBY MALZEARD SURGERY,5870
2025-12-01,B82031,SHERBURN GROUP PRACTICE,11213
2025-12-01,B82032,CHURCH LANE SURGERY,12421
2025-12-01,B82033,PICKERING MEDICAL PRACTICE,10959
2025-12-01,B82034,QUAKERS LANE SURGERY,6352
2025-12-01,B82035,SCORTON MEDICAL CENTRE,3639
2025-12-01,B82036,PARK STREET,7747
2025-12-01,B82037,FILEY SURGERY,8772
2025-12-01,B82038,HAXBY GROUP SCARBOROUGH,24276
2025-12-01,B82041,BEECH TREE SURGERY,15838
2025-12-01,B82042,LAMBERT MEDICAL CENTRE,8613
2025-12-01,B82044,STOKESLEY SURGERY,9480
2025-12-01,B82045,CENTRAL DALES PRACTICE,4099
2025-12-01,B82046,STAITHES SURGERY,3072
2025-12-01,B82047,UNITY HEALTH,16997
2025-12-01,B82049,THIRSK DOCTORS SURGERY,8209
2025-12-01,B82050,MOWBRAY HOUSE SURGERY,21712
2025-12-01,B82053,DYNELEY HOUSE SURGERY,15535
2025-12-01,B82054,SCARBOROUGH MEDICAL GROUP,16513
2025-12-01,B82057,SPRINGBANK SURGERY,7553
2025-12-01,B82059,CHURCH AVENUE MEDICAL GROUP,11440
2025-12-01,B82060,EASTGATE MEDICAL GROUP,12920
2025-12-01,B82061,BENTHAM MEDICAL PRACTICE,7430
2025-12-01,B82063,AYTON AND SNAINTON MEDICAL PRACTICE,9694
2025-12-01,B82064,TOLLERTON SURGERY,3611
2025-12-01,B82066,GLEBE HOUSE SURGERY,10160
2025-12-01,B82067,STOCKWELL ROAD SURGERY,8698
2025-12-01,B82068,HELMSLEY SURGERY,3620
2025-12-01,B82069,BEECH HOUSE SURGERY,7651
2025-12-01,B82071,THE OLD SCHOOL MEDICAL PRACTICE,7397
2025-12-01,B82072,THE FRIARY SURGERY,5105
2025-12-01,B82073,SOUTH MILFORD SURGERY,10836
2025-12-01,B82074,POSTERNGATE SURGERY,18709
2025-12-01,B82075,MAYFORD HOUSE SURGERY,9552
2025-12-01,B82077,KIRKBYMOORSIDE SURGERY,6202
2025-12-01,B82078,LEYBURN MEDICAL PRACTICE,6168
2025-12-01,B82079,STILLINGTON SURGERY,3762
2025-12-01,B82080,MY HEALTH GROUP,18830
2025-12-01,B82081,ELVINGTON MEDICAL PRACTICE,7193
2025-12-01,B82083,YORK MEDICAL GROUP,44598
2025-12-01,B82086,ESK VALLEY MEDICAL PRACTICE,5118
2025-12-01,B82088,BROOK SQUARE SURGERY,10633
2025-12-01,B82097,SCOTT ROAD MEDICAL CENTRE,11342
2025-12-01,B82098,JORVIK GILLYGATE PRACTICE,27305
2025-12-01,B82100,FRONT STREET SURGERY,8672
2025-12-01,B82101,SLEIGHTS AND SANDSEND MEDICAL PRACTICE,5273
2025-12-01,B82104,HAREWOOD MEDICAL PRACTICE,8342
2025-12-01,B82105,TADCASTER MEDICAL CENTRE,9434
2025-12-01,B82106,HACKNESS ROAD SURGERY,4740
2025-12-01,B82609,AMPLEFORTH SURGERY,4223
2025-12-01,B82619,TERRINGTON SURGERY,1816
2025-12-01,B82622,REETH MEDICAL CENTRE,1565
2025-12-01,B82628,HUNMANBY SURGERY,4470
2025-12-01,B83002,ILKLEY & WHARFEDALE MEDICAL PRACTICE,5621
2025-12-01,B83005,THORNBURY MEDICAL PRACTICE,6881
2025-12-01,B83008,LING HOUSE MEDICAL CENTRE,20124
2025-12-01,B83009,SUNNYBANK & COWGILL MEDICAL PRACTICE,15938
2025-12-01,B83010,PARKLANDS MEDICAL PRACTICE,10132
2025-12-01,B83012,MANOR MEDICAL PRACTICE,11231
2025-12-01,B83014,BINGLEY MEDICAL PRACTICE,13781
2025-12-01,B83015,TONG MEDICAL PRACTICE,8868
2025-12-01,B83016,FARROW MEDICAL CENTRE,8848
2025-12-01,B83018,IDLE MEDICAL CENTRE,12505
2025-12-01,B83019,GRANGE PARK SURGERY,7194
2025-12-01,B83020,THE WILLOWS MEDICAL PRACTICE,18237
2025-12-01,B83022,BAILDON MEDICAL PRACTICE,10019
2025-12-01,B83025,DR I M RAJA & PARTNER,4496
2025-12-01,B83026,PRIMROSE SURGERY,5910
2025-12-01,B83028,WIBSEY & QUEENSBURY MED P,10872
2025-12-01,B83029,LOW MOOR SURGERY,10182
2025-12-01,B83031,OAK GLEN SURGERY,3940
2025-12-01,B83032,BRADFORD MOOR PRACTICE,4437
2025-12-01,B83033,MODALITY PARTNERSHIP (AWC),86448
2025-12-01,B83034,GRANGE MEDICAL CENTRE,6962
2025-12-01,B83035,HORTON PARK MEDICAL PRACTICE,15861
2025-12-01,B83037,THE WILSDEN MEDICAL PRACTICE,10044
2025-12-01,B83038,LEYLANDS LANE MEDICAL PRACTICE,18776
2025-12-01,B83039,THE SALTAIRE & WINDHILL MEDICAL P'SHIP,24357
2025-12-01,B83041,BOWLING HALL MED PRACTICE,14628
2025-12-01,B83042,ROOLEY LANE MED. CENTRE,9084
2025-12-01,B83045,HOLLYNS HEALTH & WELLBEING,12376
2025-12-01,B83051,BRADFORD STUDENT HEALTH SERVICE,9886
2025-12-01,B83052,KENSINGTON PARTNERSHIP,23435
2025-12-01,B83054,HAIGH HALL MEDICAL PRACTICE,6197
2025-12-01,B83055,THE RIDGE MEDICAL PRACT.,31872
2025-12-01,B83056,MOORSIDE SURGERY,8617
2025-12-01,B83058,THE AVICENNA MEDICAL PRACTICE,8791
2025-12-01,B83062,ASHCROFT SURGERY,9167
2025-12-01,B83063,AFFINITY CARE,19269
2025-12-01,B83064,THE ROCKWELL AND WROSE PRACTICE,11544
2025-12-01,B83067,THE SPRINGFIELD SURGERY (BINGLEY),7832
2025-12-01,B83604,THE LISTER SURGERY,4796
2025-12-01,B83611,NEW OTLEY ROAD MEDICAL PRACTICE,11839
2025-12-01,B83614,PICTON MEDICAL CENTRE,9721
2025-12-01,B83620,ADDINGHAM SURGERY,3492
2025-12-01,B83622,DR IA GILKAR & PARTNERS,4326
2025-12-01,B83624,I G MEDICAL,17019
2025-12-01,B83626,VALLEY VIEW SURGERY,6501
2025-12-01,B83627,FRIZINGHALL MEDICAL CENTRE,3547
2025-12-01,B83628,CLARENDON MEDICAL CENTRE,9918
2025-12-01,B83629,PEEL PARK SURGERY,3212
2025-12-01,B83641,ASHWELL MEDICAL CENTRE,10725
2025-12-01,B83642,THE CITY MEDICAL PRACTICE,4623
2025-12-01,B83653,DR GILKAR,7920
2025-12-01,B83657,BEVAN COMMUNITY BENEFIT SOCIETY,5573
2025-12-01,B83659,PARK GRANGE MEDICAL CENTRE,3982
2025-12-01,B83660,BILTON MEDICAL CENTRE,5956
2025-12-01,B83661,MOOR PARK MEDICAL PRACTICE,2958
2025-12-01,B84001,STATION ROAD SURGERY,10209
2025-12-01,B84003,RYDINGS HALL SURGERY,7728
2025-12-01,B84004,HEBDEN BRIDGE GROUP PRACTICE,18578
2025-12-01,B84006,TODMORDEN GROUP PRACTICE,16089
2025-12-01,B84007,BRIG ROYD SURGERY,10617
2025-12-01,B84008,THE NORTHOLME PRACTICE,16401
2025-12-01,B84009,STAINLAND ROAD MEDICAL CENTRE,11535
2025-12-01,B84010,KEIGHLEY ROAD SURGERY,10146
2025-12-01,B84011,CHURCH LANE SURGERY,11011
2025-12-01,B84012,SPRING HALL GROUP PRACTICE,28535
2025-12-01,B84013,PLANE TREES GROUP PRACTICE,9333
2025-12-01,B84014,RASTRICK HEALTH CENTRE,5517
2025-12-01,B84016,BANKFIELD SURGERY,11423
2025-12-01,B84019,THE BOULEVARD MEDICAL PRACTICE,17190
2025-12-01,B84021,KING CROSS PRACTICE,8658
2025-12-01,B84612,LISTER LANE SURGERY,9074
2025-12-01,B84613,BEECHWOOD MEDICAL CENTRE,10648
2025-12-01,B84618,CARITAS GROUP PRACTICE,8007
2025-12-01,B84623,LONGROYDE SURGERY,5131
2025-12-01,B85001,PARKVIEW SURGERY,6772
2025-12-01,B85002,DEARNE VALLEY HEALTH CENTRE,4588
2025-12-01,B85004,CALDER VIEW SURGERY,6105
2025-12-01,B85005,SHEPLEY PRIMARY CARE LIMITED,6731
2025-12-01,B85006,ELMWOOD FAMILY DOCTORS,15367
2025-12-01,B85008,BATLEY HEALTH CENTRE SURGERY,6230
2025-12-01,B85009,"NORTH ROAD SUITE,RAVENSTHORPE HEALTH CTR",8658
2025-12-01,B85010,DALTON SURGERY,7083
2025-12-01,B85012,UNDERCLIFFE SURGERY,10770
2025-12-01,B85014,BROOKROYD HOUSE,9318
2025-12-01,B85015,WELLINGTON HOUSE,8452
2025-12-01,B85016,MELTHAM ROAD SURGERY,10671
2025-12-01,B85018,GROVE HOUSE SURGERY,9410
2025-12-01,B85019,MIRFIELD HEALTH CENTRE,17289
2025-12-01,B85020,EIGHTLANDS SURGERY,6664
2025-12-01,B85021,CLECKHEATON GROUP PRACTICE,9086
2025-12-01,B85022,HONLEY SURGERY,7988
2025-12-01,B85023,THE ALMONDBURY SURGERY,6269
2025-12-01,B85024,THE WATERLOO PRACTICE,9294
2025-12-01,B85025,BLACKBURN RD.MEDICAL CTR.,12306
2025-12-01,B85026,KIRKBURTON HEALTH CENTRE,7995
2025-12-01,B85027,LINDLEY GROUP PRACTICE LTD,10292
2025-12-01,B85028,THE GRANGE MEDICAL PRACTICE,17387
2025-12-01,B85030,THE GREENWAY MEDICAL PRACTICE,9380
2025-12-01,B85031,LEPTON AND KIRKHEATON SURGERIES,6991
2025-12-01,B85032,MELTHAM GROUP PRACTICE,5949
2025-12-01,B85033,THE LINDLEY VILLAGE SURG.,5710
2025-12-01,B85036,NEW STREET & NETHERTON GROUP PRACTICE,8550
2025-12-01,B85037,NEWSOME SURGERY LIMITED,5737
2025-12-01,B85038,THE PADDOCK SURGERY,5893
2025-12-01,B85041,MOUNT PLEASANT MED CENTRE,15851
2025-12-01,B85042,PADDOCK AND LONGWOOD FAMILY PRACTICE,9008
2025-12-01,B85044,THORNTON LODGE SURGERY,2934
2025-12-01,B85048,WOODHOUSE HILL SURGERY,4492
2025-12-01,B85051,FIELDHEAD SURGERY,7028
2025-12-01,B85054,COLNE VALLEY GROUP PRACTICE,10282
2025-12-01,B85055,HEALDS ROAD SURGERY,12940
2025-12-01,B85058,ROSE MEDICAL PRACTICE,3045
2025-12-01,B85059,SLAITHWAITE HEALTH CENTRE,8519
2025-12-01,B85060,GREENHEAD FAMILY DOCTORS,2384
2025-12-01,B85061,SKELMANTHORPE FAMILY DOCTORS,9622
2025-12-01,B85062,UNIVERSITY HEALTH CENTRE,14279
2025-12-01,B85606,THORNHILL LEES MEDICAL CENTRE,4595
2025-12-01,B85610,OAKLANDS HEALTH CENTRE,10899
2025-12-01,B85611,DR HANDA & PARTNER,3700
2025-12-01,B85612,LIVERSEDGE MEDICAL CENTRE,4765
2025-12-01,B85614,CROFT MEDICAL CENTRE,6936
2025-12-01,B85619,COOK LANE SURGERY,3171
2025-12-01,B85620,WINDSOR MEDICAL CENTRE,2933
2025-12-01,B85623,MARSH SURGERY,3420
2025-12-01,B85634,BIRKBY HEALTH CENTRE,3612
2025-12-01,B85636,WESTBOURNE SURGERY,4395
2025-12-01,B85640,KIRKGATE SURGERY,3605
2025-12-01,B85641,LOCKWOOD SURGERY,4272
2025-12-01,B85645,SAVILE TOWN MEDICAL CTR.,2464
2025-12-01,B85646,THE ALBION MOUNT MEDICAL PRACTICE,6289
2025-12-01,B85650,DR MAHMOOD & PARTNERS,4912
2025-12-01,B85652,SIDINGS HEALTHCARE CENTRE,7654
2025-12-01,B85655,CHERRY TREE SURGERY,2791
2025-12-01,B85659,THE WHITEHOUSE CENTRE,1765
2025-12-01,B85660,THE JUNCTION SURGERY,6713
2025-12-01,B86002,CITY VIEW MEDICAL PRACTICE,14962
2025-12-01,B86003,DR G LEES & PARTNERS,17095
2025-12-01,B86004,HIGHFIELD SURGERY,8583
2025-12-01,B86005,DR N DUMPHY & PARTNERS,5646
2025-12-01,B86006,OULTON MEDICAL CENTRE,15170
2025-12-01,B86007,WINDMILL HEALTH CENTRE,9252
2025-12-01,B86008,ALWOODLEY MEDICAL CENTRE,19123
2025-12-01,B86009,MANSTON SURGERY,7913
2025-12-01,B86010,COLLINGHAM CHURCH VIEW SURGERY,9950
2025-12-01,B86011,HILLFOOT SURGERY,9678
2025-12-01,B86012,LEEDS CITY MEDICAL PRACTICE,19352
2025-12-01,B86013,THE NORTH LEEDS MEDICAL PRACTICE,20476
2025-12-01,B86014,ROBIN LANE HEALTH AND WELLBEING CENTRE,13448
2025-12-01,B86015,MANOR PARK SURGERY,13947
2025-12-01,B86016,SHAFTESBURY MEDICAL CTR.,18380
2025-12-01,B86017,CRAVEN ROAD MEDICAL PRACTICE,17078
2025-12-01,B86018,MULBERRY STREET MEDICAL PRACTICE,7416
2025-12-01,B86019,DIAMOND MEDICAL GROUP,20371
2025-12-01,B86020,LOFTHOUSE SURGERY,11165
2025-12-01,B86022,OAKWOOD LANE MEDICAL PRACTICE,14197
2025-12-01,B86024,PRIORY VIEW MEDICAL CENTRE,9534
2025-12-01,B86025,HYDE PARK SURGERY,10907
2025-12-01,B86028,SOUTH QUEEN MEDICAL CENTRE,5183
2025-12-01,B86029,WESTGATE SURGERY,5740
2025-12-01,B86030,BURTON CROFT SURGERY,10854
2025-12-01,B86032,CHEVIN MEDICAL PRACTICE,18753
2025-12-01,B86033,CROSSLEY STREET SURGERY,11840
2025-12-01,B86034,SPA SURGERY,6839
2025-12-01,B86035,SOUTH BANK SURGERY,9409
2025-12-01,B86036,GIBSON LANE PRACTICE,11052
2025-12-01,B86038,GUISELEY AND YEADON MEDICAL PRACTICE,10695
2025-12-01,B86039,ALLERTON MEDICAL CENTRE,9704
2025-12-01,B86041,VESPER ROAD,7846
2025-12-01,B86042,LINGWELL CROFT SURGERY,15812
2025-12-01,B86043,EAST PARK MEDICAL CENTRE,10316
2025-12-01,B86044,"DR S HUTCHINSON & PARTNERS, IW&H M PRAC",28408
2025-12-01,B86048,GARFORTH MEDICAL CENTRE,14550
2025-12-01,B86049,WOODHOUSE MEDICAL PRACTICE,10344
2025-12-01,B86050,WEST LODGE SURGERY,20457
2025-12-01,B86051,AIRE VALLEY SURGERY,15006
2025-12-01,B86052,PARK ROAD & MENSTON,12078
2025-12-01,B86054,THE GARDEN SURGERY,6222
2025-12-01,B86055,ASHFIELD MEDICAL CENTRE,6276
2025-12-01,B86057,WINDSOR HOUSE GROUP PRACTICE,19824
2025-12-01,B86059,MEANWOOD HEALTH CENTRE,16355
2025-12-01,B86060,THORNTON MEDICAL CENTRE,10934
2025-12-01,B86061,HAREHILLS CORNER SURGERY,5269
2025-12-01,B86062,THE MEDICAL CENTRE,8239
2025-12-01,B86064,LEIGH VIEW MEDICAL PRACTICE,17038
2025-12-01,B86066,THE STREET LANE PRACTICE,14501
2025-12-01,B86067,THE DEKEYSER GROUP PRACTICE,16874
2025-12-01,B86068,ABBEY GRANGE MEDICAL PRACTICE,7822
2025-12-01,B86069,BURLEY PARK MEDICAL CENTRE,14020
2025-12-01,B86070,AIREBOROUGH FAMILY PRACTICE,4492
2025-12-01,B86071,WHITEHALL SURGERY,8469
2025-12-01,B86075,DR T P FOX & PARTNERS,13756
2025-12-01,B86081,BELLBROOKE SURGERY,14552
2025-12-01,B86086,LAUREL BANK SURGERY,7557
2025-12-01,B86089,NOVA SCOTIA MEDICAL CNTR,5989
2025-12-01,B86092,KIPPAX HALL SURGERY,6811
2025-12-01,B86093,PARK EDGE PRACTICE,5831
2025-12-01,B86094,DR S M CHEN & PARTNER,4962
2025-12-01,B86096,ARTHINGTON MEDICAL CENTRE,5644
2025-12-01,B86100,ST MARTINS PRACTICE,7679
2025-12-01,B86101,GILDERSOME HEALTH CENTRE,3516
2025-12-01,B86103,CONWAY MEDICAL CENTRE,4722
2025-12-01,B86104,BRAMLEY VILLAGE HEALTH & WELLBEING CTR,17280
2025-12-01,B86106,FOUNDRY LANE SURGERY,7694
2025-12-01,B86108,CHAPELTOWN FAMILY SURGERY,6664
2025-12-01,B86109,KIRKSTALL LANE MEDICAL CENTRE,7878
2025-12-01,B86110,LEEDS STUDENT MEDICAL PRACTICE,42306
2025-12-01,B86623,ASHTON VIEW MEDICAL CTR,5239
2025-12-01,B86642,DR S HUSSAIN,2929
2025-12-01,B86643,THE ROUNDHAY ROAD SURGERY,3848
2025-12-01,B86648,FAMILY DOCTORS,2450
2025-12-01,B86655,BEECH TREE MEDICAL CENTRE,2191
2025-12-01,B86658,MOORFIELD HOUSE SURGERY,11252
2025-12-01,B86666,NEWTON SURGERY,5725
2025-12-01,B86667,BEESTON VILLAGE SURGERY,8181
2025-12-01,B86669,YORK STREET HEALTH PRACTICE,3283
2025-12-01,B86672,HAWTHORN SURGERY,6903
2025-12-01,B86673,WETHERBY & BRAMHAM SURGERY,7191
2025-12-01,B86675,LINCOLN GREEN MEDICAL CENTRE,5268
2025-12-01,B86678,DRIGHLINGTON MEDICAL CENTRE,2980
2025-12-01,B87001,MIDDLESTOWN,9826
2025-12-01,B87002,ORCHARD CROFT,10545
2025-12-01,B87003,COLLEGE LANE SURGERY,10966
2025-12-01,B87004,WARRENGATE MEDICAL CENTRE,11828
2025-12-01,B87005,RIVERSIDE MEDICAL CENTRE,11651
2025-12-01,B87006,PARK GREEN SURGERY,10673
2025-12-01,B87007,NORTHGATE SURGERY,16118
2025-12-01,B87008,LUPSET HEALTH CENTRE,13417
2025-12-01,B87009,ST THOMAS ROAD SURGERY,6228
2025-12-01,B87011,FRIARWOOD SURGERY,13193
2025-12-01,B87012,MAYBUSH MEDICAL CENTRE,9904
2025-12-01,B87013,OUTWOOD PARK MEDICAL CENTRE,14451
2025-12-01,B87015,STUART ROAD,7356
2025-12-01,B87016,WHITE ROSE SURGERY,24569
2025-12-01,B87017,TRINITY MEDICAL CENTRE,27630
2025-12-01,B87018,HENRY MOORE CLINIC,11668
2025-12-01,B87019,STANLEY,7414
2025-12-01,B87020,CHAPELTHORPE,13827
2025-12-01,B87021,ASH GROVE,12892
2025-12-01,B87022,HOMESTEAD,9051
2025-12-01,B87025,CASTLEFORD MEDICAL PRACTICE,8434
2025-12-01,B87026,THE GRANGE MEDICAL CENTRE,14534
2025-12-01,B87027,NEW SOUTHGATE SURGERY,14041
2025-12-01,B87028,CROFTON AND SHARLSTON MED PRAC,10978
2025-12-01,B87030,HEALTH CARE FIRST PARTNERSHIP,29945
2025-12-01,B87031,OSSETT SURGERY,22181
2025-12-01,B87032,STATION LANE,8145
2025-12-01,B87033,NEWLAND SURGERY,5711
2025-12-01,B87036,LANGTHWAITE SURGERY,4130
2025-12-01,B87039,KING'S MEDICAL PRACTICE,14762
2025-12-01,B87042,TIEVE TARA,5600
2025-12-01,B87044,ALVERTHORPE,2407
2025-12-01,B87602,PATIENCE LANE SURGERY,3701
2025-12-01,B87604,EASTMOOR HEALTH CENTRE,2844
2025-12-01,C81001,SPRINGS HEALTH CENTRE,11506
2025-12-01,C81002,THE VALLEYS MEDICAL PARTNERSHIP,12326
2025-12-01,C81003,SETT VALLEY MEDICAL CENTRE,10065
2025-12-01,C81004,IVY GROVE SURGERY,10438
2025-12-01,C81005,JESSOP MEDICAL PRACTICE,16907
2025-12-01,C81006,HORIZON HEALTHCARE,28107
2025-12-01,C81007,VERNON STREET MEDICAL CTR,11814
2025-12-01,C81008,ROYAL PRIMARY CARE CLAY CROSS,9714
2025-12-01,C81009,WILSON STREET SURGERY,21472
2025-12-01,C81010,THE MOIR MEDICAL CENTRE,13808
2025-12-01,C81012,THE SURGERY AT WHEATBRIDGE,15852
2025-12-01,C81013,BASLOW HEALTH CENTRE,4715
2025-12-01,C81014,DERWENT VALLEY MEDICAL PRACTICE,11811
2025-12-01,C81015,NEWBOLD SURGERY,12393
2025-12-01,C81016,PEAK & DALES MEDICAL PARTNERSHIP,8513
2025-12-01,C81017,ARTHUR MEDICAL CENTRE,8961
2025-12-01,C81018,DOVE RIVER,9163
2025-12-01,C81020,NEWHALL SURGERY,11157
2025-12-01,C81021,OLD STATION SURGERY,15022
2025-12-01,C81022,SOUTH STREET SURGERY,4070
2025-12-01,C81023,THE AITUNE MEDICAL PRACTICE,7917
2025-12-01,C81025,DRONFIELD MEDICAL PRACTICE,10394
2025-12-01,C81026,ADAM HOUSE MEDICAL CENTRE,6565
2025-12-01,C81027,SOMERCOTES MEDICAL CENTRE,8346
2025-12-01,C81029,STAFFA HEALTH,17207
2025-12-01,C81030,CREDAS MEDICAL,9193
2025-12-01,C81031,PARK SURGERY,9603
2025-12-01,C81032,SWADLINCOTE SURGERY,13789
2025-12-01,C81033,SHIRES HEALTHCARE,16030
2025-12-01,C81034,STEWART MEDICAL CENTRE,16645
2025-12-01,C81035,VILLAGE SURGERY,12435
2025-12-01,C81036,FRIAR GATE SURGERY,4834
2025-12-01,C81037,ASHBOURNE MEDICAL PRACTICE,10733
2025-12-01,C81038,WHITEMOOR MEDICAL CENTRE,12547
2025-12-01,C81039,EYAM SURGERY,3615
2025-12-01,C81040,PARK LANE SURGERY,8564
2025-12-01,C81041,WELBECK ROAD HEALTH CENTRE,11984
2025-12-01,C81042,MICKLEOVER MEDICAL CENTRE,13016
2025-12-01,C81044,WHITTINGTON MOOR SURGERY,8518
2025-12-01,C81045,ROYAL PRIMARY CARE CHESTERFIELD WEST,13212
2025-12-01,C81046,WEST HALLAM MEDICAL CTR,4656
2025-12-01,C81047,ALVASTON MEDICAL CENTRE,12666
2025-12-01,C81048,APPLETREE MEDICAL PRACTICE,11032
2025-12-01,C81049,KELVINGROVE MEDICAL CENTRE,9718
2025-12-01,C81050,THE VILLAGE SURGERY,9630
2025-12-01,C81051,THE PARK MEDICAL PRACTICE,26925
2025-12-01,C81052,ROYAL PRIMARY CARE BROOKLYN,7077
2025-12-01,C81053,PARKSIDE SURGERY,10920
2025-12-01,C81054,HOLLYBROOK MEDICAL CENTRE,35449
2025-12-01,C81055,NORTH WINGFIELD MEDICAL CENTRE,4996
2025-12-01,C81056,CLAY CROSS MEDICAL CENTRE,6730
2025-12-01,C81057,WILLINGTON SURGERY,10617
2025-12-01,C81058,THE BRIMINGTON SURGERY,8858
2025-12-01,C81059,RIPLEY MEDICAL CENTRE,6039
2025-12-01,C81060,WOODVILLE SURGERY,10876
2025-12-01,C81061,LITTLEWICK MEDICAL CENTRE,17711
2025-12-01,C81062,HANNAGE BROOK MEDICAL CENTRE,8850
2025-12-01,C81063,THORNBROOK SURGERY,9490
2025-12-01,C81064,PARK FARM MEDICAL CENTRE,12788
2025-12-01,C81065,BUXTON MEDICAL PRACTICE,8996
2025-12-01,C81066,OVERDALE MEDICAL PRACTICE,12055
2025-12-01,C81067,CHATSWORTH ROAD MEDICAL CENTRE,9862
2025-12-01,C81068,CHAPEL STREET MEDICAL CENTRE,12208
2025-12-01,C81069,RIVERSDALE SURGERY,13658
2025-12-01,C81070,OAKHILL MEDICAL PRACTICE,3855
2025-12-01,C81071,OSMASTON SURGERY,12312
2025-12-01,C81072,LISTER HOUSE SURGERY,29211
2025-12-01,C81073,MACKLIN STREET SURGERY,12907
2025-12-01,C81075,HENMORE HEALTH - BRAILSFORD SURGERY,5263
2025-12-01,C81080,GOYT VALLEY MEDICAL PRACTICE,8091
2025-12-01,C81081,MANOR HOUSE SURGERY,20172
2025-12-01,C81082,HARTINGTON SURGERY,3474
2025-12-01,C81083,WEST PARK SURGERY,16792
2025-12-01,C81084,INSPIRE HEALTH - AVENUE HOUSE SURGERY,20351
2025-12-01,C81086,HENMORE HEALTH - ASHBOURNE SURGERY,8055
2025-12-01,C81089,STUBLEY MEDICAL CENTRE,6091
2025-12-01,C81091,KILLAMARSH MEDICAL PRACTICE,8448
2025-12-01,C81092,EVELYN MEDICAL CENTRE,5678
2025-12-01,C81094,CRICH MEDICAL PRACTICE,8224
2025-12-01,C81095,EMMETT CARR SURGERY,4858
2025-12-01,C81096,CRAG'S HEALTH CARE,5720
2025-12-01,C81097,COLLEGE STREET MEDICAL PRACTICE,5864
2025-12-01,C81099,LIMES MEDICAL CENTRE,10611
2025-12-01,C81101,LIME GROVE MEDICAL CENTRE,8337
2025-12-01,C81106,LAMBGATES HEALTH CENTRE,7413
2025-12-01,C81108,MELBOURNE & CHELLASTON MEDICAL PRACTICE,15588
2025-12-01,C81110,WELLBROOK MEDICAL CENTRE,12148
2025-12-01,C81113,MICKLEOVER SURGERY,6564
2025-12-01,C81114,GRESLEYDALE HEALTHCARE CENTRE,13948
2025-12-01,C81115,GLADSTONE HOUSE SURGERY,4981
2025-12-01,C81118,DERBY FAMILY MEDICAL CENTRE,8412
2025-12-01,C81604,EDEN SURGERY,4988
2025-12-01,C81611,MATLOCK AND ASHOVER PRACTICE,9835
2025-12-01,C81615,COTTAGE LANE SURGERY,2310
2025-12-01,C81616,PEARTREE MEDICAL CENTRE,5404
2025-12-01,C81634,ARDEN HOUSE MEDICAL PRACTICE,4649
2025-12-01,C81638,CASTLE STREET MEDICAL CENTRE,4012
2025-12-01,C81640,SIMMONDLEY MEDICAL PRACTICE,3694
2025-12-01,C81647,ST LAWRENCE ROAD SURGERY,4113
2025-12-01,C81649,CALOW AND BRIMINGTON PRACTICE,8010
2025-12-01,C81652,DERWENT MEDICAL CENTRE,4971
2025-12-01,C81653,BROOK MEDICAL CENTRE,4526
2025-12-01,C81655,FAMILY FRIENDLY SURGERY,3699
2025-12-01,C81658,WINGERWORTH MEDICAL CENTRE,7974
2025-12-01,C81662,BARLBOROUGH MEDICAL PRACTICE,8529
2025-12-01,C82001,SOUTH LEICESTERSHIRE MEDICAL GROUP,25693
2025-12-01,C82002,COUNTESTHORPE HEALTH CENTRE,10922
2025-12-01,C82003,GREENGATE MEDICAL CENTRE,11565
2025-12-01,C82005,GROBY ROAD MEDICAL CENTRE (ID PATCHETT),10985
2025-12-01,C82007,CASTLE DONINGTON SURGERY,10677
2025-12-01,C82008,OAKMEADOW SURGERY (GJ INGRAMS),8388
2025-12-01,C82009,MARKET HARBOROUGH MED.CTR,29495
2025-12-01,C82010,OAKHAM MEDICAL PRACTICE,14993
2025-12-01,C82011,PINFOLD MEDICAL PRACTICE,12662
2025-12-01,C82012,IBSTOCK & BARLESTONE SURGERIES,12051
2025-12-01,C82013,BUSHLOE SURGERY,13420
2025-12-01,C82014,CASTLE MEDICAL GROUP,18177
2025-12-01,C82016,LONG CLAWSON MEDICAL PRACTICE,11018
2025-12-01,C82017,MEASHAM MEDICAL UNIT,15940
2025-12-01,C82018,MANOR PARK MEDICAL PRACTICE,14142
2025-12-01,C82019,STURDEE ROAD HEALTH AND WELLBEING CENTRE,5891
2025-12-01,C82020,DE MONTFORT SURGERY,20925
2025-12-01,C82021,THE CENTRAL SURGERY,7350
2025-12-01,C82022,THE BILLESDON SURGERY,7355
2025-12-01,C82024,SPINNEY HILL MEDICAL CENTRE,20162
2025-12-01,C82025,THE WYCLIFFE MEDICAL PRACTICE,10809
2025-12-01,C82026,BRIDGE STREET MEDICAL PRACTICE,8279
2025-12-01,C82027,THE OLD SCHOOL SURGERY,7437
2025-12-01,C82028,MARKFIELD MEDICAL CENTRE,7278
2025-12-01,C82030,DOWNING DRIVE SURGERY,6888
2025-12-01,C82031,JOHNSON MEDICAL PRACTICE,15021
2025-12-01,C82032,THE ANSTEY SURGERY,7376
2025-12-01,C82033,HUMBERSTONE MEDICAL CENTRE (IP JONES),11486
2025-12-01,C82034,QUORN MEDICAL CENTRE,9674
2025-12-01,C82035,PARK VIEW SURGERY,7953
2025-12-01,C82037,EAST PARK MEDICAL CENTRE (RP PANDYA),10438
2025-12-01,C82038,LATHAM HOUSE MEDICAL PRACTICE,37269
2025-12-01,C82039,KINGSWAY SURGERY,11124
2025-12-01,C82040,ORCHARD SURGERY,9297
2025-12-01,C82041,CHARNWOOD MEDICAL GROUP,13079
2025-12-01,C82042,THE COUNTY PRACTICE,12818
2025-12-01,C82043,STATION VIEW HEALTH CENTRE,11060
2025-12-01,C82044,EMPINGHAM MEDICAL CENTRE,9445
2025-12-01,C82045,WHITWICK ROAD SURGERY,8511
2025-12-01,C82046,SAFFRON GROUP PRACTICE,17313
2025-12-01,C82047,MAPLES FAMILY MED.PRACT.,10680
2025-12-01,C82048,ROSEMEAD DRIVE SURGERY,5245
2025-12-01,C82050,LONG LANE SURGERY,14034
2025-12-01,C82051,NEWBOLD VERDON MED.PRACT.,11922
2025-12-01,C82052,DR AM LEWIS' PRACTICE,3735
2025-12-01,C82053,HOCKLEY FARM MED PRACT (A NANA),10990
2025-12-01,C82054,THE BURBAGE SURGERY,12414
2025-12-01,C82055,THE LIMES MEDICAL CENTRE,14360
2025-12-01,C82056,THE GLENFIELD SURGERY,14137
2025-12-01,C82059,WESTCOTES GP SURGERY (ONE),1948
2025-12-01,C82060,THE PRACTICE-SAYEED,4088
2025-12-01,C82061,BARWELL & HOLLYCROFT MEDICAL CENTRES,15452
2025-12-01,C82062,BARROW HEALTH CENTRE,9067
2025-12-01,C82063,EAST LEICESTER MED PRACT(S LONGWORTH),12346
2025-12-01,C82064,FOREST HOUSE SURGERY,12229
2025-12-01,C82066,FOREST MEDICAL GROUP,17410
2025-12-01,C82067,THE CROFT MEDICAL CENTRE,8770
2025-12-01,C82068,NORTHFIELD MEDICAL CENTRE,12397
2025-12-01,C82070,WOODBROOK MEDICAL CENTRE,10347
2025-12-01,C82071,WIGSTON CENTRAL SURGERY,14323
2025-12-01,C82072,BROOM LEYS SURGERY,8699
2025-12-01,C82073,MERRIDALE MEDICAL CENTRE (RP TEW),14191
2025-12-01,C82075,CASTLE MEAD MEDICAL CENTRE,10939
2025-12-01,C82076,THE WELBY PRACTICE,6856
2025-12-01,C82077,THE UPPINGHAM SURGERY,12746
2025-12-01,C82078,THE JUBILEE MEDICAL PRACTICE,11950
2025-12-01,C82079,SOUTH WIGSTON HEALTH CTR.,6870
2025-12-01,C82080,SHEFA MEDICAL PRACTICE,4699
2025-12-01,C82082,THE CENTRE SURGERY,5552
2025-12-01,C82084,DR B MODI,3801
2025-12-01,C82086,FOSSE MEDICAL CENTRE (DR H MUKADAM),10409
2025-12-01,C82088,HORIZON HEALTHCARE,10399
2025-12-01,C82091,BIRSTALL MEDICAL CENTRE,10015
2025-12-01,C82092,AYLESTONE HEALTH CENTRE,4749
2025-12-01,C82093,THE ORCHARD MED PRACTICE,12611
2025-12-01,C82094,BEAUMONT LODGE MEDICAL PRACTICE,6825
2025-12-01,C82095,ALPINE HOUSE SURGERY,9068
2025-12-01,C82096,HUGGLESCOTE SURGERY,10160
2025-12-01,C82097,CHARNWOOD SURGERY,2977
2025-12-01,C82098,HAZELMERE MEDICAL CENTRE,7245
2025-12-01,C82099,AL-WAQAS MEDICAL CENTRE,4611
2025-12-01,C82100,THE HEDGES MEDICAL CENTRE (SA BAILEY),6328
2025-12-01,C82102,MANOR HOUSE SURGERY,4784
2025-12-01,C82103,DISHLEY GRANGE MEDICAL PRACTICE,6933
2025-12-01,C82107,COSSINGTON PARK SURGERY,7839
2025-12-01,C82109,HUSBANDS BOSWORTH MEDICAL CENTRE,5253
2025-12-01,C82111,CAMPUS VIEW MEDICAL CENTRE,16902
2025-12-01,C82112,SEVERN SURGERY,9710
2025-12-01,C82114,DR U K ROY,2482
2025-12-01,C82116,HIGHFIELDS SURGERY (R WADHWA),5185
2025-12-01,C82119,NARBOROUGH ROAD SURGERY,3358
2025-12-01,C82120,WHITWICK HEALTH CENTRE,3938
2025-12-01,C82121,HEATH LANE SURGERY,14828
2025-12-01,C82124,VICTORIA PARK HEALTH CENTRE,24984
2025-12-01,C82600,THE BANKS SURGERY,6194
2025-12-01,C82610,THE PARKS MEDICAL CENTRE (B HAINSWORTH),6797
2025-12-01,C82611,THE MASHARANI PRACTICE,6958
2025-12-01,C82614,SPIRIT PRIMARY CARE LIMITED-ASQUITH,4366
2025-12-01,C82620,DR S SHAFI,2391
2025-12-01,C82624,SPIRIT PRIMARY CARE LTD-BEAUMONT LEYS,8374
2025-12-01,C82627,SILVERDALE MEDICAL CENTRE,8092
2025-12-01,C82628,GROBY SURGERY,3516
2025-12-01,C82631,ENDERBY MEDICAL CENTRE,7132
2025-12-01,C82634,RATBY MEDICAL CENTRE,6358
2025-12-01,C82639,WESTEND MEDICAL PRACTICE,10259
2025-12-01,C82642,HIGHFIELDS MEDICAL CENTRE,9629
2025-12-01,C82643,COMMUNITY HEALTH CENTRE (ZS OSAMA),14297
2025-12-01,C82644,DR MK LAKHANI'S PRACTICE,5065
2025-12-01,C82649,MARKET OVERTON & SOMERBY SURGERIES,5746
2025-12-01,C82650,DESFORD MEDICAL CENTRE,5380
2025-12-01,C82651,BROADHURST ST MED PRACT (KS MORJARIA),3783
2025-12-01,C82653,WESTCOTES GP SURGERY (TWO),2083
2025-12-01,C82656,FIELD STREET SURGERY,3115
2025-12-01,C82659,DR R KAPUR & PARTNERS,2924
2025-12-01,C82660,ST PETER'S MED CENTRE (MANSINGH & MEHRA),7476
2025-12-01,C82662,WALNUT ST MED CTR,8712
2025-12-01,C82667,THE CHARNWOOD PRACTICE,8193
2025-12-01,C82669,THE SURGERY @ AYLESTONE,4202
2025-12-01,C82670,INCLUSION HEALTHCARE,819
2025-12-01,C82671,BRANDON SURGERY DR R KAPUR & PARTNER,8258
2025-12-01,C82676,ST ELIZABETH'S MEDICAL CENTRE (JA WOOD),7396
2025-12-01,C82678,THURMASTON HEALTH CENTRE,5612
2025-12-01,C82680,SPIRIT PRIMARY CARE LTD-RUSHEY MEAD,4808
2025-12-01,C83001,HEART OF LINCOLN HEALTH GROUP,27911
2025-12-01,C83002,NAVENBY CLIFF VILLAGES SURGERY,8905
2025-12-01,C83003,BEECHFIELD MEDICAL CENTRE,21266
2025-12-01,C83004,LIQUORPOND SURGERY,11655
2025-12-01,C83005,SPILSBY SURGERY,7285
2025-12-01,C83007,LAKESIDE HEALTHCARE STAMFORD,26831
2025-12-01,C83008,SWINGBRIDGE SURGERY,7714
2025-12-01,C83009,LINDUM MEDICAL PRACTICE,8597
2025-12-01,C83010,PARKSIDE MEDICAL CENTRE,18471
2025-12-01,C83011,MILLVIEW MEDICAL CENTRE,12464
2025-12-01,C83013,RUSKINGTON SURGERY,7982
2025-12-01,C83014,BOULTHAM PARK MEDICAL PRACTICE,10268
2025-12-01,C83015,SWINESHEAD SURGERY,8688
2025-12-01,C83018,CLEVELAND SURGERY,12101
2025-12-01,C83019,BEACON MEDICAL PRACTICE,22358
2025-12-01,C83020,CAYTHORPE & ANCASTER MEDICAL PRACTICE,10157
2025-12-01,C83022,MUNRO MEDICAL CENTRE,23093
2025-12-01,C83023,SLEAFORD MEDICAL GROUP,17594
2025-12-01,C83024,THE GLENSIDE COUNTRY PRACTICE,3739
2025-12-01,C83025,RICHMOND MEDICAL CENTRE,18749
2025-12-01,C83026,THE DEEPINGS PRACTICE,23356
2025-12-01,C83027,HORNCASTLE MEDICAL GROUP,10338
2025-12-01,C83028,HOLBEACH MEDICAL CENTRE,7931
2025-12-01,C83029,BRANSTON & HEIGHINGTON FAMILY PRACTICE,4408
2025-12-01,C83030,BILLINGHAY MEDICAL PRACTICE,5207
2025-12-01,C83031,NETTLEHAM MEDICAL PRACTICE,12161
2025-12-01,C83032,MERTON LODGE SURGERY,6942
2025-12-01,C83033,HIBALDSTOW MEDICAL PRACTICE,3772
2025-12-01,C83035,HEREWARD MEDICAL CENTRE,12599
2025-12-01,C83036,GOSBERTON MEDICAL CENTRE,8369
2025-12-01,C83037,WELTON FAMILY HEALTH CENTRE,9878
2025-12-01,C83038,THE GLEBE PRACTICE,8080
2025-12-01,C83039,MOULTON MEDICAL CENTRE,5649
2025-12-01,C83040,ST. PETERS HILL SURGERY,14560
2025-12-01,C83041,THE WOODLAND MEDICAL PRACTICE,7675
2025-12-01,C83042,MARSH MEDICAL PRACTICE,6985
2025-12-01,C83043,MARKET RASEN SURGERY,10610
2025-12-01,C83044,CASKGATE STREET SURGERY,12449
2025-12-01,C83045,HAWTHORN MEDICAL PRACTICE,16717
2025-12-01,C83046,THE HEATH SURGERY,6083
2025-12-01,C83048,ST. JOHNS MEDICAL CENTRE,13265
2025-12-01,C83049,DR SINHA & PARTNERS,9565
2025-12-01,C83051,ABBEY MEDICAL PRACTICE,8896
2025-12-01,C83052,THE INGHAM SURGERY,4089
2025-12-01,C83053,COLSTERWORTH SURGERY,2443
2025-12-01,C83054,BOURNE GALLETLY PRACTICE TEAM,15873
2025-12-01,C83055,STICKNEY SURGERY,6174
2025-12-01,C83056,EAST LINDSEY MEDICAL GROUP,14129
2025-12-01,C83057,KIRTON MEDICAL CENTRE,8372
2025-12-01,C83058,WASHINGBOROUGH SURGERY,9259
2025-12-01,C83059,GREYFRIARS SURGERY,14101
2025-12-01,C83060,THE SIDINGS MEDICAL PRACTICE,15548
2025-12-01,C83061,NORTH THORESBY SURGERY,9052
2025-12-01,C83062,CHURCH WALK SURGERY,5878
2025-12-01,C83063,LONG SUTTON MEDICAL CTR.,15847
2025-12-01,C83064,MARISCO MEDICAL PRACTICE,14230
2025-12-01,C83065,LITTLEBURY MEDICAL CENTRE,9590
2025-12-01,C83067,LONG BENNINGTON MEDICAL CENTRE,6985
2025-12-01,C83072,MINSTER MEDICAL PRACTICE,9682
2025-12-01,C83073,CLIFF HOUSE MEDICAL PRACTICE,8322
2025-12-01,C83074,WILLINGHAM-BY-STOW SURGERY,4962
2025-12-01,C83075,VINE STREET SURGERY,10390
2025-12-01,C83078,BRANT ROAD & SPRINGCLIFFE SURGERY,8913
2025-12-01,C83079,GLEBE PARK SURGERY,7125
2025-12-01,C83080,THE HARROWBY LANE SURGERY,5829
2025-12-01,C83082,BIRCHWOOD MEDICAL PRACTICE,10755
2025-12-01,C83083,THE NEW CONINGSBY SURGERY,7713
2025-12-01,C83085,JAMES STREET FAMILY PRACTICE,13478
2025-12-01,C83611,THE BASSINGHAM SURGERY,7162
2025-12-01,C83613,CAISTOR HEALTH CENTRE,5315
2025-12-01,C83614,SUTTERTON SURGERY,3626
2025-12-01,C83617,ABBEYVIEW SURGERY,9272
2025-12-01,C83626,BRAYFORD MEDICAL PRACTICE,10920
2025-12-01,C83634,TASBURGH LODGE SURGERY,4959
2025-12-01,C83635,WOODHALL SPA NEW SURGERY,5303
2025-12-01,C83641,TRENT VALLEY SURGERY,4020
2025-12-01,C83643,BINBROOK SURGERY,2388
2025-12-01,C83649,MARKET CROSS SURGERY,5168
2025-12-01,C83650,THE WRAGBY SURGERY,4137
2025-12-01,C84001,LARWOOD HEALTH PARTNERSHIP,31360
2025-12-01,C84004,ST ALBANS MEDICAL CENTRE,9787
2025-12-01,C84005,VILLAGE HEALTH GROUP,28051
2025-12-01,C84008,TUXFORD MEDICAL CENTRE,6216
2025-12-01,C84009,BARNBY GATE SURGERY,13769
2025-12-01,C84010,TRENTSIDE MEDICAL GROUP,18896
2025-12-01,C84011,ELMSWOOD SURGERY,9100
2025-12-01,C84012,WILLOWBROOK MEDICAL PRACTICE,12050
2025-12-01,C84013,KINGFISHER FAMILY PRACTICE,15840
2025-12-01,C84014,WOODLANDS MEDICAL PRACTICE,11681
2025-12-01,C84016,OAKWOOD SURGERY,15846
2025-12-01,C84017,BELVOIR HEALTH GROUP,26965
2025-12-01,C84018,THE FAMILY MEDICAL CENTRE,12345
2025-12-01,C84019,FOUNTAIN MEDICAL CENTRE,12461
2025-12-01,C84020,CHURCHSIDE MEDICAL PRACTICE,7017
2025-12-01,C84021,MIDDLETON LODGE PRACTICE,13166
2025-12-01,C84023,THE UNIV OF NOTTINGHAM HEALTH SERV,41968
2025-12-01,C84024,NEWGATE MEDICAL GROUP,29936
2025-12-01,C84025,EAST BRIDGFORD MED CENTRE,8016
2025-12-01,C84026,STENHOUSE MEDICAL CENTRE,12818
2025-12-01,C84028,THE RUDDINGTON MED CENTRE,7671
2025-12-01,C84029,LOMBARD MEDICAL CENTRE,22426
2025-12-01,C84030,THE OAKS MEDICAL CENTRE,11983
2025-12-01,C84032,"EASTWOOD PRIMARY CARE CENTRE, CHURCH STREET SITE",18009
2025-12-01,C84033,WESTDALE LANE SURGERY,9292
2025-12-01,C84034,CHURCHFIELDS MEDICAL PRACTICE,8794
2025-12-01,C84035,CROWN HOUSE SURGERY,11515
2025-12-01,C84036,FOREST MEDICAL,18964
2025-12-01,C84037,ABBEY MEDICAL GROUP,12656
2025-12-01,C84039,DERBY ROAD HEALTH CENTRE,12444
2025-12-01,C84042,SAXON CROSS SURGERY,7213
2025-12-01,C84043,LEEN VIEW SURGERY,12707
2025-12-01,C84044,DEER PARK FAMILY MEDICAL PRACTICE,10702
2025-12-01,C84045,COLLINGHAM MEDICAL CENTRE,8024
2025-12-01,C84046,CLIFTON MEDICAL PRACTICE,9153
2025-12-01,C84047,THE CALVERTON PRACTICE,10583
2025-12-01,C84049,SOUTHWELL MEDICAL CENTRE,12150
2025-12-01,C84051,ORCHARD MEDICAL PRACTICE,19216
2025-12-01,C84053,TORKARD HILL MEDICAL CTRE,16916
2025-12-01,C84055,HIGHCROFT SURGERY,11247
2025-12-01,C84057,PLEASLEY SURGERY,4397
2025-12-01,C84059,SHERWOOD MEDICAL PARTNERSHIP,12902
2025-12-01,C84060,RIVERGREEN MEDICAL CENTRE,8607
2025-12-01,C84061,KING'S MEDICAL CENTRE,9711
2025-12-01,C84063,GREENDALE PRIMARY CARE CENTRE,8619
2025-12-01,C84064,PARKSIDE MEDICAL CENTRE,10533
2025-12-01,C84065,ABBEY MEDICAL CENTRE,5172
2025-12-01,C84066,DAYBROOK MEDICAL PRACTICE,10549
2025-12-01,C84067,ASHFIELD HOUSE (ANNESLEY),5572
2025-12-01,C84069,ROUNDWOOD SURGERY,13329
2025-12-01,C84072,THE WELLSPRING SURGERY,10514
2025-12-01,C84074,FAMILY MEDICAL CENTRE (KIRKBY),5284
2025-12-01,C84076,KIRKBY HEALTH CENTRE,4053
2025-12-01,C84077,BRIERLEY PARK MEDICAL GROUP,18850
2025-12-01,C84078,HUCKNALL ROAD MEDICAL CENTRE,13128
2025-12-01,C84080,THE MANOR SURGERY,13802
2025-12-01,C84081,JOHN RYLE MEDICAL PRACTICE,6973
2025-12-01,C84084,RADCLIFFE-ON-TRENT. HEALTH CENTRE,8538
2025-12-01,C84085,VICTORIA AND MAPPERLEY PRACTICE,10700
2025-12-01,C84086,ST GEORGES MED PRACTICE,15055
2025-12-01,C84087,RAINWORTH HEALTH CENTRE,5657
2025-12-01,C84090,MUSTERS MEDICAL PRACTICE,9338
2025-12-01,C84091,ASPLEY MEDICAL CENTRE,8851
2025-12-01,C84092,BRIDGEWAY PRACTICE,5399
2025-12-01,C84094,RIVERSIDE HEALTH PARTNERSHIP,24112
2025-12-01,C84095,OAKENHALL MEDICAL PRACT,7092
2025-12-01,C84101,BAWTRY AND BLYTH MEDICAL,3713
2025-12-01,C84105,FAIRFIELDS PRACTICE,7500
2025-12-01,C84106,MILLVIEW SURGERY,8375
2025-12-01,C84107,THE LINDEN MEDICAL GROUP,7016
2025-12-01,C84112,BRAMCOTE SURGERY,3810
2025-12-01,C84113,MAJOR OAK MEDICAL PRACTICE,7372
2025-12-01,C84115,PLAINS VIEW SURGERY,9736
2025-12-01,C84116,MELBOURNE PARK MEDICAL CENTRE,8407
2025-12-01,C84117,RADFORD MEDICAL PRACTICE (KAUR),20817
2025-12-01,C84120,CHILWELL VALLEY AND MEADOWS PRACTICE,15840
2025-12-01,C84122,WOLLATON PARK MEDICAL CENTRE,10834
2025-12-01,C84123,BILSTHORPE SURGERY,4390
2025-12-01,C84129,RISE PARK SURGERY,9810
2025-12-01,C84131,NEWTHORPE MEDICAL PRACTICE,8571
2025-12-01,C84136,ST. LUKE'S SURGERY,4930
2025-12-01,C84140,LOWMOOR ROAD SURGERY,4960
2025-12-01,C84142,SELSTON SURGERY,5253
2025-12-01,C84144,THE MEADOWS HEALTH CENTRE,5065
2025-12-01,C84150,UNITY SURGERY,4885
2025-12-01,C84151,THE MEDICAL CENTRE - ZULU ROAD,3599
2025-12-01,C84605,CASTLE HEALTHCARE PRACTICE,17690
2025-12-01,C84613,JUBILEE PARK MEDICAL PARTNERSHIP,12212
2025-12-01,C84619,TUDOR HOUSE MEDICAL PRACTICE,6929
2025-12-01,C84621,WEST BRIDGFORD MEDICAL CENTRE,5319
2025-12-01,C84624,HAMA MEDICAL CENTRE,5644
2025-12-01,C84628,SHERWOOD RISE MEDICAL CENTRE,8122
2025-12-01,C84629,"HEALTH CARE COMPLEX, KIRKBY",4355
2025-12-01,C84637,SANDY LANE SURGERY,9736
2025-12-01,C84646,THE IVY MEDICAL GROUP,6419
2025-12-01,C84654,JACKSDALE MEDICAL CENTRE,4540
2025-12-01,C84656,HILL VIEW SURGERY,8541
2025-12-01,C84658,MEDEN MEDICAL SERVICES,10486
2025-12-01,C84660,HOUNSFIELD SURGERY,4505
2025-12-01,C84664,WELBECK SURGERY,5252
2025-12-01,C84667,GILTBROOK SURGERY,6026
2025-12-01,C84676,GREENFIELDS MEDICAL PRACTICE,8456
2025-12-01,C84679,ACORN MEDICAL PRACTICE,4520
2025-12-01,C84682,SHERRINGTON PARK MEDICAL PRACTICE,5084
2025-12-01,C84683,THE WINDMILL PRACTICE,11353
2025-12-01,C84691,HIGH GREEN MEDICAL PRACTICE,9160
2025-12-01,C84692,NORTH LEVERTON SURGERY,2706
2025-12-01,C84693,BAKERSFIELD MEDICAL CENTRE,5212
2025-12-01,C84694,LIME TREE SURGERY,4632
2025-12-01,C84695,THE ALICE MEDICAL CENTRE,4503
2025-12-01,C84696,WEST OAK SURGERY,4878
2025-12-01,C84703,THE GAMSTON MEDICAL CTR.,6897
2025-12-01,C84704,JRB HEALTHCARE BEECHDALE SURGERY,8108
2025-12-01,C84705,HICKINGS LANE MEDICAL CTR,7982
2025-12-01,C84714,SUNRISE MEDICAL PRACTICE,6461
2025-12-01,C84720,NOTSPAR,34
2025-12-01,C85001,GOLDTHORPE MEDICAL CENTRE PMS PRACTICE,4471
2025-12-01,C85003,ASHVILLE MEDICAL CENTRE PMS PRACTICE,13252
2025-12-01,C85004,PENISTONE GROUP PMS PRACTICE,16324
2025-12-01,C85005,ROYSTON GROUP PRACTICE,7352
2025-12-01,C85006,WOODLAND DRIVE MEDICAL CENTRE,5542
2025-12-01,C85007,THE DOVE VALLEY PMS PRACTICE,10500
2025-12-01,C85008,WALDERSLADE SURGERY,12858
2025-12-01,C85009,THE KAKOTY PRACTICE,7456
2025-12-01,C85010,HILL BROW SURGERY PMS PRACTICE,16756
2025-12-01,C85013,WOMBWELL GMS PRACTICE,11087
2025-12-01,C85014,THE ROSE TREE PMS PRACTICE,9804
2025-12-01,C85016,GARLAND HOUSE SURGERY,10858
2025-12-01,C85017,BURLEIGH MEDICAL CENTRE,11751
2025-12-01,C85018,GRIMETHORPE SURGERY,7400
2025-12-01,C85019,THE GROVE MEDICAL PRACTICE,11330
2025-12-01,C85020,HUDDERSFIELD ROAD SURGERY,12197
2025-12-01,C85022,HOYLAND MEDICAL PRACTICE,13119
2025-12-01,C85023,HOLLYGREEN PRACTICE,11402
2025-12-01,C85024,HIGH STREET PRACTICE,6344
2025-12-01,C85028,LUNDWOOD MEDICAL CENTRE PMS PRACTICE,3761
2025-12-01,C85030,WOMBWELL MEDICAL CENTRE PRACTICE,10083
2025-12-01,C85033,VICTORIA MEDICAL CENTRE PMS PRACTICE,11238
2025-12-01,C85614,DARTON HEALTH CENTRE PRACTICE,4558
2025-12-01,C85619,ST GEORGE'S MEDICAL CENTRE PMS PRACTICE,8721
2025-12-01,C85622,MONK BRETTON HEALTH CENTRE PRACTICE,2286
2025-12-01,C85623,KINGSWELL SURGERY PMS PRACTICE,5711
2025-12-01,C86001,GREAT NORTH MEDICAL GROUP,16669
2025-12-01,C86002,THE RANSOME PRACTICE,8246
2025-12-01,C86003,HATFIELD HEALTH CENTRE,9753
2025-12-01,C86005,MEXBOROUGH HEALTH CENTRE,4766
2025-12-01,C86006,REGENT SQUARE GROUP PRACTICE,10460
2025-12-01,C86007,THE BURNS PRACTICE,19185
2025-12-01,C86009,THE MAYFLOWER MEDICAL PRACTICE,7468
2025-12-01,C86011,MOUNT GROUP PRACTICE,14006
2025-12-01,C86012,THE OAKWOOD SURGERY,5531
2025-12-01,C86013,THE TICKHILL & COLLIERY MEDICAL PRACTICE,8671
2025-12-01,C86015,THE ROSSINGTON PRACTICE,8314
2025-12-01,C86016,THE LAKESIDE PRACTICE,9163
2025-12-01,C86017,KINGTHORNE GROUP PRACTICE,15796
2025-12-01,C86018,NORTHFIELD SURGERY,9952
2025-12-01,C86019,THE SCOTT PRACTICE,16811
2025-12-01,C86020,ST. JOHNS GROUP PRACTICE,8700
2025-12-01,C86021,WHITE HOUSE FARM MEDICAL CENTRE,6218
2025-12-01,C86023,DON VALLEY HEALTHCARE,13992
2025-12-01,C86024,CONISBROUGH GROUP PRACTICE,12007
2025-12-01,C86025,FRANCES STREET MEDICAL CENTRE,6644
2025-12-01,C86026,EDLINGTON HEALTH CENTRE PRACTICE,5015
2025-12-01,C86029,ST VINCENT MEDICAL CENTRE,14038
2025-12-01,C86032,SCAWSBY HEALTH CENTRE PRACTICE,5524
2025-12-01,C86033,THE NAYAR PRACTICE,5205
2025-12-01,C86034,THE NEW SURGERY,10031
2025-12-01,C86037,FIELD ROAD SURGERY,9329
2025-12-01,C86038,PETERSGATE MEDICAL CENTRE,9484
2025-12-01,C86605,ASKERN MEDICAL PRACTICE,7734
2025-12-01,C86609,ASA MEDICAL GROUP,20153
2025-12-01,C86611,DUNSVILLE MEDICAL CENTRE,6970
2025-12-01,C86614,THORNE MOOR MEDICAL PRACTICE,9683
2025-12-01,C86616,DENABY MEDICAL PRACTICE,3693
2025-12-01,C86621,WEST END CLINIC,4533
2025-12-01,C86625,CONISBROUGH MEDICAL PRACTICE,1709
2025-12-01,C86626,PARK VIEW SURGERY,2766
2025-12-01,C87002,DINNINGTON GROUP PRACTICE,21132
2025-12-01,C87003,WOODSTOCK BOWER GROUP PRACTICE,11440
2025-12-01,C87004,KIVETON PARK MEDICAL PRACTICE,11994
2025-12-01,C87005,ST ANN'S MEDICAL CENTRE,19048
2025-12-01,C87006,THE MAGNA GROUP PRACTICE,15169
2025-12-01,C87007,STAG MEDICAL CENTRE,11705
2025-12-01,C87008,SWALLOWNEST HEALTH CENTRE,16170
2025-12-01,C87009,BRINSWORTH MEDICAL CENTRE,10707
2025-12-01,C87010,YORK ROAD SURGERY,4713
2025-12-01,C87012,BROOM LANE MEDICAL CENTRE,15508
2025-12-01,C87013,PARKGATE MEDICAL CENTRE,6546
2025-12-01,C87014,TREETON MEDICAL CENTRE,9471
2025-12-01,C87015,WICKERSLEY HEALTH CENTRE,6789
2025-12-01,C87016,MORTHEN ROAD SURGERY,12237
2025-12-01,C87017,CLIFTON MEDICAL CENTRE,12959
2025-12-01,C87018,HIGH STREET SURGERY,7695
2025-12-01,C87020,GREENSIDE SURGERY,5146
2025-12-01,C87022,VILLAGE SURGERY,8594
2025-12-01,C87024,RAWMARSH HEALTH CENTRE,4199
2025-12-01,C87029,MARKET SURGERY,12593
2025-12-01,C87030,CROWN STREET SURGERY,9469
2025-12-01,C87031,DR RAOLU'S PRACTICE,3950
2025-12-01,C87603,GREASBROUGH MEDICAL CENTRE,4066
2025-12-01,C87604,THORPE HESLEY SURGERY,5956
2025-12-01,C87608,SHAKESPEARE ROAD SURGERY,5906
2025-12-01,C87616,BLYTH ROAD MEDICAL CENTRE,6362
2025-12-01,C87620,MANOR FIELD SURGERY,7131
2025-12-01,C87622,GATEWAY PRIMARY CARE,10314
2025-12-01,C88005,WALKLEY HOUSE & STANNINGTON M.C,15912
2025-12-01,C88006,NORFOLK PARK HEALTH CENTRE,5990
2025-12-01,C88007,PORTER BROOK MEDICAL CENTRE,26880
2025-12-01,C88008,FORGE HEALTH GROUP,14217
2025-12-01,C88009,FOXHILL MEDICAL CENTRE,6184
2025-12-01,C88010,CHAPELGREEN PRACTICE,14171
2025-12-01,C88011,BUCHANAN ROAD SURGERY,4764
2025-12-01,C88014,NORWOOD MEDICAL CENTRE,9647
2025-12-01,C88015,MEADOWGREEN HEALTH CENTRE,18927
2025-12-01,C88016,CARTERKNOWLE & DORE MEDICAL PRACTICE,13668
2025-12-01,C88018,TRAMWAYS MEDICAL CENTRE (O'CONNELL),8820
2025-12-01,C88019,GLEADLESS MEDICAL CENTRE,8691
2025-12-01,C88020,WHITE HOUSE SURGERY,7703
2025-12-01,C88021,FAR LANE MEDICAL CENTRE,7543
2025-12-01,C88022,STONECROFT MEDICAL CENTRE,5211
2025-12-01,C88023,SOTHALL & BEIGHTON HEALTH CENTRES,9601
2025-12-01,C88025,BIRLEY HEALTH CENTRE,9264
2025-12-01,C88026,SLOAN MEDICAL CENTRE,13904
2025-12-01,C88027,UPWELL STREET SURGERY,5117
2025-12-01,C88028,BROOMHILL SURGERY,10089
2025-12-01,C88030,DUKE MEDICAL CENTRE,8247
2025-12-01,C88031,UPPERTHORPE MEDICAL CENTRE,13838
2025-12-01,C88032,CHARNOCK HEALTH PRIMARY CARE CENTRE,5590
2025-12-01,C88034,NETHERGREEN SURGERY,9142
2025-12-01,C88035,FIRTH PARK SURGERY,10766
2025-12-01,C88036,HANDSWORTH MEDICAL PRACTICE,10572
2025-12-01,C88037,STEEL CITY GENERAL PRACTICE,14427
2025-12-01,C88038,THE MATHEWS PRACTICE BELGRAVE,6145
2025-12-01,C88039,ECCLESFIELD GROUP PRACT,8918
2025-12-01,C88040,OUGHTIBRIDGE SURGERY,6150
2025-12-01,C88041,WOODSEATS MEDICAL CENTRE,12845
2025-12-01,C88043,TRAMWAYS AND MIDDLEWOOD MEDICAL CENTRES,10951
2025-12-01,C88044,MANCHESTER ROAD SURGERY,5451
2025-12-01,C88045,DYKES HALL MEDICAL CENTRE,8833
2025-12-01,C88046,BEAUCHIEF MEDICAL PRACTICE,6885
2025-12-01,C88047,WINCOBANK MEDICAL CENTRE,7692
2025-12-01,C88048,BURNGREAVE SURGERY,8159
2025-12-01,C88049,ELM LANE SURGERY,5963
2025-12-01,C88050,JAUNTY SPRINGS HEALTH CENTRE,3547
2025-12-01,C88051,PAGE HALL MEDICAL CENTRE,8128
2025-12-01,C88052,HOLLIES MEDICAL CENTRE,10963
2025-12-01,C88053,FALKLAND HOUSE SURGERY,3971
2025-12-01,C88054,GRENOSIDE SURGERY,7792
2025-12-01,C88059,HAROLD STREET MEDICAL CENTRE,2557
2025-12-01,C88060,SHARROW LANE MEDICAL CENTRE,4961
2025-12-01,C88062,RUSTLINGS ROAD MEDICAL CENTRE,4613
2025-12-01,C88069,CLOVER GROUP PRACTICE,16050
2025-12-01,C88070,SHIREGREEN MEDICAL CENTRE,7959
2025-12-01,C88072,WOODHOUSE MEDICAL CENTRE,11954
2025-12-01,C88073,HEELEY GREEN SURGERY,5282
2025-12-01,C88074,DEEPCAR MEDICAL CENTRE,5179
2025-12-01,C88076,DEVONSHIRE GREEN MEDICAL CENTRE,9279
2025-12-01,C88077,GREEN CROSS GROUP PRACTICE,7856
2025-12-01,C88078,MOSBOROUGH HEALTH CENTRE,7134
2025-12-01,C88079,CROOKES PRACTICE,8438
2025-12-01,C88082,CARRFIELD MEDICAL CENTRE,6478
2025-12-01,C88083,SELBORNE ROAD MEDICAL CENTRE,2395
2025-12-01,C88084,CLOVER NORTH DARNALL HEALTH CENTRE,3105
2025-12-01,C88085,RICHMOND MEDICAL CENTRE,9716
2025-12-01,C88086,SOUTHEY GREEN MEDICAL CTR,2611
2025-12-01,C88087,DOVERCOURT GROUP PRACTICE,9469
2025-12-01,C88088,EAST BANK MEDICAL CENTRE,7567
2025-12-01,C88090,MANOR AND PARK GROUP PRACTICE,8013
2025-12-01,C88091,BARNSLEY ROAD SURGERY,2358
2025-12-01,C88092,VALLEY MEDICAL CENTRE,9556
2025-12-01,C88095,MILL ROAD SURGERY,5544
2025-12-01,C88622,SHEFFIELD MEDICAL CENTRE,2958
2025-12-01,C88627,UNIVERSITY HEALTH SERVICE HEALTH CENTRE,36464
2025-12-01,C88631,VERITAS HEALTH CENTRE,1432
2025-12-01,C88647,THE THORPE PRACTICE,10644
2025-12-01,C88648,CRYSTAL PEAKS MEDICAL CENTRE,7197
2025-12-01,C88652,GREYSTONES MEDICAL CENTRE,4199
2025-12-01,C88655,THE MEDICAL CENTRE DR OKORIE,1150
2025-12-01,D81001,LENSFIELD MEDICAL PRACTICE,14598
2025-12-01,D81002,HUNTINGDON ROAD SURGERY,23910
2025-12-01,D81003,YORK STREET MEDICAL PRACTICE,11041
2025-12-01,D81004,ALCONBURY SURGERY,14520
2025-12-01,D81005,NEWNHAM WALK SURGERY,15503
2025-12-01,D81008,NORTH BRINK PRACTICE,19254
2025-12-01,D81010,PRIORY FIELDS SURGERY,11340
2025-12-01,D81011,CLARKSON SURGERY,9357
2025-12-01,D81012,CORNFORD HOUSE SURGERY,11318
2025-12-01,D81013,TRUMPINGTON STREET MEDICAL PRACTICE,21405
2025-12-01,D81014,STAPLOE MEDICAL CENTRE,23799
2025-12-01,D81015,PARSON DROVE SURGERY,7075
2025-12-01,D81016,ARBURY ROAD SURGERY,12726
2025-12-01,D81017,MILL ROAD SURGERY,9258
2025-12-01,D81018,"ORCHARD SURGERY,MELBOURN",8281
2025-12-01,D81021,ST. GEORGE'S MEDICAL CENTRE,13005
2025-12-01,D81022,JENNER HEALTHCARE,17571
2025-12-01,D81025,CHERRY HINTON MEDICAL CENTRE,9288
2025-12-01,D81026,BOROUGHBURY MEDICAL CENTRE,47741
2025-12-01,D81027,WELLSIDE SURGERY,8021
2025-12-01,D81028,FIRS HOUSE SURGERY,12973
2025-12-01,D81029,OLD FLETTON SURGERY,13440
2025-12-01,D81030,GROVE MEDICAL PRACTICE,15108
2025-12-01,D81031,YAXLEY GROUP PRACTICE,20823
2025-12-01,D81033,OVER SURGERY,5007
2025-12-01,D81034,ST MARY'S SURGERY,18864
2025-12-01,D81035,COMBERTON SURGERY,10059
2025-12-01,D81036,PRIORS FIELD SURGERY,5107
2025-12-01,D81037,BRIDGE STREET MEDICAL CENTRE,11801
2025-12-01,D81038,KIMBOLTON MEDICAL CENTRE,7307
2025-12-01,D81041,BOURN SURGERY,6891
2025-12-01,D81042,WATERBEACH AND COTTENHAM SURGERIES,9640
2025-12-01,D81043,GRANTA MEDICAL PRACTICES,58820
2025-12-01,D81044,NUFFIELD ROAD MEDICAL CENTRE,14159
2025-12-01,D81045,BUCKDEN SURGERY,10513
2025-12-01,D81046,NEW QUEEN STREET SURGERY,19352
2025-12-01,D81047,ASHWELL SURGERY,8087
2025-12-01,D81049,SPINNEY SURGERY,11846
2025-12-01,D81050,THE HICKS GROUP PRACTICE,17258
2025-12-01,D81051,BURWELL SURGERY,9712
2025-12-01,D81052,CORNERSTONE PRACTICE,9625
2025-12-01,D81054,RED HOUSE SURGERY,21187
2025-12-01,D81055,BOTTISHAM MEDICAL PRACTICE,5861
2025-12-01,D81056,PETERSFIELD MEDICAL PRACTICE,7210
2025-12-01,D81057,LAKESIDE HEALTHCARE ST NEOTS,20981
2025-12-01,D81058,HARSTON SURGERY,7768
2025-12-01,D81059,RAMSEY HEALTH CENTRE,7707
2025-12-01,D81060,MOAT HOUSE SURGERY,7568
2025-12-01,D81061,GEORGE CLARE SURGERY,12022
2025-12-01,D81062,HADDENHAM SURGERY,8102
2025-12-01,D81064,MERCHEFORD HOUSE,6992
2025-12-01,D81065,NIGHTINGALE MEDICAL CENTRE,7154
2025-12-01,D81066,QUEEN EDITH MEDICAL PRACTICE,10768
2025-12-01,D81070,WOODLANDS SURGERY,11349
2025-12-01,D81073,WESTWOOD CLINIC,5812
2025-12-01,D81078,MAPLE SURGERY BAR HILL HEALTH CENTRE,4130
2025-12-01,D81081,GREAT STAUGHTON SURGERY,5406
2025-12-01,D81082,ALMOND ROAD SURGERY,7918
2025-12-01,D81084,WILLINGHAM MEDICAL PRACTICE,12358
2025-12-01,D81085,PAPWORTH SURGERY,7487
2025-12-01,D81086,EAST BARNWELL HEALTH CENTRE,7793
2025-12-01,D81603,RIVERSIDE PRACTICE,7482
2025-12-01,D81606,RIVERPORT MEDICAL PRACTICE,13489
2025-12-01,D81607,SWAVESEY SURGERY,3588
2025-12-01,D81611,FENLAND GROUP PRACTICE,13554
2025-12-01,D81612,MILTON SURGERY,4984
2025-12-01,D81615,THORPE ROAD,11739
2025-12-01,D81618,AILSWORTH MEDICAL CENTRE,3443
2025-12-01,D81622,TRINITY SURGERY,14671
2025-12-01,D81625,THISTLEMOOR MEDICAL CENTRE,32396
2025-12-01,D81629,WILLOW TREE SURGERY,6515
2025-12-01,D81630,HAMPTON MEDICAL CENTRE,12928
2025-12-01,D81631,CENTRAL MEDICAL CENTRE,15296
2025-12-01,D81633,ACORN SURGERY,11442
2025-12-01,D81637,MONKFIELD MEDICAL PRACTICE,14066
2025-12-01,D81645,THE GRANGE MEDICAL CENTRE,2847
2025-12-01,D82001,HOLT MEDICAL PRACTICE,14290
2025-12-01,D82002,GROVE SURGERY,12562
2025-12-01,D82003,BEACHES MEDICAL CENTRE,24863
2025-12-01,D82004,CROMER GROUP PRACTICE,12085
2025-12-01,D82005,SHERINGHAM MEDICAL PRACTICE,9407
2025-12-01,D82006,CHET VALLEY MEDICAL PRACTICE,8926
2025-12-01,D82007,EAST NORFOLK MEDICAL PRACTICE,25350
2025-12-01,D82008,ST STEPHENS GATE MEDICAL PARTNERSHIP,19065
2025-12-01,D82009,STALHAM STAITHE SURGERY,7128
2025-12-01,D82010,GRIMSTON MEDICAL CENTRE,5310
2025-12-01,D82011,CASTLE PARTNERSHIP,17752
2025-12-01,D82012,MAGDALEN MEDICAL PRACTICE,14775
2025-12-01,D82013,OLD CATTON MEDICAL PRACTICE,8782
2025-12-01,D82015,BRIDGE STREET SURGERY,8447
2025-12-01,D82016,MARKET SURGERY,10074
2025-12-01,D82017,TRINITY & BOWTHORPE MEDICAL PRACTICE,11435
2025-12-01,D82018,HELLESDON MEDICAL PRACTICE,11228
2025-12-01,D82019,THE MILLWOOD PARTNERSHIP,19415
2025-12-01,D82020,ORCHARD SURGERY,13165
2025-12-01,D82022,LAWNS PRACTICE,7162
2025-12-01,D82023,ROUNDWELL MEDICAL CENTRE,15094
2025-12-01,D82024,MARRIOTT'S MEDICAL PRACTICES,13122
2025-12-01,D82025,HOVETON & WROXHAM MEDICAL CENTRE,10191
2025-12-01,D82026,LAKENHAM SURGERY,8772
2025-12-01,D82027,HEACHAM GROUP PRACTICE,7646
2025-12-01,D82028,LUDHAM AND STALHAM GREEN SURGERIES,5940
2025-12-01,D82029,DRAYTON MEDICAL PRACTICE,19280
2025-12-01,D82030,REEPHAM & AYLSHAM MEDICAL PRACTICE,8910
2025-12-01,D82031,PARISH FIELDS PRACTICE,8164
2025-12-01,D82032,BRUNDALL MEDICAL PARTNERSHIP,8423
2025-12-01,D82034,ATTLEBOROUGH SURGERY,19025
2025-12-01,D82035,UPWELL HEALTH CENTRE,10963
2025-12-01,D82036,OLD MILL AND MILLGATES MEDICAL PRACTICE,8997
2025-12-01,D82037,LONG STRATTON MEDICAL PARTNERSHIP,11209
2025-12-01,D82038,WELLS HEALTH CENTRE,3276
2025-12-01,D82039,MATTISHALL AND LENWADE SURGERIES,8691
2025-12-01,D82040,WENSUM VALLEY MEDICAL PRACTICE,13141
2025-12-01,D82041,SCHOOL LANE SURGERY,10171
2025-12-01,D82042,E HARLING & KENNINGHALL MEDICAL PRACTICE,8650
2025-12-01,D82043,WATLINGTON MEDICAL CENTRE,6758
2025-12-01,D82044,VIDA HEALTHCARE,30230
2025-12-01,D82045,WYMONDHAM MEDICAL PARTNERSHIP,19489
2025-12-01,D82046,CHURCH HILL SURGERY,4493
2025-12-01,D82047,OAK STREET MEDICAL PRACT.,6784
2025-12-01,D82048,THORPEWOOD MEDICAL GROUP,12547
2025-12-01,D82049,LITCHAM HEALTH CENTRE,3499
2025-12-01,D82050,THEATRE ROYAL SURGERY,10877
2025-12-01,D82051,ST JAMES MEDICAL PRACTICE,18262
2025-12-01,D82053,MUNDESLEY MEDICAL CENTRE,5768
2025-12-01,D82054,FAKENHAM MEDICAL PRACTICE,15620
2025-12-01,D82056,ELMHAM SURGERY,9942
2025-12-01,D82057,CAMPINGLAND SURGERY,7162
2025-12-01,D82058,COASTAL VILLAGES PRACTICE,17507
2025-12-01,D82059,BIRCHWOOD MEDICAL PRACTICE,11982
2025-12-01,D82062,COLTISHALL MEDICAL PRACTICE,8798
2025-12-01,D82063,WATTON MEDICAL PRACTICE,14164
2025-12-01,D82064,HUMBLEYARD PRACTICE,22498
2025-12-01,D82065,MANOR FARM MEDICAL CENTRE,7932
2025-12-01,D82066,PASTON SURGERY,6694
2025-12-01,D82067,THE PARK SURGERY,15160
2025-12-01,D82068,HOWDALE SURGERY,7901
2025-12-01,D82070,GREAT MASSINGHAM SURGERY,6465
2025-12-01,D82071,EAST NORWICH MEDICAL PARTNERSHIP,14102
2025-12-01,D82072,BURNHAM SURGERY,3926
2025-12-01,D82073,THE LIONWOOD MEDICAL PRACTICE,15151
2025-12-01,D82076,LAWSON ROAD SURGERY,8771
2025-12-01,D82078,HEATHGATE MEDICAL PRACTICE,10004
2025-12-01,D82079,FELTWELL SURGERY,5575
2025-12-01,D82080,BLOFIELD SURGERY,8901
2025-12-01,D82084,HARLESTON MEDICAL PRACTICE,8062
2025-12-01,D82085,HINGHAM SURGERY,8010
2025-12-01,D82087,PROSPECT MEDICAL PRACTICE,6878
2025-12-01,D82088,UEA MEDICAL CENTRE,20871
2025-12-01,D82096,WOODCOCK RD SURGERY,8489
2025-12-01,D82099,SOUTHGATES SURGICAL & MEDICAL CENTRE,17370
2025-12-01,D82100,SHIPDHAM SURGERY,4559
2025-12-01,D82104,ACLE MEDICAL PARTNERSHIP,9486
2025-12-01,D82105,ST CLEMENTS SURGERY,7737
2025-12-01,D82106,WEST POTTERGATE MED PRAC,6009
2025-12-01,D82600,FLEGGBURGH SURGERY,1964
2025-12-01,D82604,BOUGHTON SURGERY,3577
2025-12-01,D82618,THE WOOTTONS SURGERY,5789
2025-12-01,D82621,PLOWRIGHT MEDICAL CENTRE,6875
2025-12-01,D82624,WINDMILL SURGERY,8608
2025-12-01,D82628,ALDBOROUGH SURGERY,4073
2025-12-01,D83001,CONSTABLE COUNTRY RURAL MEDICAL PRACTICE,11203
2025-12-01,D83002,ALEXANDRA & CRESTVIEW SURGERIES,15505
2025-12-01,D83003,WICKHAMBROOK SURGERY,5056
2025-12-01,D83004,FELIXSTOWE ROAD MEDICAL PRACTICE,10223
2025-12-01,D83005,ANGEL HILL SURGERY,13981
2025-12-01,D83006,BILDESTON HEALTH CENTRE,7518
2025-12-01,D83007,IXWORTH SURGERY,9544
2025-12-01,D83008,BURLINGTON PRIMARY CARE,16558
2025-12-01,D83009,BECCLES MEDICAL CENTRE,19175
2025-12-01,D83010,LONGSHORE SURGERIES,6445
2025-12-01,D83011,BRIDGE ROAD SURGERY,11939
2025-12-01,D83012,UNITY HEALTHCARE,23783
2025-12-01,D83013,THE GUILDHALL AND BARROW SURGERY,13667
2025-12-01,D83015,HOWARD HOUSE SURGERY,8352
2025-12-01,D83016,VICTORIA ROAD SURGERY,10549
2025-12-01,D83017,NEEDHAM MARKET COUNTRY PRACTICE,13823
2025-12-01,D83018,MARKET CROSS SURGERY,12901
2025-12-01,D83019,MENDLESHAM MEDICAL GROUP,7924
2025-12-01,D83020,THE HOLBROOK AND SHOTLEY PRACTICE,8004
2025-12-01,D83021,HAVERHILL FAMILY PRACTICE,20342
2025-12-01,D83022,SOLE BAY H/C,5415
2025-12-01,D83023,HIGH STREET SURGERY,11536
2025-12-01,D83024,IVRY STREET MEDICAL PRACTICE,13941
2025-12-01,D83026,FRAMLINGHAM SURGERY,9122
2025-12-01,D83027,ORCHARD HOUSE SURGERY,11685
2025-12-01,D83028,LEISTON SURGERY,9401
2025-12-01,D83029,THE ROOKERY MEDICAL CENTRE,14135
2025-12-01,D83030,KIRKLEY MILL HEALTH CENTRE,7563
2025-12-01,D83033,BOTESDALE HEALTH CENTRE,10094
2025-12-01,D83034,BUNGAY MEDICAL CENTRE,11734
2025-12-01,D83035,CUTLERS HILL SURGERY,10675
2025-12-01,D83037,HADLEIGH HEALTH CENTRE,16315
2025-12-01,D83038,MOUNT FARM SURGERY,16080
2025-12-01,D83040,VICTORIA SURGERY,11254
2025-12-01,D83041,DEBENHAM GROUP PRACTICE,10006
2025-12-01,D83043,EYE HEALTH CENTRE,6297
2025-12-01,D83044,STOWHEALTH,23632
2025-12-01,D83045,LAKENHEATH SURGERY,5517
2025-12-01,D83046,TWO RIVERS MEDICAL CENTRE,29694
2025-12-01,D83047,ROSEDALE SURGERY,15924
2025-12-01,D83048,GROVE MEDICAL CENTRE,17750
2025-12-01,D83049,LITTLE ST JOHN STREET SURGERY,6897
2025-12-01,D83050,CARDINAL MEDICAL PRACTICE,28347
2025-12-01,D83051,THE DERBY ROAD PRACTICE,19531
2025-12-01,D83053,SAXMUNDHAM HEALTH CENTRE,9383
2025-12-01,D83054,THE PENINSULA PRACTICE,6901
2025-12-01,D83055,WOOLPIT HEALTH CENTRE,16106
2025-12-01,D83056,HAWTHORN DRIVE SURGERY,11034
2025-12-01,D83057,FRAMFIELD HOUSE SURGERY,14522
2025-12-01,D83059,BARRACK LANE MEDICAL CENTRE,21713
2025-12-01,D83060,HARDWICKE HOUSE GROUP PRACTICE,24237
2025-12-01,D83061,WICKHAM MARKET MEDICAL CENTRE,10008
2025-12-01,D83062,FOREST SURGERY,7549
2025-12-01,D83064,GLEMSFORD SURGERY,4602
2025-12-01,D83067,OAKFIELD SURGERY,8367
2025-12-01,D83069,FRESSINGFIELD MEDICAL CENTRE,6403
2025-12-01,D83070,STANTON SURGERY,5130
2025-12-01,D83073,DR SOLWAY AND DR ROY PRACTICE,5750
2025-12-01,D83074,ORCHARD MEDICAL PRACTICE,14232
2025-12-01,D83075,SIAM SURGERY,13155
2025-12-01,D83076,CLARE GUILDHALL SURGERY,5565
2025-12-01,D83078,THE REYNARD SURGERY,10230
2025-12-01,D83079,COMBS FORD SURGERY,9313
2025-12-01,D83080,MARTLESHAM SURGERY,5988
2025-12-01,D83081,HAVEN HEALTH,8350
2025-12-01,D83084,EMBRACE MEDICAL CENTRE,6529
2025-12-01,D83608,ANDAMAN SURGERY,6522
2025-12-01,D83610,SWAN SURGERY,12864
2025-12-01,E81002,GREENSAND SURGERY (AMPTHILL),10215
2025-12-01,E81003,DR JL HENDERSON & PARTNERS,21192
2025-12-01,E81004,SALISBURY HOUSE SURGERY,12288
2025-12-01,E81005,BELL HOUSE MEDICAL CENTRE,10812
2025-12-01,E81006,STOPSLEY VILLAGE PRACTICE,9507
2025-12-01,E81007,HARROLD MEDICAL PRACTICE,6675
2025-12-01,E81008,WHEATFIELD SURGERY,12074
2025-12-01,E81009,WEST STREET SURGERY,12432
2025-12-01,E81010,DR WHM MATTA'S PRACTICE,9300
2025-12-01,E81012,GREENSANDS (POTTON),13008
2025-12-01,E81013,CASTLE MEDICAL GROUP PRACTICE,15355
2025-12-01,E81014,PRIORY GARDENS SURGERY,18541
2025-12-01,E81015,FLITWICK SURGERY,14392
2025-12-01,E81016,LISTER HOUSE SURGERY,6465
2025-12-01,E81018,WOODLAND AVENUE PRACTICE,13170
2025-12-01,E81019,LONDON ROAD HEALTH CENTRE,23026
2025-12-01,E81021,QUEENS PARK HEALTH CENTRE,22620
2025-12-01,E81022,LARKSFIELD AND ARLESEY MEDICAL PRACTICE,19432
2025-12-01,E81024,SHARNBROOK SURGERY,6135
2025-12-01,E81025,THE OAKLEY SURGERY,7653
2025-12-01,E81026,LARKSIDE PRACTICE,9983
2025-12-01,E81027,HOUGHTON REGIS MEDICAL CENTRE,13601
2025-12-01,E81028,THE BLENHEIM MEDICAL CENTRE,16099
2025-12-01,E81029,PUTNOE MEDICAL CENTRE PARTNERSHIP,18165
2025-12-01,E81030,CAULDWELL MEDICAL CENTRE,11000
2025-12-01,E81031,GREAT BARFORD SURGERY,5206
2025-12-01,E81032,LEA VALE MEDICAL PRACTICE,47779
2025-12-01,E81033,SHEFFORD HEALTH CENTRE,20366
2025-12-01,E81034,TODDINGTON MEDICAL CENTRE,8295
2025-12-01,E81035,SANDY HEALTH CENTRE,10019
2025-12-01,E81036,IVEL MEDICAL CENTRE,13070
2025-12-01,E81037,THE DE PARYS GROUP,36316
2025-12-01,E81038,KING STREET SURGERY,21458
2025-12-01,E81040,SUNDON MEDICAL CENTRE,9495
2025-12-01,E81041,GARDENIA PRACTICE,13941
2025-12-01,E81043,MARSTON FOREST HEALTHCARE,10969
2025-12-01,E81044,LEIGHTON ROAD SURGERY,19535
2025-12-01,E81045,KINGSBURY COURT SURGERY,10562
2025-12-01,E81046,DR A SULAKSHANA & PARTNERS,12190
2025-12-01,E81047,GOLDINGTON AVENUE SURGERY,18035
2025-12-01,E81048,BUTE HOUSE MEDICAL CENTRE,11077
2025-12-01,E81049,PRIORY MEDICAL CENTRE,7773
2025-12-01,E81050,ASPLANDS MEDICAL CENTRE,12807
2025-12-01,E81052,KIRBY ROAD SURGERY,8126
2025-12-01,E81057,SAFFRON HEALTH PARTNERSHIP,21682
2025-12-01,E81060,LINDEN ROAD SURGERY,6312
2025-12-01,E81061,DR CARRAGHER AND NEAL AND AKHTAR,7228
2025-12-01,E81063,CONWAY MEDICAL CENTRE,9310
2025-12-01,E81069,CADDINGTON SURGERY,4959
2025-12-01,E81073,THE MEDICI MEDICAL PRACTICE,18261
2025-12-01,E81074,HOUGHTON CLOSE SURGERY,11725
2025-12-01,E81076,DR DV SHAH'S PRACTICE,5792
2025-12-01,E81612,DRS MIRZA SUKHANI & PARTNERS,5601
2025-12-01,E81615,ASHBURNHAM ROAD SURGERY,4264
2025-12-01,E81617,DR PS BATH'S PRACTICE,5286
2025-12-01,E81631,MALZEARD ROAD PRACTICE,9880
2025-12-01,E81632,BARTON HILLS MEDICAL GROUP,8382
2025-12-01,E81633,NEVILLE ROAD SURGERY,5465
2025-12-01,E81635,EASTGATE SURGERY,8462
2025-12-01,E82001,ROTHSCHILD HOUSE GROUP,43944
2025-12-01,E82002,WRAFTON HOUSE SURGERY,10958
2025-12-01,E82004,HATFIELD ROAD SURGERY,5003
2025-12-01,E82005,STANMORE MEDICAL GROUP,48555
2025-12-01,E82006,THE LIMES SURGERY,7690
2025-12-01,E82007,HANSCOMBE HOUSE SURGERY,11886
2025-12-01,E82008,THE NEVELLS ROAD SURGERY,11159
2025-12-01,E82009,LINCOLN HOUSE SURGERY,23552
2025-12-01,E82012,FAIRBROOK MEDICAL CENTRE,14677
2025-12-01,E82013,BRIDGEWATER SURGERIES,36264
2025-12-01,E82014,"LODGE,HIGHFIELD & REDBOURN",19859
2025-12-01,E82015,SUTHERGREY HOUSE MEDICAL CENTRE,8611
2025-12-01,E82017,GARSTON MEDICAL CENTRE,13176
2025-12-01,E82018,LISTER HOUSE SURGERY,14920
2025-12-01,E82019,BRIDGE COTTAGE SURGERY,15871
2025-12-01,E82020,CONSULTING ROOMS,6706
2025-12-01,E82021,MUCH HADHAM HEALTH CENTRE,6667
2025-12-01,E82022,FERNVILLE SURGERY,18599
2025-12-01,E82023,BURVILL HOUSE SURGERY,12311
2025-12-01,E82024,LEA WHARF MEDICAL,17830
2025-12-01,E82027,PARKFIELD MEDICAL CENTRE,12669
2025-12-01,E82031,MALTINGS SURGERY,19642
2025-12-01,E82032,BENNETTS END SURGERY,15141
2025-12-01,E82035,KNEBWORTH & MARYMEAD PRACTICE,12774
2025-12-01,E82037,VILLAGE SURGERY,15592
2025-12-01,E82038,THE BUNTINGFORD & PUCKERIDGE MED PRAC.,20262
2025-12-01,E82040,PEARTREE LANE SURGERY,21105
2025-12-01,E82041,THE GARDEN CITY PRACTICE,12727
2025-12-01,E82042,ABBEY ROAD SURGERY,9305
2025-12-01,E82043,SCHOPWICK SURGERY,15209
2025-12-01,E82044,THE PORTMILL SURGERY,14577
2025-12-01,E82045,WATFORD HEALTH CENTRE,18999
2025-12-01,E82046,VINE HOUSE HEALTH CENTRE,10546
2025-12-01,E82050,GROVE HILL MEDICAL CENTRE,5320
2025-12-01,E82051,EVEREST HOUSE SURGERY,14582
2025-12-01,E82053,BANCROFT MEDICAL CENTRE,17959
2025-12-01,E82055,MIDWAY SURGERY,13428
2025-12-01,E82056,SHEPHALL HEALTH CENTRE,10398
2025-12-01,E82058,POTTERELLS MEDICAL CENTRE,17379
2025-12-01,E82059,GRANGE STREET SURGERY,10528
2025-12-01,E82060,PARKBURY HOUSE SURGERY,22032
2025-12-01,E82061,AMWELL SURGERY,14296
2025-12-01,E82062,HALL GROVE GROUP PRACTICE,16079
2025-12-01,E82063,THE MAPLES,12429
2025-12-01,E82066,HAVERFIELD SURGERY,3733
2025-12-01,E82067,CHURCH STREET PARTNERSHIP,16685
2025-12-01,E82068,GADE AND CHORLEYWOOD HEALTH CENTRES,19583
2025-12-01,E82069,THE ELMS SURGERY,8917
2025-12-01,E82070,WOODHALL FARM MEDICAL CTR,3512
2025-12-01,E82071,ELMS MEDICAL PRACTICE,17230
2025-12-01,E82073,MANOR VIEW PRACTICE,48514
2025-12-01,E82074,SOUTH STREET SURGERY,23049
2025-12-01,E82075,REGAL CHAMBERS SURGERY,12519
2025-12-01,E82077,DAVENPORT HOUSE SURGERY,12511
2025-12-01,E82078,HIGHVIEW MEDICAL CENTRE,10180
2025-12-01,E82079,CROMWELL MEDICAL CENTRE,8952
2025-12-01,E82081,CUFFLEY AND GOFFS OAK MEDICAL PRACTICE,13578
2025-12-01,E82082,THE BIRCHWOOD AND SOLLERSHOTT SURGERIES,18486
2025-12-01,E82083,THE COLNE PRACTICE,10356
2025-12-01,E82084,HARVEY GROUP PRACTICE,13813
2025-12-01,E82085,THE RED HOUSE GROUP,18734
2025-12-01,E82086,KING GEORGE & MANOR HOUSE SURGERIES,24411
2025-12-01,E82088,HAILEY VIEW SURGERY,10102
2025-12-01,E82090,PARK LANE SURGERY,9965
2025-12-01,E82091,PARKWOOD SURGERY,16490
2025-12-01,E82092,DOLPHIN HOUSE SURGERY,16706
2025-12-01,E82093,BEDWELL MEDICAL CENTRE,13743
2025-12-01,E82094,THE MANOR STREET SURGERY,12568
2025-12-01,E82096,SHEEPCOT MEDICAL CENTRE,10530
2025-12-01,E82098,ANNANDALE MEDICAL CENTRE,7667
2025-12-01,E82099,THE BALDOCK SURGERY,12641
2025-12-01,E82100,CENTRAL SURGERY,13784
2025-12-01,E82102,NEW RIVER HEALTH,17503
2025-12-01,E82105,ABBOTSWOOD MEDICAL CENTRE,4983
2025-12-01,E82106,NEW ROAD SURGERY,14012
2025-12-01,E82107,SUMMERFIELD HEALTH CENTRE,10715
2025-12-01,E82111,THE SYMONDS GREEN HEALTH CENTRE,7375
2025-12-01,E82113,VERULAM MEDICAL GROUP,7245
2025-12-01,E82115,STOCKWELL LODGE MED.CTR.,10460
2025-12-01,E82117,THE GROVE MEDICAL CENTRE,12608
2025-12-01,E82121,WATTON PLACE CLINIC,5170
2025-12-01,E82123,WARDEN LODGE MEDICAL PRACTICE,9746
2025-12-01,E82124,ATTENBOROUGH SURGERY,33500
2025-12-01,E82129,KINGS LANGLEY SURGERY,15543
2025-12-01,E82132,ROYSIA SURGERY,6109
2025-12-01,E82133,HIGH STREET SURGERY,9411
2025-12-01,E82626,WHITWELL SURGERY,2838
2025-12-01,E82638,STANHOPE SURGERY,6924
2025-12-01,E82643,ARCHWAY SURGERY,2930
2025-12-01,E82652,GOSSOMS END SURGERY,3214
2025-12-01,E82654,HELIX MEDICAL CENTRE,10625
2025-12-01,E82655,SOUTH OXHEY SURGERY,4219
2025-12-01,E82657,LITTLE BUSHEY SURGERY,6307
2025-12-01,E82661,THE GARDEN CITY SURGERY,8157
2025-12-01,E83003,OAKLEIGH ROAD HEALTH CENTRE,10459
2025-12-01,E83005,LICHFIELD GROVE SURGERY,6127
2025-12-01,E83006,GREENFIELD MEDICAL CENTRE,6856
2025-12-01,E83007,SQUIRES LANE MEDICAL PRACTICE,4970
2025-12-01,E83008,HEATHFIELDE MEDICAL CENTRE,8345
2025-12-01,E83009,PHGH DOCTORS,12944
2025-12-01,E83010,THE SPEEDWELL PRACTICE,12722
2025-12-01,E83011,THE EVERGLADE MEDICAL PRACTICE,11175
2025-12-01,E83012,THE OLD COURT HOUSE SURGERY,10260
2025-12-01,E83013,CORNWALL HOUSE SURGERY,5413
2025-12-01,E83016,MILLWAY MEDICAL PRACTICE,24851
2025-12-01,E83017,LONGROVE SURGERY,17486
2025-12-01,E83018,WATLING MEDICAL CENTRE,18215
2025-12-01,E83020,ST. GEORGES MEDICAL CENTRE,11803
2025-12-01,E83021,TORRINGTON PARK GROUP PRACTICE,12534
2025-12-01,E83024,ST ANDREWS MEDICAL PRACTICE.,11434
2025-12-01,E83025,PENNINE DRIVE PRACTICE,7894
2025-12-01,E83026,SUPREME MEDICAL CENTRE,3731
2025-12-01,E83027,THE PRACTICE AT 188,10774
2025-12-01,E83028,PARKVIEW SURGERY,6199
2025-12-01,E83030,PENSHURST GARDENS SURGERY,7440
2025-12-01,E83031,THE VILLAGE SURGERY,6267
2025-12-01,E83032,OAK LODGE MEDICAL CENTRE,17455
2025-12-01,E83034,COLNEY HATCH LANE SURGERY,5033
2025-12-01,E83035,WENTWORTH GROUP PRACTICE - FINCHLEY,18372
2025-12-01,E83038,JAI MEDICAL CENTRE,9014
2025-12-01,E83039,RAVENSCROFT MEDICAL CENTRE,5509
2025-12-01,E83041,WAKEMANS HILL SURGERY,4760
2025-12-01,E83044,ADDINGTON MEDICAL CENTRE,9921
2025-12-01,E83045,FRIERN BARNET MEDICAL CENTRE,9773
2025-12-01,E83046,MULBERRY MEDICAL PRACTICE,7936
2025-12-01,E83049,LANGSTONE WAY SURGERY,7363
2025-12-01,E83050,EAST FINCHLEY MEDICAL CENTRE,7436
2025-12-01,E83053,LANE END MEDICAL GROUP,14825
2025-12-01,E83600,DRS ADLER AND ROSENBERG,7818
2025-12-01,E83613,EAST BARNET HEALTH CENTRE,11377
2025-12-01,E83621,BRUNSWICK PARK MEDICAL PRACTICE,9297
2025-12-01,E83622,TEMPLE FORTUNE MEDICAL GROUP,9432
2025-12-01,E83637,COLINDALE MEDICAL CENTRE LP,12491
2025-12-01,E83638,THE MOUNTFIELD SURGERY,5181
2025-12-01,E83639,ROSEMARY SURGERY,6174
2025-12-01,E83649,THE HODFORD ROAD PRACTICE,4474
2025-12-01,E83653,THE PHOENIX PRACTICE,12191
2025-12-01,E83668,DR SP TALPAHEWA,3983
2025-12-01,E84002,FORTY WILLOWS SURGERY,7495
2025-12-01,E84003,PREMIER MEDICAL CENTRE,14866
2025-12-01,E84004,THE CIRCLE PRACTICE,7556
2025-12-01,E84005,KINGS ROAD SURGERY,7442
2025-12-01,E84006,THE LAW MEDICAL GROUP PRACTICE,16901
2025-12-01,E84007,UXENDON CRESCENT SURGERY,5923
2025-12-01,E84008,SIMPSON HOUSE MEDICAL CENTRE,10422
2025-12-01,E84009,ENDERLEY ROAD MEDICAL CENTRE,12191
2025-12-01,E84011,ST ANDREWS MEDICAL CENTRE,1753
2025-12-01,E84012,MAPESBURY MEDICAL GROUP,8205
2025-12-01,E84013,CHURCH END MEDICAL CENTRE,8446
2025-12-01,E84014,BACON LANE SURGERY,10089
2025-12-01,E84015,WILLOW TREE FAMILY DOCTORS,14920
2025-12-01,E84017,SUDBURY & ALPERTON MEDICAL CENTRE,7824
2025-12-01,E84018,STREATFIELD HEALTH CENTRE,7836
2025-12-01,E84020,JAI MEDICAL CENTRE (BRENT),6411
2025-12-01,E84021,THE WILLESDEN MEDICAL CENTRE,16916
2025-12-01,E84022,ROXBOURNE MEDICAL CENTRE,7020
2025-12-01,E84024,THE PINN MEDICAL CENTRE,21528
2025-12-01,E84025,THE LONSDALE MEDICAL CENTRE,19450
2025-12-01,E84028,THE STONEBRIDGE PRACTICE,6158
2025-12-01,E84030,PRESTON HILL SURGERY,4538
2025-12-01,E84031,BRENTFIELD MEDICAL CENTRE,9522
2025-12-01,E84032,ELLIS PRACTICE,6611
2025-12-01,E84033,CHALKHILL FAMILY PRACTICE,6789
2025-12-01,E84036,GLADSTONE MEDICAL CENTRE,9268
2025-12-01,E84039,HONEYPOT MEDICAL CENTRE,18848
2025-12-01,E84040,THE PINNER ROAD SURGERY,4475
2025-12-01,E84042,KILBURN PARK MEDICAL CENTRE,7001
2025-12-01,E84044,THE NORTHWICK SURGERY,11412
2025-12-01,E84048,THE FRYENT WAY SURGERY,7664
2025-12-01,E84049,BRAMPTON HEALTH CENTRE,7430
2025-12-01,E84051,STANLEY CORNER MEDICAL CENTRE,6434
2025-12-01,E84053,HATCH END MEDICAL CENTRE,3265
2025-12-01,E84057,THE STANMORE MEDICAL CENTRE,12651
2025-12-01,E84058,GP DIRECT,26956
2025-12-01,E84059,THE ALLENDALE ROAD SURGERY,4760
2025-12-01,E84061,ELLIOTT HALL MEDICAL CTR.,11399
2025-12-01,E84062,THE SHAFTESBURY MEDICAL CENTRE,5615
2025-12-01,E84063,LANCELOT MEDICAL CENTRE,9165
2025-12-01,E84066,GP PATHFINDER CLINICS,106804
2025-12-01,E84067,CHURCH LANE SURGERY,9944
2025-12-01,E84068,THE RIDGEWAY SURGERY,15066
2025-12-01,E84069,BELMONT HEALTH CENTRE,19246
2025-12-01,E84070,PINNER VIEW MEDICAL CENTRE,5801
2025-12-01,E84074,FREUCHEN MEDICAL CENTRE,12685
2025-12-01,E84075,MOLLISON WAY SURGERY,12093
2025-12-01,E84076,OXGATE GARDENS SURGERY,6533
2025-12-01,E84078,KINGSBURY HEALTH AND WELLBEING,5232
2025-12-01,E84080,STAVERTON SURGERY,8409
2025-12-01,E84083,LANFRANC MEDICAL CENTRE,5977
2025-12-01,E84086,WALM LANE SURGERY,6823
2025-12-01,E84601,KENTON BRIDGE MEDICAL CENTRE DR GOLDEN,7712
2025-12-01,E84617,THE CIVIC MEDICAL CENTRE,7801
2025-12-01,E84620,PRESTON ROAD SURGERY,6387
2025-12-01,E84626,THE SUNFLOWER MEDICAL CENTRE,4825
2025-12-01,E84635,THE SURGERY,5608
2025-12-01,E84637,HILLTOP MEDICAL PRACTICE,5007
2025-12-01,E84638,ALPERTON MEDICAL CENTRE,6367
2025-12-01,E84645,PARK ROYAL MEDICAL PRACTICE,8828
2025-12-01,E84646,THE STREATFIELD MEDICAL CENTRE,7641
2025-12-01,E84647,KENTON CLINIC,5048
2025-12-01,E84653,ZAIN MEDICAL CENTRE,7348
2025-12-01,E84656,ROUNDWOOD PARK MEDICAL CENTRE,5974
2025-12-01,E84658,ASPRI MEDICAL CENTRE,5372
2025-12-01,E84663,KENTON BRIDGE MEDICAL CENTRE - DR RAJA,8093
2025-12-01,E84665,NEASDEN MEDICAL CENTRE,9060
2025-12-01,E84674,CHICHELE ROAD SURGERY,5054
2025-12-01,E84676,HEADSTONE LANE MEDICAL CENTRE,3945
2025-12-01,E84678,PRESTON MEDICAL CENTRE,4729
2025-12-01,E84680,HEADSTONE ROAD SURGERY,5316
2025-12-01,E84684,THE TUDOR HOUSE MEDICAL CENTRE,4997
2025-12-01,E84685,SUDBURY SURGERY,7953
2025-12-01,E84693,ST. PETER'S MEDICAL CENTRE,10173
2025-12-01,E84699,KINGS EDGE MEDICAL CENTRE,4050
2025-12-01,E84701,PEARL MEDICAL PRACTICE,5040
2025-12-01,E84702,WILLESDEN GREEN SURGERY,14247
2025-12-01,E84704,ST. GEORGES MEDICAL CENTRE,2545
2025-12-01,E84709,WEMBLEY PARK MEDICAL CENTRE,25320
2025-12-01,E85001,THORNBURY ROAD CENTRE FOR HEALTH,9101
2025-12-01,E85003,NORTH END MEDICAL CENTRE,18894
2025-12-01,E85004,ALBANY PRACTICE,7418
2025-12-01,E85005,THE WESTWAY SURGERY,5236
2025-12-01,E85006,WATERSIDE MEDICAL CENTRE,5073
2025-12-01,E85007,ST. MARGARETS PRACTICE,12761
2025-12-01,E85008,NORTH FULHAM SURGERY,6438
2025-12-01,E85012,KS MEDICAL CENTRE,5229
2025-12-01,E85013,WESTSEVEN GP,5964
2025-12-01,E85014,NORTHFIELDS SURGERY,8454
2025-12-01,E85015,HOUNSLOW MEDICAL CENTRE,9768
2025-12-01,E85016,RICHFORD GATE MEDICAL CENTRE,11971
2025-12-01,E85019,CROWN STREET SURGERY,10136
2025-12-01,E85020,BROOK GREEN MEDICAL CENTRE,15986
2025-12-01,E85021,YEADING MEDICAL CENTRE,6888
2025-12-01,E85023,CHEPSTOW GARDENS MEDICAL CENTRE,3115
2025-12-01,E85024,CARLTON SURGERY,5320
2025-12-01,E85025,CASSIDY ROAD MEDICAL CENTRE,11630
2025-12-01,E85026,GORDON HOUSE SURGERY,15650
2025-12-01,E85028,HILLCREST SURGERY,8866
2025-12-01,E85029,"THE MEDICAL CENTRE, DR JEFFERIES & PARTN",14868
2025-12-01,E85030,CHISWICK HEALTH PRACTICE,7215
2025-12-01,E85032,ASHCHURCH SURGERY,4626
2025-12-01,E85033,HAMMERSMITH SURGERY,11417
2025-12-01,E85034,GROSVENOR HOUSE SURGERY,5339
2025-12-01,E85035,MOUNT MEDICAL CENTRE,7345
2025-12-01,E85038,PALACE SURGERY,5581
2025-12-01,E85040,WEST4 GPS,7886
2025-12-01,E85041,HANWELL HEALTH CENTRE (NAISH),6273
2025-12-01,E85042,THE NEW SURGERY,7674
2025-12-01,E85045,TWICKENHAM PARK MEDICAL CENTRE,3313
2025-12-01,E85046,EASTMEAD AVENUE SURGERY,6063
2025-12-01,E85048,"DR CANISIUS & DR HASAN, PARKVIEW CFH&W",7603
2025-12-01,E85049,BELMONT MEDICAL CENTRE,8650
2025-12-01,E85050,GREENFORD ROAD MED.CTR.,7823
2025-12-01,E85051,GREENFORD AVENUE FHP,4905
2025-12-01,E85052,CRANFORD MEDICAL CENTRE,7421
2025-12-01,E85053,THE MEDICAL CENTRE,3391
2025-12-01,E85054,HILLVIEW SURGERY,11472
2025-12-01,E85055,THE BUSH DOCTORS,11007
2025-12-01,E85056,ST DAVIDS PRACTICE,7320
2025-12-01,E85057,QUEENS WALK PRACTICE,10308
2025-12-01,E85058,BLUE WING FAMILY DOCTOR UNIT,7371
2025-12-01,E85059,CHESTNUT PRACTICE,8254
2025-12-01,E85060,KINGFISHER PRACTICE,6363
2025-12-01,E85061,WELCOME PRACTICE,6375
2025-12-01,E85062,HIYOS,13770
2025-12-01,E85064,WEST END SURGERY,7182
2025-12-01,E85066,THE BEDFORD PARK SURGERY,4015
2025-12-01,E85069,OLDFIELD FAMILY PRACTICE,5644
2025-12-01,E85071,CLIFFORD HOUSE MEDICAL CENTRE,2232
2025-12-01,E85074,WEST KENSINGTON GP SURGERY,6178
2025-12-01,E85075,GP SURGERY @ ACTON GARDENS,4898
2025-12-01,E85077,SHEPHERDS BUSH MEDICAL CENTRE,3473
2025-12-01,E85083,DR SIVANESAN & PARTNER,6578
2025-12-01,E85088,ELMBANK SURGERY,6526
2025-12-01,E85090,HAMMOND ROAD SURGERY,5663
2025-12-01,E85091,BRUNSWICK SURGERY,3409
2025-12-01,E85096,MEDICAL CENTRE,6197
2025-12-01,E85098,ISLIP MANOR MEDICAL CENTRE,6391
2025-12-01,E85099,THE AVENUE SURGERY,6852
2025-12-01,E85103,LADY MARGARET ROAD MEDICAL CENTRE,3148
2025-12-01,E85107,THE MILL HILL SURGERY,7537
2025-12-01,E85108,MANDEVILLE MEDICAL CENTRE,4925
2025-12-01,E85109,THE ACTON HEALTH CENTRE,4176
2025-12-01,E85111,PERIVALE MEDICAL CLINIC,5459
2025-12-01,E85112,ELMTREES SURGERY,9058
2025-12-01,E85113,REDWOOD PRACTICE,7031
2025-12-01,E85114,CROSSLANDS SURGERY,7593
2025-12-01,E85115,PENTELOW PRACTICE,4037
2025-12-01,E85116,THE CUCKOO LANE PRACTICE,5917
2025-12-01,E85118,THE FULHAM MEDICAL CENTRE,7131
2025-12-01,E85119,THE MWH PRACTICE,14002
2025-12-01,E85120,THE ARGYLE SURGERY,7462
2025-12-01,E85121,GURU NANAK MEDICAL CENTRE,14841
2025-12-01,E85122,THE FLORENCE ROAD SURGERY,14313
2025-12-01,E85123,THE CORFTON ROAD SURGERY,9070
2025-12-01,E85124,GP AT HAND,98293
2025-12-01,E85125,STERNDALE SURGERY,5807
2025-12-01,E85126,GREEN PRACTICE,11027
2025-12-01,E85127,THE BARNABAS MEDICAL CTRE,8441
2025-12-01,E85128,SANDS END HEALTH CLINIC,12467
2025-12-01,E85129,THE MANSELL ROAD PRACTICE,5878
2025-12-01,E85130,CHISWICK FAMILY PRACTICE,4322
2025-12-01,E85600,WILLOW PRACTICE,7197
2025-12-01,E85605,BRENTFORD GROUP PRACTICE,8178
2025-12-01,E85617,ACTON TOWN MEDICAL CENTRE,1670
2025-12-01,E85623,SOMERSET MEDICAL CENTRE,3031
2025-12-01,E85624,"DR UPPAL & PARTN, PARKVIEW CTR FOR H&W",7220
2025-12-01,E85628,ELTHORNE PARK SURGERY,9661
2025-12-01,E85633,THE SOUTHALL MEDICAL CTR.,9671
2025-12-01,E85635,THE VALE SURGERY,5633
2025-12-01,E85636,PARK MEDICAL CENTRE,14706
2025-12-01,E85640,THE CHURCHFIELD ROAD SURGERY,3441
2025-12-01,E85643,MEADOW VIEW,6893
2025-12-01,E85649,FULHAM CROSS MEDICAL CENTRE,4470
2025-12-01,E85656,SUNRISE MEDICAL CENTRE,5523
2025-12-01,E85657,EALING PARK HEALTH CENTRE,11782
2025-12-01,E85658,HOLLY ROAD MEDICAL CENTRE,4522
2025-12-01,E85659,"DR RK KUKAR, PARKVIEW CTR FOR H&W",2255
2025-12-01,E85663,THE SALUJA CLINIC,10367
2025-12-01,E85677,THE HORN LANE SURGERY,8273
2025-12-01,E85680,CLOISTER ROAD SURGERY,10536
2025-12-01,E85681,JERSEY PRACTICE,9265
2025-12-01,E85682,DORMERS WELLS MEDICAL CENTRE,5755
2025-12-01,E85683,GLEBE STREET SURGERY,4007
2025-12-01,E85685,THE LILYVILLE SURGERY,12375
2025-12-01,E85687,ACTON LANE MEDICAL CENTRE,5718
2025-12-01,E85693,CHISWICK MEDICAL PRACTICE,22197
2025-12-01,E85694,THE BOILEAU ROAD SURGERY,5311
2025-12-01,E85696,CLIFFORD ROAD SURGERY,7925
2025-12-01,E85697,GREENBROOK BEDFONT,6280
2025-12-01,E85699,GROVE VILLAGE MEDICAL CENTRE,6735
2025-12-01,E85707,SKYWAYS MEDICAL CENTRE,7411
2025-12-01,E85708,GILL MEDICAL PRACTICE,7894
2025-12-01,E85712,GOODCARE PRACTICE,10667
2025-12-01,E85713,HOUNSLOW FAMILY PRACTICE,6412
2025-12-01,E85715,BROADMEAD SURGERY,8010
2025-12-01,E85716,BATH ROAD SURGERY,16385
2025-12-01,E85718,HATTON MEDICAL PRACTICE,5092
2025-12-01,E85719,ASHVILLE SURGERY,10346
2025-12-01,E85721,THE TOWN SURGERY,2219
2025-12-01,E85725,THE GROVE MEDICAL PRACTICE,7524
2025-12-01,E85726,MATTOCK LANE HEALTH CENTRE,3303
2025-12-01,E85734,QUEENS PARK MEDICAL PRACTICE,5992
2025-12-01,E85735,BRENTFORD FAMILY PRACTICE,6920
2025-12-01,E85736,LITTLE PARK SURGERY,7623
2025-12-01,E85739,HMC HEALTH HESTON GREAT WEST,10363
2025-12-01,E85743,ST. GEORGES MEDICAL CTR.,3097
2025-12-01,E85744,ARGYLE HEALTH-ISLEWORTH PRACTICE,9665
2025-12-01,E85745,JUBILEE GARDENS MEDICAL CENTRE,8066
2025-12-01,E85746,GROVE PARK TERRACE SURGERY,3906
2025-12-01,E85748,"THE MEDICAL CENTRE, DR KUKAR",6042
2025-12-01,E85750,SPRING GROVE MEDICAL PRACTICE,7340
2025-12-01,E86001,MOUNTWOOD SURGERY,11225
2025-12-01,E86004,THE MEDICAL CENTRE,11206
2025-12-01,E86005,THE OAKLAND MEDICAL CENTRE,6979
2025-12-01,E86006,THE DEVONSHIRE LODGE PRACTICE,8346
2025-12-01,E86007,HAREFIELD PRACTICE,8937
2025-12-01,E86009,BELMONT MEDICAL CENTRE,8989
2025-12-01,E86010,YIEWSLEY FAMILY PRACTICE,16679
2025-12-01,E86011,OXFORD DRIVE MEDICAL CENTRE,6259
2025-12-01,E86012,WOOD LANE MEDICAL CENTRE,11223
2025-12-01,E86014,CEDARS MEDICAL CENTRE,7488
2025-12-01,E86015,CENTRAL UXBRIDGE SURGERY,17259
2025-12-01,E86016,THE PINE MEDICAL CENTRE,6236
2025-12-01,E86017,HAYES MEDICAL CENTRE,21595
2025-12-01,E86018,TOWNFIELD DOCTORS SURGERY,8178
2025-12-01,E86019,THE WARREN PRACTICE,6907
2025-12-01,E86020,YEADING COURT SURGERY,5313
2025-12-01,E86022,THE ABBOTSBURY PRACTICE,5898
2025-12-01,E86024,KING EDWARDS MEDICAL CENTRE,4342
2025-12-01,E86026,PARKVIEW SURGERY,8329
2025-12-01,E86027,OTTERFIELD MEDICAL CENTRE,7204
2025-12-01,E86028,EASTBURY SURGERY,8367
2025-12-01,E86029,CEDAR BROOK PRACTICE,10599
2025-12-01,E86030,BRUNEL MEDICAL CENTRE,11977
2025-12-01,E86033,ST MARTINS MEDICAL CENTRE,6400
2025-12-01,E86034,CHURCH ROAD SURGERY,2630
2025-12-01,E86036,HILLINGDON HEALTH CENTRE,8961
2025-12-01,E86038,GLENDALE MEDICAL CENTRE,7143
2025-12-01,E86041,ACRE SURGERY,5593
2025-12-01,E86042,THE HIGH STREET PRACTICE,7855
2025-12-01,E86605,LADYGATE LANE MEDICAL PRACTICE,2579
2025-12-01,E86609,NORTH HYDE ROAD SURGERY,10298
2025-12-01,E86610,WILLOW TREE SURGERY,3299
2025-12-01,E86612,SHAKESPEARE HEALTH CENTRE,5861
2025-12-01,E86615,ACREFIELD SURGERY,2556
2025-12-01,E86618,CAREPOINT PRACTICE,7210
2025-12-01,E86619,WALLASEY MEDICAL CENTRE,3383
2025-12-01,E86620,WEST LONDON MEDICAL CENTRE,5265
2025-12-01,E86625,KINCORA DOCTORS SURGERY,2877
2025-12-01,E86626,QUEENS WALK MEDICAL CENTRE,5946
2025-12-01,E86629,DR MLR SIDDIQUI'S PRACTICE,3691
2025-12-01,E86632,ACORN MEDICAL CENTRE,5829
2025-12-01,E86637,HEATHROW MEDICAL CENTRE,6698
2025-12-01,E86640,SOUTHCOTE CLINIC,5907
2025-12-01,E87002,VICTORIA MEDICAL CENTRE,17248
2025-12-01,E87003,NORTH KENSINGTON MEDICAL CENTRE,5145
2025-12-01,E87004,HEALTH PARTNERS AT VIOLET MELCHETT,10943
2025-12-01,E87005,BELGRAVIA SURGERY,8694
2025-12-01,E87006,LITTLE VENICE MEDICAL CENTRE,4736
2025-12-01,E87007,WESTBOURNE GROVE MEDICAL CENTRE,1
2025-12-01,E87008,PADDINGTON GREEN HEALTH CENTRE,12039
2025-12-01,E87009,THE GARWAY MEDICAL PRACTICE,3884
2025-12-01,E87010,MAIDA VALE MEDICAL CENTRE,5915
2025-12-01,E87011,LISSON GROVE HEALTH CENTRE,7957
2025-12-01,E87013,STANHOPE MEWS SURGERY,16307
2025-12-01,E87016,HOLLAND PARK SURGERY,13526
2025-12-01,E87021,SHIRLAND MEDICAL,5190
2025-12-01,E87024,THE GOLBORNE MEDICAL CENTRE,5537
2025-12-01,E87026,MEANWHILE GARDEN MEDICAL CENTRE,2363
2025-12-01,E87029,PORTLAND ROAD PRACTICE,8991
2025-12-01,E87034,PIMLICO HEALTH AT THE MARVEN SURGERY,14895
2025-12-01,E87037,CONNAUGHT SQUARE PRACTICE,11425
2025-12-01,E87038,ELGIN CLINIC,4727
2025-12-01,E87043,EMPEROR'S GATE SURGERY,6775
2025-12-01,E87045,COVENT GARDEN MEDICAL CENTRE,5325
2025-12-01,E87046,THE RANDOLPH SURGERY,12904
2025-12-01,E87047,EARLS COURT MEDICAL CENTRE,6787
2025-12-01,E87048,ROSARY GARDEN SURGERY,3595
2025-12-01,E87052,CROMPTON MEDICAL CENTRE,3399
2025-12-01,E87061,THE PEMBRIDGE VILLAS SURGERY,14019
2025-12-01,E87063,KINGS ROAD MEDICAL CENTRE,16013
2025-12-01,E87065,THE NOTTING HILL MEDICAL CENTRE,3723
2025-12-01,E87066,FITZROVIA MEDICAL CENTRE,8055
2025-12-01,E87067,COLVILLE HEALTH CENTRE,10714
2025-12-01,E87069,SOHO CENTRE FOR HEALTH AND CARE,2938
2025-12-01,E87070,CRAWFORD STREET SURGERY,7448
2025-12-01,E87609,ST JOHNS WOOD MEDICAL PRACTICE,24467
2025-12-01,E87637,GRAND UNION HEALTH CENTRE,21095
2025-12-01,E87648,MAYFAIR MEDICAL CENTRE,4378
2025-12-01,E87663,THIRD FLOOR LANARK ROAD MEDICAL CENTRE,3989
2025-12-01,E87665,THE CHELSEA PRACTICE,6540
2025-12-01,E87677,IMPERIAL COLLEGE HEALTH CENTRE,19023
2025-12-01,E87681,NEWTON MEDICAL CENTRE,14656
2025-12-01,E87701,THE ABINGDON HEALTH CENTRE,8778
2025-12-01,E87702,THE SURGERY,3078
2025-12-01,E87706,THE FORELAND MEDICAL CENTRE,4294
2025-12-01,E87711,ROYAL HOSPITAL CHELSEA,288
2025-12-01,E87714,SOHO SQUARE GENERAL PRACTICE,6046
2025-12-01,E87715,SCARSDALE MEDICAL CENTRE,7592
2025-12-01,E87720,KENSINGTON PARK MEDICAL CENTRE,9314
2025-12-01,E87722,LANCASTER GATE MEDICAL CENTRE,6872
2025-12-01,E87733,THE EXMOOR SURGERY,4865
2025-12-01,E87737,MARYLEBONE HEALTH CENTRE,9499
2025-12-01,E87738,KNIGHTSBRIDGE MEDICAL CENTRE,15245
2025-12-01,E87739,MILLBANK MEDICAL CENTRE,9788
2025-12-01,E87740,THE DR HICKEY SURGERY FOR THE HOMELESS,2297
2025-12-01,E87741,WOODFIELD ROAD MEDICAL CENTRE,3514
2025-12-01,E87742,THE GOLBORNE MEDICAL CENTRE,3033
2025-12-01,E87745,CAVENDISH HEALTH CENTRE,9405
2025-12-01,E87746,BROMPTON MEDICAL CENTRE,5081
2025-12-01,E87750,EARLS COURT SURGERY,4194
2025-12-01,E87751,SRIKRISHNAMURTHY HARROW ROAD SURGERY,2097
2025-12-01,E87753,BELGRAVE MEDICAL CENTRE,11442
2025-12-01,E87754,WELLINGTON HEALTH CENTRE,6666
2025-12-01,E87755,QUEENS PARK HEALTH CENTRE,3299
2025-12-01,E87756,GROUND FLOOR LANARK MEDICAL CENTRE,766
2025-12-01,E87762,THE GOOD PRACTICE,8733
2025-12-01,E87768,KINGS COLLEGE HEALTH CENTRE,23785
2025-12-01,E87772,GREAT CHAPEL STREET MEDICAL CENTRE,508
2025-12-01,F81001,DR KHAN & PARTNERS,13611
2025-12-01,F81003,DR F KHAN CARNAVON ROAD SURGERY,6030
2025-12-01,F81004,THE EDEN SURGERIES,9299
2025-12-01,F81006,CLAYHILL MEDICAL PRACTICE,5376
2025-12-01,F81007,"DR PUZEY,DR KOTHARI AND DR NANDA",19967
2025-12-01,F81009,THE GOLD STREET SURGERY,11058
2025-12-01,F81010,AVELEY MEDICAL CENTRE,12305
2025-12-01,F81011,KELVEDON & FEERING HEALTH CENTRE,8130
2025-12-01,F81012,WEST MERSEA SURGERY,7148
2025-12-01,F81013,WESTERN ROAD SURGERY,12958
2025-12-01,F81014,CHURCH LANE SURGERY,11962
2025-12-01,F81015,CROCUS MEDICAL PRACTICE,12759
2025-12-01,F81017,WALTON MEDICAL CENTRE,8267
2025-12-01,F81019,MAYFLOWER MEDICAL CENTRE,17979
2025-12-01,F81020,THE FRESHFORD PRACTICE,8249
2025-12-01,F81021,GREAT BENTLEY SURGERY,11969
2025-12-01,F81022,LONGFIELD MEDICAL CENTRE,16157
2025-12-01,F81023,BEECHWOOD SURGERY,13687
2025-12-01,F81025,DR GC CHAJED'S PRACTICE,10407
2025-12-01,F81026,CARADOC SURGERY,8799
2025-12-01,F81027,LISTER MEDICAL CENTRE,20833
2025-12-01,F81028,WIVENHOE SURGERY,9115
2025-12-01,F81029,THE KNARES MEDICAL PRACTICE,8168
2025-12-01,F81030,FERN HOUSE SURGERY,17166
2025-12-01,F81031,MURREE MEDICAL GROUP,7627
2025-12-01,F81032,GRACE HOUSE SURGERY,3113
2025-12-01,F81034,NEWPORT SURGERY,9777
2025-12-01,F81036,ROBERT FREW MEDICAL CENTRE,18252
2025-12-01,F81037,EAST LYNNE MEDICAL CENTRE,8723
2025-12-01,F81038,TILE HOUSE SURGERY,13221
2025-12-01,F81040,STOCK SURGERY,4776
2025-12-01,F81041,LONDON ROAD SURGERY,14418
2025-12-01,F81042,COLCHESTER MEDICAL PRACTICE,42885
2025-12-01,F81043,THE LIMES MEDICAL CENTRE,18199
2025-12-01,F81044,THE ARDLEIGH SURGERY,7359
2025-12-01,F81045,THE NEW SURGERY,6794
2025-12-01,F81046,DR KRISHNAN & PTNR - KENT ELMS HC,4479
2025-12-01,F81047,THE HAMILTON PRACTICE,11155
2025-12-01,F81048,LOUGHTON HEALTH CENTRE,10083
2025-12-01,F81049,ONGAR HEALTH CENTRE,12897
2025-12-01,F81051,THIRD AVENUE HEALTH CENTRE,7761
2025-12-01,F81052,ST. JAMES SURGERY,15589
2025-12-01,F81053,PEACOCK SURGERY,21112
2025-12-01,F81055,MOUNT AVENUE SURGERY,13293
2025-12-01,F81056,OLD HARLOW HEALTH CENTRE,11996
2025-12-01,F81057,WHITLEY HOUSE SURGERY,14871
2025-12-01,F81060,AEGIS MEDICAL CENTRE,4929
2025-12-01,F81061,CONNER & PARTNERS,7858
2025-12-01,F81062,CHIGWELL MEDICAL CENTRE,8941
2025-12-01,F81065,WILLIAM HARVEY SURGERY,4322
2025-12-01,F81066,THE GREENSWARD SURGERY,6479
2025-12-01,F81067,AMBROSE AVENUE GROUP PRACTICE,14013
2025-12-01,F81068,THE ELIZABETH COURTAULD SURGERY,17014
2025-12-01,F81069,WINSTREE MEDICAL PRACTICE,8725
2025-12-01,F81071,RIVERMEAD GATE MED.CTR.,14066
2025-12-01,F81072,"HIGH STREET SURGERY, EPPING",8444
2025-12-01,F81075,THE HOLLIES,11794
2025-12-01,F81076,THE TOLLESBURY PRACTICE,4732
2025-12-01,F81078,CHURCH LANGLEY MEDICAL PRACTICE,11868
2025-12-01,F81080,THE BILLERICAY MEDICAL PRACTICE,12081
2025-12-01,F81081,THE QUEENSWAY SURGERY,22129
2025-12-01,F81082,THE RIGG-MILNER MEDICAL CENTRE,4344
2025-12-01,F81083,BEAUCHAMP HOUSE,11895
2025-12-01,F81085,"DR A NAEEM & PARTNERS,THE NEW SURGERY",13753
2025-12-01,F81086,CENTRAL SURGERY - SOUTHCHURCH BLVD,7766
2025-12-01,F81087,MOUNT CHAMBERS MEDICAL PRACTICE,13722
2025-12-01,F81088,SOUTHEND ROAD SURGERY,2659
2025-12-01,F81089,WAKERING MEDICAL CTR.,10198
2025-12-01,F81090,ANGEL LANE SURGERY,11891
2025-12-01,F81091,EAST HILL SURGERY,9506
2025-12-01,F81092,DR SOORIAKUMARAN,4710
2025-12-01,F81095,ABBEY FIELD MEDICAL CENTRE,21882
2025-12-01,F81096,OAKLANDS SURGERY,10899
2025-12-01,F81097,THE VALKYRIE SURGERY,17928
2025-12-01,F81098,THE WRITTLE SURGERY,8117
2025-12-01,F81099,BLACKWATER MEDICAL CENTRE,12659
2025-12-01,F81100,BEACON HEALTH GROUP-DANBURY MEDICAL CTR,23903
2025-12-01,F81101,ESSEX WAY SURGERY,5523
2025-12-01,F81102,ROCKLEIGH COURT SURGERY,7379
2025-12-01,F81104,CHAPEL STREET SURGERY,4695
2025-12-01,F81105,LITTLE WALTHAM & GT NOTLEY SURGERY,20955
2025-12-01,F81106,THE ROSS PRACTICE,10932
2025-12-01,F81108,LAINDON MEDICAL GROUP,18749
2025-12-01,F81110,TILBURY HEALTH CENTRE,12214
2025-12-01,F81112,HIGHLANDS SURGERY,15169
2025-12-01,F81113,CHAFFORD HUNDRED MEDICAL CENTRE,14292
2025-12-01,F81114,BADDOW VILLAGE SURGERY,13970
2025-12-01,F81115,CREFFIELD MEDICAL GROUP,27399
2025-12-01,F81116,COLNE MEDICAL CENTRE,10871
2025-12-01,F81117,SUTHERLAND LODGE SURGERY,9874
2025-12-01,F81118,JOHN TASKER HOUSE SURGERY,14558
2025-12-01,F81119,THE PUMP HOUSE SURGERY,8322
2025-12-01,F81120,NUFFIELD HOUSE HEALTH CENTRE,12884
2025-12-01,F81121,SOUTHEND COASTAL SURGERIES - THORPE BAY,15518
2025-12-01,F81122,CHELMER MEDICAL PARTNERSHIP,32275
2025-12-01,F81123,AUDLEY MILLS SURGERY,20706
2025-12-01,F81125,CHURCH VIEW SURGERY,14162
2025-12-01,F81126,BURNHAM SURGERY,9953
2025-12-01,F81128,EASTWOOD GROUP PRACTICE,14594
2025-12-01,F81130,WILLIAM FISHER MED.CTR.,5982
2025-12-01,F81131,THAXTED SURGERY,9245
2025-12-01,F81132,BLANDFORD MEDICAL CENTRE,17448
2025-12-01,F81133,TIPTREE MEDICAL CENTRE,12243
2025-12-01,F81134,PEARTREE SURGERY & WEST HORNDON SURGERY,7529
2025-12-01,F81136,THE LOUGHTON SURGERY,14967
2025-12-01,F81137,ORSETT SURGERY,7310
2025-12-01,F81141,ROWHEDGE SURGERY,15651
2025-12-01,F81142,ST GEORGES MEDICAL PRACTICE,6450
2025-12-01,F81144,THE PALL MALL SURGERY,22004
2025-12-01,F81147,DR NAVIN KUMAR,5127
2025-12-01,F81149,THE LAURELS SURGERY,11426
2025-12-01,F81150,BALLARDS WALK SURGERY,13001
2025-12-01,F81152,FOREST PRACTICE,11956
2025-12-01,F81153,HASSENGATE MEDICAL CENTRE,13249
2025-12-01,F81155,BALFOUR MEDICAL CENTRE,5482
2025-12-01,F81156,RANWORTH SURGERY,9327
2025-12-01,F81158,DR NASAH & PARTNERS,3799
2025-12-01,F81159,SOUTHEND MEDICAL CENTRE,7205
2025-12-01,F81163,THE NEW FOLLY SURGERY,7179
2025-12-01,F81164,WEST ROAD SURGERY,9545
2025-12-01,F81165,PALMERSTON ROAD SURGERY,4614
2025-12-01,F81169,KINGS MEDICAL CENTRE,7966
2025-12-01,F81170,KINGSWAY SURGERY,13725
2025-12-01,F81173,DOUGLAS GROVE SURGERY,6360
2025-12-01,F81176,NORTH AVENUE SURGERY,3281
2025-12-01,F81177,NEERA MEDICAL CENTRE,4342
2025-12-01,F81181,ADDISON HOUSE - HAQUE PRACTICE,23392
2025-12-01,F81183,THE DENGIE MEDICAL PARTNERSHIP,5932
2025-12-01,F81184,ABRIDGE SURGERY,4218
2025-12-01,F81186,FELMORES MEDICAL CENTRE,7066
2025-12-01,F81192,STIFFORD CLAYS MEDICAL CENTRE,10286
2025-12-01,F81193,WITHAM HEALTH CENTRE,7177
2025-12-01,F81197,SANCTA MARIA MEDICAL CENTRE,2642
2025-12-01,F81198,HORNDON-ON-THE-HILL SURGERY,2608
2025-12-01,F81205,GHAURI PRACTICE,5672
2025-12-01,F81206,COMMONWEALTH HEALTH CENTRE,5860
2025-12-01,F81207,WESTCLIFF MEDICAL CENTRE,2590
2025-12-01,F81211,DR YADAVA N PRACTICE,5215
2025-12-01,F81212,OLD ROAD SURGERY,9779
2025-12-01,F81213,THORPE SURGERY,7582
2025-12-01,F81215,DEAL TREE HEALTH CENTRE,9953
2025-12-01,F81216,THE RIVER SURGERY,4507
2025-12-01,F81219,DELL MEDICAL CENTRE,5387
2025-12-01,F81221,FRONKS RD FAMILY SURGERY,5059
2025-12-01,F81222,QUEENS PARK SURGERY,5051
2025-12-01,F81223,DR MALIK - KENT ELMS HC,3268
2025-12-01,F81606,HAREWOOD SURGERY,2938
2025-12-01,F81613,DR KUMAR & PTNR - SHOEBURY HC,8803
2025-12-01,F81618,HIGH ROAD FAMILY DOCTORS,4541
2025-12-01,F81619,SYDENHAM HOUSE SURGERY,3984
2025-12-01,F81623,KADIM PRIMECARE MEDICAL CENTRE,2306
2025-12-01,F81632,DR YASIN SA PRACTICE,6025
2025-12-01,F81633,LAWFORD SURGERY,5127
2025-12-01,F81635,COLLINGWOOD ROAD SURGERY,2475
2025-12-01,F81636,MILL ROAD SURGERY,18299
2025-12-01,F81640,ARYAN MEDICAL CENTRE,4465
2025-12-01,F81641,MILTON ROAD AND THE GRAYS SURGERY,7596
2025-12-01,F81645,ROSE VILLA SURGERY,4305
2025-12-01,F81649,SHOEBURY PRACTICE,4560
2025-12-01,F81652,MEDIC HOUSE,5416
2025-12-01,F81656,WARRIOR SQUARE SURGERY,2760
2025-12-01,F81665,CHELMER VILLAGE SURGERY,5153
2025-12-01,F81666,DR SHARMA & PARTNERS,3393
2025-12-01,F81669,DERRY COURT MEDICAL PRACTICE,7125
2025-12-01,F81674,GREENWOOD AND WYNCROFT SURGERY,11628
2025-12-01,F81675,THE PRACTICE LEECON WAY,5748
2025-12-01,F81679,HIGHWOODS SURGERY,7744
2025-12-01,F81681,CLACTON COMMUNITY PRACTICES,15846
2025-12-01,F81683,BLYTH'S MEADOW SURGERY,11038
2025-12-01,F81690,ASHINGDON MEDICAL CENTRE,6050
2025-12-01,F81696,THE LEIGH SURGERY,2796
2025-12-01,F81697,DR DEVARAJA VC PRACTICE,2893
2025-12-01,F81700,CANVEY VILLAGE SURGERY,3907
2025-12-01,F81704,DOWNHALL PARK SURGERY,3927
2025-12-01,F81707,FRYERNS MEDICAL CENTRE,5907
2025-12-01,F81708,SAI MEDICAL CENTRE,11801
2025-12-01,F81711,KNIGHTS SURGERY,3639
2025-12-01,F81713,BENFLEET SURGERY,2522
2025-12-01,F81716,TOLLGATE HEALTH CENTRE,10217
2025-12-01,F81725,MAYNARD COURT SURGERY,9656
2025-12-01,F81729,MATCHING GREEN SURGERY,3515
2025-12-01,F81730,THE COGGESHALL SURGERY,7149
2025-12-01,F81732,SWANWOOD PARTNERSHIP,6781
2025-12-01,F81737,THE HIGHWOOD SURGERY,3209
2025-12-01,F81739,THE ISLAND SURGERY,6728
2025-12-01,F81740,THE COMMUNITY PRACTICE,6502
2025-12-01,F81741,NORTH CLACTON MEDICAL PRACTICE,11051
2025-12-01,F81744,SCOTT PARK SURGERY,2677
2025-12-01,F81746,BLUEBELL SURGERY,3688
2025-12-01,F81749,MARKET SQUARE SURGERY,14863
2025-12-01,F81751,THE TRINITY MEDICAL PRACTICE,4358
2025-12-01,F81757,THE RIVERSIDE HEALTH CTR,6605
2025-12-01,F82001,HALBUTT STREET SURGERY,5620
2025-12-01,F82002,HAIDERIAN MEDICAL CENTRE,7446
2025-12-01,F82003,FIRST AVENUE SURGERY,5205
2025-12-01,F82005,DR M GOYAL'S PRACTICE,7058
2025-12-01,F82006,CRANHAM VILLAGE SURGERY,13570
2025-12-01,F82007,THE GREEN WOOD PRACTICE,10329
2025-12-01,F82008,MAYLANDS HEALTHCARE,12871
2025-12-01,F82009,NORTH STREET MEDICAL CARE,21559
2025-12-01,F82010,PETERSFIELD SURGERY,8632
2025-12-01,F82011,ST EDWARDS MEDICAL CENTRE,9586
2025-12-01,F82013,WESTERN ROAD MEDICAL CENTRE,18096
2025-12-01,F82014,THE SAHEECHA'S PRACTICES,7489
2025-12-01,F82015,HEDGEMANS MEDICAL CENTRE,5082
2025-12-01,F82016,CENTRAL PARK SURGERY,6083
2025-12-01,F82017,ST ALBANS SURGERY,8499
2025-12-01,F82018,BARKING MEDICAL GROUP PRACTICE,11871
2025-12-01,F82019,THE UPSTAIRS SURGERY,6453
2025-12-01,F82021,THE NEW MEDICAL CENTRE,9614
2025-12-01,F82022,THE ROSEWOOD MEDICAL CENTRE,13107
2025-12-01,F82023,HIGH STREET SURGERY,3551
2025-12-01,F82025,DR BK JAISWAL'S PRACTICE,5992
2025-12-01,F82027,DR P PRASAD'S PRACTICE,2170
2025-12-01,F82028,WOOD LANE SURGERY,10345
2025-12-01,F82030,LYNWOOD MEDICAL CENTRE,14958
2025-12-01,F82031,THE COLLEGE PRACTICE,4254
2025-12-01,F82033,DR VM PATEL,3443
2025-12-01,F82034,VICTORIA & FIVE ELMS MEDICAL CENTRE,10601
2025-12-01,F82038,DR SZ HAIDER'S PRACTICE,4887
2025-12-01,F82039,EASTBROOK SURGERY,4557
2025-12-01,F82040,JOHN SMITH MEDICAL CENTRE,4587
2025-12-01,F82042,AURORA MEDCARE,20776
2025-12-01,F82045,CHOWDHURY,3408
2025-12-01,F82051,LABURNUM HEALTH CENTRE,10757
2025-12-01,F82055,HORNCHURCH HEALTHCARE,13301
2025-12-01,F82604,MARKS GATE HEALTH CENTRE,6074
2025-12-01,F82607,SOUTH HORNCHURCH MEDICAL PRACTICE,6428
2025-12-01,F82609,SUTTONS AVENUE SURGERY,4434
2025-12-01,F82610,DR GUPTA,2923
2025-12-01,F82612,THE WHITE HOUSE SURGERY,11406
2025-12-01,F82619,HARLOW ROAD SURGERY,4064
2025-12-01,F82624,ST GEORGES COUNTRY PARK SURGERY,5968
2025-12-01,F82625,ABBEY MEDICAL CENTRE,8022
2025-12-01,F82627,RAINHAM HEALTH CENTRE,7364
2025-12-01,F82630,CHASE CROSS MEDICAL CENTRE,7728
2025-12-01,F82634,HEATHWAY MEDICAL CENTRE,6575
2025-12-01,F82638,MODERN MEDICAL CENTRE,7668
2025-12-01,F82642,GABLES SURGERY,7154
2025-12-01,F82647,SALISBURY AVENUE SURGERY,5548
2025-12-01,F82648,INGREBOURNE MEDICAL CENTRE,3900
2025-12-01,F82649,BERWICK SURGERY,4518
2025-12-01,F82650,DR AA ANSARI'S PRACTICE,10196
2025-12-01,F82660,TULASI MEDICAL CENTRE,19526
2025-12-01,F82661,GREEN LANE SURGERY,3831
2025-12-01,F82663,DR MARKS PRACTICE,4127
2025-12-01,F82670,ABBAMOOR SURGERY,5424
2025-12-01,F82671,STRAIGHT ROAD SURGERY,3439
2025-12-01,F82674,CRANHAM HEALTH CENTRE,5936
2025-12-01,F82675,BILLET LANE MEDICAL PRACTICE,3492
2025-12-01,F82677,BECONTREE MEDICAL CENTRE,8905
2025-12-01,F82678,DR KM ALKAISY PRACTICE,4782
2025-12-01,F82679,DR DP SHAH'S PRACTICE,5539
2025-12-01,F82680,HIGHGROVE SURGERY,10220
2025-12-01,F82686,ASHTON GARDENS SURGERY,5125
2025-12-01,F83002,RIVER PLACE HEALTH CENTRE,10980
2025-12-01,F83003,PARK END SURGERY,7789
2025-12-01,F83004,ARCHWAY MEDICAL CENTRE,31729
2025-12-01,F83005,GOWER STREET PRACTICE,22260
2025-12-01,F83006,AMPTHILL & REGENTS PARK PRACTICE,15811
2025-12-01,F83007,ROMAN WAY MEDICAL CENTRE,3550
2025-12-01,F83008,THE GOODINGE GROUP PRACTICE,12348
2025-12-01,F83010,ISLINGTON CENTRAL MEDICAL CENTRE,22436
2025-12-01,F83011,PRIMROSE HILL SURGERY,8737
2025-12-01,F83012,ELIZABETH AVENUE GROUP PRACTICE,7371
2025-12-01,F83015,ST JOHNS WAY MEDICAL CENTRE,13253
2025-12-01,F83017,HAMPSTEAD GROUP PRACTICE,17809
2025-12-01,F83018,PRINCE OF WALES GROUP SURGERY,8038
2025-12-01,F83019,ABBEY MEDICAL CENTRE,13291
2025-12-01,F83020,ADELAIDE MEDICAL CENTRE,11723
2025-12-01,F83021,RITCHIE STREET GROUP PRACTICE,16824
2025-12-01,F83022,CAVERSHAM GROUP PRACTICE,16856
2025-12-01,F83023,JAMES WIGG PRACTICE,23548
2025-12-01,F83032,ST PETER'S STREET MEDICAL PRACTICE,11957
2025-12-01,F83033,BARNSBURY MEDICAL PRACTICE,6651
2025-12-01,F83034,NEW NORTH HEALTH CENTRE,1450
2025-12-01,F83039,THE RISE GROUP PRACTICE,4768
2025-12-01,F83042,GRAY'S INN MEDICAL GROUP CHANCERY LANE,8956
2025-12-01,F83043,RIDGMOUNT PRACTICE,17607
2025-12-01,F83044,THE BLOOMSBURY SURGERY,9243
2025-12-01,F83045,THE MILLER PRACTICE,9125
2025-12-01,F83048,BRUNSWICK MEDICAL CENTRE UHPC,9384
2025-12-01,F83050,GRAY'S INN MEDICAL GROUP WEST HAMPSTEAD,3595
2025-12-01,F83052,BROOKFIELD PARK SURGERY,3864
2025-12-01,F83053,MILDMAY MEDICAL PRACTICE,8025
2025-12-01,F83055,WEST HAMPSTEAD MEDICAL CENTRE,23067
2025-12-01,F83056,THE MITCHISON ROAD SURGERY,9369
2025-12-01,F83057,PARLIAMENT HILL SURGERY,8569
2025-12-01,F83058,HOLBORN MEDICAL CENTRE,11260
2025-12-01,F83059,BRONDESBURY MEDICAL CENTRE,23486
2025-12-01,F83060,THE NORTHERN MEDICAL CENTRE,7265
2025-12-01,F83061,MUSEUM PRACTICE,5772
2025-12-01,F83063,KILLICK STREET HEALTH CENTRE,14016
2025-12-01,F83064,CITY ROAD MEDICAL CENTRE,9602
2025-12-01,F83615,CHOLMLEY GARDENS SURGERY,8033
2025-12-01,F83623,KEATS GROUP PRACTICE,13405
2025-12-01,F83624,CLERKENWELL MEDICAL PRACTICE,17243
2025-12-01,F83632,QUEENS CRESCENT PRACTICE,6737
2025-12-01,F83633,GRAY'S INN MEDICAL GROUP HAMPSTEAD,5108
2025-12-01,F83635,KINGS CROSS SURGERY,8092
2025-12-01,F83652,AMWELL GROUP PRACTICE,11752
2025-12-01,F83658,BELSIZE PRIORY MEDICAL PRACTICE (GROUP),6490
2025-12-01,F83660,HIGHBURY GRANGE MEDICAL PRACTICE,9078
2025-12-01,F83664,THE VILLAGE PRACTICE,12754
2025-12-01,F83665,SWISS COTTAGE SURGERY,17110
2025-12-01,F83666,THE ANDOVER MEDICAL CENTRE,6830
2025-12-01,F83671,THE BEAUMONT PRACTICE,3278
2025-12-01,F83672,ST PHILIPS MEDICAL CENTRE,16563
2025-12-01,F83673,THE MEDICAL CENTRE,6280
2025-12-01,F83674,THE JUNCTION MEDICAL PRACTICE,9053
2025-12-01,F83678,DR SEGARAJASINGHE,2104
2025-12-01,F83680,SOBELL MEDICAL CENTRE,4920
2025-12-01,F83681,PARTNERSHIP PRIMARY CARE CENTRE,8691
2025-12-01,F83683,SOMERS TOWN MEDICAL CENTRE,5910
2025-12-01,F83686,STROUD GREEN MEDICAL CENTRE,10728
2025-12-01,F84003,LOWER CLAPTON GENERAL PRACTICE,15302
2025-12-01,F84004,MARKET STREET HEALTH GROUP,13453
2025-12-01,F84006,SHREWSBURY ROAD SURGERY,17241
2025-12-01,F84008,BARTON HOUSE GROUP PRACTICE,12059
2025-12-01,F84009,STRATFORD VILLAGE SURGERY,14228
2025-12-01,F84010,ASPIRE MEDICAL CENTRE,10499
2025-12-01,F84012,ALBION HEALTH CENTRE,9349
2025-12-01,F84013,STAMFORD HILL GROUP PRACTICE,18468
2025-12-01,F84014,UPTON LANE MEDICAL CENTRE,7648
2025-12-01,F84015,KINGSMEAD HEALTHCARE,5223
2025-12-01,F84016,THE MISSION PRACTICE,11644
2025-12-01,F84017,STAR LANE MEDICAL CENTRE,20635
2025-12-01,F84018,THE NIGHTINGALE PRACTICE,12540
2025-12-01,F84021,LONDON FIELDS MEDICAL CENTRE,11113
2025-12-01,F84022,STRATFORD HEALTH CENTRE,8973
2025-12-01,F84025,GOUGH WALK PRACTICE,11963
2025-12-01,F84030,RUSTON STREET CLINIC,3889
2025-12-01,F84031,THE JUBILEE STREET PRACTICE LTD,16309
2025-12-01,F84033,SOMERFORD GROVE PRACTICE,11571
2025-12-01,F84034,ST. STEPHENS HEALTH CENTRE,13149
2025-12-01,F84035,RICHMOND ROAD MEDICAL CENTRE,25049
2025-12-01,F84036,THE CEDAR PRACTICE,8869
2025-12-01,F84038,BEECHWOOD MEDICAL CENTRE,3478
2025-12-01,F84039,GOODMAN'S FIELD HEALTH CENTRE,37672
2025-12-01,F84044,HARLEY GROVE MEDICAL CTR.,8333
2025-12-01,F84047,CUSTOM HOUSE SURGERY,10939
2025-12-01,F84050,BOLEYN MEDICAL CENTRE,12797
2025-12-01,F84051,STROUTS PLACE MEDICAL CENTRE,9827
2025-12-01,F84052,ESSEX LODGE,17168
2025-12-01,F84053,GREENGATE MEDICAL CENTRE,7413
2025-12-01,F84054,THE LIMEHOUSE PRACTICE,12449
2025-12-01,F84055,THE GROVE ROAD SURGERY,3882
2025-12-01,F84060,ATHENA MEDICAL CENTRE,4915
2025-12-01,F84062,THE CHRISP STREET HTH CTR,14555
2025-12-01,F84063,DALSTON PRACTICE,6401
2025-12-01,F84069,WELL STREET SURGERY,13741
2025-12-01,F84070,LATHOM ROAD MEDICAL CENTRE,9865
2025-12-01,F84072,DE BEAUVOIR SURGERY,13513
2025-12-01,F84074,WORDSWORTH HEALTH CENTRE,10517
2025-12-01,F84077,NEWHAM VICARAGE PRACTICE,9857
2025-12-01,F84079,THE WAPPING GROUP PRACTICE,10948
2025-12-01,F84080,FOUNTAYNE ROAD MEDICAL PRACTICE,9574
2025-12-01,F84081,THE SPITALFIELDS PRACTICE,13475
2025-12-01,F84083,BETHNAL GREEN HEALTH CTR.,10032
2025-12-01,F84086,THE FOREST PRACTICE,6523
2025-12-01,F84087,HARFORD HEALTH CENTRE,9656
2025-12-01,F84088,PLASHET ROAD MEDICAL CENTRE,7945
2025-12-01,F84092,GLEN ROAD MEDICAL CENTRE,14145
2025-12-01,F84093,TOLLGATE MEDICAL CENTRE,18242
2025-12-01,F84096,THE LAWSON PRACTICE,17172
2025-12-01,F84097,CLAREMONT CLINIC,12483
2025-12-01,F84105,THE LEA SURGERY,11474
2025-12-01,F84111,ABBEY ROAD MEDICAL PRACTICE,10437
2025-12-01,F84114,CITY SQUARE MEDICAL GROUP,11505
2025-12-01,F84115,THE STATHAM GROVE SURGERY,9253
2025-12-01,F84117,QUEENSBRIDGE GROUP PRACTICE,9899
2025-12-01,F84118,WELLINGTON WAY HEALTH CENTRE,12633
2025-12-01,F84119,THE HERON PRACTICE,13035
2025-12-01,F84121,E12 HEALTH,15890
2025-12-01,F84122,XX PLACE HEALTH CENTRE,17352
2025-12-01,F84123,SUTTONS WHARF HEALTH CENTRE,18813
2025-12-01,F84124,THE PROJECT SURGERY,5258
2025-12-01,F84601,ELSDALE STREET SURGERY,7447
2025-12-01,F84619,THE RIVERSIDE PRACTICE,5182
2025-12-01,F84620,THE WICK HEALTH CENTRE,8369
2025-12-01,F84621,SANDRINGHAM PRACTICE,4630
2025-12-01,F84632,THE GREENHOUSE WALK-IN,1062
2025-12-01,F84635,SHOREDITCH PARK SURGERY,9901
2025-12-01,F84636,THE SURGERY (BARRETTS GROVE),6672
2025-12-01,F84640,THE NEAMAN PRACTICE,10094
2025-12-01,F84641,BIRCHDALE ROAD MEDICAL CENTRE,3239
2025-12-01,F84642,LUCAS AVENUE PRACTICE,14229
2025-12-01,F84647,ROSERTON STREET SURGERY,16540
2025-12-01,F84656,DOCKLANDS MEDICAL CENTRE,10714
2025-12-01,F84658,SANGAM PRACTICE,9455
2025-12-01,F84660,DR CM PATEL'S SURGERY,3172
2025-12-01,F84666,THE RUIZ MEDICAL PRACTICE,6030
2025-12-01,F84668,THE CLAPTON SURGERY,5898
2025-12-01,F84669,CENTRAL PARK SURGERY,9699
2025-12-01,F84670,WESTBURY ROAD MEDICAL PRACTICE,6587
2025-12-01,F84672,FIRST 4 HEALTH GROUP - E7 HEALTH,8245
2025-12-01,F84677,EAST END MEDICAL CENTRE,7341
2025-12-01,F84681,BALAAM STREET PRACTICE,10059
2025-12-01,F84686,THE SURGERY (CRANWICH ROAD),9096
2025-12-01,F84692,THE HOXTON SURGERY,9669
2025-12-01,F84694,THE SURGERY (BROOKE ROAD),4773
2025-12-01,F84696,TREDEGAR PRACTICE,5889
2025-12-01,F84698,ABERFELDY PRACTICE,14322
2025-12-01,F84710,ISLAND HEALTH,13594
2025-12-01,F84716,THE ALLERTON ROAD SURGERY,5643
2025-12-01,F84717,ROYAL DOCKS MEDICAL PRACTICE,12502
2025-12-01,F84718,THE BLITHEHALE MED.CTR.,13945
2025-12-01,F84719,LATIMER HEALTH CENTRE,5648
2025-12-01,F84720,HEALY MEDICAL CENTRE,5274
2025-12-01,F84724,WOODGRANGE MEDICAL PRACTICE,18023
2025-12-01,F84729,THE MANOR PARK PRACTICE,5106
2025-12-01,F84730,THE VICARAGE LANE SURGERY,9588
2025-12-01,F84731,ST. KATHERINE'S DOCK PRACTICE,2448
2025-12-01,F84733,HEALTH E1,1115
2025-12-01,F84735,THE AZAD PRACTICE,8408
2025-12-01,F84739,E12 MEDICAL CENTRE,5259
2025-12-01,F84740,NEWHAM TRANSITIONAL PRACTICE,4130
2025-12-01,F84741,PLASHET HARMONY PRACTICE,2278
2025-12-01,F84747,THE BARKANTINE PRACTICE,27054
2025-12-01,F84749,CARPENTERS PRACTICE,25083
2025-12-01,F85002,MEDICUS HEALTH PARTNERS,94175
2025-12-01,F85004,EAGLE HOUSE SURGERY,12346
2025-12-01,F85007,LAWRENCE HOUSE SURGERY,16063
2025-12-01,F85008,STAUNTON GROUP PRACTICE,11697
2025-12-01,F85010,KEATS SURGERY,4333
2025-12-01,F85013,TYNEMOUTH MEDICAL PRACTICE,9273
2025-12-01,F85014,HIGHGATE GROUP PRACTICE,16372
2025-12-01,F85016,COCKFOSTERS MEDICAL CTRE,6975
2025-12-01,F85017,CHARLTON HOUSE MEDICAL CENTRE,6547
2025-12-01,F85019,MORRIS HOUSE GROUP PRACTICE,14764
2025-12-01,F85020,THE WOODBERRY PRACTICE,10118
2025-12-01,F85023,THE ORDNANCE UNITY CENTRE FOR HEALTH,12805
2025-12-01,F85025,WHITE LODGE MEDICAL PRACTICE,14985
2025-12-01,F85028,BRUCE GROVE PRIMARY HEALTH CARE CTR,6827
2025-12-01,F85029,ABERNETHY HOUSE SURGERY,11929
2025-12-01,F85030,SOMERSET GARDENS FAMILY HEALTH CENTRE,12995
2025-12-01,F85031,WESTBURY MEDICAL CENTRE,12564
2025-12-01,F85032,SOUTHGATE,9586
2025-12-01,F85033,WINCHMORE HILL PRACTICE,20719
2025-12-01,F85034,ARCADIAN GARDENS SURGERY,8755
2025-12-01,F85035,HIGHLANDS PRACTICE,11579
2025-12-01,F85039,RAINBOW PRACTICE,7255
2025-12-01,F85044,BOUNCES ROAD SURGERY LTD,7080
2025-12-01,F85046,HORNSEY PARK SURGERY,10888
2025-12-01,F85058,NIGHTINGALE HOUSE SURGERY,6087
2025-12-01,F85060,HAVERGAL SURGERY,5340
2025-12-01,F85061,CHRISTCHURCH HALL SURGERY,2862
2025-12-01,F85063,THE MUSWELL HILL PRACTICE,17628
2025-12-01,F85064,HIGH ROAD SURGERY (STUART CRESCENT HC),7729
2025-12-01,F85065,STUART CRESCENT MEDICAL PRACTICE,3198
2025-12-01,F85066,BOUNDS GREEN GROUP PRACTICE,18944
2025-12-01,F85067,THE 157 MEDICAL PRACTICE,4366
2025-12-01,F85069,CROUCH HALL ROAD SURGERY,8778
2025-12-01,F85071,FERNLEA SURGERY,12438
2025-12-01,F85072,GROVELANDS MEDICAL CENTRE,9524
2025-12-01,F85615,TOTTENHAM HEALTH CENTRE,5918
2025-12-01,F85623,GROVE ROAD SURGERY,4666
2025-12-01,F85625,BINCOTE SURGERY,6928
2025-12-01,F85628,"WELBOURNE GP SURGERY, WELBOURNE H C",9586
2025-12-01,F85634,EAST ENFIELD MEDICAL CENTRE,9496
2025-12-01,F85640,CHESHIRE ROAD SURGERY,6504
2025-12-01,F85642,THE NORTH LONDON HEALTH CENTRE,9058
2025-12-01,F85650,MORECAMBE SURGERY,6005
2025-12-01,F85663,LATYMER ROAD SURGERY,4727
2025-12-01,F85666,DR ME SILVER'S PRACTICE,3983
2025-12-01,F85669,WEST GREEN SURGERY,24105
2025-12-01,F85675,THE ALEXANDRA SURGERY,5622
2025-12-01,F85676,BOUNDARY HOUSE SURGERY,5610
2025-12-01,F85678,THE TOWN SURGERY LTD,4200
2025-12-01,F85682,CHALFONT SURGERY,6171
2025-12-01,F85687,OAKWOOD MEDICAL CENTRE,8562
2025-12-01,F85688,RUTLAND HOUSE SURGERY,10448
2025-12-01,F85697,THE OLD SURGERY,1679
2025-12-01,F85700,ARNOS GROVE MEDICAL CENTR,8135
2025-12-01,F85701,GILLAN HOUSE SURGERY,12677
2025-12-01,F85705,JS MEDICAL PRACTICE,12991
2025-12-01,F86001,THE FIRS,12265
2025-12-01,F86004,HANDSWORTH MEDICAL PRACTICE,15528
2025-12-01,F86005,THE PENRHYN SURGERY,8221
2025-12-01,F86006,SEYMOUR MEDICAL CENTRE,6583
2025-12-01,F86007,THE FOREST EDGE PRACTICE,13728
2025-12-01,F86008,GANTS HILL MED CTR & THE REDBRIDGE SURG,15632
2025-12-01,F86009,THE PALMS MEDICAL CENTRE,7197
2025-12-01,F86010,FULLWELL CROSS MED. CTR.,16726
2025-12-01,F86011,THE MANOR PRACTICE,9504
2025-12-01,F86012,RYDAL,9456
2025-12-01,F86013,THE BROADWAY SURGERY,5941
2025-12-01,F86018,THE ECCLESBOURNE PRACTICE,9994
2025-12-01,F86020,GLEBELANDS PRACTICE,6534
2025-12-01,F86022,ILFORD MEDICAL CENTRE,15704
2025-12-01,F86023,THE EVERGREEN SURGERY,10551
2025-12-01,F86025,OAK TREE MEDICAL CENTRE,19197
2025-12-01,F86026,THE FOREST SURGERY,7168
2025-12-01,F86028,CHADWELL HEATH SURGERY,11205
2025-12-01,F86030,QUEENS ROAD MEDICAL CENTRE,8222
2025-12-01,F86032,WANSTEAD PLACE SURGERY,9066
2025-12-01,F86034,"GREEN LANE, GOODMAYES MEDICAL PRACTICE",7543
2025-12-01,F86036,THE ALLUM MEDICAL CENTRE,14702
2025-12-01,F86038,SMA MEDICAL PRACTICE,11416
2025-12-01,F86040,DR A ARIF,5448
2025-12-01,F86042,BALFOUR ROAD SURGERY,6123
2025-12-01,F86044,CRAWLEY ROAD MEDICAL CENTRE,10601
2025-12-01,F86045,HIGH ROAD SURGERY,1962
2025-12-01,F86057,THE WILLOWS PRACTICE,8580
2025-12-01,F86058,ST JAMES MEDICAL PRACTICE LIMITED,14695
2025-12-01,F86060,NEWBURY GROUP PRACTICE,14696
2025-12-01,F86062,GROVE SURGERY,6328
2025-12-01,F86064,THE ELMHURST PRACTICE,4622
2025-12-01,F86066,SOUTHDENE SURGERY,7445
2025-12-01,F86074,LEYTON HEALTHCARE 4TH FLOOR,13940
2025-12-01,F86078,THE RIDGEWAY SURGERY,6532
2025-12-01,F86081,KENWOOD MEDICAL,7163
2025-12-01,F86082,ILFORD LANE SURGERY,6315
2025-12-01,F86083,THE EASTERN AVENUE MEDICAL CENTRE,6254
2025-12-01,F86085,HAINAULT SURGERY,3570
2025-12-01,F86086,DR DHITAL PRACTICE,5965
2025-12-01,F86087,GOODMAYES MEDICAL CENTRE,7383
2025-12-01,F86088,THE LYNDHURST SURGERY,5136
2025-12-01,F86607,ADDISON ROAD MEDICAL PRACTICE,19068
2025-12-01,F86612,THE FULLWELL AVENUE SURGERY,3142
2025-12-01,F86616,THE OLD CHURCH SURGERY,9008
2025-12-01,F86621,DR MOHAMMED GREEN MAN MEDICAL CENTRE,6880
2025-12-01,F86624,THE HEATHCOTE PRIMARY CARE CENTRE,3419
2025-12-01,F86625,LL MEDICAL CARE LTD,5749
2025-12-01,F86626,DR SHANTIR PRACTICE,8574
2025-12-01,F86627,CHURCHILL MEDICAL CENTRE,13828
2025-12-01,F86637,SEVEN KINGS PRACTICE,4975
2025-12-01,F86638,THE MICROFACULTY,4391
2025-12-01,F86641,THE SHRUBBERIES MEDICAL CENTRE,8601
2025-12-01,F86644,WALTHAM FOREST COMM & FAM HTH SERV LTD,8462
2025-12-01,F86650,LIME TREE SURGERY,9279
2025-12-01,F86652,THE DRIVE SURGERY,6914
2025-12-01,F86657,YORK ROAD SURGERY,8341
2025-12-01,F86658,QUEEN MARY PRACTICE,6456
2025-12-01,F86664,LARKSHALL MEDICAL CENTRE,8264
2025-12-01,F86666,HARROW ROAD GP CENTRE,15536
2025-12-01,F86679,HIGHAM HILL MEDICAL CENTRE,7138
2025-12-01,F86689,THE BAILEY PRACTICE,4410
2025-12-01,F86691,CLAYHALL CLINIC,11255
2025-12-01,F86692,MATHUKIA'S SURGERY,11372
2025-12-01,F86696,FRANCIS ROAD MEDICAL CENTRE,7885
2025-12-01,F86698,CRANBROOK SURGERY,6139
2025-12-01,F86700,KINGS HEAD MEDICAL PRACTICE,3735
2025-12-01,F86701,KIYANI MEDICAL PRACTICE,3920
2025-12-01,F86702,ST CLEMENT'S SURGERY,4705
2025-12-01,F86705,LANGTHORNE SHARMA FAMILY PRACTICE,3440
2025-12-01,F86707,FENCE PIECE ROAD MEDICAL CENTRE,6656
2025-12-01,F86708,CLAREMONT MEDICAL CENTRE,2867
2025-12-01,F86712,HAMPTON MEDICAL CENTRE,3383
2025-12-01,F86731,ALDERSBROOK MEDICAL CENTRE,5033
2025-12-01,G81001,HOVE MEDICAL CENTRE,9128
2025-12-01,G81002,GROVE ROAD SURGERY,5972
2025-12-01,G81003,THE LIGHTHOUSE MEDICAL PRACTICE,18358
2025-12-01,G81004,DOWNLANDS MEDICAL CENTRE,10069
2025-12-01,G81006,ARDINGLY COURT SURGERY,6571
2025-12-01,G81008,STONE CROSS SURGERY,14781
2025-12-01,G81011,ST. PETER'S MEDICAL CENTRE,18586
2025-12-01,G81012,BRIDGESIDE SURGERY,6778
2025-12-01,G81014,CARDEN SURGERY,8654
2025-12-01,G81016,QUAYSIDE MEDICAL PRACTICE,12057
2025-12-01,G81017,SEASIDE MEDICAL CENTRE,11754
2025-12-01,G81018,PRESTON PARK SURGERY,12632
2025-12-01,G81019,BEACON SURGERY,11596
2025-12-01,G81021,FOUNDRY HEALTHCARE LEWES,28532
2025-12-01,G81022,SOVEREIGN PRACTICE,13819
2025-12-01,G81023,MARTINS OAK SURGERY,8402
2025-12-01,G81024,ASHDOWN FOREST HEALTH CENTRE,10781
2025-12-01,G81028,PARK CRESCENT HEALTH CENTRE,12119
2025-12-01,G81029,SEAFORD MEDICAL PRACTICE,18226
2025-12-01,G81030,WADHURST MEDICAL GROUP,7591
2025-12-01,G81031,THE HILL SURGERY,19821
2025-12-01,G81032,VICTORIA MEDICAL CENTRE,27641
2025-12-01,G81034,CHARTER MEDICAL CENTRE,31492
2025-12-01,G81036,WARMDENE SURGERY,9277
2025-12-01,G81037,THE MEADS SURGERY,9833
2025-12-01,G81038,STANFORD MEDICAL CENTRE,18072
2025-12-01,G81039,LITTLE COMMON SURGERY,19328
2025-12-01,G81040,WOODHILL SURGERY,4054
2025-12-01,G81041,SIDLEY MEDICAL PRACTICE,13489
2025-12-01,G81042,BEACONSFIELD MEDICAL PRACTICE,13737
2025-12-01,G81043,ROTHERFIELD SURGERY,7253
2025-12-01,G81044,MONTPELIER SURGERY,6862
2025-12-01,G81046,PORTSLADE HEALTH CENTRE,11269
2025-12-01,G81047,SEVEN DIALS MEDICAL CENTRE,6988
2025-12-01,G81048,CARISBROOKE SURGERY,8554
2025-12-01,G81049,MANOR PARK MEDICAL CENTRE,6765
2025-12-01,G81050,ARLINGTON ROAD SURGERY,11939
2025-12-01,G81051,RYE MEDICAL CENTRE,7235
2025-12-01,G81052,FAIRFIELD SURGERY,4228
2025-12-01,G81054,PAVILION SURGERY,10229
2025-12-01,G81055,SAXONBURY HOUSE SURGERY,9537
2025-12-01,G81057,SEDLESCOMBE & WESTFIELD SURGERIES,6285
2025-12-01,G81059,HAILSHAM MEDICAL GROUP,11315
2025-12-01,G81061,CHAPEL STREET SURGERY,5144
2025-12-01,G81065,WOODINGDEAN MEDICAL CENTRE,8764
2025-12-01,G81070,TRINITY MEDICAL CENTRE,25360
2025-12-01,G81071,UNIVERSITY OF SUSSEX HEALTH CENTRE,16870
2025-12-01,G81073,MILE OAK MEDICAL CENTRE,8775
2025-12-01,G81074,HIGH GLADES MEDICAL CENTRE,19128
2025-12-01,G81075,THE AVENUE SURGERY,6497
2025-12-01,G81076,SALTDEAN AND ROTTINGDEAN MED PRACTICE,12865
2025-12-01,G81077,COLLINGTON SURGERY,17053
2025-12-01,G81082,OLDWOOD SURGERY,6207
2025-12-01,G81083,WISH PARK SURGERY,7608
2025-12-01,G81085,FERRY ROAD HEALTH CENTRE,3928
2025-12-01,G81086,BIRD-IN-EYE SURGERY,7762
2025-12-01,G81087,NORTHIAM SURGERY,6848
2025-12-01,G81088,WEALDEN RIDGE MEDICAL PARTNERSHIP,21919
2025-12-01,G81089,SOUTH SAXON HOUSE SURGERY,3486
2025-12-01,G81095,HASTINGS OLD TOWN SURGERY,25738
2025-12-01,G81096,SEDLESCOMBE HOUSE,2826
2025-12-01,G81098,QUINTINS MEDICAL CENTRE,13586
2025-12-01,G81099,OLD SCHOOL SURGERY,9131
2025-12-01,G81100,HAVENSHEALTH,19188
2025-12-01,G81102,BUXTED MEDICAL CENTRE,15568
2025-12-01,G81104,PARK PRACTICE,13315
2025-12-01,G81613,SCHOOL HOUSE SURGERY,5316
2025-12-01,G81614,GROOMBRIDGE AND HARTFIELD MEDICAL GROUP,5422
2025-12-01,G81634,HERSTMONCEUX INTEGRATIVE HEALTH CENTRE,5790
2025-12-01,G81638,WELLBN HEALTHCARE,24916
2025-12-01,G81641,PRIORY ROAD SURGERY,3903
2025-12-01,G81646,THE HAVEN PRACTICE,2726
2025-12-01,G81656,REGENCY SURGERY,5804
2025-12-01,G81658,THE STATION PRACTICE,18028
2025-12-01,G81663,LINKS ROAD SURGERY,4828
2025-12-01,G81669,BROADWAY SURGERY,2246
2025-12-01,G81689,ARCH HEALTHCARE,1370
2025-12-01,G81694,SHIP STREET SURGERY,2979
2025-12-01,G82002,ST JAMES' SURGERY,9905
2025-12-01,G82006,DR CJ SHIMMINS & PARTNERS,15504
2025-12-01,G82007,CHURCH LANE HEALTH CENTRE,6446
2025-12-01,G82013,AMHERST MEDICAL PRACTICE,14999
2025-12-01,G82014,WOODLANDS FAMILY PRACTICE,20420
2025-12-01,G82015,PENCESTER SURGERY,11783
2025-12-01,G82016,KINGSWOOD SURGERY,11319
2025-12-01,G82018,SUN LANE,5375
2025-12-01,G82019,EDENBRIDGE MED PRACTICE,13496
2025-12-01,G82020,THE GRANGE PRACTICE,12537
2025-12-01,G82021,THE SHRUBBERY SURGERY,17159
2025-12-01,G82022,SPELDHURST & GREGGSWOOD MEDICAL GROUP,9616
2025-12-01,G82023,SHEERNESS HEALTH CENTRE,6808
2025-12-01,G82024,GREENSAND MEDICAL GROUP,25626
2025-12-01,G82025,THE WELLS MEDICAL PRACTICE,19324
2025-12-01,G82026,GROVEHURST SURGERY,8152
2025-12-01,G82027,FAVERSHAM MEDICAL PRACTICE,14209
2025-12-01,G82028,SWANLEY MEDICAL PRACTICE,24725
2025-12-01,G82031,BOWER MOUNT MEDICAL PRACTICE,10959
2025-12-01,G82032,PELHAM MEDICAL PRACTICE,15465
2025-12-01,G82035,THE CHESTNUTS SURGERY,9633
2025-12-01,G82036,BALMORAL SURGERY,11588
2025-12-01,G82037,HILDENBOROUGH MEDICAL GROUP,16655
2025-12-01,G82038,ST RICHARDS ROAD SURGERY,10385
2025-12-01,G82039,NEWTON PLACE SURGERY,18854
2025-12-01,G82041,GROSVENOR & ST JAMES MEDICAL CENTRE,14270
2025-12-01,G82042,TONBRIDGE MEDICAL GROUP,18030
2025-12-01,G82044,SPRINGHEAD HEALTH,22056
2025-12-01,G82046,SUMMERHILL SURGERY,5988
2025-12-01,G82048,HORSMAN'S PLACE SURGERY,9581
2025-12-01,G82050,SYDENHAM HOUSE MEDICAL CENTRE,24234
2025-12-01,G82051,CITY WAY SURGERY,13072
2025-12-01,G82052,THE LIMES MEDICAL CENTRE,17129
2025-12-01,G82053,WOODCHURCH SURGERY,5879
2025-12-01,G82055,WEALD VIEW MEDICAL PRACTICE - HAWKHURST,9830
2025-12-01,G82056,THE WELLCOME PRACTICE,11088
2025-12-01,G82057,ST GEORGES MEDICAL CENTRE,10927
2025-12-01,G82058,AYLESFORD MEDICAL CENTRE,7207
2025-12-01,G82059,WARDERS MEDICAL CENTRE,18551
2025-12-01,G82060,NORTHGATE MEDICAL PRACTICE,20835
2025-12-01,G82062,PARROCK STREET SURGERY,2330
2025-12-01,G82063,SANDWICH MEDICAL PRACTICE,13007
2025-12-01,G82066,NORTHDOWN & DASHWOOD SURGERY,25036
2025-12-01,G82067,OLD ROAD WEST SURGERY,9569
2025-12-01,G82069,WHITE HOUSE SURGERY,12042
2025-12-01,G82071,WHITSTABLE MEDICAL PRACTICE,45199
2025-12-01,G82073,MEOPHAM MEDICAL CENTRE,10316
2025-12-01,G82074,BEARSTED,15943
2025-12-01,G82076,MOTE,17049
2025-12-01,G82077,THE ELMS MEDICAL CENTRE,12569
2025-12-01,G82079,WESTGATE SURGERY,9975
2025-12-01,G82080,ASHFORD MEDICAL PARTNERSHIP,38075
2025-12-01,G82082,STURRY SURGERY,16742
2025-12-01,G82083,THORNHILLS MEDICAL PRACTICE,14857
2025-12-01,G82085,SNODLAND MEDICAL PRACTICE,12120
2025-12-01,G82086,THE NEW SURGERY,10248
2025-12-01,G82087,NEW HAYESBANK SURGERY,17940
2025-12-01,G82089,BREWER STREET,9207
2025-12-01,G82090,THE HERON MEDICAL PRACTICE,17883
2025-12-01,G82091,GUILDHALL STREET SURGERY,10291
2025-12-01,G82092,WESTERHAM PRACTICE,8336
2025-12-01,G82093,LEN VALLEY PRACTICE,10141
2025-12-01,G82094,CHARING SURGERY,11350
2025-12-01,G82095,THORNDIKE PARTNERSHIP,12335
2025-12-01,G82097,JUBILEE MEDICAL CENTRE,15588
2025-12-01,G82098,BLACKTHORN,8536
2025-12-01,G82099,THE COLLEGE PRACTICE,33757
2025-12-01,G82100,HIGHPARKS MEDICAL PRACTICE,15120
2025-12-01,G82105,BETHESDA MEDICAL CENTRE,18821
2025-12-01,G82106,RIVERSIDE MEDICAL PRACTICE,7280
2025-12-01,G82107,MINSTER SURGERY,9329
2025-12-01,G82108,KING GEORGE ROAD SURGERY,6783
2025-12-01,G82110,TOWN MEDICAL CENTRE,7282
2025-12-01,G82111,THE CEDARS SURGERY,11224
2025-12-01,G82113,STONECROSS AND WEST DRIVE SURGERY,7977
2025-12-01,G82114,IVY COURT SURGERY,15653
2025-12-01,G82115,NEW DOVER ROAD SURGERY,10574
2025-12-01,G82117,HIGH STREET SURGERY,9370
2025-12-01,G82118,WOODLANDS HEALTH CENTRE,13974
2025-12-01,G82119,PARK SURGERY,24755
2025-12-01,G82120,BOROUGH GREEN MEDICAL PRACTICE,15380
2025-12-01,G82121,SANDGATE ROAD,12652
2025-12-01,G82122,SWANSCOMBE HEALTH CENTRE,37428
2025-12-01,G82125,OTFORD MEDICAL PRACTICE,11545
2025-12-01,G82126,EAST CLIFF MEDICAL PRACTICE,15363
2025-12-01,G82129,THE GLEBE FAMILY PRACTICE,4825
2025-12-01,G82135,WEST MALLING GROUP PRACTICE,21190
2025-12-01,G82137,ST ANDREWS MEDICAL CENTRE,9872
2025-12-01,G82138,ASH SURGERY,4678
2025-12-01,G82139,MAIDSTONE ROAD SURGERY,8732
2025-12-01,G82140,UNIVERSITY MEDICAL CENTRE,13984
2025-12-01,G82141,YALDING,7094
2025-12-01,G82142,WYE SURGERY,10796
2025-12-01,G82143,LOWFIELD MEDICAL CENTRE,7510
2025-12-01,G82147,OAK HALL,5891
2025-12-01,G82150,NEWINGTON ROAD SURGERY,6973
2025-12-01,G82152,RUSTHALL MEDICAL PRACTICE,6793
2025-12-01,G82154,THAMES AVE SURGERY,5974
2025-12-01,G82155,WATERFIELD HOUSE SURGERY,6424
2025-12-01,G82158,HOWELL SURGERY,5389
2025-12-01,G82160,OAKLANDS HEALTH CENTRE,12222
2025-12-01,G82161,REACH HEALTHCARE,31269
2025-12-01,G82162,ORCHARD FAMILY PRACTICE,5384
2025-12-01,G82164,THE VINE MEDICAL CENTRE,13337
2025-12-01,G82165,HAWKINGE AND ELHAM,10146
2025-12-01,G82170,LAMBERHURST,3794
2025-12-01,G82180,MAIDSTONE RD RAINHAM SURGERY,4727
2025-12-01,G82184,WALTHAM ROAD MEDICAL CENTRE,1351
2025-12-01,G82185,REDWOOD PRACTICE,8936
2025-12-01,G82186,HAMSTREET SURGERY,7950
2025-12-01,G82200,WATERINGBURY,10845
2025-12-01,G82203,COURT VIEW SURGERY,10591
2025-12-01,G82205,ST JOHN'S MEDICAL PRACTICE,8382
2025-12-01,G82211,AYLESHAM MEDICAL PRACTICE,8783
2025-12-01,G82212,PILGRIMS WAY SURGERY,8685
2025-12-01,G82215,MARDEN MEDICAL CENTRE,7703
2025-12-01,G82217,HARBOUR MEDICAL PRACTICE,3559
2025-12-01,G82218,RIVER DARENT MEDICAL GROUP,12449
2025-12-01,G82219,ST PETER'S SURGERY,4767
2025-12-01,G82224,OLD PARSONAGE SURGERY,3899
2025-12-01,G82226,WIGMORE MEDICAL CENTRE,5455
2025-12-01,G82227,LYDDEN SURGERY,5990
2025-12-01,G82228,CANTERBURY MEDICAL PRACTICE,24125
2025-12-01,G82229,SUTTON VALENCE GROUP PRACTICE,7460
2025-12-01,G82231,LONDON ROAD MEDICAL CENTRE,6929
2025-12-01,G82232,MANOR CLINIC,9611
2025-12-01,G82233,ST. WERBURGH MED.PRACTICE,8907
2025-12-01,G82234,PHOENIX MEDICAL PRACTICE,6130
2025-12-01,G82235,OLD SCHOOL SURGERY,5670
2025-12-01,G82600,EASTCOURT LANE SURGERY,2311
2025-12-01,G82604,THE MEDICAL CENTRE GROUP,15529
2025-12-01,G82631,BRYANT STREET MEDICAL PRACTICE,8005
2025-12-01,G82634,THE MEADS MEDICAL PRACTICE,12020
2025-12-01,G82635,PUMP LANE SURGERY,2175
2025-12-01,G82641,WALLIS AVENUE,7365
2025-12-01,G82647,TEMPLE HILL SURGERY,23122
2025-12-01,G82648,ROCHESTER ROAD SURGERY,3962
2025-12-01,G82650,MOCKETTS WOOD SURGERY,9479
2025-12-01,G82652,CHURCH ROAD,3081
2025-12-01,G82658,SELLINDGE SURGERY,5125
2025-12-01,G82665,MARTELLO HEALTH CENTRE,5482
2025-12-01,G82666,BIRCHINGTON MEDICAL CENTRE,12798
2025-12-01,G82679,APEX MEDICAL CENTRE,7071
2025-12-01,G82682,THE OM MEDICAL CENTRE,7319
2025-12-01,G82684,NEW LYMINGE SURGERY,4499
2025-12-01,G82687,VEL SURGERY,9736
2025-12-01,G82691,LANGLEY,3440
2025-12-01,G82693,MEMORIAL MEDICAL CENTRE,17789
2025-12-01,G82696,THE NEW GOLF ROAD SURGERY,2641
2025-12-01,G82697,THE CHURCHILL CLINIC,9830
2025-12-01,G82698,THE MEDIC CARE SURGERY,4347
2025-12-01,G82700,BUCKLAND MEDICAL PRACTICE,10176
2025-12-01,G82702,GREEN PORCH MEDICAL PARTNERSHIP,8127
2025-12-01,G82708,MARLOWE PARK MEDICAL CTR.,4297
2025-12-01,G82711,BORSTAL VILLAGE SURGERY,4275
2025-12-01,G82719,MATRIX MEDICAL PRACTICE,16569
2025-12-01,G82721,PARKWOOD FAMILY PRACTICE,3226
2025-12-01,G82729,WHITE CLIFFS MEDICAL CENTRE,9944
2025-12-01,G82730,KINGSNORTH MEDICAL PRACTICE,12715
2025-12-01,G82733,ORCHARD END,4211
2025-12-01,G82737,LONG CATLIS ROAD SURGERY,11285
2025-12-01,G82741,PRINCES PARK MEDICAL CTR,30395
2025-12-01,G82744,MARITIME HEALTH PARTNERSHIP,38236
2025-12-01,G82753,THE KINGS FAMILY PRACTICE,8500
2025-12-01,G82754,HADLOW MEDICAL CENTRE,3602
2025-12-01,G82763,NAPIER ROAD SURGERY,3047
2025-12-01,G82768,LONSDALE MEDICAL CENTRE,7909
2025-12-01,G82780,GRAVESEND MEDICAL CENTRE,16701
2025-12-01,G82790,OLD SCHOOL SURGERY,6232
2025-12-01,G82796,BROADSTAIRS MEDICAL PRACTICE,7402
2025-12-01,G82799,SHEPPEY HEALTHY LIVING CENTRE,14301
2025-12-01,G82802,CANTERBURY HEALTH CENTRE,8007
2025-12-01,G82808,"OAKFIELD HEALTH CENTRE, PRACTICE 2",10056
2025-12-01,G82809,DOWNS WAY MEDICAL PRACTICE,16005
2025-12-01,G82888,SOUTH PARK MEDICAL PRACTICE,5955
2025-12-01,G83001,MANOR BROOK PMS,12320
2025-12-01,G83002,THE WESTWOOD SURGERY,9663
2025-12-01,G83004,BARNARD MEDICAL GROUP,13328
2025-12-01,G83006,THE ALBION SURGERY,16056
2025-12-01,G83009,BELLEGROVE SURGERY,11462
2025-12-01,G83010,NORTHUMBERLAND HEATH MED.CTR.,14501
2025-12-01,G83012,GALLIONS REACH HEALTH CENTRE,15838
2025-12-01,G83013,BLACKHEATH STANDARD PMS,8009
2025-12-01,G83015,ELTHAM PALACE PMS,7600
2025-12-01,G83016,ROYAL ARSENAL MEDICAL CENTRE,11659
2025-12-01,G83018,LAKESIDE MEDICAL,19253
2025-12-01,G83019,PLUMSTEAD H/C PMS,15544
2025-12-01,G83021,VANBRUGH GROUP PRACTICE,18103
2025-12-01,G83024,INGLETON AVENUE SURGERY,4870
2025-12-01,G83025,WELLING MEDICAL PRACTICE,11191
2025-12-01,G83026,TRIVENI PMS,8170
2025-12-01,G83027,EVEREST HEALTH PARTNERSHIP,20737
2025-12-01,G83028,BEXLEY GROUP PRACTICE,14529
2025-12-01,G83029,PLAS MEDDYG SURGERY,7335
2025-12-01,G83030,ALL SAINTS MEDICAL CENTRE PMS,6596
2025-12-01,G83031,ABBEY WOOD SURGERY,7161
2025-12-01,G83033,DR DAVIES & PARTNER,5518
2025-12-01,G83039,ST MARKS PMS,10403
2025-12-01,G83044,FAIRFIELD PMS,12949
2025-12-01,G83046,BURSTED WOOD SURGERY,6426
2025-12-01,G83047,STATION ROAD SURGERY,2
2025-12-01,G83049,LYNDHURST ROAD MEDICAL CENTRE,12656
2025-12-01,G83052,BELVEDERE MEDICAL CENTRE,17936
2025-12-01,G83053,BEXLEY MEDICAL GROUP,21396
2025-12-01,G83057,WOODLANDS SURGERY,11530
2025-12-01,G83058,PRIMECARE PMS (SOUTH STREET),11928
2025-12-01,G83060,GLYNDON PMS,7468
2025-12-01,G83062,SLADE GREEN MEDICAL CTR.,11581
2025-12-01,G83065,BURNEY STREET PMS,15503
2025-12-01,G83066,SIDCUP MEDICAL CENTRE,30682
2025-12-01,G83067,VALENTINE HEALTH PARTNERSHIP,32106
2025-12-01,G83628,NEW ELTHAM AND BLACKFEN MEDICAL CENTRE,10802
2025-12-01,G83630,RIVERSIDE SURGERY,12517
2025-12-01,G83631,ABBEYSLADE PMS (DR CHAND),4900
2025-12-01,G83633,CONWAY PMS,5399
2025-12-01,G83635,WAVERLEY PMS,4530
2025-12-01,G83641,PLUMBRIDGE MEDICAL CENTRE,3593
2025-12-01,G83642,CRAYFORD TOWN SURGERY,10271
2025-12-01,G83647,PLUMSTEAD AND WICKHAM LANE SURGERY,8265
2025-12-01,G83651,WOODLANDS SURGERY,6237
2025-12-01,G83654,BANNOCKBURN SURGERY,5688
2025-12-01,G83673,ELMSTEAD MEDICAL CLINIC,6877
2025-12-01,G83680,ELTHAM MEDICAL PRACTICE,26147
2025-12-01,G84001,SOUTH VIEW PARTNERSHIP,13349
2025-12-01,G84002,DYSART SURGERY,13314
2025-12-01,G84003,LINKS MEDICAL PRACTICE,11950
2025-12-01,G84004,STOCK HILL SURGERY,9532
2025-12-01,G84005,DERRY DOWNS SURGERY,5274
2025-12-01,G84006,SUMMERCROFT SURGERY,9636
2025-12-01,G84007,POVEREST MEDICAL CENTRE,8070
2025-12-01,G84008,MANOR ROAD SURGERY,6291
2025-12-01,G84009,FAMILY SURGERY,4302
2025-12-01,G84010,THE CHISLEHURST PARTNERSHIP,23775
2025-12-01,G84011,EDEN PARK SURGERY,8342
2025-12-01,G84013,ST MARY CRAY PRACTICE,4393
2025-12-01,G84015,STATION ROAD SURGERY,10622
2025-12-01,G84016,LONDON LANE CLINIC,13235
2025-12-01,G84017,ADDINGTON ROAD SURGERY,8734
2025-12-01,G84018,CORNERWAYS SURGERY,7608
2025-12-01,G84019,BROOMWOOD HEALTH CENTRE,11129
2025-12-01,G84020,CHELSFIELD SURGERY,9186
2025-12-01,G84023,SOUTHBOROUGH LANE SURGERY,9989
2025-12-01,G84024,BROMLEY COMMON PRACTICE,9843
2025-12-01,G84025,THE PARK PRACTICE,9181
2025-12-01,G84027,ELM HOUSE SURGERY,21284
2025-12-01,G84028,ST JAMES' PRACTICE,7124
2025-12-01,G84029,ROBIN HOOD SURGERY,3705
2025-12-01,G84030,FORGE CLOSE SURGERY,6793
2025-12-01,G84032,KNOLL MEDICAL PRACTICE,14281
2025-12-01,G84033,PICKHURST SURGERY,8709
2025-12-01,G84035,TUDOR WAY SURGERY,8618
2025-12-01,G84039,NORHEADS LANE SURGERY,3805
2025-12-01,G84040,BALLATER SURGERY,10704
2025-12-01,G84041,GILLMANS ROAD SURGERY,4226
2025-12-01,G84604,HIGHLAND ROAD SURGERY,8774
2025-12-01,G84607,WICKHAM PARK SURGERY,5530
2025-12-01,G84609,BANK HOUSE SURGERY,3482
2025-12-01,G84621,WHITEHOUSE SURGERY,4155
2025-12-01,G84624,ANERLEY SURGERY,2518
2025-12-01,G84625,OAKFIELD SURGERY,7621
2025-12-01,G84627,GREEN STREET GREEN MED CT,7056
2025-12-01,G84629,SUNDRIDGE MEDICAL CENTRE,6582
2025-12-01,G84630,CRESCENT SURGERY,2898
2025-12-01,G85001,FOREST HILL GROUP PRACTICE,10280
2025-12-01,G85002,STREATHAM HIGH PRACTICE,24261
2025-12-01,G85004,MODALITY LEWISHAM (ML),35026
2025-12-01,G85006,THE ACORN & GAUMONT HOUSE SURGERY,9089
2025-12-01,G85011,CLAPHAM FAMILY PRACTICE,19874
2025-12-01,G85013,CAMBERWELL GREEN SURGERY,9059
2025-12-01,G85014,STREATHAM COMMON PRACTICE,12098
2025-12-01,G85015,THE QRP SURGERY,8943
2025-12-01,G85016,HERNE HILL GROUP PRACTICE,14941
2025-12-01,G85019,TRAFALGAR SURGERY,3726
2025-12-01,G85020,KINGFISHER MEDICAL CENTRE,16121
2025-12-01,G85021,PRENTIS MEDICAL CENTRE,4811
2025-12-01,G85022,NORTH WOOD GROUP PRACTICE,15913
2025-12-01,G85023,LEWISHAM MEDICAL CENTRE,14465
2025-12-01,G85024,SYDENHAM GREEN GROUP PRACTICE,14670
2025-12-01,G85025,BRIXTON HILL GROUP PRACTICE,12965
2025-12-01,G85026,CLIFTON RISE FAMILY PRACTICE,4372
2025-12-01,G85028,STOCKWELL GROUP PRACTICE,12711
2025-12-01,G85029,FALMOUTH ROAD GROUP PRACTICE,17244
2025-12-01,G85030,PARKSIDE MEDICAL CENTRE,6180
2025-12-01,G85031,DMC CHADWICK ROAD,6844
2025-12-01,G85032,TORRIDON ROAD MEDICAL PRACTICE,11765
2025-12-01,G85034,NEXUS HEALTH GROUP,75259
2025-12-01,G85038,THE LEWISHAM CARE PARTNERSHIP,52097
2025-12-01,G85039,PAXTON GREEN GROUP PRACTICE,19353
2025-12-01,G85040,QUEENS ROAD SURGERY,14088
2025-12-01,G85041,PALACE ROAD SURGERY,8164
2025-12-01,G85042,ST GILES SURGERY,6840
2025-12-01,G85044,VALLEY ROAD SURGERY,5740
2025-12-01,G85045,HETHERINGTON GROUP PRACTICE,7872
2025-12-01,G85046,LEE ROAD SURGERY,12266
2025-12-01,G85047,KNIGHTS HILL SURGERY SUITE 1,11577
2025-12-01,G85051,ELM LODGE SURGERY,9184
2025-12-01,G85052,OLD KENT ROAD SURGERY,10525
2025-12-01,G85053,HURLEY AND RIVERSIDE PRACTICES,23439
2025-12-01,G85054,LAMBETH WALK GROUP PRACTICE,7512
2025-12-01,G85057,ASHDOWN MEDICAL GROUP,12803
2025-12-01,G85061,WOOLSTONE MEDICAL CENTRE,9748
2025-12-01,G85073,VASSALL MEDICAL CENTRE,7440
2025-12-01,G85076,NEW CROSS CENTRE (HURLEY GROUP),9698
2025-12-01,G85083,SANDMERE PRACTICE,12676
2025-12-01,G85084,PENROSE SURGERY,16132
2025-12-01,G85085,GROVE MEDICAL CENTRE,13123
2025-12-01,G85086,THE SOUTH LAMBETH RD PRACTICE,11008
2025-12-01,G85087,SILVERLOCK MEDICAL CENTRE,17182
2025-12-01,G85091,THE THREE ZERO SIX MEDICAL CENTRE,6809
2025-12-01,G85096,THE VALE SURGERY,10912
2025-12-01,G85100,BECKETT HOUSE PRACTICE,8803
2025-12-01,G85102,GRAY'S INN MEDICAL GROUP VAUXHALL,9671
2025-12-01,G85104,ICO HEALTH GROUP,10009
2025-12-01,G85105,VESTA ROAD SURGERY,6715
2025-12-01,G85109,CLAPHAM PARK GROUP PRACTICE,21334
2025-12-01,G85114,WELLS PARK PRACTICE,13064
2025-12-01,G85119,STERNHALL LANE SURGERY,6417
2025-12-01,G85120,TRIANGLE GROUP PRACTICE,6506
2025-12-01,G85121,PARKVIEW SURGERY,10167
2025-12-01,G85123,BINFIELD ROAD SURGERY,10236
2025-12-01,G85125,PARK MEDICAL CENTRE,6137
2025-12-01,G85127,THE CORNER SURGERY,6509
2025-12-01,G85129,THE DEERBROOK SURGERY,7572
2025-12-01,G85130,MAWBEY GROUP PRACTICE,10542
2025-12-01,G85132,TESSA JOWELL GP SURGERY,15686
2025-12-01,G85134,THE LISTER PRIMARY CARE CENTRE,8880
2025-12-01,G85135,MINET GREEN HEALTH PRACTICE,11743
2025-12-01,G85136,WATERLOO HEALTH CENTRE,15372
2025-12-01,G85137,BROCKWELL PARK SURGERY,8842
2025-12-01,G85138,ALBION STREET GROUP PRACTICE,15141
2025-12-01,G85623,BERMONDSEY SPA MEDICAL CENTRE,11022
2025-12-01,G85632,THE VILLA STREET MEDICAL CENTRE,9182
2025-12-01,G85633,NOVUM HEALTH PARTNERSHIP,20724
2025-12-01,G85642,BLACKFRIARS MEDICAL PRACTICE,9926
2025-12-01,G85644,THE GARDENS SURGERY,6304
2025-12-01,G85647,THE EXCHANGE SURGERY,7546
2025-12-01,G85651,THE DULWICH MEDICAL CENTRE,6896
2025-12-01,G85662,THE STREATHAM HILL GROUP PRACTICE,7571
2025-12-01,G85673,SPRINGFIELD MEDICAL CENTRE,7068
2025-12-01,G85674,GRAFTON SQUARE SURGERY,7171
2025-12-01,G85681,THE LORDSHIP LANE SURGERY,4900
2025-12-01,G85685,THE NUNHEAD SURGERY,9398
2025-12-01,G85690,HERNE HILL ROAD MEDICAL PRACTICE,7157
2025-12-01,G85695,AKERMAN MEDICAL PRACTICE,7279
2025-12-01,G85696,VALE MEDICAL CENTRE,17348
2025-12-01,G85698,AMERSHAM VALE TRAINING PRACTICE,16000
2025-12-01,G85705,THE NEW MILL STREET SURGERY,7218
2025-12-01,G85706,THE OLD DAIRY HEALTH CENTRE,6014
2025-12-01,G85708,DR CURRAN & PARTNERS,10507
2025-12-01,G85711,DEPTFORD SURGERY,11829
2025-12-01,G85715,THE LISTER PRACTICE,11784
2025-12-01,G85716,OAKVIEW FAMILY PRACTICE,6434
2025-12-01,G85721,EAST STREET,6746
2025-12-01,G85722,WOODLANDS HEALTH CENTRE,11471
2025-12-01,G85724,EDITH CAVELL PRACTICE,20006
2025-12-01,G85726,BRUNSWICK PARK FAMILY PRACTICE,7598
2025-12-01,G85727,NIGHTINGALE SURGERY,7283
2025-12-01,G85736,DEPTFORD MEDICAL CENTRE,4418
2025-12-01,H81002,KNOWLE GREEN MEDICAL,8485
2025-12-01,H81003,SUNBURY GROUP PRACTICE,19240
2025-12-01,H81004,SHEPPERTON MEDICAL PRACTICE,12440
2025-12-01,H81005,POND TAIL SURGERY,6565
2025-12-01,H81006,AUSTEN ROAD SURGERY,8633
2025-12-01,H81009,STUDHOLME MEDICAL CENTRE,16279
2025-12-01,H81010,GUILDOWNS GROUP PRACTICE,24835
2025-12-01,H81011,NORK CLINIC,8563
2025-12-01,H81013,BARTLETT GROUP PRACTICE,28463
2025-12-01,H81015,CHOBHAM & WEST END MEDICAL PRACTICE,10689
2025-12-01,H81016,FAIRFIELD MEDICAL CENTRE,10192
2025-12-01,H81017,ASHLEA MEDICAL PRACTICE,19949
2025-12-01,H81019,SUNNY MEED SURGERY,14066
2025-12-01,H81020,FORT HOUSE SURGERY,13378
2025-12-01,H81021,THE MILL MEDICAL PRACTICE,17043
2025-12-01,H81022,CHIDDINGFOLD SURGERY,5254
2025-12-01,H81023,LINGFIELD SURGERY,11307
2025-12-01,H81024,GOLDSWORTH PARK HEALTH CENTRE,12961
2025-12-01,H81025,ST JOHN'S FAMILY PRACTICE,11432
2025-12-01,H81026,BINSCOMBE MEDICAL CENTRE,11571
2025-12-01,H81027,FARNHAM PARK HEALTH GROUP,15699
2025-12-01,H81028,DORKING MEDICAL PRACTICE,11269
2025-12-01,H81029,DAPDUNE HOUSE SURGERY,12853
2025-12-01,H81030,THE HOUSE PARTNERSHIP,28818
2025-12-01,H81031,WITLEY SURGERY,11225
2025-12-01,H81032,HEATHCOT MEDICAL PRACTICE,17400
2025-12-01,H81033,CHERTSEY HEALTH CENTRE,22833
2025-12-01,H81034,MADEIRA MEDICAL,8838
2025-12-01,H81035,MERROW PARK SURGERY,11694
2025-12-01,H81036,PARISHES BRIDGE MED.PRACT,9909
2025-12-01,H81038,LITTLETON SURGERY,3571
2025-12-01,H81039,PARK HOUSE SURGERY,6444
2025-12-01,H81040,STATION ROAD SURGERY,9171
2025-12-01,H81041,SOUTHVIEW MEDICAL PRACTICE,10738
2025-12-01,H81042,CROUCH OAK FAMILY PRACTICE,16905
2025-12-01,H81043,WONERSH SURGERY,10487
2025-12-01,H81044,SPRINGFIELD SURGERY,4755
2025-12-01,H81045,CATERHAM VALLEY MEDICAL PRACTICE,10699
2025-12-01,H81046,WAYSIDE MEDICAL PRACTICE,7156
2025-12-01,H81047,RUNNYMEDE MEDICAL PRACTICE,12064
2025-12-01,H81048,HOLMHURST MEDICAL CENTRE,10650
2025-12-01,H81050,WEY FAMILY PRACTICE,12322
2025-12-01,H81051,DERBY MEDICAL CENTRE,14131
2025-12-01,H81052,CRANLEIGH MEDICAL PRACTICE,17937
2025-12-01,H81053,VILLAGES MEDICAL CTR,8913
2025-12-01,H81055,HAWTHORNS SURGERY,8803
2025-12-01,H81056,OXTED HEALTH CENTRE,16919
2025-12-01,H81057,FORDBRIDGE MEDICAL CENTRE,7939
2025-12-01,H81058,WOODLANDS ROAD MEDICAL CENTRE,10257
2025-12-01,H81061,HILLVIEW MEDICAL CENTRE,15520
2025-12-01,H81062,HASLEMERE HEALTH CENTRE,19054
2025-12-01,H81064,FAIRLANDS MEDICAL PRACTICE,14050
2025-12-01,H81065,HERSHAM SURGERY,9988
2025-12-01,H81066,GROVE MEDICAL CENTRE,15023
2025-12-01,H81067,COBHAM HEALTH CENTRE,13387
2025-12-01,H81068,BROCKWOOD MEDICAL PRACTICE,12058
2025-12-01,H81069,PARK ROAD GROUP PRACTICE,22570
2025-12-01,H81070,HEATHCOTE MEDICAL CENTRE,11868
2025-12-01,H81071,ASHLEY CENTRE SURGERY,11017
2025-12-01,H81072,MEDWYN SURGERY,14106
2025-12-01,H81073,PHOENIX FAMILY PRACTICE,24685
2025-12-01,H81074,ST STEPHENS HOUSE SURGERY,6634
2025-12-01,H81075,UPPER GORDON ROAD SURGERY,11173
2025-12-01,H81076,GRAYSHOTT SURGERY,12344
2025-12-01,H81077,SHERESURGERYANDDISPENSARY,8192
2025-12-01,H81078,GLENLYN MEDICAL CENTRE,16378
2025-12-01,H81080,LONGCROFT CLINIC,10421
2025-12-01,H81081,TADWORTH MEDICAL CENTRE,9732
2025-12-01,H81082,CAMBERLEY HEALTH CENTRE,9732
2025-12-01,H81084,THE HORSLEY MEDICAL PRACTICE,10592
2025-12-01,H81085,ST. LUKE'S SURGERY,11431
2025-12-01,H81086,THORKHILL SURGERY,4852
2025-12-01,H81087,ST DAVID'S FAMILY PRACTICE,15605
2025-12-01,H81088,CENTRAL SURGERY,14451
2025-12-01,H81089,THE WALL HOUSE SURGERY,22540
2025-12-01,H81090,WOODBRIDGE HILL SURGERY,17086
2025-12-01,H81091,SPRING STREET SURGERY,14811
2025-12-01,H81094,THE RED PRACTICE WALTON,10685
2025-12-01,H81095,THE YELLOW PRACTICE,3543
2025-12-01,H81099,ESHER GREEN SURGERY,14050
2025-12-01,H81103,EASTWICK PARK MED.PRACT.,8364
2025-12-01,H81104,STANWELL ROAD SURGERY,8605
2025-12-01,H81107,OXSHOTT MEDICAL PRACTICE,8071
2025-12-01,H81109,CAPELFIELD SURGERY,7792
2025-12-01,H81110,HOLLY TREE SURGERY,6483
2025-12-01,H81111,VIRGINIA WATER MEDICAL PRACTICE,6069
2025-12-01,H81113,LEITH HILL PRACTICE,8014
2025-12-01,H81116,ELIZABETH HOUSE MEDICAL PRACTICE,5981
2025-12-01,H81119,WARLINGHAM GREEN MED PRAC,21840
2025-12-01,H81122,HYTHE MEDICAL CENTRE SURGERY,8996
2025-12-01,H81123,SHEERWATER HEALTH CENTRE,3522
2025-12-01,H81126,TATTENHAM HEALTH CENTRE,8003
2025-12-01,H81128,VINE MEDICAL CENTRE,8746
2025-12-01,H81129,PIRBRIGHT SURGERY,4741
2025-12-01,H81130,LIGHTWATER SURGERY,15688
2025-12-01,H81131,THE WHITE PRACTICE,4388
2025-12-01,H81133,INTEGRATED CARE PARTNERSHIP - OCH,31244
2025-12-01,H81134,STAINES HEALTH GROUP,13139
2025-12-01,H81615,FARNHAM DENE MEDICAL PRACTICE,14605
2025-12-01,H81618,MOLEBRIDGE PRACTICE,6103
2025-12-01,H81632,THE ORCHARD SURGERY,3042
2025-12-01,H81638,MODALITY EAST SURREY MEDICAL PRACTICE,38174
2025-12-01,H81641,THE PRACTICE COLLEGE ROAD,4018
2025-12-01,H81642,UPPER HALLIFORD MEDICAL CENTRE,4429
2025-12-01,H81643,MAYBURY SURGERY,4083
2025-12-01,H81644,FOUNTAIN PRACTICE,8489
2025-12-01,H81656,SHADBOLT PARK HOUSE SURG,7092
2025-12-01,H81658,NEW OTTERSHAW SURGERY,6261
2025-12-01,H81663,ASHLEY MEDICAL PRACTICE,3692
2025-12-01,H81672,THE GROVES HINCHLEY WOOD,6246
2025-12-01,H82003,MEADOWS SURGERY,10741
2025-12-01,H82004,COWFOLD SURGERY,5083
2025-12-01,H82005,CUCKFIELD MEDICAL CENTRE,13007
2025-12-01,H82006,THE PETWORTH SURGERY,6008
2025-12-01,H82007,WESTCOURT MEDICAL CENTRE,12778
2025-12-01,H82009,ST. LAWRENCE SURGERY,16607
2025-12-01,H82011,STRAND MEDICAL GROUP,15778
2025-12-01,H82012,LEACROFT MEDICAL PRACTICE,15475
2025-12-01,H82013,LANGLEY HOUSE SURGERY,13723
2025-12-01,H82014,COPPICE SURGERY,13534
2025-12-01,H82016,BERSTED GREEN SURGERY,13000
2025-12-01,H82017,PARK SURGERY,19971
2025-12-01,H82020,BOGNOR MEDICAL CENTRE,9720
2025-12-01,H82021,ARUNDEL SURGERY,6631
2025-12-01,H82022,STEYNING HEALTH CENTRE,11714
2025-12-01,H82023,ADUR HEALTH PARTNERSHIP,36236
2025-12-01,H82025,WOODLANDS&CLERKLANDS PARTNERSHIP,17376
2025-12-01,H82026,SAXONBROOK MEDICAL CENTRE,19642
2025-12-01,H82027,RUDGWICK MEDICAL CENTRE,4029
2025-12-01,H82028,THE COURTYARD SURGERY HORSHAM,15860
2025-12-01,H82030,PULBOROUGH MEDICAL GROUP,13425
2025-12-01,H82031,LOXWOOD SURGERY,7003
2025-12-01,H82032,RIVERBANK MEDICAL CENTRE,12952
2025-12-01,H82033,GOSSOPS GREEN MEDICAL CTR,7262
2025-12-01,H82034,LIME TREE SURGERY,28045
2025-12-01,H82035,LINDFIELD MEDICAL CENTRE,10836
2025-12-01,H82036,ORCHARD SURGERY,8843
2025-12-01,H82037,SELSEY MEDICAL PRACTICE,12573
2025-12-01,H82038,FLANSHAM PARK HEALTH CENTRE,12965
2025-12-01,H82039,PARK SURGERY,11159
2025-12-01,H82040,MODALITY MID SUSSEX,28984
2025-12-01,H82041,VICTORIA ROAD SURGERY,14045
2025-12-01,H82042,CATHEDRAL MEDICAL GROUP,14024
2025-12-01,H82043,GROVE HOUSE SURGERY,11128
2025-12-01,H82044,DOLPHINS PRACTICE,10667
2025-12-01,H82045,WORTHING MEDICAL GROUP,20715
2025-12-01,H82046,BROADWATER MEDICAL CENTRE,11725
2025-12-01,H82047,BRIDGE MEDICAL CENTRE,12965
2025-12-01,H82048,AVISFORD MEDICAL GROUP,11987
2025-12-01,H82049,PARKLANDS SURGERY,10474
2025-12-01,H82050,IFIELD MEDICAL PRACTICE,11059
2025-12-01,H82051,LAVANT ROAD SURGERY,12650
2025-12-01,H82052,POUND HILL MEDICAL GROUP,17058
2025-12-01,H82053,FURNACE GREEN SURGERY,7158
2025-12-01,H82055,BILLINGSHURST SURGERY,13945
2025-12-01,H82056,NEWTONS PRACTICE,14809
2025-12-01,H82057,MID SUSSEX HEALTH CARE,22389
2025-12-01,H82058,MAYWOOD HEALTH CARE CENTRE,17964
2025-12-01,H82059,WILLOW GREEN SURGERY,11789
2025-12-01,H82060,HENFIELD MEDICAL CENTRE,10066
2025-12-01,H82061,SELDEN MEDICAL CENTRE,9214
2025-12-01,H82063,MOATFIELD SURGERY,17132
2025-12-01,H82064,SOUTHGATE MEDICAL GROUP,11761
2025-12-01,H82065,BALL TREE SURGERY,15144
2025-12-01,H82066,FITZALAN MEDICAL GROUP,16279
2025-12-01,H82067,TANGMERE MEDICAL CENTRE,8560
2025-12-01,H82070,GLEBE SURGERY,13220
2025-12-01,H82072,SILVERDALE PRACTICE,13623
2025-12-01,H82076,CORNERWAYS SURGERY,4000
2025-12-01,H82077,THE CROFT SURGERY,13753
2025-12-01,H82078,SOUTHBOURNE SURGERY,10324
2025-12-01,H82084,BROW MEDICAL CENTRE,7831
2025-12-01,H82087,BARN SURGERY,3870
2025-12-01,H82088,BEWBUSH MEDICAL CENTRE,6419
2025-12-01,H82089,RIVERSIDE MEDICAL PRACTICE,11527
2025-12-01,H82091,NEW POND ROW SURGERY,8548
2025-12-01,H82092,VILLAGE SURGERY,11288
2025-12-01,H82095,WITTERINGS MEDICAL CENTRE,10422
2025-12-01,H82096,THE ORCHARD SURGERY,5501
2025-12-01,H82098,COACHMANS MEDICAL PRACTICE,10282
2025-12-01,H82099,WEST MEADS SURGERY,8090
2025-12-01,H82100,NORTHLANDS WOOD SURGERY,8766
2025-12-01,H82615,OUSE VALLEY PRACTICE,9972
2025-12-01,H82640,HOLBROOK SURGERY,16497
2025-12-01,H83001,PORTLAND MEDICAL CENTRE,15146
2025-12-01,H83004,FARLEY ROAD MEDICAL PRACTICE,11772
2025-12-01,H83005,UPPER NORWOOD GROUP PRACTICE,14854
2025-12-01,H83006,NEW ADDINGTON GROUP PRACTICE,11967
2025-12-01,H83007,VIOLET LANE MEDICAL PRACTICE,10591
2025-12-01,H83008,NORTHWAY ROAD SURGERY,4066
2025-12-01,H83009,NORBURY MEDICAL PRACTICE,10774
2025-12-01,H83010,SOUTH NORWOOD HILL MEDICAL CENTRE,6772
2025-12-01,H83011,NORTH CROYDON MEDICAL CENTRE,8052
2025-12-01,H83012,ST JAMES MEDICAL CENTRE,9434
2025-12-01,H83013,OLD COULSDON MEDICAL PRACTICE,19338
2025-12-01,H83014,QUEENHILL MEDICAL PRACTICE,6900
2025-12-01,H83015,PARKSIDE GROUP PRACTICE,13740
2025-12-01,H83016,KESTON MEDICAL PRACTICE,24535
2025-12-01,H83017,BRIGSTOCK MEDICAL PRACTICE,13504
2025-12-01,H83018,SELSDON PARK MEDICAL PRACTICE,17786
2025-12-01,H83019,FRIENDS ROAD MEDICAL PRACTICE,7624
2025-12-01,H83020,EVERSLEY MEDICAL CENTRE,10266
2025-12-01,H83021,LONDON ROAD MEDICAL PRACTICE,5914
2025-12-01,H83022,THORNTON HEATH MEDICAL CENTRE,5957
2025-12-01,H83023,MORLAND ROAD SURGERY,6524
2025-12-01,H83024,WOODCOTE MEDICAL,17799
2025-12-01,H83028,ADDINGTON MEDICAL PRACTICE,9766
2025-12-01,H83029,HARTLAND WAY SURGERY,4894
2025-12-01,H83030,BROOM ROAD MEDICAL PRACTICE,3289
2025-12-01,H83031,HALING PARK MEDICAL PRACTICE,3666
2025-12-01,H83033,ASHBURTON PARK MEDICAL CENTRE,4611
2025-12-01,H83034,WHITEHORSE PRACTICE,7098
2025-12-01,H83037,AUCKLAND SURGERY,7639
2025-12-01,H83039,STOVELL HOUSE SURGERY,8417
2025-12-01,H83042,LEANDER FAMILY PRACTICE,9397
2025-12-01,H83043,SHIRLEY MEDICAL CENTRE,7423
2025-12-01,H83044,EAST CROYDON MEDICAL CENTRE,25796
2025-12-01,H83049,HEADLEY DRIVE SURGERY,2744
2025-12-01,H83051,THORNTON ROAD & VALLEY PARK SURGERY,20244
2025-12-01,H83052,BRAMLEY AVENUE SURGERY,2842
2025-12-01,H83053,PARCHMORE MEDICAL CENTRE,14573
2025-12-01,H83608,YOUR FAMILY PRACTICE,11551
2025-12-01,H83609,MERSHAM MEDICAL CENTRE,5057
2025-12-01,H83611,SELHURST MEDICAL CENTRE,5989
2025-12-01,H83624,FAIRVIEW MEDICAL CENTRE,8463
2025-12-01,H83627,BIRDHURST MEDICAL PRACTICE,8053
2025-12-01,H83631,GREENSIDE GROUP PRACTICE,11523
2025-12-01,H84002,PARK ROAD SURGERY,12641
2025-12-01,H84005,PARKSHOT MEDICAL PRACTICE,14139
2025-12-01,H84006,RICHMOND MEDICAL GROUP,17730
2025-12-01,H84007,ACORN GROUP PRACTICE,7602
2025-12-01,H84010,CANBURY MEDICAL CENTRE,9661
2025-12-01,H84012,YORK MEDICAL PRACTICE,15090
2025-12-01,H84014,PARADISE ROAD SURGERY,2511
2025-12-01,H84015,BRUNSWICK SURGERY,9045
2025-12-01,H84016,GROVES MEDICAL CENTRE,16593
2025-12-01,H84017,SEYMOUR HOUSE SURGERY,12623
2025-12-01,H84018,BROAD LANE SURGERY,7162
2025-12-01,H84020,FAIRHILL MEDICAL PRACTICE,23293
2025-12-01,H84023,ESSEX HOUSE SURGERY,13721
2025-12-01,H84025,HOOK SURGERY,7457
2025-12-01,H84027,CHURCHILL MEDICAL CENTRE,17924
2025-12-01,H84030,CENTRAL SURGERY,12825
2025-12-01,H84031,JUBILEE SURGERY,5790
2025-12-01,H84032,HAMPTON WICK SURGERY,9012
2025-12-01,H84033,ST ALBANS MEDICAL CENTRE,6448
2025-12-01,H84034,ORCHARD PRACTICE,8571
2025-12-01,H84039,CROSS DEEP SURGERY,11848
2025-12-01,H84040,HAMPTON MEDICAL CENTRE,11312
2025-12-01,H84041,VINEYARD SURGERY,7462
2025-12-01,H84042,HOLMWOOD CORNER SURGERY,13725
2025-12-01,H84044,THE GREEN & FIR ROAD,8364
2025-12-01,H84048,TWICKENHAM PARK SURGERY,8724
2025-12-01,H84050,CHESSINGTON PARK SURGERY,7565
2025-12-01,H84051,ROSELAWN SURGERY,7551
2025-12-01,H84053,BERRYLANDS SURGERY,6200
2025-12-01,H84054,RED LION ROAD SURGERY,3644
2025-12-01,H84055,SHEEN LANE SURGERY,11537
2025-12-01,H84057,STAINES ROAD MEDICAL CENTRE,3773
2025-12-01,H84059,THAMESIDE MEDICAL PRACTICE,5216
2025-12-01,H84060,RICHMOND LOCK SURGERY,7677
2025-12-01,H84061,KINGSTON HEALTH CENTRE,28631
2025-12-01,H84062,LANGLEY MEDICAL PRACTICE,8705
2025-12-01,H84618,SUNRAY SURGERY,5383
2025-12-01,H84619,CLAREMONT MEDICAL CENTRE,10949
2025-12-01,H84623,HAMPTON HILL MEDICAL CENTRE,8619
2025-12-01,H84625,WOODLAWN MEDICAL CENTRE,5142
2025-12-01,H84630,CRANE PARK SURGERY,3710
2025-12-01,H84635,MANOR DRIVE MEDICAL CENTRE,16462
2025-12-01,H84639,KEW MEDICAL PRACTICE,6063
2025-12-01,H85001,WANDSWORTH MEDICAL CENTRE,19503
2025-12-01,H85002,FALCON ROAD MEDICAL CENTRE,11803
2025-12-01,H85003,QUEENSTOWN ROAD MEDICAL PRACTICE,7190
2025-12-01,H85006,MAYFIELD SURGERY,6622
2025-12-01,H85007,SOUTHFIELDS GROUP PRACTICE,10850
2025-12-01,H85008,ROEHAMPTON SURGERY,6688
2025-12-01,H85009,BEDFORD HILL FAMILY PRACTICE,14354
2025-12-01,H85011,GREYSWOOD PRACTICE,10534
2025-12-01,H85012,PUTNEYMEAD GROUP MEDICAL PRACTICE,24696
2025-12-01,H85018,MULGRAVE ROAD SURGERY,8827
2025-12-01,H85020,NELSON MEDICAL PRACTICE,32719
2025-12-01,H85021,CHESSER PRACTICE,6150
2025-12-01,H85022,PARK ROAD MEDICAL CENTRE,4845
2025-12-01,H85023,BISHOPSFORD ROAD MEDICAL CENTRE,5010
2025-12-01,H85024,MITCHAM & TOOTING HEALTH,8090
2025-12-01,H85025,WRYTHE GREEN SURGERY,16812
2025-12-01,H85026,FRANCIS GROVE SURGERY,14985
2025-12-01,H85027,WIMBLEDON VILLAGE SURGERY,13375
2025-12-01,H85028,WIMBLEDON MEDICAL PRACTICE,11071
2025-12-01,H85029,WIDE WAY MEDICAL CENTRE,15423
2025-12-01,H85030,OLD COURT HOUSE SURGERY,13352
2025-12-01,H85031,BENHILL & BELMONT GP CENTRE,12053
2025-12-01,H85033,TAMWORTH HOUSE MEDICAL CENTRE,9727
2025-12-01,H85037,MORDEN HALL MEDICAL CENTRE,14392
2025-12-01,H85038,CRICKET GREEN MEDICAL PRACTICE,11347
2025-12-01,H85041,EARLSFIELD SURGERY,15338
2025-12-01,H85045,BRIDGE LANE GROUP PRACTICE,14146
2025-12-01,H85047,CHATFIELD HEALTH CARE,12506
2025-12-01,H85048,BROCKLEBANK GROUP PRACTICE,16319
2025-12-01,H85049,BATTERSEA RISE GROUP PRACTICE,6891
2025-12-01,H85051,LAMBTON ROAD MEDICAL PRACTICE,18596
2025-12-01,H85052,STREATHAM PARK SURGERY,4368
2025-12-01,H85053,SUTTON MEDICAL CENTRE,5487
2025-12-01,H85055,WEST BARNES SURGERY,7275
2025-12-01,H85057,ELBOROUGH STREET SURGERY,8117
2025-12-01,H85061,HEATHBRIDGE PRACTICE,22949
2025-12-01,H85063,CHEAM GP CENTRE,11995
2025-12-01,H85065,ALTON PRACTICE,4709
2025-12-01,H85066,BALHAM PARK SURGERY,20089
2025-12-01,H85067,DANEBURY AVENUE SURGERY,2973
2025-12-01,H85069,LAVENDER HILL GROUP PRACTICE,15417
2025-12-01,H85070,CENTRAL MEDICAL CENTRE,9798
2025-12-01,H85075,HAIDER PRACTICE,5674
2025-12-01,H85076,STONECOT SURGERY,10118
2025-12-01,H85077,BOLINGBROKE MEDICAL CENTRE,6670
2025-12-01,H85078,MITCHAM FAMILY PRACTICE,4447
2025-12-01,H85082,TRIANGLE SURGERY,4533
2025-12-01,H85087,OPEN DOOR SURGERY,10295
2025-12-01,H85088,CLAPHAM JUNCTION MEDICAL PRACTICE,2508
2025-12-01,H85090,FIGGES MARSH SURGERY,11251
2025-12-01,H85092,RIVERHOUSE MEDICAL PRACTICE,6198
2025-12-01,H85095,ROBIN HOOD LANE HEALTH CENTRE,16040
2025-12-01,H85100,ST PAULS COTTAGE SURGERY,7751
2025-12-01,H85101,GRAND DRIVE SURGERY,9240
2025-12-01,H85103,HACKBRIDGE MEDICAL CENTRE,7568
2025-12-01,H85105,CHEAM FAMILY PRACTICE,13890
2025-12-01,H85110,RAVENSBURY PARK MEDICAL CENTRE,5508
2025-12-01,H85111,BATTERSEA FIELDS PRACTICE,14672
2025-12-01,H85112,VINEYARD HILL ROAD SURGERY,5991
2025-12-01,H85113,MALDON ROAD SURGERY,4716
2025-12-01,H85114,THURLEIGH ROAD PRACTICE,13236
2025-12-01,H85115,SHOTFIELD MEDICAL PRACTICE,12316
2025-12-01,H85116,MANOR PRACTICE,11887
2025-12-01,H85618,JAMES O'RIORDAN MEDICAL CENTRE,9294
2025-12-01,H85634,MERTON MEDICAL PRACTICE,7737
2025-12-01,H85637,BALHAM HEALTH CENTRE,1237
2025-12-01,H85649,COLLIERS WOOD SURGERY,10925
2025-12-01,H85653,WALLINGTON FAMILY PRACTICE,19545
2025-12-01,H85656,ALEXANDRA ROAD SURGERY,5567
2025-12-01,H85659,ST JOHNS HILL SURGERY,11950
2025-12-01,H85662,BEECHES SURGERY,5549
2025-12-01,H85664,TOOTING BEC SURGERY,1889
2025-12-01,H85680,TOOTING SOUTH MEDICAL CENTRE,10149
2025-12-01,H85682,TUDOR LODGE HEALTH CENTRE,10970
2025-12-01,H85683,FACCINI HOUSE SURGERY,4354
2025-12-01,H85686,GROVE ROAD PRACTICE,11571
2025-12-01,H85691,NIGHTINGALE PRACTICE,76
2025-12-01,H85693,CIRCLE GP SURGERY,10370
2025-12-01,J81002,ORCHID HOUSE SURGERY,8662
2025-12-01,J81006,THE ADAM PRACTICE,39356
2025-12-01,J81009,ROYAL MANOR HEALTH CARE,12324
2025-12-01,J81010,SWANAGE MEDICAL PRACTICE,10729
2025-12-01,J81011,WAREHAM SURGERY,8136
2025-12-01,J81012,SHORE MEDICAL,58506
2025-12-01,J81013,CANFORD HEATH GROUP PRACT,12209
2025-12-01,J81014,WESTBOURNE MEDICAL CENTRE,21139
2025-12-01,J81016,QUEENS AVENUE SURGERY,8733
2025-12-01,J81017,YETMINSTER HEALTH CENTRE,4712
2025-12-01,J81018,BEAUFORT ROAD SURGERY,11790
2025-12-01,J81019,THE BLANDFORD GROUP PRACTICE,23592
2025-12-01,J81020,BERE REGIS SURGERY,3921
2025-12-01,J81021,SHELLEY MANOR HOLDENHURST MEDICAL CENTRE,26512
2025-12-01,J81022,WEST MOORS VILLAGE SURGERY,5427
2025-12-01,J81025,THE WELLBRIDGE PRACTICE,6107
2025-12-01,J81027,WEYMOUTH BAY MEDICAL PRACTICE,26877
2025-12-01,J81028,HIGHCLIFFE MEDICAL CENTRE,15315
2025-12-01,J81029,THE APPLES MEDICAL CENTRE,5346
2025-12-01,J81030,THE VERWOOD SURGERY,7840
2025-12-01,J81033,TALBOT MEDICAL CENTRE,24633
2025-12-01,J81034,THE QUARTER JACK SURGERY,18004
2025-12-01,J81035,MILTON ABBAS SURGERY,5002
2025-12-01,J81036,THE ROSEMARY HEALTH CTR,9468
2025-12-01,J81039,MOORDOWN MEDICAL CENTRE,10160
2025-12-01,J81041,THE HADLEIGH PRACTICE,20615
2025-12-01,J81042,VILLAGE SURGERY,8716
2025-12-01,J81045,KINSON ROAD MEDICAL CENTRE,10762
2025-12-01,J81046,THE HARVEY PRACTICE,13107
2025-12-01,J81047,JAMES FISHER MEDICAL CENTRE,12466
2025-12-01,J81049,THE MARINE & OAKRIDGE PARTNERSHIP,10195
2025-12-01,J81051,WYKE REGIS & LANEHOUSE MEDICAL PRACTICE,12394
2025-12-01,J81053,CERNE ABBAS SURGERY,4163
2025-12-01,J81056,CHRISTCHURCH MEDICAL PRACTICE,15849
2025-12-01,J81057,FARMHOUSE SURGERY,5877
2025-12-01,J81058,THE CRANBORNE PRACTICE,13708
2025-12-01,J81059,SOUTHBOURNE PRACTICE,8960
2025-12-01,J81061,PENNY'S HILL PRACTICE,7486
2025-12-01,J81062,ST ALBANS MEDICAL CENTRE,11362
2025-12-01,J81064,POOLE TOWN SURGERY,5263
2025-12-01,J81066,STOUR SURGERY,10880
2025-12-01,J81067,LITTLEDOWN SURGERY,6210
2025-12-01,J81068,ATRIUM HEALTH CENTRE,6682
2025-12-01,J81070,THE BANKS & BEARWOOD MEDICAL CENTRE,11501
2025-12-01,J81072,THE PANTON PRACTICE,17428
2025-12-01,J81073,THE BRIDGES MEDICAL CTR.,17187
2025-12-01,J81074,BARTON HOUSE MED PRACTICE,4981
2025-12-01,J81075,CROSS ROAD SURGERY,8458
2025-12-01,J81076,AMMONITE HEALTH PARTNERSHIP,24411
2025-12-01,J81077,WALFORD MILL MEDICAL CENTRE,8214
2025-12-01,J81078,THE GROVE MEDICAL CENTRE,13044
2025-12-01,J81081,GILLINGHAM MEDICAL PRACTICE,13381
2025-12-01,J81082,POUNDBURY DOCTORS SURGERY,8127
2025-12-01,J81086,EVERGREEN OAK SURGERY,7724
2025-12-01,J81087,THE BIRCHWOOD PRACTICE,10545
2025-12-01,J81609,PRINCE OF WALES SURGERY,9895
2025-12-01,J81612,CORFE CASTLE SURGERY,3222
2025-12-01,J81616,PUDDLETOWN SURGERY,4274
2025-12-01,J81620,BLACKMORE VALE PARTNERSHIP,27000
2025-12-01,J81621,THE BARCELLOS FAMILY PRACTICE,8815
2025-12-01,J81625,DENMARK ROAD MEDICAL CENTRE,14663
2025-12-01,J81626,FORDINGTON SURGERY,5362
2025-12-01,J81631,SANDFORD SURGERY,2016
2025-12-01,J81633,WOODLEA HOUSE SURGERY,6811
2025-12-01,J81634,CRESCENT PROVIDENCE SURGERY,14274
2025-12-01,J81646,GROVE SURGERY,6624
2025-12-01,J81647,LYME BAY MEDICAL PRACTICE,8774
2025-12-01,J81648,THE NEWMAN PRACTICE (DR NEWMANS SURGERY),5563
2025-12-01,J82001,BURGESS ROAD SURGERY,10093
2025-12-01,J82002,LORDSHILL HEALTH CENTRE,14756
2025-12-01,J82005,ROWLANDS CASTLE SURGERY,4617
2025-12-01,J82007,COASTAL MEDICAL PARTNERSHIP,33504
2025-12-01,J82009,EMSWORTH SURGERY,15453
2025-12-01,J82010,THE BOSMERE MEDICAL PRACTICE,19243
2025-12-01,J82012,PORTCHESTER PRACTICE,11291
2025-12-01,J82015,GIFFARD DRIVE SURGERY,9879
2025-12-01,J82016,STOCKBRIDGE SURGERY,9135
2025-12-01,J82017,THE ANDOVER HEALTH CENTRE MEDICAL PRACT,13326
2025-12-01,J82018,STOKEWOOD SURGERY,18573
2025-12-01,J82019,THE FRYERN SURGERY,15347
2025-12-01,J82020,EASTLEIGH MEDICAL PRACTICE,14340
2025-12-01,J82021,WATERSIDE MEDICAL PRACTICE,8552
2025-12-01,J82022,VICTOR STREET SURGERY,1
2025-12-01,J82024,SOLENT GP SURGERY,22564
2025-12-01,J82025,CHARLTON HILL SURGERY,15602
2025-12-01,J82026,CENTRE PRACTICE,16652
2025-12-01,J82028,TRAFALGAR MEDICAL GROUP PRACTICE,27989
2025-12-01,J82033,GUDGEHEATH LANE SURGERY,9419
2025-12-01,J82034,WICKHAM SURGERY,14298
2025-12-01,J82035,ST CLEMENTS PARTNERSHIP,16368
2025-12-01,J82036,WEST MEON SURGERY,2737
2025-12-01,J82039,RINGWOOD MEDICAL CENTRE,11171
2025-12-01,J82040,WEST END ROAD SURGERY,18214
2025-12-01,J82042,BADGERSWOOD SURGERY,16934
2025-12-01,J82049,THE OAKLEY HEALTH GROUP,29867
2025-12-01,J82050,ST PAUL'S SURGERY,24240
2025-12-01,J82051,HAMBLE VALLEY HEALTH,37329
2025-12-01,J82053,ADELAIDE MEDICAL CENTRE,11005
2025-12-01,J82054,KINTBURY & WOOLTON HILL SURGERY,9618
2025-12-01,J82055,CRANESWATER GROUP PRACTICE,11240
2025-12-01,J82056,RED AND GREEN PRACTICE,21853
2025-12-01,J82058,BRAMBLYS GRANGE MEDICAL PRACTICE,20016
2025-12-01,J82059,THE WATERCRESS MEDICAL GROUP,6885
2025-12-01,J82060,THE LIGHTHOUSE GROUP PRACTICE,12737
2025-12-01,J82061,ODIHAM HEALTH CENTRE,13317
2025-12-01,J82062,CHEVIOT ROAD SURGERY,15762
2025-12-01,J82064,BISHOPS WALTHAM SURGERY,14044
2025-12-01,J82066,THE CAMBRIDGE PRACTICE,22131
2025-12-01,J82067,VOYAGER FAMILY HEALTH,19644
2025-12-01,J82069,CAMROSE GILLIES AND HACKWOOD PARTNERSHIP,52596
2025-12-01,J82071,ST. ANDREW'S SURGERY,13863
2025-12-01,J82072,FORESTSIDE MEDICAL PRACTICE,11532
2025-12-01,J82073,KIRKLANDS SURGERY,9826
2025-12-01,J82074,ALMA ROAD SURGERY,16127
2025-12-01,J82075,CHAWTON HOUSE SURGERY,7084
2025-12-01,J82076,WOOLSTON AND CHARTWELL PARTNERSHIP,22098
2025-12-01,J82079,CLIFT SURGERY,7973
2025-12-01,J82080,UNIVERSITY HEALTH SERVICE SOUTHAMPTON,39170
2025-12-01,J82081,SOUTHAMPTON SEA CITY PARTNERSHIP,37859
2025-12-01,J82082,SHEPHERDS SPRING MEDICAL CENTRE,13272
2025-12-01,J82083,THE WILLOW GROUP,47992
2025-12-01,J82084,BLOSSOM HEALTH - GOSPORT,5926
2025-12-01,J82085,ISLAND CITY PRACTICE,37224
2025-12-01,J82087,STONEHAM LANE SURGERY,7672
2025-12-01,J82088,THE SHIRLEY HEALTH PARTNERSHIP,13888
2025-12-01,J82092,ALDERMOOR SURGERY,8351
2025-12-01,J82094,TADLEY MEDICAL P'SHIP,19607
2025-12-01,J82098,SWAN MEDICAL GROUP,37260
2025-12-01,J82099,RICHMOND SURGERY,15272
2025-12-01,J82101,THE PEARTREE PRACTICE,19383
2025-12-01,J82102,THE DRAYTON SURGERY,24204
2025-12-01,J82103,ST MARY'S SURGERY,12753
2025-12-01,J82104,STUBBINGTON MEDICAL PRACTICE,12708
2025-12-01,J82106,GRATTON SURGERY,7229
2025-12-01,J82110,HART HEALTH PARTNERSHIP,27871
2025-12-01,J82112,NEW HORIZONS MEDICAL PARTNERSHIP,23081
2025-12-01,J82115,ATHERLEY HOUSE SURGERY,5794
2025-12-01,J82116,TWYFORD SURGERY,10111
2025-12-01,J82119,DENMEAD HEALTH CENTRE,10570
2025-12-01,J82120,ALEXANDER HOUSE SURGERY,10393
2025-12-01,J82121,NORTH BADDESLEY SURGERY,9758
2025-12-01,J82122,ALMA ROAD SURGERY,10448
2025-12-01,J82124,ALRESFORD SURGERY,10068
2025-12-01,J82125,JENNER HOUSE SURGERY,7884
2025-12-01,J82126,RAYMOND ROAD SURGERY,4627
2025-12-01,J82128,OLD FIRE STATION SURGERY,8534
2025-12-01,J82129,NEW FOREST MEDICAL GROUP,7413
2025-12-01,J82130,FRIARSGATE PRACTICE,24697
2025-12-01,J82131,FORDINGBRIDGE SURGERY,12229
2025-12-01,J82132,TESTVALE SURGERY,14037
2025-12-01,J82134,VINE MEDICAL GROUP,24667
2025-12-01,J82136,CHAWTON PARK SURGERY,11411
2025-12-01,J82138,WHITEWATER HEALTH,18065
2025-12-01,J82139,WISTARIA & MILFORD SURGERIES,15543
2025-12-01,J82142,THE BORDER PRACTICE,11784
2025-12-01,J82143,PARK SURGERY,16444
2025-12-01,J82144,CROWN HEIGHTS MEDICAL CENTRE,27184
2025-12-01,J82145,ABBEYWELL SURGERY,17010
2025-12-01,J82146,LYNDHURST SURGERY,5663
2025-12-01,J82147,THE CLANFIELD PRACTICE,7875
2025-12-01,J82149,DERBY ROAD GROUP PRACTICE,16827
2025-12-01,J82150,CORNERWAYS MEDICAL CENTRE,11796
2025-12-01,J82151,TWIN OAKS MEDICAL CENTRE,5543
2025-12-01,J82152,BRIDGEMARY MEDICAL CENTRE,8294
2025-12-01,J82154,MEON HEALTH PRACTICE,35966
2025-12-01,J82155,PORTSDOWN GROUP PRACTICE,62538
2025-12-01,J82156,WATERFRONT AND SOLENT SURGERY,7885
2025-12-01,J82157,WILSON PRACTICE,17140
2025-12-01,J82161,WESTLANDS MEDICAL CENTRE,10401
2025-12-01,J82163,OAKS HEALTHCARE,17031
2025-12-01,J82169,BOYATT WOOD SURGERY,8670
2025-12-01,J82174,LOCKSWOOD SURGERY,14056
2025-12-01,J82178,PRINCES GARDENS SURGERY,12914
2025-12-01,J82181,MAYFIELD MEDICAL CENTRE,9150
2025-12-01,J82184,PINEHILL SURGERY,4511
2025-12-01,J82194,EAST SHORE PARTNERSHIP,13676
2025-12-01,J82196,HOMEWELL CURLEW PRACTICE,15320
2025-12-01,J82198,THE WELLINGTON PRACTICE,6403
2025-12-01,J82199,THE UNICITY MEDICAL CENTRE,18375
2025-12-01,J82201,THE GRANGE SURGERY,8082
2025-12-01,J82207,HILL LANE SURGERY,11319
2025-12-01,J82208,ST. PETERS SURGERY,7546
2025-12-01,J82210,THE ELMS PRACTICE,9477
2025-12-01,J82213,BROOK HOUSE SURGERY,6268
2025-12-01,J82214,WHITCHURCH SURGERY,9957
2025-12-01,J82215,SOLENT VIEW MEDICAL PRACTICE,13295
2025-12-01,J82216,BROOK LANE SURGERY,13555
2025-12-01,J82217,HOMELESS HEALTHCARE TEAM,506
2025-12-01,J82218,CHINEHAM MEDICAL PRACTICE,18162
2025-12-01,J82605,WALNUT TREE SURGERY,4874
2025-12-01,J82622,LIVING WELL PARTNERSHIP,48305
2025-12-01,J82625,BOUNDARIES SURGERY,4858
2025-12-01,J82628,CRONDALL NEW SURGERY,6018
2025-12-01,J82630,NORTH CAMP SURGERY,6287
2025-12-01,J82639,WATERSHIP DOWN HEALTH,19320
2025-12-01,J82640,HORNDEAN SURGERY,7224
2025-12-01,J82646,BLOSSOM HEALTH,16937
2025-12-01,J82669,ROWNER HEALTH CENTRE,9228
2025-12-01,J83001,MERCHISTON SURGERY,13469
2025-12-01,J83002,WESTROP MEDICAL PRACTICE,49622
2025-12-01,J83003,HARCOURT MEDICAL CENTRE,13102
2025-12-01,J83004,WHITEPARISH SURGERY,7788
2025-12-01,J83005,BARCROFT MEDICAL CENTRE,10796
2025-12-01,J83006,PURTON SURGERY,10885
2025-12-01,J83007,HATHAWAY SURGERY,15450
2025-12-01,J83008,LOVEMEAD GROUP PRACTICE,18984
2025-12-01,J83009,RIDGEWAY VIEW FAMILY PRACTICE,15008
2025-12-01,J83010,PORCH SURGERY,11684
2025-12-01,J83011,GIFFORDS PRIMARY CARE CTR,14382
2025-12-01,J83013,BOX SURGERY,7821
2025-12-01,J83014,CASTLE PRACTICE,16479
2025-12-01,J83016,TROWBRIDGE HEALTH CENTRE,32024
2025-12-01,J83018,AVENUE SURGERY,17947
2025-12-01,J83019,THE ORCHARD PARTNERSHIP,12357
2025-12-01,J83021,SALISBURY MEDICAL PRACTICE,24530
2025-12-01,J83022,OLD TOWN SURGERY,9316
2025-12-01,J83023,AVON VALLEY PRACTICE,8855
2025-12-01,J83024,PRIORY ROAD MEDICAL CENTRE,8776
2025-12-01,J83026,THREE CHEQUERS MEDICAL PRACTICE,23664
2025-12-01,J83027,HAWTHORN MEDICAL CENTRE,12175
2025-12-01,J83029,TINKERS LANE SURGERY,8759
2025-12-01,J83030,BRADFORD-ON-AVON AND MELKSHAM HEALTH,18889
2025-12-01,J83033,WHALEBRIDGE PRACTICE,21463
2025-12-01,J83034,LANSDOWNE SURGERY,6770
2025-12-01,J83035,ABBEY MEADS MEDICAL PRACT,14757
2025-12-01,J83036,ASHINGTON HOUSE SURGERY,10308
2025-12-01,J83037,KENNET AND AVON MEDICAL PARTNERSHIP,16904
2025-12-01,J83038,KINGSWOOD SURGERY,29064
2025-12-01,J83039,NORTHLANDS SURGERY,13887
2025-12-01,J83040,WESTBURY GROUP PRACTICE,24913
2025-12-01,J83041,MALMESBURY MEDICAL PARTNERSHIP,16624
2025-12-01,J83042,ROWDEN SURGERY,19873
2025-12-01,J83043,DOWNTON SURGERY,6686
2025-12-01,J83045,RAMSBURY SURGERY,10329
2025-12-01,J83046,SPA MEDICAL CENTRE,15711
2025-12-01,J83047,ELDENE SURGERY,8416
2025-12-01,J83048,ST MELOR HOUSE SURGERY,6884
2025-12-01,J83049,SOUTHBROOM SURGERY,12472
2025-12-01,J83050,PATFORD HOUSE PARTNERSHIP,14830
2025-12-01,J83052,SARUM HEALTH GROUP,16546
2025-12-01,J83053,ST. JAMES SURGERY,7481
2025-12-01,J83055,NEW COURT SURGERY,9876
2025-12-01,J83056,MARKET LAVINGTON SURGERY,5440
2025-12-01,J83057,NORTH SWINDON PRACTICE,19977
2025-12-01,J83058,TISBURY SURGERY,4293
2025-12-01,J83059,THE LAWN MEDICAL CENTRE,9619
2025-12-01,J83060,MERE SURGERY,5111
2025-12-01,J83064,RIDGE GREEN MEDICAL PRACTICE,12305
2025-12-01,J83601,BURBAGE SURGERY,4194
2025-12-01,J83603,JUBILEE FIELD SURGERY,4853
2025-12-01,J83609,CRICKLADE SURGERY,3499
2025-12-01,J83615,OLD SCHOOL HOUSE SURGERY,3482
2025-12-01,J83618,THE TOLSEY SURGERY,3374
2025-12-01,J83619,COURTYARD SURGERY,3349
2025-12-01,J83625,LODGE SURGERY,8363
2025-12-01,J83629,SILTON SURGERY,2376
2025-12-01,J83630,HINDON SURGERY,2508
2025-12-01,J83633,VICTORIA CROSS SURGERY,10371
2025-12-01,J83645,PHOENIX SURGERY,4355
2025-12-01,J83646,PARK LANE PRACTICE,7776
2025-12-01,J84003,VENTNOR MEDICAL PRACTICE,8191
2025-12-01,J84004,EAST COWES MEDICAL CENTRE,8733
2025-12-01,J84005,ESPLANADE SURGERY,8445
2025-12-01,J84007,ST. HELENS MEDICAL CENTRE,6595
2025-12-01,J84008,ARGYLL HOUSE,5427
2025-12-01,J84011,NEWPORT HEALTH CENTRE,24807
2025-12-01,J84012,TOWER HOUSE SURGERY,14649
2025-12-01,J84013,THE BAY MEDICAL PRACTICE,27064
2025-12-01,J84015,COWES MEDICAL CENTRE,15482
2025-12-01,J84016,SOUTH WIGHT MEDICAL PRACTICE,6501
2025-12-01,J84017,SOLENT NHS TRUST T/A MEDINA HEALTHCARE,8515
2025-12-01,J84019,WIGHT PRIMARY PARTNERSHIPS LTD,11089
2025-12-01,K81001,THE WATERFIELD PRACTICE,15570
2025-12-01,K81002,EASTFIELD HOUSE SURGERY,15366
2025-12-01,K81003,SWALLOWFIELD MEDICAL PRACTICE,15712
2025-12-01,K81004,THE POTTERIES,14505
2025-12-01,K81005,WEXHAM ROAD SURGERY,1
2025-12-01,K81007,LONDON STREET SURGERY,5613
2025-12-01,K81010,KINGS CORNER SURGERY,7168
2025-12-01,K81012,THE BOAT HOUSE SURGERY,12202
2025-12-01,K81014,BALMORE PARK SURGERY,20327
2025-12-01,K81015,WOODLANDS PARK SURGERY,3587
2025-12-01,K81017,FALKLAND SURGERY,14521
2025-12-01,K81018,LINDEN MEDICAL CENTRE,10249
2025-12-01,K81019,ROSS ROAD MEDICAL CENTRE,5890
2025-12-01,K81020,CLAREMONT HOLYPORT SURGERY,19135
2025-12-01,K81021,DATCHET HEALTH CENTRE,10114
2025-12-01,K81022,WOKINGHAM MEDICAL CENTRE,28828
2025-12-01,K81024,LANGLEY HEALTH CENTRE,23575
2025-12-01,K81025,FINCHAMPSTEAD PRACTICE,19623
2025-12-01,K81026,CHATHAM STREET SURGERY,8046
2025-12-01,K81027,MORTIMER SURGERY,11191
2025-12-01,K81028,MAGNOLIA HOUSE SURGERY,9015
2025-12-01,K81030,RINGMEAD MEDICAL GROUP,40473
2025-12-01,K81034,CROSBY HOUSE SURGERY,11927
2025-12-01,K81036,THE CEDARS SURGERY,12124
2025-12-01,K81040,MILMAN & KENNET SURGERY,19959
2025-12-01,K81041,EMMER GREEN SURGERY,11603
2025-12-01,K81042,COOKHAM MEDICAL CENTRE,8019
2025-12-01,K81043,HERSCHEL MEDICAL CENTRE,18728
2025-12-01,K81045,PARKSIDE PRACTICE,17088
2025-12-01,K81046,LEE HOUSE SURGERY,8462
2025-12-01,K81047,BROOKSIDE GROUP PRACTICE,30817
2025-12-01,K81048,LONG BARN LANE SURGERY,9315
2025-12-01,K81050,THE DOWNLAND PRACTICE,11119
2025-12-01,K81051,WOODLEY PRACTICE,13825
2025-12-01,K81052,LAMBOURN SURGERY,6211
2025-12-01,K81055,WARGRAVE PRACTICE,7700
2025-12-01,K81056,WESTWOOD ROAD SURGERY,6556
2025-12-01,K81057,HUNGERFORD SURGERY,7198
2025-12-01,K81060,BINFIELD SURGERY,12658
2025-12-01,K81062,WESTERN ELMS & CIRCUIT LANE SURGERIES,27388
2025-12-01,K81063,STRAWBERRY HILL MEDICAL CENTRE,22477
2025-12-01,K81066,THE SYMONS MEDICAL CENTRE,11301
2025-12-01,K81068,SHEET STREET SURGERY,9110
2025-12-01,K81069,LODDON VALE PRACTICE,14619
2025-12-01,K81070,TWYFORD SURGERY,12162
2025-12-01,K81073,THATCHAM HEALTH CENTRE,18206
2025-12-01,K81074,CLARENCE MEDICAL CENTRE,15266
2025-12-01,K81075,FARNHAM ROAD PRACTICE,38337
2025-12-01,K81076,GREEN MEADOWS SURGERY,9260
2025-12-01,K81077,THEALE MEDICAL CENTRE,10867
2025-12-01,K81078,GROVELANDS MEDICAL CENTRE,13485
2025-12-01,K81080,NEW WOKINGHAM ROAD SURGERY,9859
2025-12-01,K81081,ABBEY MEDICAL CENTRE,2441
2025-12-01,K81082,THE VILLAGE MEDICAL CENTRE,10857
2025-12-01,K81083,BHARANI MEDICAL CENTRE,17984
2025-12-01,K81084,ROSEMEAD SURGERY,7741
2025-12-01,K81085,SHREEJI MEDICAL CENTRE,10217
2025-12-01,K81086,MANOR PARK MEDICAL CENTRE,12002
2025-12-01,K81087,EASTHAMPSTEAD SURGERY,7307
2025-12-01,K81092,WOOSEHILL PRACTICE,15488
2025-12-01,K81094,GREAT HOLLANDS PRACTICE,4633
2025-12-01,K81097,REDWOOD HOUSE SURGERY,5864
2025-12-01,K81100,PEMBROKE SURGERY,6610
2025-12-01,K81102,BURDWOOD SURGERY,10391
2025-12-01,K81103,CHAPEL ROW SURGERY,8887
2025-12-01,K81605,UNIVERSITY MEDICAL GROUP,32520
2025-12-01,K81607,CORDWALLIS ROAD SURGERY,3343
2025-12-01,K81608,DR NABI,5125
2025-12-01,K81610,FOREST HEALTH GROUP-MOUNT LANE,31120
2025-12-01,K81616,KUMAR MEDICAL CENTRE,5693
2025-12-01,K81630,SOUTH MEADOW SURGERY,14358
2025-12-01,K81633,SOUTH READING & SHINFIELD GROUP MED PRAC,11617
2025-12-01,K81636,COLEY PARK SURGERY,8894
2025-12-01,K81644,TILEHURST VILLAGE SURGERY,15214
2025-12-01,K81645,240 WEXHAM ROAD,7541
2025-12-01,K81651,MELROSE SURGERY,17256
2025-12-01,K81655,ASCOT MEDICAL CENTRE,7169
2025-12-01,K81656,CROWN WOOD MEDICAL CENTRE,6999
2025-12-01,K81657,EVERGREEN PRACTICE,6147
2025-12-01,K82001,RECTORY MEADOW SURGERY,10601
2025-12-01,K82003,WOLVERTON HEALTH CENTRE,16049
2025-12-01,K82004,AMERSHAM HEALTH CENTRE,14353
2025-12-01,K82006,THE IVERS PRACTICE,9248
2025-12-01,K82007,THE SWAN PRACTICE,31132
2025-12-01,K82008,THE HALL PRACTICE,10509
2025-12-01,K82009,WATLING STREET PRACTICE,41255
2025-12-01,K82010,TOWER HOUSE SURGERY,9959
2025-12-01,K82011,MILLBARN MEDICAL CENTRE,10451
2025-12-01,K82012,HIGHFIELD SURGERY,7092
2025-12-01,K82013,THE RED HOUSE SURGERY,14325
2025-12-01,K82014,OAKFIELD SURGERY,6064
2025-12-01,K82015,PARKSIDE MEDICAL CENTRE,10104
2025-12-01,K82016,NEWPORT PAGNELL MED.CTR.,28953
2025-12-01,K82017,DESBOROUGH SURGERY,14122
2025-12-01,K82019,THE MANDEVILLE PRACTICE,16782
2025-12-01,K82020,CHILTERN HOUSE MED CENTRE,6355
2025-12-01,K82021,THE CROSS KEYS PRACTICE,15300
2025-12-01,K82022,KINGSWOOD SURGERY,10621
2025-12-01,K82023,MARLOW MEDICAL GROUP,38385
2025-12-01,K82024,THE NEW SURGERY CHESHAM,11064
2025-12-01,K82025,SOVEREIGN MEDICAL CENTRE,10732
2025-12-01,K82026,WHADDON HEALTHCARE,21677
2025-12-01,K82027,PURBECK HEALTH CENTRE,6046
2025-12-01,K82028,HADDENHAM MEDICAL CENTRE,9951
2025-12-01,K82030,WYE VALLEY SURGERY,11521
2025-12-01,K82031,THREEWAYS SURGERY,6283
2025-12-01,K82032,OAKRIDGE PARK MEDICAL CENTRE,12306
2025-12-01,K82033,BURNHAM HEALTH CENTRE,19002
2025-12-01,K82035,THE JOHN HAMPDEN SURGERY,3847
2025-12-01,K82036,RIVERSIDE SURGERY,11615
2025-12-01,K82037,WATER MEADOW SURGERY,13518
2025-12-01,K82038,POPLAR GROVE PRACTICE,24491
2025-12-01,K82039,BEDFORD STREET SURGERY,16404
2025-12-01,K82040,WHITEHILL SURGERY,13994
2025-12-01,K82044,CARRINGTON HOUSE SURGERY,9994
2025-12-01,K82045,SOUTHMEAD SURGERY,6980
2025-12-01,K82046,THE SIMPSON CENTRE,18860
2025-12-01,K82047,UNITY HEALTH,22890
2025-12-01,K82048,STOKENCHURCH MEDICAL CTRE,6923
2025-12-01,K82049,HUGHENDEN VALLEY SURGERY,12104
2025-12-01,K82051,THE MISBOURNE SURGERY,11054
2025-12-01,K82053,PRIORY SURGERY,11253
2025-12-01,K82054,ASHFIELD MEDICAL CENTRE,10354
2025-12-01,K82055,DENHAM MEDICAL CENTRE,10626
2025-12-01,K82057,COBBS GARDEN SURGERY,9013
2025-12-01,K82058,GLADSTONE ROAD SURGERY,5791
2025-12-01,K82059,WESTFIELD ROAD SURGERY,8820
2025-12-01,K82061,ASHCROFT SURGERY,4801
2025-12-01,K82064,FISHERMEAD MEDICAL CENTRE,7773
2025-12-01,K82065,CENTRAL MILTON KEYNES MEDICAL CENTRE,20830
2025-12-01,K82066,BOURNE END & WOOBURN GREEN MEDICAL CTR,13638
2025-12-01,K82068,WADDESDON SURGERY,5619
2025-12-01,K82070,3W HEALTH,19721
2025-12-01,K82073,WESTONGROVE PARTNERSHIP,33317
2025-12-01,K82078,THE ALLAN PRACTICE,10266
2025-12-01,K82079,EDLESBOROUGH SURGERY,8825
2025-12-01,K82603,CRESSEX HEALTH CENTRE,12189
2025-12-01,K82610,THE GROVE SURGERY,8571
2025-12-01,K82615,WALNUT TREE HEALTH CENTRE,15216
2025-12-01,K82617,THE STONEDEAN PRACTICE,8233
2025-12-01,K82618,PROSPECT HOUSE SURGERY,3445
2025-12-01,K82621,LITTLE CHALFONT SURGERY,4688
2025-12-01,K82631,MILTON KEYNES VILLAGE SURG,16292
2025-12-01,K82633,WESTCROFT HEALTH CENTRE,16613
2025-12-01,K83002,LAKESIDE HEALTHCARE,46417
2025-12-01,K83003,QUEENSVIEW MEDICAL CENTRE,9797
2025-12-01,K83005,QUEENSWAY MEDICAL CENTRE,14807
2025-12-01,K83006,HEADLANDS SURGERY,9578
2025-12-01,K83007,HARBOROUGH FIELD SURGERY,14010
2025-12-01,K83008,THE PINES SURGERY,10976
2025-12-01,K83009,MOULTON SURGERY,14552
2025-12-01,K83010,ELEANOR CROSS HEALTHCARE,19667
2025-12-01,K83011,THE REDWELL MEDICAL CENTRE,12371
2025-12-01,K83012,KING EDWARD ROAD SURGERY,11966
2025-12-01,K83013,ESKDAILL MEDICAL,15226
2025-12-01,K83014,LEICESTER TCE HEALTHCARE CTR,18048
2025-12-01,K83015,DANETRE MEDICAL PRACTICE,12786
2025-12-01,K83017,WANSFORD,10646
2025-12-01,K83018,SPRINGFIELD SURGERY,12603
2025-12-01,K83019,THE LONG BUCKBY PRACTICE,6563
2025-12-01,K83021,ROTHWELL MEDICAL CENTRE,21918
2025-12-01,K83022,TOWCESTER MEDICAL CENTRE,11684
2025-12-01,K83023,OUNDLE,10626
2025-12-01,K83024,RUSHDEN MEDICAL CENTRE,9213
2025-12-01,K83025,THE MOUNTS MEDICAL CENTRE,17019
2025-12-01,K83026,ALBANY HOUSE MEDICAL CENTRE,20424
2025-12-01,K83027,LANGHAM PLACE SURGERY,10376
2025-12-01,K83028,SPINNEY BROOK MEDICAL CENTRE,11530
2025-12-01,K83029,ABINGTON PARK SURGERY,12917
2025-12-01,K83030,THE COTTONS MEDICAL CENTRE,9381
2025-12-01,K83031,BYFIELD MEDICAL CENTRE,8248
2025-12-01,K83032,ABBEY HOUSE MEDICAL PRACTICE,22104
2025-12-01,K83035,KINGSTHORPE MEDICAL CTR.,6920
2025-12-01,K83036,LINDEN MEDICAL GROUP,17055
2025-12-01,K83037,DR SPENCER & PARTNERS,13880
2025-12-01,K83039,DRYLAND MEDICAL CENTRE,12133
2025-12-01,K83040,WOODVIEW MEDICAL CENTRE,11043
2025-12-01,K83041,ST LUKES PRIMARY CARE CENTRE,23764
2025-12-01,K83042,PARK AVE MED CNT & KINGS HEATH PRACTICE,15484
2025-12-01,K83043,ABINGTON MEDICAL CENTRE,14727
2025-12-01,K83044,PARKLANDS MEDICAL CENTRE,13594
2025-12-01,K83047,ABBEY MEDICAL PRACTICE,28180
2025-12-01,K83048,BROOK MEDICAL CENTRE,5776
2025-12-01,K83049,BRACKLEY MEDICAL CENTRE,16189
2025-12-01,K83050,THE CRESCENT MEDICAL CTR.,7243
2025-12-01,K83051,WEAVERS MEDICAL,29219
2025-12-01,K83052,THE PARKS MEDICAL PRACTICE,22836
2025-12-01,K83053,CRICK MEDICAL PRACTICE,6459
2025-12-01,K83055,WOOTTON MEDICAL CENTRE,7986
2025-12-01,K83056,COUNTY SURGERY,4280
2025-12-01,K83059,WOODSEND MEDICAL CENTRE,31101
2025-12-01,K83064,THE SAXON SPIRES PRACTICE,16390
2025-12-01,K83065,NENE VALLEY SURGERY,6924
2025-12-01,K83066,GREENS NORTON & WEEDON MEDICAL PRACTICE,14616
2025-12-01,K83068,DENTON VILLAGE SURGERY,6340
2025-12-01,K83069,MARSHALLS ROAD SURGERY,3148
2025-12-01,K83070,BUGBROOKE MEDICAL PRACTICE,10790
2025-12-01,K83076,MAYFIELD SURGERY,8945
2025-12-01,K83077,GREENVIEW SURGERY,9387
2025-12-01,K83080,HIGHAM FERRERS SURGERY,5576
2025-12-01,K83081,SUMMERLEE MEDICAL CENTRE,1866
2025-12-01,K83601,EARLS BARTON MEDICAL CENTRE,8337
2025-12-01,K83610,DANES CAMP MEDICAL CENTRE,14972
2025-12-01,K83614,ASPIRO HEALTHCARE STUDFALL MED CENTRE,1
2025-12-01,K83616,THE MEADOWS SURGERY,6309
2025-12-01,K83618,DR ABBAS,12523
2025-12-01,K83620,THE BROOK HEALTH CENTRE,9044
2025-12-01,K83621,MAPLE ACCESS PARTNERSHIP LLP,15045
2025-12-01,K83622,GREAT OAKLEY MEDICAL CENTRE,15624
2025-12-01,K84001,THE HART SURGERY,10454
2025-12-01,K84002,DIDCOT HEALTH CENTRE PRACTICE,19634
2025-12-01,K84003,ISLIP SURGERY,7032
2025-12-01,K84004,DONNINGTON MEDICAL PARTNERSHIP,13309
2025-12-01,K84006,EYNSHAM MEDICAL GROUP,16313
2025-12-01,K84007,TEMPLE COWLEY HEALTH CENTRE,8444
2025-12-01,K84008,CHALGROVE & WATLINGTON SURGERIES,8052
2025-12-01,K84009,HEDENA HEALTH,26902
2025-12-01,K84010,BAMPTON SURGERY,9075
2025-12-01,K84011,SUMMERTOWN HEALTH CENTRE,19303
2025-12-01,K84012,ELM TREE SURGERY,8797
2025-12-01,K84013,ST BARTHOLOMEWS & HOLLOW WAY MED CENTRE,29230
2025-12-01,K84014,MORLAND HOUSE SURGERY,11318
2025-12-01,K84015,NETTLEBED SURGERY,3961
2025-12-01,K84016,BEAUMONT ELMS PRACTICE,23481
2025-12-01,K84017,WINDRUSH MEDICAL PRACTICE,21384
2025-12-01,K84019,NEWBURY STREET PRACTICE,15967
2025-12-01,K84020,SONNING COMMON HEALTH CTR,9841
2025-12-01,K84021,BANBURY ROAD MEDICAL CENTRE,9976
2025-12-01,K84023,BERINSFIELD HEALTH CENTRE,6299
2025-12-01,K84024,WINDRUSH SURGERY,9071
2025-12-01,K84026,OBSERVATORY MEDICAL PRACTICE,12502
2025-12-01,K84027,MALTHOUSE SURGERY,15103
2025-12-01,K84028,BANBURY CROSS HEALTH CENTRE,41996
2025-12-01,K84030,CHIPPING NORTON HEALTH CENTRE,15326
2025-12-01,K84031,THE LEYS HEALTH CENTRE,12418
2025-12-01,K84032,BARTLEMAS SURGERY,9926
2025-12-01,K84033,CHURCH STREET PRACTICE,20348
2025-12-01,K84034,CLIFTON HAMPDEN SURGERY,3388
2025-12-01,K84035,THE BELL SURGERY,10979
2025-12-01,K84036,MILL STREAM SURGERY,5961
2025-12-01,K84037,WALLINGFORD MEDICAL PRACTICE,19107
2025-12-01,K84038,MONTGOMERY HOUSE SURGERY,16396
2025-12-01,K84041,MARCHAM RD FAMILY HEALTH CENTRE,14629
2025-12-01,K84042,WOODSTOCK SURGERY,9660
2025-12-01,K84043,WOODLANDS MEDICAL CENTRE,18841
2025-12-01,K84044,MANOR SURGERY,26612
2025-12-01,K84045,GOSFORD HILL MEDICAL CENTRE,7371
2025-12-01,K84046,WYCHWOOD SURGERY,6238
2025-12-01,K84047,BURFORD SURGERY,7939
2025-12-01,K84050,THE RYCOTE PRACTICE,13776
2025-12-01,K84051,WHITE HORSE MEDICAL PRACTICE,19370
2025-12-01,K84052,BICESTER HEALTH CENTRE,20170
2025-12-01,K84054,THE ABINGDON SURGERY,19961
2025-12-01,K84055,DEDDINGTON HEALTH CENTRE,12194
2025-12-01,K84056,CROPREDY SURGERY,5218
2025-12-01,K84058,BLOXHAM SURGERY,8050
2025-12-01,K84059,HIGHTOWN SURGERY,12395
2025-12-01,K84060,ST. CLEMENT'S SURGERY,6159
2025-12-01,K84062,WOODLANDS SURGERY,9963
2025-12-01,K84063,COWLEY ROAD MEDICAL PRACTICE,12012
2025-12-01,K84065,SIBFORD SURGERY,3255
2025-12-01,K84066,LUTHER STREET MEDICAL PRACTICE,515
2025-12-01,K84071,GORING & WOODCOTE MEDICAL PRACTICE,10481
2025-12-01,K84072,NUFFIELD HEALTH CENTRE,11720
2025-12-01,K84075,BROADSHIRES HEALTH CENTRE,12330
2025-12-01,K84078,JERICHO HEALTH CENTRE,12334
2025-12-01,K84079,LONG FURLONG MEDICAL CENTRE,9281
2025-12-01,K84080,NORTHGATE HEALTH CENTRE,13555
2025-12-01,K84082,THE KEY MEDICAL PRACTICE,12739
2025-12-01,K84605,KES@NORTHGATE,6712
2025-12-01,K84610,THE CHARLBURY MEDICAL CENTRE,5334
2025-12-01,K84613,ALCHESTER MEDICAL GROUP,21481
2025-12-01,K84618,COGGES SURGERY,8559
2025-12-01,K84624,OAK TREE HEALTH CENTRE,10984
2025-12-01,L81004,PORTISHEAD MEDICAL GROUP,17479
2025-12-01,L81007,BRIDGE VIEW MEDICAL,39571
2025-12-01,L81008,SHIREHAMPTON GROUP PRACTICE,11307
2025-12-01,L81009,STOCKWOOD MEDICAL CENTRE,10806
2025-12-01,L81010,HOPE HOUSE SURGERY,8223
2025-12-01,L81012,MONTPELIER HEALTH CENTRE,19334
2025-12-01,L81013,FISHPONDS FAMILY PRACTICE,12951
2025-12-01,L81014,FROME VALLEY MEDICAL CENTRE,14369
2025-12-01,L81015,CHARLOTTE KEEL MEDICAL PRACTICE,19065
2025-12-01,L81016,GRAHAM ROAD SURGERY,9579
2025-12-01,L81017,WESTBURY ON TRYM PRIMARY CARE CENTRE,12598
2025-12-01,L81018,SEVERN VIEW FAMILY PRACTICE,9059
2025-12-01,L81019,CONCORD MEDICAL CENTRE,18429
2025-12-01,L81020,WIDCOMBE SURGERY,8931
2025-12-01,L81021,WINSCOMBE SURGERY,11453
2025-12-01,L81022,HORFIELD HC,18311
2025-12-01,L81023,EAST TREES HEALTH CENTRE,15670
2025-12-01,L81024,COURTSIDE SURGERY,15445
2025-12-01,L81025,SOMER VALLEY MEDICAL GROUP,18717
2025-12-01,L81026,THE DOWNEND HEALTH GROUP,28304
2025-12-01,L81027,BATHEASTON MEDICAL CENTRE,8819
2025-12-01,L81029,THREE SHIRES MEDICAL PRACTICE,9639
2025-12-01,L81030,HARPTREE SURGERY,6724
2025-12-01,L81031,THE ARMADA FAMILY PRACTICE,16221
2025-12-01,L81033,NIGHTINGALE VALLEY PRACTICE,14792
2025-12-01,L81034,TYNTESFIELD MEDICAL GROUP,34766
2025-12-01,L81037,PIONEER MEDICAL GROUP,23688
2025-12-01,L81038,AIR BALLOON SURGERY,13302
2025-12-01,L81039,HEART OF BATH,25939
2025-12-01,L81040,CLEVEDON MEDICAL CENTRE,16713
2025-12-01,L81041,HILLVIEW FAMILY PRACTICE,7427
2025-12-01,L81042,KENNEDY WAY SURGERY,12396
2025-12-01,L81044,TUDOR LODGE SURGERY,12240
2025-12-01,L81045,ST AUGUSTINE'S MEDICAL PRACTICE,19699
2025-12-01,L81046,LEAP VALLEY MEDICAL CENTRE,7749
2025-12-01,L81047,WEST WALK SURGERY,14950
2025-12-01,L81050,CLOSE FARM SURGERY,7439
2025-12-01,L81051,168 MEDICAL GROUP,24896
2025-12-01,L81053,THE LENNARD SURGERY,8358
2025-12-01,L81054,GRANGE ROAD SURGERY,12238
2025-12-01,L81055,ORCHARD MEDICAL CENTRE,12845
2025-12-01,L81058,THE MILTON SURGERY,9010
2025-12-01,L81059,ELM HAYES SURGERY,8909
2025-12-01,L81061,THE WELLSPRING SURGERY,11325
2025-12-01,L81062,FIRECLAY HEALTH,24648
2025-12-01,L81063,KINGSWOOD HEALTH CENTRE,12932
2025-12-01,L81065,COMBE DOWN SURGERY,14203
2025-12-01,L81066,STAFFORD MEDICAL GROUP,10771
2025-12-01,L81068,THE PULTENEY PRACTICE,12374
2025-12-01,L81069,ST. MICHAEL'S SURGERY,8321
2025-12-01,L81070,NEWBRIDGE SURGERY,9005
2025-12-01,L81071,FAIRFIELD PARK HEALTH CENTRE,14768
2025-12-01,L81072,CHEW MEDICAL PRACTICE,10574
2025-12-01,L81073,WEST VIEW SURGERY,8223
2025-12-01,L81075,THE OLD SCHOOL SURGERY,32717
2025-12-01,L81078,GLOUCESTER ROAD MEDICAL CENTRE,22759
2025-12-01,L81079,HANHAM HEALTH,21234
2025-12-01,L81081,PEMBROKE ROAD SURGERY,20007
2025-12-01,L81082,BEDMINSTER FAMILY PRACTICE,14221
2025-12-01,L81083,HARTWOOD HEALTHCARE,8741
2025-12-01,L81084,PRIORY SURGERY,11401
2025-12-01,L81085,HEYWOOD FAMILY PRACTICE,6607
2025-12-01,L81086,MENDIP VALE MEDICAL PRACTICE,46361
2025-12-01,L81087,BEECHWOOD MEDICAL PRACTICE,12902
2025-12-01,L81089,LAWRENCE HILL HEALTH CENTRE,11912
2025-12-01,L81090,THE FAMILY PRACTICE,17263
2025-12-01,L81091,WHITELADIES MEDICAL GROUP,16547
2025-12-01,L81095,DOWNTON ROAD SURGERY,14705
2025-12-01,L81098,GREENWAY COMMUNITY PRACTICE,12410
2025-12-01,L81103,ST MARY STREET SURGERY,9050
2025-12-01,L81106,STREAMSIDE SURGERY,5766
2025-12-01,L81118,STOKES MEDICAL GROUP,39115
2025-12-01,L81120,BIRCHWOOD MEDICAL PRACTICE,9127
2025-12-01,L81122,ST. MARY'S SURGERY,5617
2025-12-01,L81123,HILLCREST SURGERY,5799
2025-12-01,L81125,WELLS ROAD SURGERY,10040
2025-12-01,L81127,ALMONDSBURY SURGERY,10217
2025-12-01,L81130,CADBURY HEATH HEALTHCARE,13064
2025-12-01,L81131,FALLODON WAY MEDICAL CENTRE,11461
2025-12-01,L81132,WESTFIELD SURGERY,5169
2025-12-01,L81133,STUDENT HEALTH SERVICE,17164
2025-12-01,L81600,HARBOURSIDE FAMILY PRACTICE,11834
2025-12-01,L81617,UNIVERSITY MEDICAL CENTRE,13873
2025-12-01,L81632,EMERSONS GREEN MEDICAL CENTRE,11168
2025-12-01,L81642,WELLINGTON ROAD SURGERY,6376
2025-12-01,L81643,THE CEDARS SURGERY,16878
2025-12-01,L81644,RUSH HILL SURGERY,8979
2025-12-01,L81669,MVMG - MONKS PARK,38085
2025-12-01,L81670,HORIZON HEALTH CENTRE,5662
2025-12-01,L82001,LANDER MEDICAL PRACTICE,18853
2025-12-01,L82003,PORT ISAAC SURGERY,8703
2025-12-01,L82004,WADEBRIDGE & CAMEL ESTUARY PRACTICE,7958
2025-12-01,L82006,PENRYN SURGERY,20887
2025-12-01,L82007,CAMELFORD MEDICAL CENTRE,6652
2025-12-01,L82008,STRATTON MEDICAL CENTRE,10662
2025-12-01,L82010,BOSVENA HEALTH,23994
2025-12-01,L82011,BRANNEL SURGERY,6348
2025-12-01,L82012,TAMAR VALLEY HEALTH,17008
2025-12-01,L82013,PERRANPORTH SURGERY,7964
2025-12-01,L82015,CHACEWATER HEALTH CENTRE,7008
2025-12-01,L82016,OAK TREE SURGERY,17307
2025-12-01,L82017,ST MARY'S HEALTH CENTRE,2358
2025-12-01,L82018,HELSTON MEDICAL CENTRE,14147
2025-12-01,L82022,OLD BRIDGE SURGERY,9897
2025-12-01,L82023,PETROC GROUP PRACTICE,16230
2025-12-01,L82025,MEVAGISSEY SURGERY,4833
2025-12-01,L82026,MIDDLEWAY SURGERY,6693
2025-12-01,L82028,THREE SPIRES MEDICAL PRACTICE,17754
2025-12-01,L82029,NARROWCLIFF SURGERY,16481
2025-12-01,L82030,LAUNCESTON MEDICAL CENTRE,18725
2025-12-01,L82035,FOWEY RIVER PRACTICE,8399
2025-12-01,L82036,BODRIGGY HEALTH CENTRE,12346
2025-12-01,L82038,ATLANTIC MEDICAL GROUP,12042
2025-12-01,L82039,LOSTWITHIEL SURGERY,5338
2025-12-01,L82041,CARN TO COAST HEALTH CENTRES,29640
2025-12-01,L82042,LEATSIDE HEALTH CENTRE,16717
2025-12-01,L82043,QUAY LANE SURGERY,4632
2025-12-01,L82044,VEOR SURGERY,8809
2025-12-01,L82045,PROBUS SURGERY,9473
2025-12-01,L82046,SALTASH HEALTH CENTRE,12198
2025-12-01,L82047,MARAZION SURGERY,7731
2025-12-01,L82048,ROSELAND SURGERIES,3836
2025-12-01,L82049,FALMOUTH HEALTH CENTRE,10558
2025-12-01,L82050,ROSEDEAN SURGERY,9153
2025-12-01,L82051,CLAYS PRACTICE,13221
2025-12-01,L82052,TRESCOBEAS SURGERY,10542
2025-12-01,L82054,ST. AGNES SURGERY,9331
2025-12-01,L82056,THE MULLION & CONSTANTINE GROUP PRACTICE,8513
2025-12-01,L82057,ST KEVERNE HEALTH CENTRE,2928
2025-12-01,L82058,BOTTREAUX SURGERY,4811
2025-12-01,L82059,COBER VALLEY HEALTH,5623
2025-12-01,L82061,CARNON DOWNS SURGERY,6122
2025-12-01,L82066,PORT VIEW SURGERY,7077
2025-12-01,L82068,GODOLPHIN HEALTH,9086
2025-12-01,L82070,SUNNYSIDE SURGERY,6664
2025-12-01,L82620,HARRIS MEMORIAL SURGERY,6363
2025-12-01,L82622,WESTOVER SURGERY,7329
2025-12-01,L83002,HONITON SURGERY,17850
2025-12-01,L83003,QUEEN'S MEDICAL CENTRE,11573
2025-12-01,L83004,KINGSTEIGNTON MEDICAL PRACTICE,11584
2025-12-01,L83005,BARTON SURGERY,15510
2025-12-01,L83006,MAYFLOWER MEDICAL GROUP,32823
2025-12-01,L83007,SEATON & COLYTON MEDICAL PRACTICE,9179
2025-12-01,L83008,PATHFIELDS MEDICAL GROUP,29660
2025-12-01,L83010,ASHBURTON SURGERY,7196
2025-12-01,L83011,BUDLEIGH SALTERTON MEDICAL PRACTICE,8237
2025-12-01,L83012,BRADWORTHY SURGERY,3195
2025-12-01,L83013,BRUNEL MEDICAL PRACTICE,15424
2025-12-01,L83014,MAYFIELD MEDICAL CENTRE,20269
2025-12-01,L83015,OAKSIDE SURGERY,8194
2025-12-01,L83016,ST THOMAS MEDICAL GROUP,41251
2025-12-01,L83018,BEAUMONT VILLA SURGERY,1
2025-12-01,L83019,ELM SURGERY,9917
2025-12-01,L83020,AXMINSTER MEDICAL PRACTICE,12726
2025-12-01,L83021,DEAN CROSS SURGERY,10226
2025-12-01,L83023,AMICUS HEALTH - MID DEVON SITES,5752
2025-12-01,L83024,BARNFIELD HILL SURGERY,8691
2025-12-01,L83025,WALLINGBROOK HEALTH CENTRE,7596
2025-12-01,L83026,TORRINGTON HEALTH CENTRE,5226
2025-12-01,L83027,CROFT HALL MEDICAL PRACTICE,7660
2025-12-01,L83028,ST NEOTS SURGERY,11476
2025-12-01,L83029,SOUTHOVER MEDICAL PRACTICE,8490
2025-12-01,L83030,NORTH ROAD WEST MED.CTR.,10159
2025-12-01,L83031,KINGSKERSWELL & IPPLEPEN MED PRACTICE,12259
2025-12-01,L83034,ALBANY SURGERY,9985
2025-12-01,L83035,LITCHDON MEDICAL CENTRE,16770
2025-12-01,L83036,TOPSHAM SURGERY,11923
2025-12-01,L83038,TAVYSIDE HEALTH CENTRE,13832
2025-12-01,L83039,SOUTHWAY SURGERY,5611
2025-12-01,L83040,PINHOE SURGERY,18311
2025-12-01,L83041,WESTBANK PRACTICE,9084
2025-12-01,L83042,ST LEONARDS PRACTICE,9873
2025-12-01,L83043,LEATSIDE SURGERY,14555
2025-12-01,L83044,BLACKDOWN PRACTICE,8331
2025-12-01,L83045,BOVEY TRACEY & CHUDLEIGH PRACTICE,15044
2025-12-01,L83046,DEVON SQUARE SURGERY,9608
2025-12-01,L83048,ROBOROUGH SURGERY,10985
2025-12-01,L83049,MORETONHAMPSTEAD HEALTH CENTRE,3261
2025-12-01,L83050,NORTHAM SURGERY,13202
2025-12-01,L83051,CRICKETFIELD SURGERY,10390
2025-12-01,L83052,CASTLE PLACE PRACTICE,12980
2025-12-01,L83054,TOWNSEND HOUSE MEDICAL CENTRE,5623
2025-12-01,L83055,COMPASS HOUSE MEDICAL CENTRES,15554
2025-12-01,L83056,ROLLE MEDICAL PARTNERSHIP,26219
2025-12-01,L83057,FREMINGTON MEDICAL CENTRE,7883
2025-12-01,L83058,SOUTHERNHAY HOUSE SURGERY,7621
2025-12-01,L83059,NORTON BROOK MEDICAL CENTRE,10037
2025-12-01,L83064,CHURCH VIEW SURGERY,12587
2025-12-01,L83066,MOUNT PLEASANT HEALTH CENTRE,17837
2025-12-01,L83067,SID VALLEY PRACTICE,15015
2025-12-01,L83069,RUBY COUNTRY MEDICAL GROUP,15189
2025-12-01,L83070,BUCKFASTLEIGH MEDICAL CENTRE,5105
2025-12-01,L83071,STOKE SURGERY,7909
2025-12-01,L83072,FRIARY HOUSE SURGERY,12074
2025-12-01,L83073,BRANNAM MEDICAL CENTRE,19434
2025-12-01,L83075,SOUTH BRENT HEALTH CENTRE,6134
2025-12-01,L83076,WYCLIFFE SURGERY,11815
2025-12-01,L83077,HEAVITREE PRACTICE,7986
2025-12-01,L83079,IDE LANE SURGERY,8752
2025-12-01,L83081,YEALM MEDICAL CENTRE,6308
2025-12-01,L83082,CHAGFORD HEALTH CENTRE,3293
2025-12-01,L83083,BIDEFORD MEDICAL CENTRE,15143
2025-12-01,L83084,SOUTH LAWN MEDICAL PRACTICE,8073
2025-12-01,L83085,AMICUS HEALTH,18760
2025-12-01,L83086,MODBURY HEALTH CENTRE,5261
2025-12-01,L83087,OKEHAMPTON MEDICAL CENTRE,15375
2025-12-01,L83088,REDFERN HEALTH CENTRE,5279
2025-12-01,L83089,KNOWLE HOUSE SURGERY,13939
2025-12-01,L83092,COLLEGE SURGERY PARTNERSHIP,16319
2025-12-01,L83094,DARTMOUTH MEDICAL PRACTICE,8458
2025-12-01,L83095,COLERIDGE MEDICAL CENTRE,15925
2025-12-01,L83096,COMBE COASTAL PRACTICE,18146
2025-12-01,L83097,CAEN MEDICAL CENTRE,12933
2025-12-01,L83098,CHERITON BISHOP SURGERY,5401
2025-12-01,L83099,ISCA MEDICAL PRACTICE,5588
2025-12-01,L83100,BEACON MEDICAL GROUP,43469
2025-12-01,L83101,ABBEY SURGERY,15107
2025-12-01,L83102,YELVERTON SURGERY,7535
2025-12-01,L83103,CORNER PLACE SURGERY,16146
2025-12-01,L83105,CASTLE GARDENS SURGERY,6737
2025-12-01,L83106,WOODA SURGERY,9848
2025-12-01,L83111,CHILCOTE PRACTICE,15833
2025-12-01,L83112,WEST HOE SURGERY,6040
2025-12-01,L83113,BUDSHEAD MEDICAL PRACTICE,7490
2025-12-01,L83115,WHIPTON SURGERY,4926
2025-12-01,L83116,WOODBURY SURGERY,5394
2025-12-01,L83118,CHELSTON HALL SURGERY,17971
2025-12-01,L83120,CHANNEL VIEW MEDICAL GROUP,22328
2025-12-01,L83127,REDLANDS PRIMARY CARE,15934
2025-12-01,L83128,BRAMBLEHAIES SURGERY,7684
2025-12-01,L83129,HARTLAND SURGERY,3053
2025-12-01,L83131,PEMBROKE MEDICAL GROUP,25218
2025-12-01,L83134,WYNDHAM HOUSE SURGERY,4055
2025-12-01,L83136,HALDON HOUSE SURGERY,6027
2025-12-01,L83137,SOUTH MOLTON MEDICAL CENTRE,12733
2025-12-01,L83143,HILL BARTON SURGERY,4614
2025-12-01,L83146,CATHERINE HOUSE SURGERY,5002
2025-12-01,L83147,LISSON GROVE MEDICAL CTR.,14303
2025-12-01,L83148,CHILLINGTON HEALTH CENTRE,3730
2025-12-01,L83607,OLD FARM SURGERY,5727
2025-12-01,L83616,SAMPFORD PEVERELL SURGERY,2456
2025-12-01,L83624,DEVONPORT HEALTH CENTRE,7754
2025-12-01,L83628,IMPERIAL SURGERY,6678
2025-12-01,L83639,WEMBURY SURGERY,2902
2025-12-01,L83646,ST. LEVAN SURGERY,9146
2025-12-01,L83648,PEVERELL PARK SURGERY,23565
2025-12-01,L83651,ADELAIDE STREET SURGERY,4499
2025-12-01,L83655,WONFORD GREEN SURGERY,7672
2025-12-01,L83663,BLACK TORRINGTON SURGERY,2974
2025-12-01,L83666,BUCKLAND SURGERY,3982
2025-12-01,L83673,INCLUSION HEALTH DEVON CIC,708
2025-12-01,L84003,UNDERWOOD SURGERY,11526
2025-12-01,L84004,WINCHCOMBE MEDICAL CENTRE,7888
2025-12-01,L84005,MINCHINHAMPTON SURGERY,8455
2025-12-01,L84006,STAUNTON & CORSE SURGERY,6905
2025-12-01,L84007,ROWCROFT MEDICAL CENTRE,12409
2025-12-01,L84008,ST. GEORGE'S SURGERY,12171
2025-12-01,L84009,HADWEN HEALTH,19483
2025-12-01,L84010,UPPER THAMES MEDICAL GROUP,10905
2025-12-01,L84011,LYDNEY PRACTICE,8234
2025-12-01,L84012,PHOENIX HEALTH GROUP,24632
2025-12-01,L84014,HUCCLECOTE SURGERY,8989
2025-12-01,L84015,SIXWAYS CLINIC,10954
2025-12-01,L84016,FRITHWOOD SURGERY,6845
2025-12-01,L84018,CIRENCESTER HEALTH GROUP,12754
2025-12-01,L84021,YORKLEY HEALTH CENTRE(WG),9007
2025-12-01,L84022,YORKLEIGH SURGERY(CT),7756
2025-12-01,L84023,CHURCH STREET PRACTICE,13163
2025-12-01,L84024,DRYBROOK SURGERY,4014
2025-12-01,L84025,HOYLAND HOUSE,4639
2025-12-01,L84026,ASPEN MEDICAL PRACTICE,32535
2025-12-01,L84027,CULVERHAY SURGERY,18151
2025-12-01,L84028,FOREST HEALTH CARE,11880
2025-12-01,L84029,DEAN MEDICAL PRACTICE,16848
2025-12-01,L84030,BERKELEY PLACE SURGERY,18212
2025-12-01,L84031,STOW SURGERY,5752
2025-12-01,L84033,WESTON HOUSE PRACTICE,19191
2025-12-01,L84034,"PARTNERS IN HEALTH, PAVILION FAMILY DRS",12123
2025-12-01,L84036,CLEEVELANDS MEDICAL CENTRE,11132
2025-12-01,L84037,THE HOLTS HEALTH CENTRE,12008
2025-12-01,L84038,COTSWOLD MEDICAL PRACTICE,11378
2025-12-01,L84039,BEECHES GREEN SURGERY,8966
2025-12-01,L84040,THE LECKHAMPTON SURGERY,12679
2025-12-01,L84041,OVERTON PARK SURGERY,13114
2025-12-01,L84043,CHIPPING CAMPDEN SURGERY,4889
2025-12-01,L84045,MITCHELDEAN SURGERY,7272
2025-12-01,L84046,DOCKHAM SURGERY,5945
2025-12-01,L84047,CHURCHDOWN SURGERY,16595
2025-12-01,L84048,"THE STOKE ROAD SURGERY,",10428
2025-12-01,L84049,THE ROYAL WELL SURGERY,8531
2025-12-01,L84050,ROSEBANK SURGERY,40575
2025-12-01,L84051,CHIPPING SURGERY,9953
2025-12-01,L84052,SEVERNSIDE MEDICAL PRACTICE,10094
2025-12-01,L84053,HILARY COTTAGE SURGERY,7745
2025-12-01,L84054,MYTHE MEDICAL PRACTICE,13980
2025-12-01,L84058,ST. CATHERINE'S SURGERY,9378
2025-12-01,L84059,ROYAL CRESCENT SURGERY,8182
2025-12-01,L84060,CAM & ULEY FAMILY PRACTICE,11115
2025-12-01,L84063,RENDCOMB SURGERY,4980
2025-12-01,L84065,PRICES MILL SURGERY,9001
2025-12-01,L84067,LONGLEVENS SURGERY,10111
2025-12-01,L84068,MANN COTTAGE SURGERY,5883
2025-12-01,L84069,COLEFORD MEDICAL PRACTICE,2
2025-12-01,L84072,WHITE HOUSE SURGERY,5120
2025-12-01,L84075,MAY LANE SURGERY,9386
2025-12-01,L84077,FIVE VALLEYS MEDICAL PRACTICE,14548
2025-12-01,L84080,THE WILLOW TREE PRACTICE,11603
2025-12-01,L84081,KINGSHOLM SURGERY,4473
2025-12-01,L84084,BROCKWORTH SURGERY,11538
2025-12-01,L84085,SEVERNBANK SURGERY,3831
2025-12-01,L84606,THE ALNEY PRACTICE,11964
2025-12-01,L84613,STONEHOUSE HEALTH CLINIC,3620
2025-12-01,L84617,QUEDGELEY MEDICAL CENTRE,7645
2025-12-01,L85001,FRENCH WEIR HEALTH CENTRE,17685
2025-12-01,L85002,WELLS HEALTH CENTRE,11892
2025-12-01,L85003,EXMOOR MEDICAL CENTRE,3922
2025-12-01,L85004,"CREWKERNE HEALTH CENTRE, CREWKERNE",12468
2025-12-01,L85006,CROWN MEDICAL CENTRE,10246
2025-12-01,L85007,"CHURCH STREET SURGERY, MARTOCK",10302
2025-12-01,L85008,FROME MEDICAL PRACTICE,29214
2025-12-01,L85009,WEST SOMERSET HEALTHCARE,10720
2025-12-01,L85011,CHEDDAR MEDICAL CENTRE,8438
2025-12-01,L85012,WELLINGTON MEDICAL CENTRE,22616
2025-12-01,L85013,QUANTOCK MEDICAL CENTRE,4191
2025-12-01,L85014,TAUNTON VALE HEALTHCARE,13415
2025-12-01,L85015,"PRESTON GROVE MEDICAL CENTRE, YEOVIL",15879
2025-12-01,L85016,SYMPHONY NORTH HEALTHCARE,28329
2025-12-01,L85017,"PENN HILL SURGERY, YEOVIL",10419
2025-12-01,L85018,CANNINGTON HEALTH CENTRE,5168
2025-12-01,L85019,MINEHEAD MEDICAL CENTRE,11391
2025-12-01,L85020,BECKINGTON FAMILY PRACTICE,11508
2025-12-01,L85021,COLLEGE WAY SURGERY,14998
2025-12-01,L85022,DIAMOND HEALTH GROUP,13444
2025-12-01,L85023,ST JAMES MEDICAL CENTRE,17701
2025-12-01,L85024,POLDEN MEDICAL PRACTICE,11069
2025-12-01,L85025,CRANLEIGH GARDENS MEDICAL CENTRE,14115
2025-12-01,L85026,"HAMDON MEDICAL CENTRE, STOKE-SUB-HAMDON",6028
2025-12-01,L85027,WINCANTON HEALTH CENTRE,8676
2025-12-01,L85029,VINE SURGERY PARTNERSHIP,13078
2025-12-01,L85030,ARIEL HEALTHCARE,18281
2025-12-01,L85031,MILBORNE PORT SURGERY,7515
2025-12-01,L85032,BRUTON SURGERY,5114
2025-12-01,L85033,LANGPORT SURGERY,13963
2025-12-01,L85034,WELLS CITY PRACTICE,8466
2025-12-01,L85035,EAST QUAY MEDICAL CENTRE,17473
2025-12-01,L85036,QUANTOCK VALE SURGERY,6112
2025-12-01,L85037,NORTH CURRY,4197
2025-12-01,L85038,LISTER HOUSE PARTNERSHIP,6894
2025-12-01,L85039,GLASTONBURY SURGERY,14026
2025-12-01,L85040,"MILLBROOK SURGERY, CASTLE CARY",6933
2025-12-01,L85042,TAUNTON ROAD MEDICAL CENTRE,15690
2025-12-01,L85043,PARK MEDICAL PRACTICE,11112
2025-12-01,L85044,QUEEN CAMEL MEDICAL CENTRE,6170
2025-12-01,L85046,MENDIP COUNTRY PRACTICE,6000
2025-12-01,L85047,GLASTONBURY HEALTH CENTRE,5992
2025-12-01,L85048,"RYALLS PARK MEDICAL CENTRE, YEOVIL",1
2025-12-01,L85051,REDGATE MEDICAL CENTRE,7379
2025-12-01,L85052,WARWICK HOUSE MEDICAL PRACTICE,7795
2025-12-01,L85053,GROVE HOUSE SURGERY,6469
2025-12-01,L85054,SUMMERVALE SURGERY,8810
2025-12-01,L85055,AXBRIDGE SURGERY,9212
2025-12-01,L85056,NORTH PETHERTON SURGERY,7330
2025-12-01,L85061,THE MEADOWS SURGERY,4137
2025-12-01,L85062,LYNGFORD PARK,6363
2025-12-01,L85064,OAKLANDS SURGERY,16945
2025-12-01,L85065,DUNSTER & PORLOCK SURGERIES,8041
2025-12-01,L85066,BUTTERCROSS HEALTH CENTRE,7863
2025-12-01,L85601,BRENT AREA MEDICAL CENTRE,3516
2025-12-01,L85607,SOMERSET BRIDGE MEDICAL CENTRE,5553
2025-12-01,L85609,CREECH,5322
2025-12-01,L85611,OAKHILL SURGERY,3167
2025-12-01,L85624,CHURCH VIEW MEDICAL CENTRE,5181
2025-12-01,M81001,ST STEPHEN'S MEDICAL PARTNERSHIP,17677
2025-12-01,M81002,ELGAR HOUSE,14516
2025-12-01,M81004,RIVERSIDE SURGERY,15797
2025-12-01,M81005,NORTHUMBERLAND HOUSE SURGERY,13929
2025-12-01,M81006,SEVERN VALLEY MEDICAL PRACTICE,21892
2025-12-01,M81007,BREDON HILL SURGERY,5623
2025-12-01,M81008,SPRING GARDENS GROUP MEDICAL PRACTICE,20393
2025-12-01,M81009,GOLDEN VALLEY PRACTICE,5782
2025-12-01,M81010,KIDDERMINSTER MEDICAL CENTRE,14748
2025-12-01,M81011,OMBERSLEY MEDICAL CENTRE,7291
2025-12-01,M81012,LEDBURY HEALTH PARTNERSHIP,13665
2025-12-01,M81015,STANMORE HOUSE SURGERY,9615
2025-12-01,M81016,RYELAND SURGERY,19449
2025-12-01,M81017,ELBURY MOOR MEDICAL CENTRE,12424
2025-12-01,M81018,WEOBLEY & STAUNTON ON WYE SURGERIES,6510
2025-12-01,M81019,WINYATES HEALTH CENTRE,17237
2025-12-01,M81020,THE DOW SURGERY,12109
2025-12-01,M81021,NEW ROAD SURGERY BROMSGROVE,13076
2025-12-01,M81022,HARESFIELD HOUSE SURGERY,18347
2025-12-01,M81024,MUCH BIRCH SURGERY,5174
2025-12-01,M81025,NEW ROAD SURGERY,5117
2025-12-01,M81026,HEREFORD MEDICAL GROUP,47129
2025-12-01,M81027,HAGLEY SURGERY,9846
2025-12-01,M81029,NEW BARN CLOSE SURGERY,8052
2025-12-01,M81032,CANTILUPE SURGERY,12557
2025-12-01,M81033,GREAT WITLEY SURGERY,7468
2025-12-01,M81034,SALTERS MEDICAL PRACTICE,8775
2025-12-01,M81035,ST MARTIN'S GATE SURGERY,14298
2025-12-01,M81037,THORNELOE LODGE SURGERY,11773
2025-12-01,M81038,UPTON SURGERY,12347
2025-12-01,M81039,WHITEACRES MEDICAL CENTRE,11986
2025-12-01,M81040,STOURPORT MEDICAL CENTRE,21658
2025-12-01,M81041,HILLVIEW MEDICAL CENTRE,11220
2025-12-01,M81042,TENBURY SURGERY,9755
2025-12-01,M81043,THE MORTIMER MEDICAL PRAC,8914
2025-12-01,M81044,ALTON STREET SURGERY,11744
2025-12-01,M81045,KNIGHTWICK SURGERY,5086
2025-12-01,M81046,ABBOTTSWOOD MEDICAL CENTRE,12063
2025-12-01,M81047,SPA MEDICAL PRACTICE,10821
2025-12-01,M81048,NUNWELL SURGERY,9653
2025-12-01,M81049,BARBOURNE HEALTH CENTRE,11496
2025-12-01,M81054,KINGTON MEDICAL PRACTICE,7232
2025-12-01,M81055,CORNHILL SURGERY,5796
2025-12-01,M81056,THE CHURCH STREET PRACTICE,12430
2025-12-01,M81057,BEWDLEY MEDICAL CENTRE,15197
2025-12-01,M81058,MERSTOW GREEN MEDICAL PRACTICE,10255
2025-12-01,M81061,PENDEEN SURGERY,8917
2025-12-01,M81063,ST JOHNS HOUSE SURGERY,13919
2025-12-01,M81064,HOLLYWOOD MEDICAL CENTRE,8314
2025-12-01,M81066,WARGRAVE HOUSE SURGERY,8278
2025-12-01,M81067,THE SURGERY KINGSTONE,5655
2025-12-01,M81068,AYLMER LODGE COOKLEY PARTNERSHIP,15739
2025-12-01,M81069,DAVENAL HOUSE SURGERY PARTNERSHIP,9573
2025-12-01,M81070,CHURCHFIELDS SURGERY,11620
2025-12-01,M81072,ALBANY HOUSE SURGERY,6930
2025-12-01,M81074,PERSHORE MEDICAL PRACTICE,11026
2025-12-01,M81075,MALVERN HEALTH CENTRE,12876
2025-12-01,M81076,COLWALL SURGERY,3113
2025-12-01,M81077,THE RIDGEWAY SURGERY,4873
2025-12-01,M81078,BARNT GREEN SURGERY,6684
2025-12-01,M81081,ST SAVIOURS SURGERY,5662
2025-12-01,M81082,ST. JOHNS SURGERY,15696
2025-12-01,M81083,HOLLYOAKS MEDICAL CENTRE,5061
2025-12-01,M81084,CATSHILL VILLAGE SURGERY,5790
2025-12-01,M81090,CHADDESLEY SURGERY,3432
2025-12-01,M81091,CORBETT MEDICAL PRACTICE,14194
2025-12-01,M81092,THE BRIDGE SURGERY,5586
2025-12-01,M81093,BELMONT MEDICAL CENTRE,10668
2025-12-01,M81094,ABBEY MEDICAL PRACTICE,9611
2025-12-01,M81600,CRADLEY SURGERY,4003
2025-12-01,M81604,FOWNHOPE MEDICAL CENTRE,6784
2025-12-01,M81605,THE GLEBELAND SURGERY,5589
2025-12-01,M81608,WOLVERLEY SURGERY,4093
2025-12-01,M81616,CRABBS CROSS MEDICAL CENTRE,3387
2025-12-01,M81617,CRABBS CROSS SURGERY,5420
2025-12-01,M81627,DEMONTFORT MEDICAL CENTRE,8515
2025-12-01,M81629,NEW COURT SURGERY,10166
2025-12-01,M82002,MYTTON OAK MEDICAL PRACT.,10048
2025-12-01,M82003,STIRCHLEY MEDICAL PRACTICE,24708
2025-12-01,M82004,BRIDGNORTH MEDICAL PRACTICE,19228
2025-12-01,M82005,PLAS FFYNNON MEDICAL CTRE,9616
2025-12-01,M82006,RIVERSIDE MED PRACTICE,11524
2025-12-01,M82007,CHARLTON MEDICAL PRACTICE,15428
2025-12-01,M82008,CHURCH STRETTON MEDICAL CENTRE,7070
2025-12-01,M82009,DAWLEY MEDICAL PRACTICE,11386
2025-12-01,M82010,MARKET DRAYTON MEDICAL PRACTICE,17592
2025-12-01,M82011,SHAWBURY MEDICAL PRACTICE,4516
2025-12-01,M82012,DONNINGTON MEDICAL PRACTICE,14182
2025-12-01,M82013,WESTBURY MEDICAL CENTRE,2696
2025-12-01,M82014,STATION DRIVE SURGERY,9562
2025-12-01,M82016,RADBROOK GREEN SURGERY,10678
2025-12-01,M82017,CLIVE MEDICAL PRACTICE,4574
2025-12-01,M82018,BEECHES MEDICAL PRACTICE,7222
2025-12-01,M82019,MUCH WENLOCK & CRESSAGE MEDICAL PRACTICE,8603
2025-12-01,M82020,KNOCKIN MEDICAL CENTRE,4201
2025-12-01,M82021,ALBRIGHTON MEDICAL PRACT,8510
2025-12-01,M82022,THE CAXTON SURGERY,14127
2025-12-01,M82023,PRESCOTT SURGERY,7714
2025-12-01,M82024,BROWN CLEE MEDICAL CENTRE,3866
2025-12-01,M82025,CHURCHMERE MEDICAL GROUP,21199
2025-12-01,M82026,CAMBRIAN MEDICAL PRACTICE,13302
2025-12-01,M82028,WELLINGTON ROAD SURGERY,14927
2025-12-01,M82030,PONTESBURY & WORTHEN MEDICAL PRACTICE,10412
2025-12-01,M82032,SEVERN FIELDS MEDICAL PRACTICE,16589
2025-12-01,M82033,BISHOPS CASTLE MEDICAL PRACTICE,5656
2025-12-01,M82034,CLAREMONT BANK SURGERY,7916
2025-12-01,M82035,WEM AND PREES MEDICAL PRACTICE,12177
2025-12-01,M82038,SHIFNAL & PRIORSLEE MEDICAL PRACTICE,13916
2025-12-01,M82039,WELLINGTON MEDICAL PRACTICE,15476
2025-12-01,M82040,MARYSVILLE MEDICAL PRACT,6372
2025-12-01,M82041,CLEOBURY MORTIMER SURGERY,7106
2025-12-01,M82042,WOODSIDE MEDICAL PRACTICE,6488
2025-12-01,M82043,LUDLOW - PORTCULLIS,7474
2025-12-01,M82046,CRAVEN ARMS SURGERY,3958
2025-12-01,M82047,MARDEN MEDICAL PRACTICE,11065
2025-12-01,M82048,BELVIDERE MEDICAL PRACT.,6924
2025-12-01,M82051,BROSELEY MEDICAL PRACTICE,4675
2025-12-01,M82056,LINDEN HALL SURGERY,16196
2025-12-01,M82057,HOLLINSWOOD SURGERY,7553
2025-12-01,M82058,HODNET MEDICAL PRACTICE,4080
2025-12-01,M82059,SHAWBIRCH MEDICAL CENTRE,16913
2025-12-01,M82060,SOUTH HERMITAGE SURGERY,9068
2025-12-01,M82601,ALVELEY MEDICAL PRACTICE,2384
2025-12-01,M82606,IRONBRIDGE MEDICAL PRACTICE,5678
2025-12-01,M82616,COURT STREET MEDICAL PRACTICE,8469
2025-12-01,M82620,THE MEADOWS MEDICAL PRACTICE,2946
2025-12-01,M83001,HORSEFAIR PRACTICE,12181
2025-12-01,M83004,MAYFIELD SURGERY,9197
2025-12-01,M83005,HEATHCOTE STREET SURGERY,5397
2025-12-01,M83006,THE WESTGATE PRACTICE,31203
2025-12-01,M83007,THE VILLAGE SURGERY,8126
2025-12-01,M83009,BREWOOD MEDICAL PRACTICE,10796
2025-12-01,M83010,GORDON STREET SURGERY,10712
2025-12-01,M83011,WERRINGTON VILLAGE SURGERY,7939
2025-12-01,M83012,LEEK HEALTH CENTRE,8215
2025-12-01,M83013,YOXALL,4657
2025-12-01,M83014,TRENT VALE MEDICAL PRACTICE,10172
2025-12-01,M83015,MADELEY PRACTICE,8050
2025-12-01,M83016,HIGH STREET SURGERY,7349
2025-12-01,M83017,ASHLEY SURGERY,5123
2025-12-01,M83018,GRAVEL HILL SURGERY,8770
2025-12-01,M83020,CUMBERLAND HOUSE,9519
2025-12-01,M83021,FURLONG MEDICAL CENTRE,10287
2025-12-01,M83022,HAZELDENE HOUSE SURGERY,7888
2025-12-01,M83023,KIDSGROVE MEDICAL CENTRE,9307
2025-12-01,M83024,CASTLEFIELDS,11116
2025-12-01,M83025,MILLER STREET SURGERY,5955
2025-12-01,M83026,CARLTON STREET SURGERY,17296
2025-12-01,M83027,TRENT MEADOWS,10839
2025-12-01,M83028,GLEBEDALE MEDICAL PRACTICE,11083
2025-12-01,M83030,THE LANGTON MEDICAL GROUP,13473
2025-12-01,M83031,RUSSELL HOUSE SURGERY,6327
2025-12-01,M83032,THE ALDERGATE MED.PRACT.,14255
2025-12-01,M83033,HEDNESFORD MEDICAL PRACTICE,7080
2025-12-01,M83034,SILVERDALE MEDICAL CENTRE,11906
2025-12-01,M83035,ALREWAS,7695
2025-12-01,M83036,RISING BROOK,8939
2025-12-01,M83037,TUTBURY HEALTH CENTRE,8512
2025-12-01,M83038,ORCHARD SURGERY,10258
2025-12-01,M83042,BRIDGE SURGERY,9806
2025-12-01,M83044,STAFFORD HEALTH AND WELLBEING,13406
2025-12-01,M83045,PENKRIDGE MEDICAL PRACTICE,10710
2025-12-01,M83046,BIDDULPH VALLEY SURGERY,9708
2025-12-01,M83047,MEIR PARK & WESTON COYNEY MEDICAL PRACT,6776
2025-12-01,M83048,THE NILE PRACTICE,9855
2025-12-01,M83049,HOLMCROFT,9092
2025-12-01,M83050,WOLVERHAMPTON ROAD SURGERY,9968
2025-12-01,M83051,WETMORE ROAD SURGERY,12442
2025-12-01,M83052,WEEPING CROSS HEALTH CENTRE,22429
2025-12-01,M83054,AUDLEY HEALTH CENTRE,10272
2025-12-01,M83056,WOLSTANTON MEDICAL CENTRE,10966
2025-12-01,M83057,MILL BANK,10271
2025-12-01,M83059,ABBOTS BROMLEY SURGERY,3783
2025-12-01,M83061,MILLRISE MEDICAL PRACTICE,8065
2025-12-01,M83062,LAUREL HOUSE SURGERY,12784
2025-12-01,M83063,NORTON CANES HEALTH CENTRE,3862
2025-12-01,M83065,BARTON,7257
2025-12-01,M83066,HARTSHILL MEDICAL CENTRE,7824
2025-12-01,M83067,LYME VALLEY MEDICAL CENTRE,7998
2025-12-01,M83068,BELGRAVE MEDICAL CENTRE,14780
2025-12-01,M83069,MANSION HOUSE,15924
2025-12-01,M83070,GNOSALL,8424
2025-12-01,M83071,PARK MEDICAL CENTRE,11526
2025-12-01,M83072,SALTERS MEADOW HEALTH CTR,11518
2025-12-01,M83073,STAPENHILL MEDICAL CENTRE,9166
2025-12-01,M83074,BALANCE STREET,14299
2025-12-01,M83075,NORFOLK STREET SURGERY,20443
2025-12-01,M83076,HARLEY STREET MEDICAL CTR,8793
2025-12-01,M83079,DR J GREIG & PARTNERS,9554
2025-12-01,M83084,MOUNT ROAD PRACTICE,6595
2025-12-01,M83088,HOLLIES PRACTICE,15152
2025-12-01,M83089,BIDDULPH DOCTORS,10757
2025-12-01,M83090,DUNROBIN STREET MEDICAL CENTRE,5387
2025-12-01,M83092,CROWN SURGERY,8641
2025-12-01,M83093,DALE MEDICAL PRACTICE,6512
2025-12-01,M83094,BROOK MEDICAL CENTRE,14658
2025-12-01,M83096,TARDIS SURGERY,5243
2025-12-01,M83097,BILBROOK MEDICAL CENTRE,9209
2025-12-01,M83100,DR RAJU AND PARTNERS,4162
2025-12-01,M83102,POTTERIES MEDICAL CENTRE,7372
2025-12-01,M83103,ALLEN STREET CLINIC,4849
2025-12-01,M83107,ALDERWOOD MEDICAL PRACTICE,6754
2025-12-01,M83108,WELL STREET MEDICAL CENTRE,7793
2025-12-01,M83109,DR MANICKAM & PARTNER,3956
2025-12-01,M83110,HEATHVIEW MEDICAL PRACTICE,16578
2025-12-01,M83111,RIVERSIDE SURGERY,2381
2025-12-01,M83113,DR KHARE'S SURGERY,2475
2025-12-01,M83117,CROWN MEDICAL PRACTICE,8275
2025-12-01,M83121,TEAN SURGERY,5848
2025-12-01,M83122,WATERHOUSES MEDICAL PRACT,3080
2025-12-01,M83123,BIRCHES HEAD MEDICAL CTR.,10205
2025-12-01,M83125,CLAVERLEY,3483
2025-12-01,M83126,LONGTON HALL SURGERY,9128
2025-12-01,M83127,COBRIDGE SURGERY,6956
2025-12-01,M83129,HEATH HAYES HEALTH CENTRE,10827
2025-12-01,M83130,RED LION SURGERY,4097
2025-12-01,M83132,LAKESIDE,5670
2025-12-01,M83138,HANFORD GP,6852
2025-12-01,M83139,MOSS STREET SURGERY,4951
2025-12-01,M83140,HIGHERLAND SURGERY,4884
2025-12-01,M83141,KINGSBRIDGE MEDICAL CENTRE,9308
2025-12-01,M83143,GOLDENHILL MEDICAL CENTRE,5348
2025-12-01,M83146,THE MOORCROFT MEDICAL CTR,13246
2025-12-01,M83148,THE PEEL MEDICAL PRACTICE,14410
2025-12-01,M83601,BRINSLEY AVENUE PRACTICE,5892
2025-12-01,M83608,QUINTON PRACTICE,5390
2025-12-01,M83616,DR I RASIB & PARTNERS,5231
2025-12-01,M83617,DARWIN MEDICAL CENTRE,24206
2025-12-01,M83619,HONEYWALL MEDICAL PRACTICE,3611
2025-12-01,M83624,CAMBRIDGE HOUSE,4153
2025-12-01,M83625,PRIMA CARE SURGERIES,11544
2025-12-01,M83627,APSLEY SURGERY,8371
2025-12-01,M83632,TRINITY MEDICAL CENTRE,5388
2025-12-01,M83637,CHADSMOOR MEDICAL PRACTICE,4910
2025-12-01,M83638,THE COLLIERY PRACTICE,14165
2025-12-01,M83640,ALTON SURGERY,2734
2025-12-01,M83641,MILL VIEW SURGERY,1989
2025-12-01,M83650,TUNSTALL PRIMARY CARE CENTRE,13875
2025-12-01,M83661,ADDERLEY GREEN SURGERY,6886
2025-12-01,M83668,TAMAR MEDICAL CENTRE,5278
2025-12-01,M83670,KEELE PRACTICE,6938
2025-12-01,M83680,NORTHGATE SURGERY,7216
2025-12-01,M83681,ALL SAINTS SURGERY,11004
2025-12-01,M83682,LUCIE WEDGEWOOD SURGERY LTD,5995
2025-12-01,M83691,BETLEY SURGERY,1639
2025-12-01,M83693,TRI-LINKS MEDICAL PRACTICE,7160
2025-12-01,M83697,MILEHOUSE MEDICAL PRACTICE,3618
2025-12-01,M83698,SOUTHFIELD WAY SURGERY,3153
2025-12-01,M83701,TALKE PITS CLINIC,4542
2025-12-01,M83703,BRERETON SURGERY,5718
2025-12-01,M83709,BADDELEY GREEN SURGERY,5985
2025-12-01,M83711,TRENTHAM MEWS MEDICAL CENTRE,4262
2025-12-01,M83713,MEIR MEDICAL PRACTICE,5406
2025-12-01,M83715,FEATHERSTONE,4985
2025-12-01,M83717,NORTON CANES SURGERY,3579
2025-12-01,M83718,PEEL CROFT,3947
2025-12-01,M83719,RAWNSLEY SURGERY,4385
2025-12-01,M83723,LOOMER MEDICAL PARTNERSHIP,23400
2025-12-01,M83725,BLURTON MEDICAL PRACTICE,4083
2025-12-01,M83727,NORTON CANES PRACTICE,4281
2025-12-01,M83738,AELFGAR SURGERY,6988
2025-12-01,M84001,RED ROOFS SURGERY,13340
2025-12-01,M84002,POOL MEDICAL CENTRE,8346
2025-12-01,M84003,ARBURY MEDICAL CENTRE,9800
2025-12-01,M84004,WHITEHALL MEDICAL PRACTICE,20651
2025-12-01,M84005,CHAPEL END SURGERY,5145
2025-12-01,M84006,PEAR TREE SURGERY,10545
2025-12-01,M84007,DORDON & POLESWORTH GROUP PRACTICE,13437
2025-12-01,M84008,SPRING HILL MEDICAL CENTRE,8013
2025-12-01,M84009,FENNY COMPTON SURGERY,5264
2025-12-01,M84010,AVONSIDE HEALTH CENTRE,10486
2025-12-01,M84011,BEDWORTH HEALTH CENTRE,21590
2025-12-01,M84012,PARK LEYS MEDICAL PRACTICE,17101
2025-12-01,M84013,CASTLE MEDICAL CENTRE,12708
2025-12-01,M84014,BRIDGE HOUSE MEDICAL CENTRE,9400
2025-12-01,M84015,CROFT MEDICAL CENTRE,14802
2025-12-01,M84016,WOLSTON SURGERY,4534
2025-12-01,M84017,CLARENDON LODGE MEDICAL CENTRE,14601
2025-12-01,M84018,BIDFORD HEALTH CENTRE,14271
2025-12-01,M84019,THE ATHERSTONE SURGERY,17010
2025-12-01,M84020,CLIFTON ROAD SURGERY,14606
2025-12-01,M84021,ROTHER HOUSE MEDICAL CENTRE,17218
2025-12-01,M84022,MANOR COURT SURGERY,8521
2025-12-01,M84023,CENTRAL SURGERY,20285
2025-12-01,M84024,HENLEY-IN-ARDEN MED CTR,6564
2025-12-01,M84025,SHIPSTON MEDICAL CENTRE,12012
2025-12-01,M84026,SOUTHAM SURGERY,7168
2025-12-01,M84028,PRIORY MEDICAL CENTRE,18929
2025-12-01,M84029,VALLEY ROAD MEDICAL PRACTICE,8005
2025-12-01,M84030,HASTINGS HOUSE SURGERY,13330
2025-12-01,M84031,REVEL SURGERY,7885
2025-12-01,M84032,WATERSIDE MEDICAL CENTRE,14865
2025-12-01,M84034,WHITESTONE SURGERY,2260
2025-12-01,M84035,WESTSIDE MEDICAL CENTRE,12139
2025-12-01,M84036,ABBEY MEDICAL CENTRE,15868
2025-12-01,M84037,THE GRANGE MEDICAL CENTRE,12055
2025-12-01,M84040,SHERBOURNE MEDICAL CENTRE,10529
2025-12-01,M84041,RIVERSLEY ROAD SURGERY,7251
2025-12-01,M84042,HAZELWOOD GROUP PRACTICE,10356
2025-12-01,M84043,TRINITY COURT SURGERY,21424
2025-12-01,M84044,HARBURY SURGERY,5822
2025-12-01,M84046,DUNCHURCH SURGERY,8108
2025-12-01,M84047,TANWORTH-IN-ARDEN MED CTR,5364
2025-12-01,M84049,ALCESTER HEALTH CENTRE,6006
2025-12-01,M84050,MARKET QUARTER MEDICAL PRACTICE,8314
2025-12-01,M84051,OLD MILL SURGERY,13592
2025-12-01,M84055,STOCKINGFORD MEDICAL CENTRE,2197
2025-12-01,M84059,SPA MEDICAL CENTRE,3692
2025-12-01,M84060,THE ARROW SURGERY,6804
2025-12-01,M84061,BULKINGTON SURGERY,6159
2025-12-01,M84062,VALE OF RED HORSE,7501
2025-12-01,M84063,CHASE MEADOW HEALTH CENTRE,7435
2025-12-01,M84064,WHITNASH MEDICAL CENTRE,7050
2025-12-01,M84065,BEECH TREE MEDICAL PRACTICE,8328
2025-12-01,M84066,MEON MEDICAL CENTRE,7000
2025-12-01,M84067,BENNFIELD SURGERY,7715
2025-12-01,M84069,BUDBROOKE MEDICAL CENTRE,6647
2025-12-01,M84070,WARWICK GATES FAM.HTH.CTR,12541
2025-12-01,M84609,WOODLANDS SURGERY,4904
2025-12-01,M84612,STATION STREET SURGERY,8867
2025-12-01,M84615,HARTSHILL HEALTH CENTRE,8605
2025-12-01,M84616,BROOKSIDE SURGERY,4439
2025-12-01,M84618,RUGBY ROAD SURGERY,3904
2025-12-01,M84620,LAPWORTH SURGERY,2980
2025-12-01,M84621,QUEENS ROAD SURGERY,2748
2025-12-01,M84627,THE OLD COLE HOUSE PRACTICE,3779
2025-12-01,M84629,ST WULFSTAN SURGERY,11810
2025-12-01,M85001,SHAH ZAMAN SURGERY,4785
2025-12-01,M85005,THE PARK MEDICAL CENTRE,7395
2025-12-01,M85006,GREEN RIDGE SURGERY,10652
2025-12-01,M85007,WEST HEATH SURGERY,17165
2025-12-01,M85009,HAMSTEAD ROAD SURGERY,6480
2025-12-01,M85011,THE SWAN MEDICAL CENTRE,7170
2025-12-01,M85013,CHURCH LANE - KHAN,4313
2025-12-01,M85014,KINGSBURY ROAD MEDICAL CENTRE,4468
2025-12-01,M85016,HILLCREST SURGERY,5182
2025-12-01,M85018,YARDLEY WOOD HEALTH CENTRE,10683
2025-12-01,M85019,TOWER HILL PARTNERSHIP,18272
2025-12-01,M85020,RAYDOCS NEWTOWN,20784
2025-12-01,M85021,MOSELEY MEDICAL CENTRE,4485
2025-12-01,M85023,MILLENNIUM MEDICAL CENTRE,9156
2025-12-01,M85024,THE LIMES MEDICAL CENTRE,7132
2025-12-01,M85025,BATH ROW MEDICAL PRACTICE,16799
2025-12-01,M85026,ASHFIELD SURGERY,14866
2025-12-01,M85027,LEACH HEATH MEDICAL CENTRE,7851
2025-12-01,M85028,LORDSWOOD HOUSE GROUP MEDICAL PRACTICE,25133
2025-12-01,M85029,COLLEGE GREEN MEDICAL PRACTICE,19913
2025-12-01,M85030,ST HELIERS MEDICAL PRACTICE,17657
2025-12-01,M85031,THE HARLEQUIN SURGERY,10512
2025-12-01,M85033,THE MANOR PRACTICE,17655
2025-12-01,M85034,OMNIA PRACTICE,16460
2025-12-01,M85035,WOODGATE VALLEY HEALTH CENTRE,5482
2025-12-01,M85037,KINGSFIELD MEDICAL CENTRE,9394
2025-12-01,M85041,BOURNBROOK VARSITY MEDICAL CENTRE,14810
2025-12-01,M85042,SELLY PARK SURGERY,5032
2025-12-01,M85043,HAWKESLEY MEDICAL PRACTICE,4358
2025-12-01,M85046,SUTTON COLDFIELD GROUP PRACTICE,53465
2025-12-01,M85047,WOODLAND ROAD SURGERY,6076
2025-12-01,M85048,CHURCH ROAD SURGERY,11158
2025-12-01,M85051,FIRSTCARE PRACTICE,7918
2025-12-01,M85053,THE ST.CLEMENTS SURGERY,6654
2025-12-01,M85055,SELLY OAK HEALTH CENTRE,6885
2025-12-01,M85056,WEOLEY PARK SURGERY,7187
2025-12-01,M85058,HARBORNE MEDICAL PRACTICE,15559
2025-12-01,M85060,THE OAKS MEDICAL CENTRE,15979
2025-12-01,M85061,YARDLEY GREEN MEDICAL CENTRE,12363
2025-12-01,M85062,SHENLEY GREEN SURGERY,4915
2025-12-01,M85063,MIDLANDS MEDICAL PARTNERSHIP,56394
2025-12-01,M85065,POPLARS SURGERY,14403
2025-12-01,M85066,WARD END MEDICAL CENTRE,7339
2025-12-01,M85069,LAURIE PIKE HEALTH CENTRE,1
2025-12-01,M85070,RESERVOIR ROAD SURGERY,13837
2025-12-01,M85071,WYCHALL LANE SURGERY,7804
2025-12-01,M85074,WAKE GREEN SURGERY,7915
2025-12-01,M85076,GREAT PARK MEDICAL GROUP,10946
2025-12-01,M85077,NORTHWOOD MEDICAL CENTRE,9506
2025-12-01,M85078,OAKWOOD SURGERY,10865
2025-12-01,M85079,EDEN COURT MEDICAL PRACTICE,10822
2025-12-01,M85081,THE DOVE MEDICAL PRACTICE,9228
2025-12-01,M85082,HANDSWORTH MEDICAL PRACT.,5559
2025-12-01,M85084,THE WAND MEDICAL CENTRE,6666
2025-12-01,M85086,COFTON MEDICAL CENTRE,10641
2025-12-01,M85087,COLLEGE ROAD SURGERY,11193
2025-12-01,M85088,KARIS MEDICAL CENTRE,17689
2025-12-01,M85094,YARDLEY MEDICAL CENTRE,2621
2025-12-01,M85097,CRANES PARK ROAD SURGERY,2230
2025-12-01,M85098,ROTTON PARK MEDICAL CENTRE,5421
2025-12-01,M85105,VICTORIA ROAD SURGERY,5273
2025-12-01,M85107,FIRS SURGERY,3815
2025-12-01,M85108,SMALL HEATH MEDICAL PRACTICE,6038
2025-12-01,M85110,SALTLEY AND FERNBANK MEDICAL PRACTICE,9953
2025-12-01,M85113,BUCKLANDS END LANE SURGERY,6138
2025-12-01,M85115,SUTTON ROAD SURGERY,2847
2025-12-01,M85116,FERNLEY MEDICAL CENTRE,8182
2025-12-01,M85117,BARTLEY GREEN MEDICAL PRACTICE,5930
2025-12-01,M85118,BALDWINS LANE SURGERY,3051
2025-12-01,M85123,AL-SHAFA MEDICAL CENTRE,8918
2025-12-01,M85124,BELLEVUE MEDICAL CENTRE,12968
2025-12-01,M85128,DR WALJI AND COLLEAGUES,5063
2025-12-01,M85136,DRUIDS HEATH SURGERY,10604
2025-12-01,M85139,ALPHA MEDICAL PRACTICE,5749
2025-12-01,M85141,SCHOOLACRE ROAD SURGERY,3076
2025-12-01,M85143,JIGGINS LANE MEDICAL CENTRE,7223
2025-12-01,M85145,THE SLIEVE SURGERY,10096
2025-12-01,M85146,THE KHATTAK MEMORIAL SURGERY,6700
2025-12-01,M85149,ALUM ROCK MEDICAL CENTRE,5764
2025-12-01,M85153,WEATHER OAK MEDICAL CENTRE,4088
2025-12-01,M85154,FINCH ROAD PRIMARY CARE CENTRE,4486
2025-12-01,M85155,KINGSTANDING CIRCLE SURGERY,6648
2025-12-01,M85156,RIVER BROOK MEDICAL CENTRE,9794
2025-12-01,M85158,APOLLO SURGERY,2142
2025-12-01,M85164,NEWPORT MEDICAL GROUP,13665
2025-12-01,M85167,UNIVERSITY MEDICAL PRACTICE,15617
2025-12-01,M85170,GATE MEDICAL CENTRE,5369
2025-12-01,M85171,ROWLANDS ROAD SURGERY,2942
2025-12-01,M85172,RIDGACRE HOUSE SURGERY,13975
2025-12-01,M85174,THE BROOK SURGERY,4615
2025-12-01,M85175,THE HAWTHORNS SURGERY,10358
2025-12-01,M85176,KIRPAL MEDICAL PRACTICE,5374
2025-12-01,M85177,SWANSWELL MEDICAL CENTRE,6226
2025-12-01,M85178,MODALITY BIRMINGHAM,41082
2025-12-01,M85179,MAYPOLE HEALTH SURGERY Y,5052
2025-12-01,M85600,REA VALLEY HEALTH PARTNERSHIP,16135
2025-12-01,M85624,PERRY PARK SURGERY,6429
2025-12-01,M85634,HEATHFIELD FAMILY CENTRE,10302
2025-12-01,M85642,CAVENDISH MEDICAL PRACTICE,5909
2025-12-01,M85669,TUDOR PRACTICE STOCKLAND GREEN,7281
2025-12-01,M85670,GREENFIELD MEDICAL CENTRE,3688
2025-12-01,M85676,VICTORIA ROAD MEDICAL CTR,6503
2025-12-01,M85679,CHARLES ROAD SURGERY,5634
2025-12-01,M85680,COTTERILS LANE SURGERY,2751
2025-12-01,M85684,CITY ROAD MEDICAL CENTRE,4172
2025-12-01,M85686,DR KULSHRESTHA FAMILY PRACTICE,1490
2025-12-01,M85693,FEATHERSTONE MEDICAL CENTRE,2381
2025-12-01,M85694,GARRETTS GREEN LANE SURGERY,3829
2025-12-01,M85697,CHURCH ROAD SURGERY,4988
2025-12-01,M85699,COVENTRY ROAD MEDICAL CENTRE,5208
2025-12-01,M85701,BURBURY MEDICAL CENTRE,4815
2025-12-01,M85706,DRUID GROUP - EMC SURGERY,14093
2025-12-01,M85711,CITY HEALTH CENTRE,4143
2025-12-01,M85713,HIGHGATE MEDICAL CENTRE,5229
2025-12-01,M85715,SOHO ROAD PRIMARY CARE CENTRE,11333
2025-12-01,M85716,DR KHUROO'S PRACTICE,5340
2025-12-01,M85717,DOWNSFIELD MEDICAL CENTRE,4231
2025-12-01,M85721,HOLYHEAD PRIMARY HEALTH CARE CENTRE,11383
2025-12-01,M85722,NASEBY MEDICAL CENTRE,5292
2025-12-01,M85730,DOSKI MEDICAL PRACTICE,5584
2025-12-01,M85732,BLOOMSBURY SURGERY,2485
2025-12-01,M85733,MOOR GREEN LANE MEDICAL CENTRE,7278
2025-12-01,M85735,GREET MEDICAL PRACTICE,6635
2025-12-01,M85736,ACOCKS GREEN MEDICAL CENTRE,5268
2025-12-01,M85739,PAK HEALTH CENTRE,5458
2025-12-01,M85746,MIRFIELD SURGERY,5332
2025-12-01,M85749,AUBREY ROAD MEDICAL CENTRE,3064
2025-12-01,M85756,SPRINGFIELD MEDICAL PRACT,2612
2025-12-01,M85757,SOHO ROAD HEALTH CENTRE,4177
2025-12-01,M85759,NECHELLS PRACTICE,7292
2025-12-01,M85766,BALSALL HEATH HEALTH CENTRE (S),4392
2025-12-01,M85770,THE SHELDON MEDICAL CENTRE,2074
2025-12-01,M85774,SPRINGFIELD SURGERY,7472
2025-12-01,M85778,HALCYON MEDICAL,17816
2025-12-01,M85779,AYLESBURY SURGERY,2897
2025-12-01,M85781,BORDESLEY GREEN SURGERY,3963
2025-12-01,M85783,STRENSHAM ROAD SURGERY,5750
2025-12-01,M85792,COTMORE SURGERY,3369
2025-12-01,M85794,"THE BALAJI SURGERY, THE SPARKBROOK CHC",4142
2025-12-01,M85797,HOCKLEY MEDICAL PRACTICE,12738
2025-12-01,M85803,PEARL MEDICAL CENTRE,11020
2025-12-01,M86001,WILLENHALL PRIMARY CARE CENTRE - 1,7268
2025-12-01,M86002,LONGFORD PRIMARY CARE CENTRE,8481
2025-12-01,M86003,SKY BLUE MEDICAL GROUP,17144
2025-12-01,M86004,ALLESLEY PARK MEDICAL CTR,22134
2025-12-01,M86005,HILLFIELDS HEALTH CENTRE - 1,6282
2025-12-01,M86006,JUBILEE HEALTHCARE,10221
2025-12-01,M86007,PHOENIX FAMILY CARE,5865
2025-12-01,M86008,THE GABLES MEDICENTRE,10343
2025-12-01,M86009,ENGLETON HOUSE SURGERY,25709
2025-12-01,M86010,FORREST MEDICAL CENTRE,13049
2025-12-01,M86012,PRIORY GATE PRACTICE,11164
2025-12-01,M86014,THE FORUM HEALTH CENTRE,21387
2025-12-01,M86015,KENYON MEDICAL CENTRES,13777
2025-12-01,M86016,GODIVA GROUP PRACTICE,21520
2025-12-01,M86017,MANSFIELD MEDICAL CENTRE,10476
2025-12-01,M86018,MOSELEY AVENUE SURGERY,11660
2025-12-01,M86019,WESTWOOD MEDICAL H/CENTRE,4226
2025-12-01,M86020,WOOD END HEALTH CENTRE,7887
2025-12-01,M86021,SPRINGFIELD MEDICAL PRACTICE,7303
2025-12-01,M86027,CHEYLESMORE SURGERY,14232
2025-12-01,M86028,CENTRAL MEDICAL CENTRE,3499
2025-12-01,M86029,BROOMFIELD PARK MED.CTR.,19433
2025-12-01,M86030,KENSINGTON ROAD SURGERY,5368
2025-12-01,M86032,HOLBROOKS HEALTH TEAM,12585
2025-12-01,M86033,WILLENHAL OAK MEDICAL CENTRE,4503
2025-12-01,M86034,WOODSIDE MEDICAL CENTRE,9981
2025-12-01,M86035,HENLEY GREEN MEDICAL CENTRE,8303
2025-12-01,M86037,QUINTON PARK MEDICAL CENTRE,3725
2025-12-01,M86038,BREDON AVENUE SURGERY,2662
2025-12-01,M86039,ALLESLEY VILLAGE SURGERY,4813
2025-12-01,M86040,WALSGRAVE HEALTH CENTRE,3746
2025-12-01,M86041,CLAY LANE MEDICAL PRACTICE,10297
2025-12-01,M86044,PARK HOUSE,4548
2025-12-01,M86045,PARADISE MEDICAL CENTRE,7514
2025-12-01,M86046,COPSEWOOD MEDICAL CENTRE,5386
2025-12-01,M86048,WINDMILL SURGERY,8088
2025-12-01,M86605,LIMBRICK WOOD SURGERY,3049
2025-12-01,M86610,ST GEORGES ROAD SURGERY,8351
2025-12-01,M86612,GEORGE ELIOT MEDICAL CENTRE,4064
2025-12-01,M86617,HILLFIELDS - DR BANO,4729
2025-12-01,M86622,GOVIND HEALTH CENTRE,3326
2025-12-01,M86624,COVENTRY GP GROUP OF PRACTICES,13121
2025-12-01,M86627,STOKE ALDERMOOR MED CTRE,6819
2025-12-01,M86633,EDGWICK MEDICAL CENTRE,5731
2025-12-01,M86638,WOODWAY MEDICAL CENTRE,6976
2025-12-01,M87001,MEADOWBROOK SURGERY,6448
2025-12-01,M87003,MOSS GROVE SURGERY,18733
2025-12-01,M87005,THREE VILLAGES MEDICAL PRACTICE,13128
2025-12-01,M87006,EVE HILL MEDICAL PRACTICE,8831
2025-12-01,M87007,THE RIDGEWAY SURGERY,12011
2025-12-01,M87008,KINGSWINFORD MEDICAL PRACTICE,8693
2025-12-01,M87009,AW SURGERIES,16749
2025-12-01,M87010,THE WATERFRONT SURGERY,9167
2025-12-01,M87011,LION HEALTH,27138
2025-12-01,M87012,THE GREENS HEALTH CENTRE,7327
2025-12-01,M87013,TANDON MEDICAL CENTRE (ORAM & PARTNERS),11387
2025-12-01,M87014,LAPAL MEDICAL PRACTICE,8148
2025-12-01,M87015,LOWER GORNAL MEDICAL PRACTICE,7902
2025-12-01,M87016,WOODSETTON MEDICAL CENTRE,7132
2025-12-01,M87017,STEPPINGSTONES MEDICAL PRACTICE,8431
2025-12-01,M87018,THE SUMMERHILL SURGERY,7403
2025-12-01,M87019,THE LIMES SURGERY MEDICAL CENTRE,5714
2025-12-01,M87020,FELDON LANE PRACTICE,9226
2025-12-01,M87021,COSELEY MEDICAL CENTRE,10158
2025-12-01,M87023,WORDSLEY GREEN HEALTH CENTRE,9989
2025-12-01,M87024,WYCHBURY MEDICAL GROUP,22857
2025-12-01,M87025,LIMESTONE SURGERY,4704
2025-12-01,M87026,ST JAMES MEDICAL PRACTICE2,5992
2025-12-01,M87027,QUARRY BANK MEDICAL CENTRE,4505
2025-12-01,M87028,ANCHOR MEDICAL PRACTICE,9596
2025-12-01,M87030,PEDMORE MEDICAL PRACTICE,4566
2025-12-01,M87034,CLEMENT ROAD MEDICAL PRACTICE,5829
2025-12-01,M87036,BEAN MEDICAL PRACTICE,3662
2025-12-01,M87037,NORTHWAY MEDICAL CENTRE,8203
2025-12-01,M87041,RANGEWAYS ROAD SURGERY,6245
2025-12-01,M87601,KEELINGE HOUSE,6763
2025-12-01,M87602,HALESOWEN MEDICAL PRACTICE,10017
2025-12-01,M87605,CENTRAL CLINIC,4726
2025-12-01,M87612,ST JAMES MEDICAL PRACTICE1,2484
2025-12-01,M87617,LINKS MEDICAL PRACTICE,6287
2025-12-01,M87618,QUINCY RISE SURGERY,2979
2025-12-01,M87620,CASTLE MEADOWS SURGERY,6767
2025-12-01,M87623,ALEXANDRA MEDICAL CENTRE,3213
2025-12-01,M87628,CHAPEL STREET MEDICAL CENTRE,3813
2025-12-01,M87638,THORNS ROAD SURGERY,3844
2025-12-01,M88001,THE VILLAGE MEDICAL CENTRE,10505
2025-12-01,M88002,THE SMETHWICK MEDICAL CENTRE,9124
2025-12-01,M88003,WARLEY MEDICAL CENTRE,11853
2025-12-01,M88004,REGIS MEDICAL CENTRE,40077
2025-12-01,M88006,CAPE HILL MEDICAL CENTRE,12058
2025-12-01,M88007,OAKESWELL HEALTH CENTRE,9779
2025-12-01,M88008,STONE CROSS MEDICAL CENTRE,4981
2025-12-01,M88009,NORVIC FAMILY PRACTICE,9592
2025-12-01,M88010,SWANPOOL MEDICAL CENTRE,8946
2025-12-01,M88013,BLACK COUNTRY FAMILY PRACTICE,13862
2025-12-01,M88014,DR GUDI PV & PARTNER,6834
2025-12-01,M88015,GREAT BARR PRACTICE,10554
2025-12-01,M88016,OLD HILL MEDICAL CENTRE,3814
2025-12-01,M88018,OLDBURY HEALTH CENTRE,22046
2025-12-01,M88019,BEARWOOD ROAD SURGERY,2940
2025-12-01,M88020,SHERWOOD HOUSE MEDICAL PRACTICE,12573
2025-12-01,M88021,SCOTT ARMS MEDICAL CENTRE,10962
2025-12-01,M88022,JUBILEE HEALTH CENTRE,3603
2025-12-01,M88023,TAME VALLEY MEDICAL CENTRE,6574
2025-12-01,M88026,PORTWAY FAMILY PRACTICE,8399
2025-12-01,M88030,CHURCH VIEW SURGERY,6101
2025-12-01,M88035,NEW STREET SURGERY,3422
2025-12-01,M88038,LINKWAY MEDICAL PRACTICE,13786
2025-12-01,M88040,ST PAUL'S MEDICAL PRACTICE,6633
2025-12-01,M88041,HAWTHORNS MEDICAL CENTRE,3777
2025-12-01,M88042,BEARWOOD MEDICAL CENTRE,6422
2025-12-01,M88043,HADEN VALE SURGERY,8552
2025-12-01,M88600,THE VICTORIA SURGERY,4504
2025-12-01,M88610,SAREPHED MEDICAL CENTRE,4805
2025-12-01,M88612,GLEBEFIELDS SURGERY,3808
2025-12-01,M88616,GREAT BRIDGE PSHIP FOR HEALTH,16583
2025-12-01,M88618,"WALFORD STREET, TIVIDALE",2146
2025-12-01,M88619,DR ARORA RK,11256
2025-12-01,M88620,CAUSEWAY GREEN ROAD SURGERY,3583
2025-12-01,M88625,ST PAUL'S PARTNERSHIP - LYNG MEDICAL,3455
2025-12-01,M88626,DR UI HAQUE N,3696
2025-12-01,M88628,DR SINGH M,3539
2025-12-01,M88630,CLIFTON LANE MEDICAL CENTRE,5285
2025-12-01,M88633,LODGE ROAD SURGERY,7278
2025-12-01,M88635,DOG KENNEL LANE SURGERY,2175
2025-12-01,M88639,ST PAULS PARTNERS,3466
2025-12-01,M88640,WARLEY ROAD SURGERY,4332
2025-12-01,M88643,THE SPIRES HEALTH CENTRE,5524
2025-12-01,M88645,HILL TOP MEDICAL CENTRE,9085
2025-12-01,M88646,DR DEWAN VK,2729
2025-12-01,M88647,ROOD END MEDICAL PRACTICE,6327
2025-12-01,M89001,PARKFIELD MEDICAL CENTRE,3645
2025-12-01,M89002,KINGSHURST MEDICAL PRACTICE,6484
2025-12-01,M89003,GPS HEALTHCARE,39250
2025-12-01,M89005,ST. MARGARETS MEDICAL PRACTICE,8655
2025-12-01,M89007,RICHMOND MEDICAL CENTRE,6875
2025-12-01,M89008,BOSWORTH MEDICAL GROUP,13646
2025-12-01,M89009,MANOR HOUSE LANE SURGERY,11210
2025-12-01,M89010,DORRIDGE SURGERY,10873
2025-12-01,M89012,CROFT MEDICAL CENTRE,11242
2025-12-01,M89013,ARRAN MEDICAL CENTRE,6249
2025-12-01,M89015,NORTHBROOK HEALTH CENTRE,12331
2025-12-01,M89016,BALSALL COMMON & MERIDEN GROUP PRACTICE,12604
2025-12-01,M89017,SOLIHULL HEALTHCARE PARTNERSHIP,56920
2025-12-01,M89019,HOBS MOAT MEDICAL CENTRE,11371
2025-12-01,M89021,COVENTRY ROAD PRACTICE,4882
2025-12-01,M89024,GRAFTON ROAD SURGERY,4059
2025-12-01,M89026,THE CASTLE PRACTICE,10607
2025-12-01,M89027,GREEN LANE SURGERY,8622
2025-12-01,M89030,ARDEN MEDICAL CENTRE,6105
2025-12-01,M89608,HAMPTON SURGERY,3818
2025-12-01,M91003,SINA HEALTH CENTRE,6956
2025-12-01,M91004,ST PETER'S SURGERY,9697
2025-12-01,M91006,PARKSIDE MEDICAL PRACTICE,4376
2025-12-01,M91007,ST JOHN'S MEDICAL CENTRE,8596
2025-12-01,M91008,LITTLE LONDON SURGERY,9625
2025-12-01,M91009,STREETS CORNER SURGERY,5693
2025-12-01,M91010,PORTLAND MEDICAL PRACTICE,8791
2025-12-01,M91013,LOCKFIELD SURGERY,10484
2025-12-01,M91014,BRACE STREET HEALTH CENTRE,3131
2025-12-01,M91015,UMBRELLA MEDICAL,22151
2025-12-01,M91016,NEW INVENTION HEALTH CENTRE,7045
2025-12-01,M91017,NORTHGATE MEDICAL CENTRE,10223
2025-12-01,M91018,SADDLERS HEALTH CENTRE,5050
2025-12-01,M91019,RUSHALL MEDICAL CENTRE,14757
2025-12-01,M91021,LOCKSTOWN PRACTICE,7775
2025-12-01,M91024,CHAPEL STREET SURGERY,2538
2025-12-01,M91026,DARLASTON FAMILY PRACTICE,5747
2025-12-01,M91028,MODALITY KINGFISHER DARLASTON PRACTICE,13087
2025-12-01,M91029,MOSSLEY & DUDLEY FIELDS MEDICAL PRACTICE,5848
2025-12-01,M91032,COLLINGWOOD FAMILY PRACTICE,4851
2025-12-01,M91033,WILLENHALL MEDICAL CENTRE,6683
2025-12-01,M91034,BLOXWICH MEDICAL PRACTICE,5107
2025-12-01,M91036,HARDEN HEALTH CENTRE,3980
2025-12-01,M91602,KHAN MEDICAL PRACTICE,2366
2025-12-01,M91609,NEW ROAD MEDICAL CENTRE,2261
2025-12-01,M91611,BEECHDALE CENTRE,3085
2025-12-01,M91612,ST MARY'S SURGERY,3509
2025-12-01,M91613,FORRESTER STREET MEDICAL CENTRE,9946
2025-12-01,M91614,STROUD PRACTICE,9268
2025-12-01,M91616,PLECK HEALTH CENTRE,8002
2025-12-01,M91619,BROADWAY MEDICAL CENTRE,6344
2025-12-01,M91621,PALFREY HEALTH CENTRE,5099
2025-12-01,M91623,LOWER FARM HEALTH CENTRE,1937
2025-12-01,M91624,MOXLEY MEDICAL CENTRE,3773
2025-12-01,M91626,HOLLAND PARK SURGERY,4686
2025-12-01,M91628,BRACE STREET HC- KUMAR,3212
2025-12-01,M91629,BIRCHILLS HEALTH CENTRE,7183
2025-12-01,M91637,BLACKWOOD HEALTH CENTRE,4191
2025-12-01,M91639,WALSALL WOOD HEALTH CENTRE,1717
2025-12-01,M91640,ROUGH HAY SURGERY,3941
2025-12-01,M91641,DARLASTON MEDICAL CENTRE,4054
2025-12-01,M91642,QUESLETT MEDICAL CENTRE,1675
2025-12-01,M91647,PILLAI,5429
2025-12-01,M91650,PINFOLD MEDICAL,9309
2025-12-01,M91654,HIGH STREET SURGERY,3450
2025-12-01,M91659,BRACE STREET HC- MAHBUB (M91659),3498
2025-12-01,M92001,POPLARS MEDICAL CENTRE,3533
2025-12-01,M92004,PRIMROSE LANE PRACTICE,2962
2025-12-01,M92006,COALWAY ROAD SURGERY,4690
2025-12-01,M92008,CASTLECROFT MEDICAL PRACTICE,12807
2025-12-01,M92009,PRESTBURY MEDICAL PRACTICE,13263
2025-12-01,M92010,TETTENHALL MEDICAL PRACTICE,11323
2025-12-01,M92011,RWT PRACTICES PENN MANOR MEDICAL CENTRE,36933
2025-12-01,M92012,DUNCAN STREET PRIMARY CARE CENTRE,11716
2025-12-01,M92013,DR SINHA & TAHIR,7251
2025-12-01,M92015,IMPROVING HEALTH (IH) MEDICAL,3985
2025-12-01,M92016,TUDOR MEDICAL CENTRE,23574
2025-12-01,M92019,KEATS GROVE SURGERY,6046
2025-12-01,M92022,ASHMORE PARK MEDICAL CENTRE,4167
2025-12-01,M92026,GRIFFITHS DRIVE MEDICAL PRACTICE,5086
2025-12-01,M92028,THORNLEY STREET SURGERY,9318
2025-12-01,M92029,NEWBRIDGE SURGERY,5932
2025-12-01,M92039,DR ST PIERRE-LIBBERTON,6905
2025-12-01,M92040,MAYFIELD MEDICAL PRACTICE,12468
2025-12-01,M92041,PROBERT ROAD SURGERY,4704
2025-12-01,M92043,PENN SURGERY,6979
2025-12-01,M92607,WHITMORE REANS MEDICAL PRACTICE,18594
2025-12-01,M92609,ASHFIELD ROAD SURGERY,6264
2025-12-01,M92612,HEALTH AND BEYOND,37966
2025-12-01,M92627,BILSTON FAMILY PRACTICE,4346
2025-12-01,M92629,FORDHOUSES MEDICAL CENTRE,4223
2025-12-01,M92630,EAST PARK MEDICAL PRACTICE,5775
2025-12-01,M92649,DR MUDIGONDA,4500
2025-12-01,M92654,BAGARY'S MEDICAL PRACTICE,6889
2025-12-01,N81001,AUDLEM MEDICAL PRACTICE,5029
2025-12-01,N81002,KENMORE MEDICAL CENTRE,12080
2025-12-01,N81005,HELSBY HEALTH CENTRE,9836
2025-12-01,N81006,BUNBURY MEDICAL PRACTICE,5444
2025-12-01,N81007,HOLES LANE MEDICAL LTD.,10124
2025-12-01,N81008,THE CEDARS MEDICAL CENTRE,11798
2025-12-01,N81009,HEATH LANE MEDICAL CENTRE,7624
2025-12-01,N81010,NANTWICH HEALTH CENTRE,8680
2025-12-01,N81011,BEVAN GROUP PRACTICE,14431
2025-12-01,N81012,GUARDIAN STREET MED/CTR,12227
2025-12-01,N81013,HIGH STREET SURGERY,6847
2025-12-01,N81014,BROOKFIELD SURGERY,9342
2025-12-01,N81016,MILLCROFT MEDICAL CENTRE,32103
2025-12-01,N81018,TARPORLEY HEALTH CENTRE,8129
2025-12-01,N81019,CASTLEFIELDS HEALTH CENTRE,15224
2025-12-01,N81020,PENKETH HEALTH CENTRE,12383
2025-12-01,N81022,MIDDLEWOOD PARTNERSHIP,33906
2025-12-01,N81024,SWANLOW MEDICAL CENTRE,10702
2025-12-01,N81025,FIRDALE MEDICAL CENTRE,11426
2025-12-01,N81027,READESMOOR MEDICAL GROUP PRACTICE,14726
2025-12-01,N81028,CAUSEWAY MEDICAL CENTRE,9248
2025-12-01,N81029,SOUTH PARK SURGERY,12375
2025-12-01,N81030,PRINCEWAY SURGERIES,16733
2025-12-01,N81031,DRS ADEY AND DANCY,6257
2025-12-01,N81032,ASHFIELDS PRIMARY CARE CENTRE,28734
2025-12-01,N81033,ALDERLEY EDGE MEDICAL CENTRE,8649
2025-12-01,N81034,BOUGHTON MEDICAL GROUP,13219
2025-12-01,N81035,FIR PARK MEDICAL CENTRE,12130
2025-12-01,N81036,SPRINGFIELDS MEDICAL CENTRE,8637
2025-12-01,N81037,THE BEECHES MEDICAL CTR,8299
2025-12-01,N81038,LAUREL BANK SURGERY,7798
2025-12-01,N81039,OAKLANDS,11783
2025-12-01,N81040,HIGH STREET PRACTICE WINSFORD,6882
2025-12-01,N81041,HELSBY STREET MED/CTR,8657
2025-12-01,N81043,HASLINGTON SURGERY,6139
2025-12-01,N81044,HUNGERFORD MEDICAL CENTRE,10841
2025-12-01,N81045,PEELHOUSE MEDICAL PLAZA,13746
2025-12-01,N81046,PARK MEDICAL CENTRE,10024
2025-12-01,N81047,THE KILTEARN MEDICAL CTR.,12074
2025-12-01,N81048,FEARNHEAD CROSS MED.CTR.,12958
2025-12-01,N81049,KNUTSFORD MEDICAL PARTNERSHIP,23825
2025-12-01,N81050,GREAT SUTTON MEDICAL CENTRE,19656
2025-12-01,N81051,THE WEAVERHAM SURGERY,6918
2025-12-01,N81052,LAWTON HOUSE SURGERY,13110
2025-12-01,N81053,EARNSWOOD MEDICAL CENTRE,17290
2025-12-01,N81054,WEAVER VALE PRACTICE,8785
2025-12-01,N81055,WATLING STREET SURGERY,6935
2025-12-01,N81056,FOLLY LANE MEDICAL CENTRE,9679
2025-12-01,N81057,TOWER HOUSE PRACTICE,12919
2025-12-01,N81059,CULCHETH MEDICAL CENTRE,12637
2025-12-01,N81060,NESTON SURGERY,9065
2025-12-01,N81061,WITTON STREET SURGERY,10330
2025-12-01,N81062,CUMBERLAND HOUSE SURGERY,14983
2025-12-01,N81063,YORK ROAD GROUP PRACTICE,12380
2025-12-01,N81064,NEWTOWN SURGERY,6790
2025-12-01,N81065,LATCHFORD MEDICAL CENTRE,8278
2025-12-01,N81066,GROVE HOUSE PRACTICE,14472
2025-12-01,N81067,OAKWOOD MEDICAL CENTRE,9105
2025-12-01,N81068,GROSVENOR MEDICAL CENTRE,15387
2025-12-01,N81069,CHELFORD SURGERY,4726
2025-12-01,N81070,HANDFORTH HEALTH CENTRE,10361
2025-12-01,N81071,GREENMOSS MEDICAL CENTRE,4385
2025-12-01,N81072,MURDISHAW,7880
2025-12-01,N81074,LAUNCESTON CLOSE SURGERY,5508
2025-12-01,N81075,STOCKTON HEATH MED.CENTRE,16476
2025-12-01,N81077,THE HEALTH CENTRE (HOLMES CHAPEL),13007
2025-12-01,N81079,THE ELMS MEDICAL CENTRE,9942
2025-12-01,N81080,NORTHGATE MEDICAL CENTRE,8705
2025-12-01,N81081,GARDEN LANE MEDICAL CTR.,9792
2025-12-01,N81082,CITY WALLS MEDICAL CENTRE,15116
2025-12-01,N81083,PARKVIEW MEDICAL CENTRE,5065
2025-12-01,N81084,ROPE GREEN MEDICAL CENTRE,21577
2025-12-01,N81085,PARK LANE SURGERY,10284
2025-12-01,N81086,WILMSLOW HEALTH CENTRE,16765
2025-12-01,N81087,DANEBRIDGE MEDICAL CENTRE,24455
2025-12-01,N81088,PARK GREEN SURGERY,12708
2025-12-01,N81089,GREENBANK SURGERY,8074
2025-12-01,N81090,TUDOR SURGERY,5332
2025-12-01,N81092,HOPE FARM MEDICAL CENTRE,14977
2025-12-01,N81093,WHITBY HEALTH PARTNERSHIP,15934
2025-12-01,N81096,BROOKVALE PRACTICE,8749
2025-12-01,N81097,DALLAM LANE MEDICAL CENTRE,4810
2025-12-01,N81100,UPTON VILLAGE SURGERY,8081
2025-12-01,N81101,THE HANDBRIDGE MED.CTR.,8052
2025-12-01,N81102,FOUNTAINS MEDICAL PRACTICE,4381
2025-12-01,N81107,MANCHESTER ROAD SURGERY,3627
2025-12-01,N81108,THE LAKESIDE SURGERY,10821
2025-12-01,N81109,PADGATE MEDICAL CENTRE,6967
2025-12-01,N81111,MEREPARK MEDICAL CENTRE,7506
2025-12-01,N81113,MIDDLEWICH ROAD SURGERY,7374
2025-12-01,N81114,BIRCHWOOD MEDICAL CENTRE,10869
2025-12-01,N81115,LACHE HEALTH CENTRE,8041
2025-12-01,N81117,OLD HALL SURGERY,5777
2025-12-01,N81118,MEADOWSIDE MEDICAL CENTRE,8700
2025-12-01,N81119,HOUGH GREEN HEALTH PARK,5203
2025-12-01,N81120,KELSALL MEDICAL CENTRE,6100
2025-12-01,N81121,NORTHGATE VILLAGE SURGERY,6863
2025-12-01,N81122,WESTBROOK MEDICAL CENTRE,10333
2025-12-01,N81123,WILLOW WOOD SURGERY,7249
2025-12-01,N81125,NESTON MEDICAL CENTRE,7676
2025-12-01,N81127,THE WEAVER VALE SURGERY,8627
2025-12-01,N81607,WESTMINSTER SURGERY,3857
2025-12-01,N81614,THE SURGERY,5613
2025-12-01,N81619,OAKS PLACE SURGERY,3865
2025-12-01,N81623,STRETTON MEDICAL CENTRE,9513
2025-12-01,N81624,THE VILLAGE SURGERIES GROUP,8575
2025-12-01,N81626,WESTERN AVE MEDICAL CTRE,4696
2025-12-01,N81628,THE ERIC MOORE PARTNERSHIP,12729
2025-12-01,N81632,BROKEN CROSS SURGERY,5845
2025-12-01,N81637,COCKHEDGE MEDICAL CENTRE,2981
2025-12-01,N81642,WATERS EDGE MEDICAL CENTRE,4753
2025-12-01,N81645,4 SEASONS MEDICAL CENTRE,2301
2025-12-01,N81651,UPTON ROCKS PRIMARY CARE,3575
2025-12-01,N81655,ST WERBURGH'S MEDICAL PRACTICE HOMELESS,432
2025-12-01,N82001,THE MARGARET THOMPSON MED CENTRE,6098
2025-12-01,N82002,YEWTREE MEDICAL CENTRE,5430
2025-12-01,N82003,DOVECOT HEALTH CENTRE,4278
2025-12-01,N82004,GARSTON FAMILY HEALTH CENTRE,3386
2025-12-01,N82009,GRASSENDALE MEDICAL CENTRE,8673
2025-12-01,N82011,PRIORY MEDICAL CENTRE,10804
2025-12-01,N82014,LANCE LANE MEDICAL CENTRE,6489
2025-12-01,N82018,ELLERGREEN MEDICAL CENTRE,13237
2025-12-01,N82019,LANGBANK MEDICAL CENTRE,5153
2025-12-01,N82022,BEACON HEALTH KENSINGTON,10130
2025-12-01,N82024,WEST DERBY MEDICAL CENTRE,12438
2025-12-01,N82026,PENNY LANE SURGERY,6469
2025-12-01,N82033,DINGLE PARK PRACTICE,5781
2025-12-01,N82034,THE VILLAGE SURGERY,5913
2025-12-01,N82035,MATHER AVENUE SURGERY,8671
2025-12-01,N82036,NETHERLEY HEALTH CENTRE,3311
2025-12-01,N82037,WESTMORELAND GP CENTRE,11611
2025-12-01,N82039,STORRSDALE MEDICAL CENTRE,4057
2025-12-01,N82041,OAK VALE MEDICAL CENTRE,12824
2025-12-01,N82046,SEFTON PARK MEDICAL CENTRE,10235
2025-12-01,N82048,WALTON MEDICAL CENTRE,7346
2025-12-01,N82049,WESTMINSTER MEDICAL CENTRE,6599
2025-12-01,N82050,GATEACRE MEDICAL CENTRE,2515
2025-12-01,N82052,TOWNSEND MEDICAL CENTRE,5838
2025-12-01,N82053,AINTREE PARK GROUP PRACTICE,15560
2025-12-01,N82054,ABERCROMBY FAMILY PRACTICE,7379
2025-12-01,N82058,ROCK COURT SURGERY,5625
2025-12-01,N82059,GREENBANK DRIVE SURGERY,6072
2025-12-01,N82062,FULWOOD GREEN MEDICAL CTR,7010
2025-12-01,N82065,EARLE ROAD MEDICAL CENTRE,4064
2025-12-01,N82066,WOOLTON HOUSE MEDICAL CTR,9127
2025-12-01,N82067,BENIM MEDICAL CENTRE,5739
2025-12-01,N82070,THE ELMS MEDICAL CENTRE,9816
2025-12-01,N82073,THE ASH SURGERY,6690
2025-12-01,N82074,OLD SWAN HEALTH CENTRE,9185
2025-12-01,N82076,BROWNLOW HEALTH @ PRINCES PARK,10910
2025-12-01,N82077,BOUSFIELD SURGERY - DR SHAH,2713
2025-12-01,N82078,BOUSFIELD - ROBERTS,2852
2025-12-01,N82079,GREENBANK ROAD SURGERY,6335
2025-12-01,N82081,ISLINGTON HOUSE MEDICAL CENTRE,6048
2025-12-01,N82082,ST. JAMES' HEALTH CENTRE,9625
2025-12-01,N82083,JUBILEE MEDICAL CENTRE,10364
2025-12-01,N82084,GATEACRE BROW SURGERY,6478
2025-12-01,N82086,ABINGDON FAMILY HEALTH CARE CENTRE,3786
2025-12-01,N82087,GILLMOSS MEDICAL CENTRE,2355
2025-12-01,N82089,PICTON GREEN,3841
2025-12-01,N82090,GREEN LANE MEDICAL CENTRE,10103
2025-12-01,N82091,GP PRACTICE RIVERSIDE (DR JUDE),2233
2025-12-01,N82092,THE VALLEY MEDICAL CENTRE,8440
2025-12-01,N82093,DERBY LANE MEDICAL CENTRE,4268
2025-12-01,N82094,BELLE VALE HEALTH CENTRE,8465
2025-12-01,N82095,ALBION SURGERY,4830
2025-12-01,N82097,THE GREY ROAD SURGERY,8493
2025-12-01,N82099,MERE LANE GROUP PRACTICE,8637
2025-12-01,N82101,KIRKDALE MEDICAL CENTRE,2767
2025-12-01,N82103,ANFIELD GROUP PRACTICE,9850
2025-12-01,N82104,STONEYCROFT MEDICAL CENTRE,4158
2025-12-01,N82106,THE VILLAGE MEDICAL CTRE,3652
2025-12-01,N82107,BEACON HEALTH MOSSLEY HILL,1991
2025-12-01,N82108,RUTHERFORD MEDICAL CENTRE,8265
2025-12-01,N82109,SPEKE HC - DR THAKUR,5516
2025-12-01,N82110,LONG LANE,8044
2025-12-01,N82113,FAIRFIELD MEDICAL CENTRE,8782
2025-12-01,N82115,VAUXHALL HEALTH CENTRE,9015
2025-12-01,N82116,HILLFOOT HEALTH,8276
2025-12-01,N82117,BROWNLOW GROUP PRACTICE,61720
2025-12-01,N82617,BROWNLOW AT MARYBONE,11081
2025-12-01,N82633,CALVARY HEALTH CENTRE,3728
2025-12-01,N82641,SANDRINGHAM MEDICAL CENTRE,5573
2025-12-01,N82645,BROWNLOW HEALTH AT KENSINGTON,9162
2025-12-01,N82646,DR JUDE'S PRACTICE - RIVERSIDE,9438
2025-12-01,N82648,POULTER ROAD MEDICAL CENTRE,2648
2025-12-01,N82650,SPEKE HC - DR SINGH & DR BICHA,5040
2025-12-01,N82651,STANLEY MEDICAL CENTRE,4111
2025-12-01,N82655,MOSS WAY,2321
2025-12-01,N82662,DUNSTAN VILLAGE GROUP PRACTICE,8257
2025-12-01,N82663,HORNSPIT MEDICAL CENTRE,4529
2025-12-01,N82664,ROCKY LANE MEDICAL CENTRE,3011
2025-12-01,N82668,WALTON VILLAGE MEDICAL CENTRE,3623
2025-12-01,N82669,GREAT HOMER STREET MEDICAL CENTRE,3475
2025-12-01,N82671,BIGHAM ROAD MEDICAL CENTRE,2726
2025-12-01,N82676,FIR TREE,4109
2025-12-01,N82678,STOPGATE LANE MEDICAL CTR,3324
2025-12-01,N83001,RAINBOW MEDICAL CENTRE,14751
2025-12-01,N83002,PATTERDALE LODGE MED CTRE,11799
2025-12-01,N83003,ORMSKIRK HOUSE SURGERY,7110
2025-12-01,N83005,VISTA ROAD SURGERY,8618
2025-12-01,N83006,PHOENIX MEDICAL CENTRE,3318
2025-12-01,N83007,LINGHOLME HEALTH CENTRE,3267
2025-12-01,N83008,BERRYMEAD FAMILY MED.CTR.,8255
2025-12-01,N83009,WINGATE MEDICAL CENTRE,11942
2025-12-01,N83010,RAINHILL VILLAGE SURGERY,6827
2025-12-01,N83012,MILL STREET MEDICAL CTR.,10264
2025-12-01,N83013,THE HEALTH CENTRE SURGERY,4695
2025-12-01,N83014,DINAS LANE MEDICAL CENTRE,10396
2025-12-01,N83017,HALL STREET MEDICAL CENTRE,6346
2025-12-01,N83018,STOCKBRIDGE VILLAGE HC,8719
2025-12-01,N83019,BILLINGE MEDICAL PRACTICE,7694
2025-12-01,N83020,MODALITY ST HELENS,17164
2025-12-01,N83021,FOUR ACRE HEALTH CENTRE,7886
2025-12-01,N83023,ATLAS MEDICAL PRACTICE,11494
2025-12-01,N83024,PARK HOUSE MEDICAL CENTRE,7861
2025-12-01,N83025,CORNERWAYS MEDICAL CENTRE,14587
2025-12-01,N83026,PARKFIELD SURGERY,2567
2025-12-01,N83027,CENTRAL SURGERY,6597
2025-12-01,N83028,ASTON HEALTHCARE LIMITED,19332
2025-12-01,N83030,DR M SUARES' PRACTICE,5428
2025-12-01,N83031,ROSEHEATH SURGERY,4871
2025-12-01,N83032,MILLBROOK MEDICAL CENTRE,12265
2025-12-01,N83033,ST. LAURENCE'S MEDICAL CENTRE,5455
2025-12-01,N83035,THE SPINNEY MEDICAL CTR.,7037
2025-12-01,N83041,RAINFORD HEALTH CENTRE,4741
2025-12-01,N83043,LONGVIEW MEDICAL CENTRE,3915
2025-12-01,N83045,NEWTON PRACTICE,10332
2025-12-01,N83047,TARBOCK MEDICAL CENTRE,5369
2025-12-01,N83049,KENNETH MACRAE MED CENTRE,4240
2025-12-01,N83050,THE BOWERY MEDICAL CENTRE,5002
2025-12-01,N83053,LONGTON MEDICAL CENTRE,9202
2025-12-01,N83054,BETHANY MEDICAL CENTRE,4262
2025-12-01,N83601,THE MACMILLAN SURGERY,8085
2025-12-01,N83603,PRESCOT MEDICAL CENTRE,7730
2025-12-01,N83605,HOLLIES MEDICAL CENTRE,6354
2025-12-01,N83608,DR MAASSARANI & PARTNERS,15640
2025-12-01,N83609,CEDAR CROSS MEDICAL CENTRE,4884
2025-12-01,N83610,COLBY MEDICAL CENTRE,2386
2025-12-01,N83614,ECCLESTON MEDICAL CENTRE,6382
2025-12-01,N83619,ROBY MEDICAL CENTRE,5221
2025-12-01,N83620,WINDERMERE MEDICAL CENTRE,3894
2025-12-01,N83621,HILLSIDE HOUSE SURGERY,2851
2025-12-01,N83622,PRIMROSE MEDICAL PRACTICE,2564
2025-12-01,N83633,NUTGROVE VILLA SURGERY,3810
2025-12-01,N83637,NEWHOLME SURGERY,3247
2025-12-01,N84001,42 KINGSWAY,9013
2025-12-01,N84002,AINTREE ROAD MEDICAL CENTRE,2483
2025-12-01,N84003,HIGH PASTURES SURGERY,10154
2025-12-01,N84004,GLOVERS LANE SURGERY,7744
2025-12-01,N84005,CUMBERLAND HOUSE SURGERY,12535
2025-12-01,N84006,CHAPEL LANE SURGERY,11668
2025-12-01,N84007,LIVERPOOL RD MEDICAL PRACTICE,6293
2025-12-01,N84008,NORWOOD SURGERY,9748
2025-12-01,N84010,MAGHULL FAMILY SURGERY,5706
2025-12-01,N84011,EASTVIEW SURGERY,6535
2025-12-01,N84012,AINSDALE MEDICAL CENTRE,11411
2025-12-01,N84013,CHRISTIANA HARTLEY MEDICAL PRACTICE,10962
2025-12-01,N84014,AINSDALE VILLAGE SURGERY,3780
2025-12-01,N84015,BOOTLE VILLAGE SURGERY,5788
2025-12-01,N84016,MOORE STREET MEDICAL CENTRE,5598
2025-12-01,N84017,CHURCHTOWN MEDICAL CENTRE,9411
2025-12-01,N84018,THE VILLAGE SURGERY FORMBY,14870
2025-12-01,N84019,NORTH PARK HEALTH CENTRE,6526
2025-12-01,N84020,BLUNDELLSANDS SURGERY,10279
2025-12-01,N84021,ST MARKS MEDICAL CENTRE (TCG MEDICAL),16112
2025-12-01,N84023,BRIDGE ROAD MEDICAL CENTRE,7945
2025-12-01,N84024,GRANGE SURGERY,9346
2025-12-01,N84025,WESTWAY MEDICAL CENTRE,10102
2025-12-01,N84027,ORRELL PARK MEDICAL CENTRE,5720
2025-12-01,N84028,THE STRAND MEDICAL CENTRE,7558
2025-12-01,N84029,FORD MEDICAL PRACTICE,5746
2025-12-01,N84034,PARK STREET SURGERY,7878
2025-12-01,N84035,15 SEFTON ROAD,3576
2025-12-01,N84037,LINCOLN HOUSE SURGERY,1
2025-12-01,N84038,CONCEPT HOUSE SURGERY,6003
2025-12-01,N84041,KINGSWAY SURGERY,6065
2025-12-01,N84605,LITHERLAND PRACTICE,8648
2025-12-01,N84613,THE CORNER SURGERY (DR MULLA),4537
2025-12-01,N84614,THE MARSHSIDE SURGERY,3294
2025-12-01,N84615,RAWSON ROAD MEDICAL CENTRE,3444
2025-12-01,N84617,KEW SURGERY,5319
2025-12-01,N84621,GREAT CROSBY AND THORNTON,8005
2025-12-01,N84625,THE FAMILY SURGERY,5968
2025-12-01,N84626,HIGHTOWN VILLAGE SURGERY,1727
2025-12-01,N85002,MARINE LAKE MEDICAL PRACTICE,18995
2025-12-01,N85005,EASTHAM GROUP PRACTICE,11156
2025-12-01,N85006,CIVIC MEDICAL CENTRE,9504
2025-12-01,N85007,MYRTLE GROUP PRACTICE,21123
2025-12-01,N85008,WEST WIRRAL GROUP PRACTICE,13757
2025-12-01,N85012,ST GEORGES MEDICAL CENTRE,9295
2025-12-01,N85013,UPTON GROUP PRACTICE,7682
2025-12-01,N85015,DEVANEY MED CTR,7944
2025-12-01,N85016,RIVERSIDE SURGERY,8707
2025-12-01,N85017,CAVENDISH MEDICAL CENTRE,5651
2025-12-01,N85018,THE VILLA MEDICAL CENTRE,6142
2025-12-01,N85019,WHETSTONE LANE MED CTR,8931
2025-12-01,N85020,ST CATHERINE'S SURGERY,15625
2025-12-01,N85021,HAMILTON MED CTR,2990
2025-12-01,N85022,HOLMLANDS MED CTR,4377
2025-12-01,N85023,MANOR HEALTH CTR,5748
2025-12-01,N85024,SOMERVILLE MED CTR,9475
2025-12-01,N85025,ST HILARY GROUP PRACTICE,5855
2025-12-01,N85027,CENTRAL PARK MEDICAL CENTRE,9040
2025-12-01,N85028,MORETON GROUP PRACTICE,13297
2025-12-01,N85031,GLADSTONE MED CTR,3805
2025-12-01,N85032,GREASBY GROUP PRACTICE,6512
2025-12-01,N85037,HEATHERLANDS MED CTR,5828
2025-12-01,N85038,VITTORIA MED CTR G,4230
2025-12-01,N85044,PAXTON MEDICAL GROUP,20650
2025-12-01,N85046,HOYLAKE RD MET CTR,5056
2025-12-01,N85047,ORCHARD SURGERY,7017
2025-12-01,N85048,MORETON MEDICAL CENTRE,5217
2025-12-01,N85051,SUNLIGHT GROUP PRACTICE,17698
2025-12-01,N85052,GROVE RD SURGERY,4786
2025-12-01,N85054,KINGS LANE MEDICAL PRACTICE,5104
2025-12-01,N85057,TEEHEY LANE SURGERY,1920
2025-12-01,N85059,HOYLAKE & MEOLS MEDICAL CTR,8269
2025-12-01,N85616,LISCARD GROUP PRACTICE,4600
2025-12-01,N85617,SPITAL SURGERY,4866
2025-12-01,N85620,THE VILLAGE MEDICAL CENTRE,6419
2025-12-01,N85625,MIRIAM PRIMARY CARE GROUP,16517
2025-12-01,N85629,EGREMONT MED CTR,4737
2025-12-01,N85633,CHURCH ROAD MEDICAL PRACTICE,5024
2025-12-01,N85634,VITTORIA MED CTR K,1903
2025-12-01,N85640,LEASOWE MEDICAL PRACTICE,2845
2025-12-01,N85643,PRENTON & WOODCHURCH MEDICAL CENTRE,4073
2025-12-01,N85648,BLACKHEATH MED CTR,4141
2025-12-01,P81002,LANCASTER MEDICAL PRACTICE,65064
2025-12-01,P81003,ST JAMES' MEDICAL CENTRE,8461
2025-12-01,P81005,LITTLE HARWOOD HEALTH CENTRE,12306
2025-12-01,P81006,GARSTANG MEDICAL PRACTICE,20613
2025-12-01,P81008,YORKSHIRE STREET MEDICAL CENTRE,7262
2025-12-01,P81010,WITHNELL HEALTH CENTRE,5610
2025-12-01,P81013,QUEEN SQUARE MEDICAL PRACTICE,15837
2025-12-01,P81014,ORMSKIRK MEDICAL PRACTICE,9731
2025-12-01,P81015,LYTHAM ROAD SURGERY,13606
2025-12-01,P81016,WATERLOO MEDICAL CENTRE,12432
2025-12-01,P81017,WHALLEY MEDICAL CENTRE,14871
2025-12-01,P81018,ST FILLAN'S MEDICAL CTRE,8038
2025-12-01,P81020,BURNLEY GROUP PRACTICE,24707
2025-12-01,P81022,WITTON MEDICAL CENTRE,11248
2025-12-01,P81025,THE RICHMOND HILL PRACTICE,12803
2025-12-01,P81027,IRWELL MEDICAL PRACTICE,15338
2025-12-01,P81029,ASH TREES SURGERY,24188
2025-12-01,P81031,POPLAR HOUSE SURGERY,6747
2025-12-01,P81032,REEDYFORD HLTH CARE GROUP,14401
2025-12-01,P81033,COPPULL MEDICAL PRACTICE,8071
2025-12-01,P81035,COLNE ROAD SURGERY,8484
2025-12-01,P81036,PEEL HOUSE MEDICAL PRACTICE,18383
2025-12-01,P81037,ANSDELL MEDICAL CENTRE,12600
2025-12-01,P81038,THE CHORLEY SURGERY,9940
2025-12-01,P81039,MANOR PRIMARY CARE,5545
2025-12-01,P81040,LONGTON HEALTH CENTRE,10367
2025-12-01,P81041,PARKGATE SURGERY,9642
2025-12-01,P81042,ADELAIDE STREET SURGERY,15254
2025-12-01,P81043,SOUTH KING STREET MEDICAL CENTRE,6729
2025-12-01,P81044,LIBRARY HOUSE SURGERY,16670
2025-12-01,P81045,THE ELMS PRACTICE,4700
2025-12-01,P81046,PARK VIEW SURGERY,6518
2025-12-01,P81047,PARKSIDE SURGERY,16075
2025-12-01,P81051,DARWEN HEALTHCARE,14651
2025-12-01,P81053,BRIERCLIFFE SURGERY,8257
2025-12-01,P81054,MARTON MEDICAL PRACTICE,9408
2025-12-01,P81055,BERRY LANE MEDICAL CENTRE,14829
2025-12-01,P81057,WORDEN MEDICAL CENTRE,14175
2025-12-01,P81058,ST GEORGES SURGERY,10186
2025-12-01,P81059,GREAT ECCLESTON HLTH CTR,7772
2025-12-01,P81061,REDLAM SURGERY,4376
2025-12-01,P81062,REGENT HOUSE SURGERY,7593
2025-12-01,P81063,ST PAULS MEDICAL CENTRE,11066
2025-12-01,P81065,THE PENDLE MEDICAL PARTNERSHIP,15047
2025-12-01,P81066,LAYTON MEDICAL CENTRE,8355
2025-12-01,P81067,THE HEALTHCARE CENTRE,12790
2025-12-01,P81069,PENDLESIDE MEDICAL PRACT,11824
2025-12-01,P81070,PENDLE VIEW MEDICAL CENTRE,8315
2025-12-01,P81071,THE NEW HALL LANE PRACTICE,7154
2025-12-01,P81072,GLENROYD MEDICAL CENTRE,13743
2025-12-01,P81073,CLEVELEYS GROUP PRACTICE,13249
2025-12-01,P81074,HIGHFIELD SURGERY,13416
2025-12-01,P81076,SANDY LANE SURGERY,10707
2025-12-01,P81077,HOLLAND HOUSE SURGERY,10898
2025-12-01,P81078,BARNOLDSWICK MED CTR,12048
2025-12-01,P81079,THE THORNTON PRACTICE,12859
2025-12-01,P81081,ARNOLD MEDICAL CENTRE,6173
2025-12-01,P81082,THE RYAN MEDICAL CENTRE,11003
2025-12-01,P81083,ROSLEA SURGERY,8662
2025-12-01,P81084,HALL GREEN SURGERY,8279
2025-12-01,P81086,BROADWAY MEDICAL CENTRE,9642
2025-12-01,P81087,THE OVER-WYRE MED.CTR.,11597
2025-12-01,P81088,WHITWORTH MEDICAL CENTRE,6914
2025-12-01,P81089,THE MOUNT VIEW PRACTICE,12506
2025-12-01,P81092,THE CRESCENT SURGERY,7611
2025-12-01,P81095,THURSBY SURGERY,8600
2025-12-01,P81096,PARBOLD SURGERY,6960
2025-12-01,P81099,HASLINGDEN HEALTHCARE,10768
2025-12-01,P81100,THE CASTLE MEDICAL GROUP,15737
2025-12-01,P81103,NORTH PRESTON MEDICAL PRACTICE,11848
2025-12-01,P81107,STONEBRIDGE SURGERY,8111
2025-12-01,P81112,BEACON PRIMARY CARE,16990
2025-12-01,P81113,PARK VIEW SURGERY,7742
2025-12-01,P81115,BLOOMFIELD MEDICAL CENTRE,17077
2025-12-01,P81117,CENTRAL PARK SURGERY,5722
2025-12-01,P81118,ILEX VIEW MEDICAL PRACTICE,10055
2025-12-01,P81119,LANE ENDS SURGERY,11091
2025-12-01,P81123,PWE PENDLE VALLEY MILL,12738
2025-12-01,P81125,OAKENHURST MEDICAL PRACTICE,10195
2025-12-01,P81127,GAB HEALTHCARE,9713
2025-12-01,P81128,KIRKHAM HEALTH CENTRE,9926
2025-12-01,P81129,ASH TREE HOUSE SURGERY,12055
2025-12-01,P81130,PADIHAM GROUP PRACTICE,13795
2025-12-01,P81132,WATERFOOT MEDICAL PRACTICE,9378
2025-12-01,P81133,THE VILLAGE PRACTICE,8994
2025-12-01,P81136,DR A BISARYA,2883
2025-12-01,P81137,BURNLEY WOOD MEDICAL CENTRE,6939
2025-12-01,P81138,BURSCOUGH FAMILY PRACTICE,3333
2025-12-01,P81140,DARWEN HEALTHLINK,15321
2025-12-01,P81143,WHITTLE SURGERY,11677
2025-12-01,P81147,ARG HEALTHCARE,5099
2025-12-01,P81149,LOCKWOOD GP SURGERY,9277
2025-12-01,P81150,PARCLIFFE MEDICAL CENTRE,12126
2025-12-01,P81154,GRANVILLE HOUSE MED CTRE,7967
2025-12-01,P81155,BROWNHILL SURGERY,6129
2025-12-01,P81157,FERNBANK SURGERY,11371
2025-12-01,P81159,STONYHILL MEDICAL PRACTICE,12165
2025-12-01,P81160,OSWALD MEDICAL CENTRE,16571
2025-12-01,P81165,IGHTENHILL MEDICAL CENTRE,2754
2025-12-01,P81166,DR BELLO'S SURGERY,2474
2025-12-01,P81167,STEPPING STONE PRACTICE,5966
2025-12-01,P81169,FISHERGATE HILL SURGERY,6781
2025-12-01,P81170,NELSON MEDICAL PRACTICE,11213
2025-12-01,P81171,THE EUXTON MEDICAL CENTRE,4712
2025-12-01,P81172,NEWTON DRIVE HEALTH CENTRE,12263
2025-12-01,P81179,LOSTOCK HALL MEDICAL CTR.,6585
2025-12-01,P81180,CLAYTON BROOK SURGERY,3448
2025-12-01,P81181,KINGSFOLD MEDICAL CENTRE,5376
2025-12-01,P81182,RICHMOND MEDICAL CENTRE,6925
2025-12-01,P81184,RIBBLETON MEDICAL CENTRE,9209
2025-12-01,P81185,RIVERSIDE MEDICAL CENTRE,10660
2025-12-01,P81186,MOSS SIDE MEDICAL CENTRE,4733
2025-12-01,P81191,QUEENSWAY MEDICAL CENTRE,10024
2025-12-01,P81196,ISSA MEDICAL CENTRE - PATEL,36631
2025-12-01,P81197,ROSEGROVE SURGERY,5010
2025-12-01,P81201,ASHURST PRIMARY CARE,6051
2025-12-01,P81208,EXCEL PRIMARY CARE,18054
2025-12-01,P81212,HAZELVALLEY FAMILY PRACTICE,6308
2025-12-01,P81213,ST. MARY'S HEALTH CENTRE,19814
2025-12-01,P81214,LIMEFIELD SURGERY,4780
2025-12-01,P81218,THE CLAYTON MEDICAL CTR.,6273
2025-12-01,P81620,SLAIDBURN HEALTH CENTRE,1474
2025-12-01,P81622,SHIFA SURGERY,11523
2025-12-01,P81633,SPRING-FENISCO HEALTHLINK,3948
2025-12-01,P81646,LATHOM HOUSE SURGERY,4159
2025-12-01,P81647,GUTTERIDGE MEDICAL CENTRE,4459
2025-12-01,P81655,THE VILLAGE SURGERIES CROSTON&ECCLESTON,10555
2025-12-01,P81664,THE PARK MEDICAL PRACTICE,18174
2025-12-01,P81668,FLEETWOOD SURGERY,6256
2025-12-01,P81674,STANLEY COURT SURGERY,5761
2025-12-01,P81681,NORTH SHORE SURGERY,13845
2025-12-01,P81683,OLIVE MEDICAL CENTRE,7588
2025-12-01,P81685,DR ALI GUTTRIDGE MEDICAL CENTRE,4406
2025-12-01,P81686,ROSSENDALE VALLEY MEDICAL PRACTICE,2583
2025-12-01,P81687,NEW LONGTON SURGERY,2108
2025-12-01,P81692,BEECHES MEDICAL CENTRE,2053
2025-12-01,P81694,FAMILY PRACTICE,5364
2025-12-01,P81695,AUGHTON SURGERY,6513
2025-12-01,P81699,HIGHER HEYS SURGERY,2489
2025-12-01,P81701,DR DAWOUD'S SURGERY,2987
2025-12-01,P81704,BLAKEWATER HEALTHCARE,10870
2025-12-01,P81707,WILLIAM HOPWOOD STREET SURGERY,5245
2025-12-01,P81709,ROMAN ROAD HEALTH CENTRE,6182
2025-12-01,P81710,TARLETON GROUP PRACTICE,10102
2025-12-01,P81711,DILL HALL SURGERY,253
2025-12-01,P81714,ABBEY DALE MEDICAL CENTRE,5773
2025-12-01,P81721,HOLLINS GROVE SURGERY,2551
2025-12-01,P81724,PRINGLE STREET SURGERY,2730
2025-12-01,P81726,KING STREET MEDICAL CTR,1778
2025-12-01,P81730,GREAT HARWOOD MEDICAL GROUP,9244
2025-12-01,P81731,DR JEHANGIR (SH),2611
2025-12-01,P81732,HARAMBEE SURGERY,4640
2025-12-01,P81734,THE CORNERSTONE PRACTICE,19534
2025-12-01,P81735,DR A HUSSAIN,3234
2025-12-01,P81736,WHITEFIELD HEALTHCARE,4116
2025-12-01,P81740,ADLINGTON MEDICAL CENTRE,11147
2025-12-01,P81741,STATION SURGERY,2411
2025-12-01,P81742,BEECHWOOD SURGERY,2691
2025-12-01,P81748,BRIARWOOD MEDICAL CENTRE,7580
2025-12-01,P81755,THE WEAVERS PRACTICE,8618
2025-12-01,P81757,BARROWFORD SURGERY,3619
2025-12-01,P81770,AVENHAM SURGERY,7659
2025-12-01,P81771,PRIMROSE BANK MEDICAL CENTRE,9356
2025-12-01,P81780,RIVERSIDE FAMILY PRACTICE,5753
2025-12-01,P82001,THE DUNSTAN PARTNERSHIP,10180
2025-12-01,P82002,PIKES LANE 1,7254
2025-12-01,P82003,KILDONAN HOUSE,15094
2025-12-01,P82004,SWAN LANE MEDICAL CENTRE,9758
2025-12-01,P82005,STABLE FOLD SURGERY,7165
2025-12-01,P82006,"PIKE VIEW, DR MALHOTRA & PARTNERS",10791
2025-12-01,P82007,KEARSLEY MEDICAL CENTRE,13373
2025-12-01,P82008,STONEHILL MEDICAL CENTRE,14783
2025-12-01,P82009,ST HELENS ROAD PRACTICE,7879
2025-12-01,P82010,DALEFIELD SURGERY,8029
2025-12-01,P82011,TONGE FOLD HEALTH CENTRE,6982
2025-12-01,P82012,OCTAGON MEDICAL CENTRE,6289
2025-12-01,P82013,THE BOLTON FAMILY PRACTICE,3952
2025-12-01,P82014,SPRING HOUSE SURGERY,6462
2025-12-01,P82015,UNSWORTH GROUP PRACTICE,20249
2025-12-01,P82016,HARWOOD MEDICAL CENTRE,12085
2025-12-01,P82018,THE ALASTAIR ROSS MEDICAL PRACTICE,7457
2025-12-01,P82020,LITTLE LEVER HEALTH CENTRE 1,4822
2025-12-01,P82021,THE OAKS FAMILY PRACTICE,6971
2025-12-01,P82022,DR RIZWAN AND DR AWAN,5593
2025-12-01,P82023,MANDALAY MEDICAL CENTRE,8592
2025-12-01,P82025,BURNSIDE SURGERY,4450
2025-12-01,P82029,HALLIWELL SURGERY 2,3608
2025-12-01,P82030,DEANE MEDICAL CENTRE,4040
2025-12-01,P82031,HEATON MEDICAL CENTRE,10739
2025-12-01,P82033,BRADFORD STREET SURGERY,2025
2025-12-01,P82034,EDGWORTH MEDICAL CENTRE,4089
2025-12-01,P82036,LITTLE LEVER HEALTH CENTRE 2,2846
2025-12-01,P82037,FIG TREE MEDICAL PRACTICE,4785
2025-12-01,P82607,CROMPTON VIEW SURGERY,6033
2025-12-01,P82609,SHANTI MEDICAL CENTRE,6331
2025-12-01,P82613,SPRING VIEW MEDICAL CENTRE,5147
2025-12-01,P82616,BEEHIVE SURGERY,3927
2025-12-01,P82624,ORIENT HOUSE MEDICAL CENTRE,3572
2025-12-01,P82625,"DR SIDDA'S SURGERY, WATERS MEETING HC",2384
2025-12-01,P82626,HALLIWELL SURGERY 3,5200
2025-12-01,P82627,CORNERSTONE SURGERY,4214
2025-12-01,P82629,DR S NASEEF,2058
2025-12-01,P82633,GREAT LEVER ONE,2562
2025-12-01,P82634,WYRESDALE ROAD SURGERY,3993
2025-12-01,P82640,AL FAL MEDICAL GROUP,5094
2025-12-01,P82643,BROMLEY MEADOWS SURGERY,7574
2025-12-01,P82652,FARNWORTH FAMILY PRACTICE,4367
2025-12-01,P82660,DEANE CLINIC 1,3617
2025-12-01,P83001,FAIRFAX GROUP PRACTICE,14242
2025-12-01,P83004,THE UPLANDS MEDICAL PRACTICE,7879
2025-12-01,P83005,TOWNSIDE SURGERY,4580
2025-12-01,P83006,RAMSBOTTOM MEDICAL PRACTICE,8092
2025-12-01,P83007,RADCLIFFE MEDICAL PRACTICE,11224
2025-12-01,P83009,BLACKFORD HOUSE MEDICAL CENTRE,7616
2025-12-01,P83010,MONARCH MEDICAL CENTRE,3635
2025-12-01,P83011,UNSWORTH MEDICAL CENTRE,7369
2025-12-01,P83012,TOWER FAMILY HEALTHCARE,48330
2025-12-01,P83015,RIBBLESDALE MEDICAL PRACTICE,7459
2025-12-01,P83017,WOODBANK SURGERY,7006
2025-12-01,P83021,PEEL GPS,9904
2025-12-01,P83024,KNOWSLEY MEDICAL CENTRE,4581
2025-12-01,P83025,ST GABRIEL'S MEDICAL CENTRE,8815
2025-12-01,P83027,GREYLAND MEDICAL CENTRE,1828
2025-12-01,P83603,RED BANK GROUP PRACTICE,9157
2025-12-01,P83605,WHITTAKER LANE MED CENTRE,7522
2025-12-01,P83608,THE ELMS MEDICAL CENTRE,6420
2025-12-01,P83609,THE BIRCHES MEDICAL CENTRE,3895
2025-12-01,P83611,WALMERSLEY ROAD MEDICAL PRACTICE,4699
2025-12-01,P83612,MILE LANE HEALTH CENTRE,5393
2025-12-01,P83620,GARDEN CITY MEDICAL CENTRE,5393
2025-12-01,P83621,HUNTLEY MOUNT MEDICAL CENTRE,2942
2025-12-01,P83623,LONGFIELD MEDICAL PRACTICE,4800
2025-12-01,P84004,FIVE OAKS FAMILY PRACTICE,8645
2025-12-01,P84005,VALLANCE MEDICAL,16019
2025-12-01,P84009,AILSA CRAIG MEDICAL CENTRE,11206
2025-12-01,P84010,THE BORCHARDT MEDICAL CENTRE,10320
2025-12-01,P84012,NORTHENDEN GROUP PRACTICE,8566
2025-12-01,P84014,RK MEDICAL PRACTICE,5371
2025-12-01,P84016,LEVENSHULME MEDICAL PRACTICE,9182
2025-12-01,P84017,LADYBARN GROUP PRACTICE,12713
2025-12-01,P84018,MAULDETH MEDICAL CENTRE,3850
2025-12-01,P84019,VALENTINE MEDICAL CENTRE,10558
2025-12-01,P84020,PEEL HALL MEDICAL CENTRE,9900
2025-12-01,P84021,THE MAPLES MEDICAL CENTRE,9190
2025-12-01,P84022,KINGSWAY MEDICAL PRACTICE,6170
2025-12-01,P84023,SURREY LODGE PRACTICE,9974
2025-12-01,P84024,BOWLAND MEDICAL PRACTICE,8092
2025-12-01,P84025,ST GEORGE'S MEDICAL CENTRE,7622
2025-12-01,P84026,DICKENSON ROAD MEDICAL CENTRE,9822
2025-12-01,P84027,WEST POINT MEDICAL CENTRE,8224
2025-12-01,P84028,GORTON MEDICAL CENTRE,10663
2025-12-01,P84029,BENCHILL MEDICAL PRACTICE,10599
2025-12-01,P84030,NEW COLLEGIATE MEDICAL CENTRE,13475
2025-12-01,P84032,DRS HANIF & BANNURU,5946
2025-12-01,P84033,BEACON MEDICAL CENTRE,4484
2025-12-01,P84034,BARLOW MEDICAL CENTRE,16322
2025-12-01,P84035,BODEY MEDICAL CENTRE,16625
2025-12-01,P84037,ARDWICK MEDICAL PRACTICE,6052
2025-12-01,P84038,ASHVILLE SURGERY,13702
2025-12-01,P84039,THE RANGE MEDICAL CENTRE,14088
2025-12-01,P84040,CONRAN MEDICAL CENTRE,7703
2025-12-01,P84041,CORNERSTONE FAMILY PRACTICE,7627
2025-12-01,P84042,FLORENCE HOUSE MEDICAL PRACTICE,11032
2025-12-01,P84043,CORNISHWAY GROUP PRACTICE,9767
2025-12-01,P84045,THE PARK MEDICAL CENTRE,5536
2025-12-01,P84046,CHEETHAM HILL MEDICAL CENTRE,20770
2025-12-01,P84047,ALL SAINTS MEDICAL CENTRE,5826
2025-12-01,P84048,TREGENNA GROUP PRACTICE,6902
2025-12-01,P84049,THE AVENUE MEDICAL CENTRE,11509
2025-12-01,P84050,MOUNT ROAD SURGERY,7925
2025-12-01,P84051,EASTLANDS MEDICAL CENTRE,5706
2025-12-01,P84052,WEST GORTON MEDICAL PRACTICE,7640
2025-12-01,P84053,ASHCROFT SURGERY,7873
2025-12-01,P84054,WHITLEY ROAD MEDICAL CENTRE,6357
2025-12-01,P84056,PRINCESS ROAD SURGERY,4327
2025-12-01,P84059,LIME SQUARE MEDICAL CENTRE,9066
2025-12-01,P84061,BROOKLANDS MEDICAL PRACTICE,6123
2025-12-01,P84064,NEW ISLINGTON MEDICAL CENTRE,12972
2025-12-01,P84065,CHURCH VIEW MEDICAL CENTRE,4424
2025-12-01,P84066,DAVID MEDICAL CENTRE,7579
2025-12-01,P84067,HAZELDENE MEDICAL CENTRE,8903
2025-12-01,P84068,CHORLTON FAMILY PRACTICE,22126
2025-12-01,P84070,NEWTON HEATH MEDICAL CENTRE,8549
2025-12-01,P84071,WILBRAHAM SURGERY,4610
2025-12-01,P84072,THE ROBERT DARBISHIRE PRACTICE,35493
2025-12-01,P84074,WELLFIELD MEDICAL CENTRE,11151
2025-12-01,P84605,FERNCLOUGH SURGERY,1998
2025-12-01,P84611,BRUNSWICK MEDICAL PRACTICE,7834
2025-12-01,P84626,WILMSLOW ROAD SURGERY,5872
2025-12-01,P84630,THE ARCH MEDICAL PRACTICE,24760
2025-12-01,P84635,THE WHITSWOOD PRACTICE,5275
2025-12-01,P84637,DR KHAN'S PRACTICE,2936
2025-12-01,P84639,FALLOWFIELD MEDICAL CENTRE,3148
2025-12-01,P84644,PARKSIDE SURGERY,7288
2025-12-01,P84645,PARK VIEW MEDICAL CENTRE,6344
2025-12-01,P84650,THE ALEXANDRA PRACTICE,6060
2025-12-01,P84651,NORTHERN MOOR MEDICAL PRACTICE,5962
2025-12-01,P84663,THE NEVILLE FAMILY CENTRE,5766
2025-12-01,P84665,WITHINGTON MEDICAL PRACTICE,5206
2025-12-01,P84669,CORNBROOK MEDICAL PRACTICE,18424
2025-12-01,P84672,WOODLANDS MEDICAL PRACTICE,3757
2025-12-01,P84673,ANCOATS URBAN VILLAGE MEDICAL PRACTICE,13982
2025-12-01,P84678,DIDSBURY MEDICAL CENTRE - DR WHITAKER,15968
2025-12-01,P84679,WILLOWBANK SURGERY,2249
2025-12-01,P84683,THE DOC'S SURGERY,14814
2025-12-01,P84684,CRUMPSALL MEDICAL PRACTICE,6483
2025-12-01,P84689,MANCHESTER INTEGRATIVE MEDICAL PRACTICE,14147
2025-12-01,P84690,DAM HEAD MEDICAL CENTRE,2797
2025-12-01,P85002,ST MARY'S MEDICAL CENTRE,6824
2025-12-01,P85003,THE CHOWDHURY PRACTICE,6057
2025-12-01,P85004,CHADDERTON MEDICAL PRACTICE,6311
2025-12-01,P85005,LEESBROOK SURGERY,9429
2025-12-01,P85007,OLDHAM FAMILY PRACTICE,3993
2025-12-01,P85010,WOODLANDS MEDICAL PRACTICE,14098
2025-12-01,P85011,CH MEDICAL PRACTICE,12706
2025-12-01,P85012,OLDHAM MEDICAL SERVICES,5963
2025-12-01,P85013,THE ROYTON & CROMPTON FAMILY PRACTICE,21020
2025-12-01,P85014,HOPWOOD HOUSE MEDICAL PRACTICE,6629
2025-12-01,P85015,ALEXANDRA GROUP MED PRACT,7362
2025-12-01,P85016,SADDLEWORTH MEDICAL PRACTICE,13978
2025-12-01,P85017,OAK GABLES MEDICAL PRACTICE,9101
2025-12-01,P85018,MD FAMILY PRACTICE,4348
2025-12-01,P85019,ROYTON MEDICAL CENTRE,7009
2025-12-01,P85020,SPRINGFIELD HOUSE,7396
2025-12-01,P85021,GREENBANK MEDICAL PRACTICE,9783
2025-12-01,P85022,LEES MEDICAL PRACTICE,5111
2025-12-01,P85026,QUAYSIDE MEDICAL PRACTICE,15971
2025-12-01,P85601,JALAL PRACTICE,3076
2025-12-01,P85605,LITTLETOWN FAMILY MED PRACT,7641
2025-12-01,P85606,MOORSIDE MEDICAL PRACTICE,7041
2025-12-01,P85608,PERKINS PRACTICE,2477
2025-12-01,P85610,MEDLOCK MEDICAL PRACTICE,7679
2025-12-01,P85612,WERNETH MEDICAL PRACTICE,4056
2025-12-01,P85614,VILLAGE MEDICAL PRACTICE,5049
2025-12-01,P85615,KAPUR FAMILY CARE,11895
2025-12-01,P85622,GLODWICK MEDICAL PRACTICE,10919
2025-12-01,P86001,MILNROW VILLAGE PRACTICE,8185
2025-12-01,P86002,DR GWD BHIMA,1872
2025-12-01,P86003,EDENFIELD ROAD SURGERY,10586
2025-12-01,P86004,PETERLOO MEDICAL CENTRE,9002
2025-12-01,P86005,YORKSHIRE ST SURGERY,6235
2025-12-01,P86006,ASHWORTH STREET SURGERY,17101
2025-12-01,P86007,WELLFIELD HEALTH CENTRE,13757
2025-12-01,P86008,MARK STREET SURGERY,10433
2025-12-01,P86009,CASTLETON HEALTH CENTRE,10501
2025-12-01,P86010,THE JUNCTION SURGERY,8515
2025-12-01,P86011,LONGFORD STREET MEDICAL CENTRE,8460
2025-12-01,P86012,WOODSIDE MEDICAL CENTRE,9018
2025-12-01,P86013,HEALEY SURGERY,6032
2025-12-01,P86014,CROFT SHIFA HEALTH CENTRE,7856
2025-12-01,P86015,ROCHDALE ROAD MEDICAL CENTRE,6084
2025-12-01,P86016,HEYWOOD HEALTH,8637
2025-12-01,P86017,INSPIRE MEDICAL CENTRE,4643
2025-12-01,P86018,LITTLEBOROUGH GROUP PRACTICE,8614
2025-12-01,P86019,DURNFORD MEDICAL CENTRE,9860
2025-12-01,P86021,PENNINE SURGERY,3742
2025-12-01,P86022,STONEFIELD STREET SURGERY,8795
2025-12-01,P86023,HOPWOOD MEDICAL CENTRE,9697
2025-12-01,P86026,THE DAWES FAMILY PRACTICE,7598
2025-12-01,P86602,HEADY HILL SURGERY,3411
2025-12-01,P86606,FAMILY PRACTICE,4342
2025-12-01,P86608,THE VILLAGE MEDICAL CTR.,4304
2025-12-01,P86609,THE DALE MEDICAL PRACTICE,2499
2025-12-01,P86614,DR A HAMID,4687
2025-12-01,P86619,DR MB GHAFOOR & PARTNERS,6507
2025-12-01,P86620,WINDERMERE SURGERY,2949
2025-12-01,P86624,TRINITY MEDICAL CENTRE,4282
2025-12-01,P87002,THE POPLARS MEDICAL PRACTICE,11559
2025-12-01,P87004,1/SALFORD MEDICAL PRACTICE,15377
2025-12-01,P87008,WALKDEN MEDICAL CENTRE,8867
2025-12-01,P87015,PENDLETON MEDICAL CENTRE,8512
2025-12-01,P87016,THE SIDES MEDICAL PRACTICE,13971
2025-12-01,P87017,THE LIMES MEDICAL PRACTICE,4879
2025-12-01,P87019,SILVERDALE MEDICAL PRACTICE,12688
2025-12-01,P87020,ST ANDREWS MEDICAL CENTRE,15797
2025-12-01,P87022,MOCHA PARADE MEDICAL PRACTICE,2215
2025-12-01,P87024,3/SPRINGFIELD HOUSE MEDICAL PRACTICE,11644
2025-12-01,P87025,THE LAKES MEDICAL PRACTICE,10168
2025-12-01,P87026,NEWBURY GREEN MEDICAL PRACTICE,17733
2025-12-01,P87027,LANGWORTHY MEDICAL PRACTICE,19242
2025-12-01,P87028,THE GILL MEDICAL PRACTICE,9947
2025-12-01,P87032,ORIENT ROAD MEDICAL PRACTICE,6447
2025-12-01,P87035,ORDSALL HEALTH SURGERY,11626
2025-12-01,P87040,SORREL BANK MEDICAL PRACTICE,8489
2025-12-01,P87610,THE MOSSLANDS MEDICAL PRACTICE,12585
2025-12-01,P87613,CLEGGS LANE MEDICAL PRACTICE/129,5014
2025-12-01,P87620,1/MONTON MEDICAL PRACTICE,9506
2025-12-01,P87624,ELLENBROOK MEDICAL CENTRE,5081
2025-12-01,P87625,DEARDEN AVENUE MEDICAL PRACTICE,2741
2025-12-01,P87627,ORCHARD MEDICAL PRACTICE,3440
2025-12-01,P87630,CHERRY MEDICAL PRACTICE,3259
2025-12-01,P87634,CLARENDON SURGERY,11338
2025-12-01,P87639,CORNERSTONE MEDICAL PRACTICE,4226
2025-12-01,P87648,REUT MEDICAL PRACTICE,8427
2025-12-01,P87649,CHAPEL GROUP MEDICAL CENTRE,6163
2025-12-01,P87654,DR A CHAUDHRY & DR I JEET,11513
2025-12-01,P87657,(IRLAM) SALFORD CARE CTRS MEDICAL PRACTI,4375
2025-12-01,P87658,THE WILLOWS MEDICAL PRACTICE,3694
2025-12-01,P87661,MANCHESTER ROAD EAST MEDICAL PRACTICE,2360
2025-12-01,P88002,MARPLE BRIDGE SURGERY,6317
2025-12-01,P88003,MANOR MEDICAL PRACTICE,9819
2025-12-01,P88005,FAMILY SURGERY,11544
2025-12-01,P88006,MARPLE COTTAGE SURGERY,11512
2025-12-01,P88007,CHEADLE HULME MEDICAL GROUP,14790
2025-12-01,P88008,HEATON MERSEY MED.PRACT.,8583
2025-12-01,P88009,WOODLEY VILLAGE SURGERY,3108
2025-12-01,P88011,HEATON NORRIS MEDICAL PRACTICE,10663
2025-12-01,P88012,BEECH HOUSE MEDICAL PRACT,7870
2025-12-01,P88013,CARITAS GENERAL PRACTICE PARTNERSHIP,12431
2025-12-01,P88014,ADSHALL ROAD MEDICAL PRAC,4911
2025-12-01,P88015,BRAMHALL HEALTH CENTRE,12138
2025-12-01,P88016,BRAMHALL & SHAW HEATH MEDICAL GROUP,13729
2025-12-01,P88017,CHADSFIELD MEDICAL PRACTICE,6593
2025-12-01,P88018,PARK VIEW GROUP PRACTICE,10366
2025-12-01,P88019,ALVANLEY FAMILY PRACTICE,5398
2025-12-01,P88020,CHEADLE MEDICAL PRACTICE,11765
2025-12-01,P88021,MARPLE MEDICAL PRACTICE,6871
2025-12-01,P88023,HEALD GREEN HEALTH CENTRE 2,7572
2025-12-01,P88024,GATLEY MEDICAL CENTRE,10335
2025-12-01,P88025,HULME HALL MEDICAL GROUP,10406
2025-12-01,P88026,HEATON MOOR MEDICAL GROUP,54770
2025-12-01,P88031,BRACONDALE MEDICAL CENTRE,5892
2025-12-01,P88041,THE VILLAGE SURGERY,8593
2025-12-01,P88042,FINNEY LANE SURGERY,6989
2025-12-01,P88043,BRINNINGTON SURGERY,9517
2025-12-01,P88044,BREDBURY MEDICAL CENTRE,5758
2025-12-01,P88606,SPRINGFIELD SURGERY,5717
2025-12-01,P88615,VERNON PARK SURGERY,3449
2025-12-01,P88623,HIGH LANE MEDICAL CENTRE,7537
2025-12-01,P88625,ARCHWOOD MEDICAL PRACTICE,7731
2025-12-01,P88632,STOCKPORT MEDICAL GROUP,18191
2025-12-01,P89002,THE BROOKE SURGERY,20333
2025-12-01,P89003,ALBION MEDICAL PRACTICE,9910
2025-12-01,P89004,AWBURN HOUSE MEDICAL PRACTICE,6208
2025-12-01,P89005,LOCKSIDE MEDICAL CENTRE,8377
2025-12-01,P89006,PENNINE MEDICAL CENTRE,11338
2025-12-01,P89007,STAVELEIGH MEDICAL CENTRE,8078
2025-12-01,P89008,ASHTON MEDICAL GROUP,16949
2025-12-01,P89010,MEDLOCK VALE MEDICAL PRACTICE,7558
2025-12-01,P89011,GORDON STREET MEDICAL CENTRE,5175
2025-12-01,P89012,CLARENDON MEDICAL CENTRE,6808
2025-12-01,P89013,HATTERSLEY GROUP PRACTICE,5002
2025-12-01,P89014,HAUGHTON THORNLEY MEDICAL CENTRES,12743
2025-12-01,P89015,MILLGATE HEALTHCARE PARTNERSHIP,20994
2025-12-01,P89016,DONNEYBROOK MEDICAL CENTRE,7989
2025-12-01,P89018,DENTON MEDICAL PRACTICE,8511
2025-12-01,P89020,HT PRACTICE,7543
2025-12-01,P89021,DUKINFIELD MEDICAL PRACTICE,11239
2025-12-01,P89022,KING STREET MEDICAL CENTRE,3277
2025-12-01,P89023,ST. ANDREW'S HOUSE SURGERY,5947
2025-12-01,P89025,TOWN HALL SURGERY,2857
2025-12-01,P89026,GROSVENOR MEDICAL CENTRE,6312
2025-12-01,P89029,MARKET STREET MEDICAL PRACTICE,7797
2025-12-01,P89030,WEST END MEDICAL CENTRE,3908
2025-12-01,P89602,THE SMITHY SURGERY,3772
2025-12-01,P89609,STAMFORD HOUSE,5014
2025-12-01,P89612,MOSSLEY MEDICAL PRACTICE,2216
2025-12-01,P89613,WATERLOO MEDICAL CENTRE,3710
2025-12-01,P89618,PIKE MEDICAL PRACTICE,3173
2025-12-01,P91003,PARK MEDICAL PRACTICE,7862
2025-12-01,P91004,ALTRINCHAM MEDICAL PRACTICE,8631
2025-12-01,P91006,URMSTON GROUP PRACTICE,13263
2025-12-01,P91007,TIMPERLEY HEALTH CENTRE (WESTWOOD),6320
2025-12-01,P91008,SHAY LANE MEDICAL CENTRE (KELMAN),6228
2025-12-01,P91009,DAVYHULME MEDICAL CENTRE,10814
2025-12-01,P91011,SHAY LANE MEDICAL CENTRE (PATEL),5416
2025-12-01,P91012,PRIMROSE SURGERY,7564
2025-12-01,P91013,BOUNDARY HOUSE MEDICAL CENTRE,11299
2025-12-01,P91014,WASHWAY ROAD MEDICAL CENTRE,16237
2025-12-01,P91016,WEST TIMPERLEY MEDICAL CENTRE,9398
2025-12-01,P91017,BODMIN ROAD HEALTH CENTRE,8838
2025-12-01,P91018,DELAMERE MEDICAL PRACTICE,14717
2025-12-01,P91019,PARTINGTON CENTRAL SURGERY,3810
2025-12-01,P91020,LIMELIGHT HEALTH AND WELLBEING HUB,9283
2025-12-01,P91021,FIRSWAY HEALTH CENTRE,15270
2025-12-01,P91026,PARTINGTON FAMILY PRACTICE,6693
2025-12-01,P91029,FLIXTON ROAD MEDICAL CENTRE,11867
2025-12-01,P91035,CONWAY ROAD MEDICAL PRACTICE,13745
2025-12-01,P91603,BARRINGTON MEDICAL CENTRE,7687
2025-12-01,P91604,ST JOHNS MEDICAL CENTRE,16401
2025-12-01,P91617,FAMILY SURGERY,2325
2025-12-01,P91623,VILLAGE SURGERY,7785
2025-12-01,P91627,LOSTOCK MEDICAL CENTRE,8722
2025-12-01,P91629,NORTH TRAFFORD GROUP PRACTICE,15229
2025-12-01,P91631,RIDDINGS FAMILY HEALTH CENTRE,3714
2025-12-01,P92001,MEDICENTRE,5552
2025-12-01,P92002,BRAITHWAITE RD SURGERY,5136
2025-12-01,P92003,THE DICCONSON GROUP PRACTICE,9651
2025-12-01,P92004,DR TUN & PARTNERS,7231
2025-12-01,P92005,ZAMAN,4309
2025-12-01,P92006,DR AHMAD & PTNRS,6134
2025-12-01,P92007,OLD HENRY STREET MED CTR,6158
2025-12-01,P92008,BRADSHAW MEDICAL CENTRE,8716
2025-12-01,P92010,BEECH HILL MEDICAL PRACTICE,11523
2025-12-01,P92011,SULLIVAN WAY SURGERY,7988
2025-12-01,P92012,HIGH STREET SURGERY,4498
2025-12-01,P92014,STANDISH MEDICAL PRACTICE,13212
2025-12-01,P92015,ASPULL SURGERY,6115
2025-12-01,P92016,PENNYGATE MEDICAL CENTRE,19277
2025-12-01,P92017,SHEVINGTON SURGERY,13512
2025-12-01,P92019,PEMBERTON SURGERY,10444
2025-12-01,P92020,SIVAKUMAR & PARTNER,5000
2025-12-01,P92021,NEWTOWN MEDICAL PRACTICE,6096
2025-12-01,P92023,BROOKMILL MEDICAL CENTRE,8754
2025-12-01,P92024,KUMAR FAMILY PRACTICE,5219
2025-12-01,P92026,LONGSHOOT MEDICAL PRACTICE,7361
2025-12-01,P92028,ELLIOTT STREET SURGERY,4779
2025-12-01,P92029,WESTLEIGH MEDICAL PRACTICE,4444
2025-12-01,P92030,DR SEABROOK,4393
2025-12-01,P92031,PLATT HOUSE SURGERY,4744
2025-12-01,P92033,"THE SURGERY, TYLDESLEY",4775
2025-12-01,P92034,BRYN CROSS SURGERY,5495
2025-12-01,P92038,SAXENA L,3213
2025-12-01,P92041,SSP HEALTH LIMITED ASHTON MEDICAL CENTRE,8429
2025-12-01,P92042,DR KK CHAN & PARTNERS,9022
2025-12-01,P92602,FOXLEIGH FAMILY SURGERY,2396
2025-12-01,P92605,BOOTHSTOWN MEDICAL CENTRE,8045
2025-12-01,P92607,GRASMERE SURGERY,7761
2025-12-01,P92615,THE AVENUE SURGERY,4891
2025-12-01,P92620,INCE SURGERY,8189
2025-12-01,P92621,PREMIER HEALTH TEAM,4359
2025-12-01,P92626,MEADOWVIEW SURGERY,6526
2025-12-01,P92630,GOLBORNE SURGERY,3012
2025-12-01,P92633,BEE FOLD MEDICAL CENTRE,3590
2025-12-01,P92634,MESNES VIEW SURGERY,4652
2025-12-01,P92635,DR VASANTH,1913
2025-12-01,P92637,ASTLEY GENERAL PRACTICE,4186
2025-12-01,P92639,FAMILY MEDICAL PRACTICE,3107
2025-12-01,P92642,MARUS BRIDGE PRACTICE,5420
2025-12-01,P92646,DR VARDHAN'S SURGERY,3596
2025-12-01,P92647,SOUTH WIGAN MEDICAL PRACTICE,6413
2025-12-01,P92648,SLAG LANE MC,5937
2025-12-01,P92651,LOWTON & PLATT BRIDGE SURGERY,5643
2025-12-01,Y00020,THE GRANTHAM PRACTICE,9084
2025-12-01,Y00026,THE OM SURGERY,2769
2025-12-01,Y00033,PURFLEET CARE CENTRE,6967
2025-12-01,Y00049,CORNWALL HEALTH FOR HOMELESS,354
2025-12-01,Y00050,LILFORD & PENNINGTON PARK SURGERY,7009
2025-12-01,Y00054,THE HOMELESS HEALTHCARE TEAM,99
2025-12-01,Y00056,CAMBRIDGE ACCESS SURGERY,694
2025-12-01,Y00057,ANGEL SURGERY,15661
2025-12-01,Y00060,THE ANCHOR CENTRE,570
2025-12-01,Y00078,WINSHILL,5501
2025-12-01,Y00080,HARBOUR MEDICAL PRACTICE,7372
2025-12-01,Y00081,LOCALA KIRKLEES SAS,30
2025-12-01,Y00090,THE DOCTORS HOUSE,8406
2025-12-01,Y00137,WILLOWS HEALTH,32595
2025-12-01,Y00140,TORCROSS MEDICAL CENTRE,2141
2025-12-01,Y00155,GROVE SURGERY,10853
2025-12-01,Y00159,HALL GREEN HEALTH,31672
2025-12-01,Y00182,RAINBOW HEALTH CENTRE,1050
2025-12-01,Y00184,DILSTON MEDICAL CENTRE,9814
2025-12-01,Y00185,CATHEDRAL MEDICAL CENTRE,11516
2025-12-01,Y00186,3D MEDICAL CENTRE,1681
2025-12-01,Y00200,PORTOBELLO MEDICAL CENTRE,4497
2025-12-01,Y00206,BURNLEY PRACTICE,10031
2025-12-01,Y00228,AMBAR MEDICAL CENTRE,2480
2025-12-01,Y00230,WESTMINSTER ZT PRACTICE,1
2025-12-01,Y00252,DR SJC CLAY'S PRACTICE,3055
2025-12-01,Y00265,CHAPEL MEDICAL CENTRE,16198
2025-12-01,Y00278,DARLASTON HEALTH CENTRE,3772
2025-12-01,Y00286,THE RAVENSCAR SURGERY,3459
2025-12-01,Y00293,HEDINGHAM MEDICAL CENTRE,9423
2025-12-01,Y00297,THE HOLLIES SURGERY,4941
2025-12-01,Y00312,"THE ROBINS SURGERY, HAROLD HILL HEALTH C",4573
2025-12-01,Y00316,WOODLANDS MEDICAL PRACTICE,5811
2025-12-01,Y00344,LEICESTER CITY ASSIST PRACTICE,1679
2025-12-01,Y00347,DR JACOBS SURGERY,5517
2025-12-01,Y00351,LANGLEY CORNER SURGERY,12094
2025-12-01,Y00352,HESA MEDICAL CENTRE - Y00352,23805
2025-12-01,Y00361,SHEFFIELD SPECIAL ALLOCATION SCHEME GP,40
2025-12-01,Y00399,DR PASQUALI,4055
2025-12-01,Y00403,TROWBRIDGE PRACTICE,7926
2025-12-01,Y00411,DEARNE VALLEY GROUP PRACTICE,11693
2025-12-01,Y00412,SOHO HEALTH CENTRE,5608
2025-12-01,Y00437,THE ORCHARD SURGERY,10736
2025-12-01,Y00445,SALFORD PRIMARY CARE TOGETHER,19232
2025-12-01,Y00446,MAGHULL PRACTICE,3166
2025-12-01,Y00469,DR SIMS AND PARTNERS,11907
2025-12-01,Y00471,BROADWAY HEALTH CENTRE,8018
2025-12-01,Y00475,GARSWOOD SURGERY,5305
2025-12-01,Y00486,BOTOLPH BRIDGE COMMUNITY HEALTH CENTRE,7463
2025-12-01,Y00492,SUMMERFIELD GROUP PRACTICE,9019
2025-12-01,Y00507,ST. QUINTIN HEALTH CENTRE,3919
2025-12-01,Y00560,WOOTTON VALE AND SHORTSTOWN SURGERY,18095
2025-12-01,Y00568,FOXHAYES PRACTICE,4838
2025-12-01,Y00612,GREEN CEDARS MEDICAL CENTRE,4662
2025-12-01,Y00726,THE HIVE HEALTH CENTRE,5634
2025-12-01,Y00758,DR JO ARAYOMI'S PRACTICE,2565
2025-12-01,Y00774,BRANDON MEDICAL PRACTICE,5118
2025-12-01,Y00902,THE WESTBOURNE GREEN SURGERY,3442
2025-12-01,Y00918,GRANVILLE MEDICAL CENTRE,6703
2025-12-01,Y00969,RAME GROUP PRACTICE,11752
2025-12-01,Y00996,MERIDIAN PRACTICE,4101
2025-12-01,Y00999,ODDFELLOWS HALL & ST CLEMENTS,11572
2025-12-01,Y01008,BAY MEDICAL GROUP,54308
2025-12-01,Y01011,BARLBY SURGERY,10904
2025-12-01,Y01050,ROSMELLYN SURGERY,7608
2025-12-01,Y01051,MORRAB SURGERY,8446
2025-12-01,Y01057,HOMELESS HEALTH EXCHANGE,1130
2025-12-01,Y01066,HANLEY PRIMARY CARE CENTRE,8463
2025-12-01,Y01068,AMAANAH MEDICAL PRACTICE,4942
2025-12-01,Y01090,SMS MEDICAL PRACTICE,8664
2025-12-01,Y01108,FAIRFIELD SURGERY,3903
2025-12-01,Y01118,ECCLESHILL VILLAGE SURGERY,3465
2025-12-01,Y01127,NEETSIDE SURGERY,6603
2025-12-01,Y01132,CHARTFIELD SURGERY,12894
2025-12-01,Y01163,WEST COKER SURGERY,3907
2025-12-01,Y01206,GLEBE ROAD SURGERY,9796
2025-12-01,Y01221,SOMERSET FHP O,3368
2025-12-01,Y01262,PALLION PRIMARY CARE SERVICES,40
2025-12-01,Y01280,SHIFA MEDICAL PRACTICE,2436
2025-12-01,Y01281,THE VILLAGE SURGERY,4676
2025-12-01,Y01291,CHINGFORD MEDICAL PRACTICE,10448
2025-12-01,Y01652,THE NEW SPRINGWELLS PRACTICE,6118
2025-12-01,Y01655,THE VALE PRACTICE,10009
2025-12-01,Y01690,SCHOOL LANE PMS PRACTICE,7411
2025-12-01,Y01695,MP VICTORIA MILL,4153
2025-12-01,Y01719,PRIME PRACTICE PARTNERSHIP,9115
2025-12-01,Y01756,STOURSIDE MEDICAL PRACTICE,6320
2025-12-01,Y01794,RAVENSWOOD MEDICAL PRACTICE,14915
2025-12-01,Y01795,THE OVAL PRACTICE,8856
2025-12-01,Y01812,HEARTWOOD MEDICAL PRACTICE,11340
2025-12-01,Y01839,SINNOTT MEDICAL CENTRE,7456
2025-12-01,Y01845,BSW SAS CLINIC,53
2025-12-01,Y01922,STENNACK SURGERY,12010
2025-12-01,Y01924,GARDENS AND JACOBS MEDICAL PARTNERSHIP,74
2025-12-01,Y01929,TELDOC,52142
2025-12-01,Y01948,OPEN DOOR,2479
2025-12-01,Y01964,BERRYCROFT COMMUNITY HEALTH CENTRE,28879
2025-12-01,Y02002,ONE MEDICARE LLP-THE LIGHT,22280
2025-12-01,Y02045,VERNOVA HEALTHCARE CIC,5
2025-12-01,Y02117,ST ANN'S ROAD SURGERY,14275
2025-12-01,Y02177,THE PRACTICE NORTHUMBERLAND AVENUE,6878
2025-12-01,Y02212,DUDLEY WOOD SURGERY,2667
2025-12-01,Y02274,RIVINGTON WAY SURGERY,3851
2025-12-01,Y02319,BOLTON GENERAL PRACTICE,7707
2025-12-01,Y02321,POPLAR STREET SURGERY,5688
2025-12-01,Y02322,LEIGH FAMILY PRACTICE,9766
2025-12-01,Y02325,CHARLESTOWN MD,5272
2025-12-01,Y02332,KINGSWAY & BRAMINGHAM MEDICAL CENTRE,17895
2025-12-01,Y02342,FEATHERSTONE ROAD HEALTH CENTRE,9880
2025-12-01,Y02354,SANDY LANE SURGERY,9033
2025-12-01,Y02378,BRYN STREET SURGERY,6383
2025-12-01,Y02423,GRAFTON MEDICAL PARTNERS,45089
2025-12-01,Y02463,THE TOWN CENTRE PRACTICE,13123
2025-12-01,Y02466,BUCKSHAW VILLAGE HEALTH CENTRE,12431
2025-12-01,Y02469,HERON GP PRACTICE,9930
2025-12-01,Y02476,BROAD STREET HEALTH CENTRE,14893
2025-12-01,Y02494,SHAKESPEARE MEDICAL PRACTICE,8963
2025-12-01,Y02510,MARSHALLS CROSS MEDICAL CENTRE,6845
2025-12-01,Y02517,NEWQUAY HEALTH CENTRE,17469
2025-12-01,Y02519,GLOUCESTER HEALTH ACCESS CENTRE,10125
2025-12-01,Y02520,SIMPSON MEDICAL PRACTICE,5362
2025-12-01,Y02521,WILLOW BANK SURGERY,10112
2025-12-01,Y02526,PHL SAS SERVICE,68
2025-12-01,Y02567,HODGE HILL FAMILY PRACTICE,6215
2025-12-01,Y02571,POPLAR PRIMARY CARE CENTRE,8580
2025-12-01,Y02575,OMNES HEALTHCARE LTD,22589
2025-12-01,Y02578,BROADMEAD MEDICAL CENTRE,12829
2025-12-01,Y02586,ASHTON GP SERVICE,5082
2025-12-01,Y02589,HAMMERSMITH & FULHAM CENTRES FOR HEALTH,10698
2025-12-01,Y02594,ESSINGTON MEDICAL CENTRE,2980
2025-12-01,Y02605,ACCRINGTON VICTORIA GP PRACTICE,4067
2025-12-01,Y02606,FAIRMORE MEDICAL PRACTICE,6277
2025-12-01,Y02611,NORTH CHELMSFORD NHS HCC,17840
2025-12-01,Y02622,BLACKFRIARS,16380
2025-12-01,Y02625,CARE HOMES MEDICAL PRACTICE,1210
2025-12-01,Y02626,THE KEYS FAMILY PRACTICE,4591
2025-12-01,Y02627,HARDEN BLAKENALL,12100
2025-12-01,Y02633,BOW MEDICAL PRACTICE,5923
2025-12-01,Y02636,PENNFIELDS MEDICAL CENTRE,6981
2025-12-01,Y02639,SPRING HOUSE HEALTH,9689
2025-12-01,Y02645,LOCALA CALDERDALE SAS,17
2025-12-01,Y02646,TURNER ROAD SURGERY,10619
2025-12-01,Y02653,HIGH OAK SURGERY,4351
2025-12-01,Y02657,BENTHAM ROAD HEALTH CENTRE,8437
2025-12-01,Y02663,DROYLSDEN MEDICAL PRACTICE,4383
2025-12-01,Y02669,CASTLE HEALTH CENTRE,5258
2025-12-01,Y02671,THE PRACTICE HEART OF HOUNSLOW,18537
2025-12-01,Y02672,THE PRACTICE FELTHAM,13914
2025-12-01,Y02674,CAMDEN HEALTH IMPROVEMENT PRACTICE,539
2025-12-01,Y02676,BRIGHTON STATION HEALTH CENTRE,9449
2025-12-01,Y02684,QUAYSIDE MEDICAL CENTRE,3817
2025-12-01,Y02686,BOWLING GREEN STREET SURGERY,9162
2025-12-01,Y02692,THE WEMBLEY PRACTICE,15897
2025-12-01,Y02701,GREAT BRIDGE HEALTH CENTRE,8316
2025-12-01,Y02707,ST LUKE'S HEALTH CENTRE,6971
2025-12-01,Y02713,GUIDE BRIDGE MEDICAL PRACTICE,4533
2025-12-01,Y02718,BIRTLE VIEW MEDICAL PRACTICE,4638
2025-12-01,Y02720,THE KINGSWAY PRACTICE,4661
2025-12-01,Y02721,KIRKHOLT MEDICAL PRACTICE,5139
2025-12-01,Y02736,SHOWELL PARK HEALTH CENTRE,7202
2025-12-01,Y02751,NORWICH PRACTICES HEALTH CENTRE,11381
2025-12-01,Y02753,HILL TOP SURGERY,6201
2025-12-01,Y02755,ROCK HEALTHCARE LIMITED,9658
2025-12-01,Y02757,BILSTON URBAN VILLAGE MEDICAL CENTRE,13567
2025-12-01,Y02767,THE HEIGHT GENERAL PRACTICE,6708
2025-12-01,Y02769,ST NEOTS HEALTH CENTRE,8196
2025-12-01,Y02790,BOLTON MEDICAL CENTRE,7642
2025-12-01,Y02794,OAKLEAF,12553
2025-12-01,Y02795,MIDDLETON HEALTH CENTRE,5303
2025-12-01,Y02807,THURROCK HEALTH CENTRE,13072
2025-12-01,Y02811,CATOR MEDICAL CENTRE,11711
2025-12-01,Y02827,JOHN STREET MEDICAL PRACTICE,4995
2025-12-01,Y02842,HALF PENNY STEPS HEALTH CENTRE,9008
2025-12-01,Y02847,PARLIAMENT STREET MEDICAL CENTRE,10672
2025-12-01,Y02849,CITY HEALTH CENTRE,15620
2025-12-01,Y02867,MIDDLEPORT MEDICAL CENTRE,4826
2025-12-01,Y02873,COMPASS HEALTH,99
2025-12-01,Y02875,LINDLEY HOUSE HEALTH CENTRE,4849
2025-12-01,Y02885,MARSH GREEN MEDICAL PRACTICE,4268
2025-12-01,Y02886,LEIGH SPORTS VILLAGE,4600
2025-12-01,Y02890,HAWTHORN MC,6621
2025-12-01,Y02893,IRIDIUM MEDICAL PRACTICE,22354
2025-12-01,Y02900,BROOKLANDS HEALTH CENTRE,22094
2025-12-01,Y02906,CANBERRA OLD OAK SURGERY,9713
2025-12-01,Y02928,THE PRACTICE ALBERT ROAD,24009
2025-12-01,Y02933,HOLLINWOOD MEDICAL PRACTICE,8816
2025-12-01,Y02936,MILLBROOK MEDICAL PRACTICE,3498
2025-12-01,Y02946,JUNCTION HEALTH CENTRE,8528
2025-12-01,Y02960,NEW BANK HEALTH,6351
2025-12-01,Y02973,KINGS PARK SURGERY,9048
2025-12-01,Y02974,THAMESMEAD HEALTH CENTRE,12596
2025-12-01,Y02986,CRICKLEWOOD HEALTH CENTRE,5245
2025-12-01,Y02987,AT MEDICS - THE LOXFORD PRACTICE,32978
2025-12-01,Y03023,ST ANDREWS HEALTH CENTRE,32943
2025-12-01,Y03035,QUEENSWOOD MEDICAL PRACTICE,21381
2025-12-01,Y03049,SPRING HILL PRACTICE,17648
2025-12-01,Y03052,DR SALAKO AND PARTNERS,14712
2025-12-01,Y03063,HETHERINGTON AT THE PAVILION,8093
2025-12-01,Y03079,BOLTON COMMUNITY PRACTICE,16101
2025-12-01,Y03103,MEDICUS SELECT CARE,303
2025-12-01,Y03124,GRANGE FARM MEDICAL CENTRE,5532
2025-12-01,Y03135,BRIDGE HOUSE MEDICAL PRACTICE,9086
2025-12-01,Y03222,ST JOHN'S SURGERY,6765
2025-12-01,Y03303,THE RIDGEWAY HEALTH CENTRE,4
2025-12-01,Y03366,OLIVE FAMILY PRACTICE,5688
2025-12-01,Y03402,EVERGREEN PRIMARY CARE CENTRE,18913
2025-12-01,Y03441,"HEALTH AND WELLBEING CENTRE, EARLS COURT",9792
2025-12-01,Y03528,BRENT & HARROW SAFE HAVEN UNIT,24
2025-12-01,Y03584,LLR SAS PROVIDER,87
2025-12-01,Y03595,BEECHCROFT AND OLD PALACE,6833
2025-12-01,Y03597,HAMD MEDICAL PRACTICE,7808
2025-12-01,Y03602,GREY GABLE SURGERY,6142
2025-12-01,Y03663,HENDON WAY SURGERY,9665
2025-12-01,Y03664,DR AZIM & PARTNERS,8326
2025-12-01,Y03755,GREENWICH PENINSULA,14063
2025-12-01,Y04225,EALING COMMUNITY PRT - CARE HOME SERVICE,1202
2025-12-01,Y04266,CROSLAND MOOR SURGERY,3956
2025-12-01,Y04273,LIBERTY BRIDGE ROAD PRACTICE,20515
2025-12-01,Y04543,JULIAN HOUSE HEALTHCARE SERVICE,40
2025-12-01,Y04662,CRANBROOK MEDICAL PRACTICE,6197
2025-12-01,Y04664,THE WILLASTON SURGERY,4366
2025-12-01,Y04809,LAKESIDE SURGERY,2590
2025-12-01,Y04882,CHAUCER SURGERY,3401
2025-12-01,Y04884,SATIS HOUSE,3270
2025-12-01,Y04925,CHAPELFORD PRIMARY CARE CENTRE,8190
2025-12-01,Y04957,ST AUSTELL HEALTH GROUP,32968
2025-12-01,Y04965,ALLIANCE TEACHING PRACTICES,21831
2025-12-01,Y04969,CAMP HILL GP LED HEALTH CENTRE,4881
2025-12-01,Y04977,CRESWELL AND LANGWITH MEDICAL CENTRE,5560
2025-12-01,Y04995,ROYAL PRIMARY CARE CHESTERFIELD,18904
2025-12-01,Y05023,SILVER END SURGERY,5039
2025-12-01,Y05080,FIRST CHOICE MEDICAL CARE,3149
2025-12-01,Y05167,THE FLYING SCOTSMAN HEALTH CENTRE,13214
2025-12-01,Y05212,WEST CHELTENHAM MEDICAL,6025
2025-12-01,Y05248,BRIERLEY MEDICAL CENTRE,3345
2025-12-01,Y05286,LISTER HOUSE CHELLASTON,17277
2025-12-01,Y05317,COUNTRY PARK PRACTICE,7318
2025-12-01,Y05318,DENMARK ROAD SURGERY,5700
2025-12-01,Y05330,"WELBOURNE MED PRAC, WELBOURNE H C",4613
2025-12-01,Y05346,WESTWOOD PRIMARY CARE CENTRE,3606
2025-12-01,Y05349,CLOVER CITY PRACTICE,5869
2025-12-01,Y05363,BHF HIGHGATE SURGERY,3207
2025-12-01,Y05364,BHF LUNDWOOD SURGERY,3662
2025-12-01,Y05369,BALDERTON SURGERY,6789
2025-12-01,Y05412,SOUTH WIGSTON ASYLUM SERVICE,3
2025-12-01,Y05622,SOUTHGLADE MEDICAL PRACTICE,5481
2025-12-01,Y05690,KIRKBY COMMUNITY PRIMARY CARE CENTRE (3),7227
2025-12-01,Y05733,PARKFIELDS SURGERY,6259
2025-12-01,Y05750,DAVID LEWIS MEDICAL PRACTICE,125
2025-12-01,Y05788,COMPASS MEDICAL PRACTICE,502
2025-12-01,Y05826,THE HILL GP PRACTICE,6561
2025-12-01,Y05857,RHND,139
2025-12-01,Y06007,WELLSBOURNE HEALTHCARE CIC,8602
2025-12-01,Y06095,HERTFORDSHIRE SPECIAL ALLOCATION SCHEME,25
2025-12-01,Y06113,QHS GP CARE HOME SERVICE,459
2025-12-01,Y06218,BROWNSOVER MEDICAL CENTRE,9798
2025-12-01,Y06275,NELSON MEDICAL CENTRE,6311
2025-12-01,Y06345,BROMLEAG CARE PRACTICE,1463
2025-12-01,Y06356,BILBOROUGH MEDICAL CENTRE,9392
2025-12-01,Y06378,HEATH STREET HEALTH CENTRE,6531
2025-12-01,Y06389,SAS MID AND SOUTH ESSEX STP,1442
2025-12-01,Y06443,WHYBURN MEDICAL PRACTICE,12761
2025-12-01,Y06499,ESSEX UNIVERSITY PARTNERSHIP NHS TRUST,267
2025-12-01,Y06545,SEL SPECIAL ALLOCATION PRACTICE,208
2025-12-01,Y06592,SPECIAL ALLOCATION SCHEME (NEL),218
2025-12-01,Y06620,WARRINGTON PRIMARY CARE CIC ADHD,6
2025-12-01,Y06659,NOOK SURGERY,3305
2025-12-01,Y06792,BROAD OAK MEDICAL PRACTICE,7691
2025-12-01,Y06810,WHITEHOUSE HEALTH CENTRE,15892
2025-12-01,Y06826,CHISWICK PCN EXTENDED HOURS HUB,2
2025-12-01,Y07014,SHAKESPEARE ROAD MEDICAL PRACTICE,14208
2025-12-01,Y07016,SAS WEST ESSEX COMMISCEO PCS LIMITED,16
2025-12-01,Y07020,ONE CARE LAMBETH,193
2025-12-01,Y07025,PARK MEDICAL CENTRE,8073
2025-12-01,Y07040,MEDICUS SELECT CARE BLMK CCG,117
2025-12-01,Y07057,BRETTON MEDICAL PRACTICE,12061
2025-12-01,Y07059,NENE VALLEY AND HODGSON MEDICAL PRACTICE,19220
2025-12-01,Y07060,THOMAS WALKER WESTGATE HEALTHCARE,24223
2025-12-01,Y07275,BROUGHTON HOUSE GP SURGERY,2851
2025-12-01,Y07377,THE YORKSHIRE GATEWAY - BEVAN HC,217
2025-12-01,Y07697,WIGAN BOROUGH SPECIALIST SERVICES,72
2025-12-01,Y07819,SPCL SURGERY,38
2025-12-01,Y08082,BASSETLAW SAS PRACTICE,7
2025-12-01,Y08186,BEVAN HEALTH INCLUSION SERVICE WAKEFIELD,27
2025-12-01,Y08371,BEAM PARK MEDICAL PRACTICE,4164
2025-12-01,Y08402,CROYDON GP COLLABORATIVE,48
2025-12-01,Y08411,ONE CARE LEWISHAM,307
