practice_code,list_17plus,t2dm_n,ndh_n
P81033,6650,545,515
P81038,8065,600,635
P81044,13805,1060,985
P81062,6345,465,495
P81154,6830,465,460
P81171,3825,255,295
P81057,11630,810,925
P81076,8935,675,840
P81117,4440,295,305
P81180,2755,240,180
P81186,3870,320,240
P81655,8590,485,570
P81032,11340,995,1235
P81070,6365,690,775
P81123,9930,965,1020
P81170,7790,990,775
P81731,1990,255,170
P81736,2975,350,355
P81166,1910,200,170
P81218,4965,380,350
P81699,1845,125,130
P81711,2275,170,205
P81726,1315,155,90
P81730,7265,560,715
P81755,7145,605,640
P81046,5660,395,355
P81071,5515,450,490
P81103,9310,660,935
P81119,8435,520,490
P81181,4265,330,385
P81213,15535,400,540
P81647,3345,295,295
P81664,14210,1085,1185
P81685,3505,310,300
P81748,6070,370,465
P81740,9065,640,810
Y02466,8905,365,435
P81017,12375,670,1045
P81069,9755,600,940
P81100,12915,870,1340
P81620,1280,65,125
A82033,6625,640,285
A82007,9360,730,890
A82008,9950,785,340
A82009,7515,630,625
A82010,5655,450,500
A82062,5180,415,580
A82071,3520,270,315
A82072,6070,525,605
P81002,56435,2760,3420
P81013,13170,795,750
P81025,10275,875,1020
P81065,12270,820,925
P81078,9850,665,1005
P81732,3850,230,445
P81757,3060,150,175
P81014,8240,440,285
P81041,8125,450,315
P81045,4040,265,270
P81695,5210,245,340
A82003,10205,730,555
A82039,7365,535,330
A82068,3980,235,75
A82651,4230,280,290
P81031,5865,430,485
P81037,10905,730,900
P81077,9555,680,955
P81150,10385,890,885
P81157,9715,705,780
Y01008,44445,3945,5045
P81003,7485,545,795
P81099,8895,640,715
P81118,7725,600,605
P81212,4920,405,510
P81686,1995,145,170
Y02606,4495,315,355
P81008,5965,480,610
P81035,6265,680,615
P81047,13175,1035,1150
P81053,6685,505,395
P81095,6575,650,850
P81137,5435,455,505
P81082,8980,670,760
P81083,7150,470,200
P81179,5205,360,220
P81185,8860,545,895
P81687,1770,125,125
P81005,9555,1065,1005
P81022,8790,655,580
P81061,3700,360,270
P81125,8050,660,695
P81214,3540,335,190
P81694,4055,280,145
A82025,9730,610,765
A82026,14545,890,1365
A82027,8640,605,655
P81039,4365,295,225
P81084,6955,475,570
P81112,14050,980,715
P81136,2435,205,235
P81201,4880,325,65
P81208,14330,1170,1050
P81074,11405,1025,915
P81081,5085,415,515
P81159,10315,945,935
P81714,4755,410,445
P81042,12045,1090,915
P81043,5635,470,400
P81063,9310,860,815
P81058,7930,710,590
P81167,4380,540,415
P81707,3980,525,410
P81709,4395,250,285
P81724,1965,280,220
P81734,14785,1245,1320
Y02657,6155,400,440
P81018,6815,365,570
P81040,8840,570,780
P81169,5580,450,510
P81692,1750,105,170
P81029,20885,1450,2105
P81113,6390,420,625
P81010,4670,230,310
P81127,7690,495,350
P81143,9490,565,740
P81701,2475,205,220
P81741,1915,120,135
Y00347,4490,340,340
A82005,5315,245,210
A82046,4240,215,245
A82053,6600,415,510
A82070,5830,315,185
A82613,920,50,45
A82647,2900,180,315
A82650,2570,110,100
A82030,5565,260,390
A82608,3685,180,505
B82061,6400,470,240
P81006,17390,1250,1995
P81059,6575,435,515
P81087,10090,1045,1200
P81128,8060,585,580
P81129,9895,670,715
P81016,9950,905,785
P81115,13400,1155,825
P81096,5940,310,575
P81138,2635,190,205
P81646,3610,245,270
P81674,4750,315,410
P81710,8495,615,855
P81020,19635,1475,1520
P81130,11295,850,1065
P81165,2190,190,195
P81197,3975,280,355
P81780,4245,465,75
P81155,4795,390,480
P81622,8535,1260,1015
P81683,5695,770,530
P81704,8535,820,675
P81721,2015,200,150
P81771,7500,870,745
P81086,7795,725,785
P81089,10275,955,795
P81668,5220,410,430
P81027,12075,890,1130
P81088,5655,425,480
P81132,7665,525,775
P81072,11845,995,1135
P81681,11350,1030,945
P81133,7575,645,545
P81149,7520,490,610
P81191,8375,630,755
P81742,2275,235,185
P81073,11305,1095,1210
P81079,10950,845,955
P81092,6745,645,825
P81051,11735,775,1005
P81140,12630,955,950
P81633,3120,240,285
P81015,10855,700,880
P81055,11645,660,1045
P81067,10370,830,1010
P81107,6775,385,520
P81184,6840,520,540
P81196,27420,2175,2405
P81735,2520,155,190
P81770,6105,400,385
P81036,14285,1165,1260
P81147,3955,400,390
P81160,12525,1190,1220
P81182,4830,530,495
Y02605,2765,205,240
P81054,7690,575,580
P81066,6545,610,605
P81172,9795,740,780
C87015,5595,465,515
C87016,10095,730,745
C87031,3195,320,225
C87616,5150,440,375
C87620,5610,535,475
C87003,9050,820,740
C87012,12270,1090,1170
C87020,4375,375,410
C87603,3290,290,300
C88019,6650,495,355
C88038,5310,405,75
C88060,3885,460,215
C88073,4440,295,305
C88076,7960,470,255
C88082,5315,180,75
C88631,1295,135,55
C88016,11030,550,750
C88034,7660,295,465
C88052,8945,335,480
C88053,3270,140,235
C88062,3795,125,175
C88652,3205,95,150
C85001,3645,345,285
C85003,10380,865,860
C85004,13625,915,1115
C85005,6110,640,460
C85006,4565,330,240
C85007,8820,730,775
C85008,10775,1010,955
C85009,5920,405,410
C85010,13755,1215,1330
C85013,8920,810,730
C85014,7855,720,590
C85016,9025,795,1020
C85017,9800,845,785
C85018,5730,595,615
C85019,9195,755,850
C85020,10430,760,830
C85022,10530,885,580
C85023,9215,885,415
C85024,5370,460,265
C85028,3310,275,200
C85030,8240,770,755
C85033,9415,540,370
C85614,3575,250,260
C85619,6790,530,470
C85622,1870,160,145
C85623,4285,210,200
Y00411,9225,735,645
Y04809,1780,145,60
Y05248,2695,220,260
Y05363,2410,190,205
Y05364,2680,210,195
C88008,10960,1015,885
C88027,3655,380,215
C88035,7905,715,90
C88047,6220,555,95
C88048,5975,575,410
C88051,5965,640,375
C88086,1960,170,115
C88622,2315,185,90
C88007,25600,385,110
C88005,13415,685,565
C88031,11115,620,600
C88044,4395,205,95
C88028,8035,350,370
C88079,7085,245,155
C88083,2140,135,80
C88022,4365,315,295
C88032,4700,360,260
C88050,3060,260,125
C88072,9935,865,910
C88085,7520,615,570
C86002,6490,630,395
C86032,4580,380,155
C86033,4105,415,350
C86038,7575,625,620
C86605,6105,550,340
C86616,2860,280,175
C86625,1290,90,60
C86626,2240,145,120
C88036,8375,605,540
C88059,2180,200,45
C88069,12070,1250,165
C88084,2425,285,110
C88655,935,115,10
Y05349,4745,165,35
C86006,8510,745,695
C86012,4640,420,355
C86019,13275,1025,1080
C86020,7160,700,765
C86025,5575,435,205
Y05167,10270,475,340
C87005,15390,1500,1440
C87017,10530,990,960
C87029,10025,865,845
C88627,37020,25,45
C88040,5025,260,380
C88074,4285,320,45
C88092,8090,665,485
C86003,7830,750,590
C86018,8100,730,375
C86021,5190,540,150
C86037,7480,780,570
C86609,16070,1370,910
C86611,5615,475,375
C86614,7775,785,715
C88023,8025,565,485
C88025,7545,525,225
C88078,5830,395,435
C88647,8955,790,480
C88648,6055,565,370
C88015,15360,1190,1165
C88026,10990,740,305
C88037,11565,765,1265
C88041,10370,590,755
C86007,14525,1130,1365
C86011,11290,935,730
C86017,12465,890,855
C86029,11665,985,965
C86005,3930,395,165
C86009,6220,465,540
C86013,7350,555,420
C86015,6665,640,385
C86024,9725,860,740
C86026,3990,370,140
C86034,6110,590,435
C86606,1960,125,145
C86621,3640,355,105
C88011,3600,310,210
C88014,7270,665,590
C88049,4910,385,360
C88070,5965,610,400
C88077,6015,570,425
C88091,1820,180,20
C86001,13395,1315,1290
C86016,7400,645,580
C86023,11135,885,900
C88018,7490,465,460
C88021,6365,415,60
C88043,8840,490,435
C88045,7390,490,455
C87002,17330,1395,1700
C87004,9785,690,585
C87008,13120,1030,1105
C87022,6760,585,560
C87007,9760,755,805
C87009,8580,750,430
C87014,7105,460,405
C87604,4815,330,375
C87622,8015,540,160
C88006,4545,330,250
C88020,5820,530,350
C88030,6840,495,215
C88087,7315,590,615
C88088,5535,500,350
C88090,6465,620,435
C88009,4820,430,380
C88010,12035,970,155
C88039,7105,670,615
C88054,6525,445,340
C88095,4720,365,305
C87006,11820,1075,1010
C87010,3580,385,350
C87013,5295,545,325
C87018,6475,475,305
C87024,3190,245,155
C87030,7875,755,585
C87608,4305,485,185
C88046,5520,255,195
M81019,14015,1215,1080
M81064,6625,435,505
M81077,4100,265,320
M81083,4155,320,440
M81616,2715,225,270
M81617,4335,300,260
M81012,11600,775,1300
M81048,8285,680,810
M81076,2620,135,280
M81600,3410,180,305
M81004,13060,1090,2295
M81007,4830,320,765
M81029,7045,555,1385
M81058,8610,885,1520
M81094,7840,605,700
M81627,6945,405,550
Y03602,5080,325,570
M81006,18190,1120,1225
M81008,16850,1185,1490
M81017,9630,740,595
M81022,14695,1030,1390
M81035,11450,865,935
M81037,10030,705,915
M81049,9340,630,615
M81063,11290,730,895
M81072,5925,375,550
M81016,16255,1125,1470
M81018,5530,310,460
M81042,8275,635,965
M81043,7615,545,695
M81054,6275,495,700
M81032,10540,705,980
M81066,6990,515,560
M81093,8195,630,610
M81011,5870,365,565
M81033,6345,330,570
M81034,7355,630,860
M81045,4280,250,470
M81047,8730,695,960
M81090,3020,190,325
M81091,11715,785,1305
M81026,38585,2580,2715
M81038,10605,830,1370
M81046,10250,695,1175
M81074,9225,680,960
M81010,11815,950,1420
M81027,7765,410,860
M81040,18295,1675,2705
M81056,10665,985,1435
M81057,13250,1115,1870
M81021,10675,575,930
M81025,4255,285,390
M81055,4620,385,515
M81069,8060,600,770
M81070,9375,755,805
M81078,5565,260,570
M81082,12460,870,1120
M81084,4580,345,290
M81605,4600,220,430
M81005,11020,1000,1060
M81015,7935,675,700
M81068,12785,1085,1470
M81608,3315,285,390
M81001,14085,1200,750
M81002,11860,895,1095
M81020,9745,830,855
M81041,9095,685,210
M81092,4645,330,290
M81039,10070,690,985
M81075,10880,875,1220
M81081,4645,350,545
M81629,8495,525,665
M81009,4865,290,515
M81024,4415,270,425
M81044,9925,685,930
M81061,7665,505,685
M81067,4495,280,270
M81604,5680,345,450
F81097,14355,935,390
F81159,5955,280,85
F81207,2070,125,65
F81744,2245,160,65
F81046,3850,345,140
F81112,11995,535,255
F81128,12055,835,210
F81144,17415,900,420
F81086,6230,395,155
F81121,12785,925,280
F81613,7020,565,155
F81649,3695,295,85
F81082,3585,365,305
F81110,9000,715,310
F81206,4325,360,90
F81652,4160,410,175
F81126,8255,690,1555
F81130,5070,425,175
F81170,11315,745,365
F81183,4915,490,840
F81674,9170,510,865
F81751,3475,275,400
F81100,20010,1410,2070
F81105,16700,1185,1705
F81149,9335,615,1000
F81173,4870,460,360
F81186,5365,440,45
F81640,3480,280,140
F81729,2770,205,175
Y00469,9405,890,395
F81003,5110,325,280
F81081,17625,1435,1125
F81147,4260,315,280
F81164,7670,595,565
F81176,2500,210,145
F81223,2690,235,150
F81656,2295,200,135
Y02177,5255,315,275
Y02707,5170,400,315
F81022,13385,1015,895
F81030,13875,1235,2245
F81076,3910,250,210
F81099,10490,860,1645
F81193,5480,500,895
F81635,1995,135,135
F81001,10765,780,395
F81075,10640,795,250
F81101,4700,275,150
F81142,5190,400,190
F81618,3490,260,165
F81713,2200,120,95
F81010,9740,655,295
F81134,6050,290,155
F81197,2090,160,55
F81632,4280,320,175
F81669,5180,320,265
Y00033,4940,340,85
F81061,6435,500,220
F81066,5320,365,190
F81123,16830,1080,545
F81125,12150,865,455
F81704,3160,170,35
F81071,12175,720,1130
F81117,8050,570,1120
F81665,4020,230,355
Y02611,11570,630,1115
F81007,16465,1195,245
F81089,8485,610,135
F81675,4265,245,170
F81690,4690,325,225
F81006,4245,285,140
F81031,6050,515,85
F81060,3720,360,95
F81158,3025,285,175
F81645,3415,350,110
F81707,4030,255,115
F81711,2805,205,90
Y00758,1955,165,40
Y03052,11360,800,390
F81113,11245,695,245
F81155,4335,395,200
F81192,8285,645,585
F81211,4050,285,70
F81219,4350,300,290
F81623,1970,170,10
F81641,6015,405,205
Y00999,8580,605,260
Y02807,9305,530,240
F81025,8220,615,405
F81029,6145,40,15
F81108,14825,1215,755
F81150,9660,710,210
F81666,2745,165,25
F81023,10755,575,330
F81038,10920,680,640
F81055,10790,525,210
F81085,11025,645,980
F81102,5890,315,330
F81163,5825,315,460
F81215,8120,465,475
F81737,2380,120,130
F81014,9540,685,730
F81087,11355,955,715
F81132,14135,1280,2030
F81683,8270,625,480
Y05023,3915,305,310
F81051,6210,560,110
F81096,8945,895,160
F81205,4560,480,190
F81700,3240,290,50
F81739,5600,615,145
F81740,5535,545,215
F81011,6520,430,570
F81020,6935,460,955
F81068,13730,935,980
F81119,6840,455,550
F81730,5740,360,330
Y00293,7675,545,690
F81098,6755,495,720
F81122,25880,2025,2640
F81013,10225,485,335
F81045,5520,340,280
F81080,9825,545,355
F81104,4030,320,375
F81222,4110,215,195
F81036,14710,1045,775
F81041,11600,905,650
F81732,5555,445,310
F81088,2120,160,115
F81137,6015,410,305
F81153,10470,840,625
F81177,3410,270,150
F81198,2215,150,55
F81697,2465,210,225
F81040,4015,250,215
F81057,12170,645,1450
F81083,9960,730,1115
F81114,11205,765,1190
E81009,10180,795,1515
E81014,14195,1130,1410
E81045,8300,740,1160
E81052,6665,505,960
E81069,4175,395,650
E81635,5800,405,810
E81003,16460,975,860
E81004,9560,570,225
E81044,15845,985,750
E81035,7895,655,1090
E81057,17615,1165,1705
E81015,11885,895,1710
E81043,8685,640,855
E81063,6685,1150,1460
E81076,4025,525,935
E81631,7435,1020,980
E81633,3860,480,480
Y02332,14075,1600,1770
E81007,5575,350,680
E81024,5140,325,550
E81031,4285,345,355
E81047,14755,1045,2105
E81049,6395,450,710
K82057,7385,420,440
K82003,12455,985,435
K82025,9035,865,445
K82027,4895,405,275
K82032,9690,860,685
K82617,6465,425,345
K82013,11500,965,890
K82026,16615,1530,1155
E81019,17430,1640,2000
E81029,14355,1310,1780
E81030,8355,640,710
E81060,4830,550,675
E81022,14990,960,820
E81033,15910,1100,2015
E81061,5560,380,635
E81050,10525,615,940
K82064,6085,425,250
K82615,11685,635,585
E81005,8465,1030,1425
E81018,10590,1190,1680
E81041,10635,1240,1295
E81073,13940,1035,1175
E81632,6645,700,1115
K82009,32845,2285,2670
E81013,13575,925,1240
Y02463,9680,480,800
E81006,7590,735,1220
E81026,7730,735,1315
E81028,12005,1595,2065
E81617,4230,460,720
E81008,9815,1055,1385
E81027,10270,910,1155
E81034,6520,540,965
K82054,8410,890,515
K82065,18015,1155,1200
K82610,6765,540,495
K82631,12520,695,620
E81021,16755,1680,1705
E81038,17710,1765,2765
E81615,3325,435,470
Y00560,12685,825,1430
E81010,7195,760,1030
E81016,4930,765,770
E81025,5795,670,820
E81040,7530,705,1245
E81048,8590,945,1195
E81612,4350,635,790
E81002,8025,510,1085
E81046,10060,765,1240
E81074,9590,645,1310
K82015,8185,595,405
K82039,12815,920,645
K82059,6850,525,510
K82633,12415,735,595
Y02900,16020,680,595
Y06810,11195,655,425
E81037,31130,2480,4870
E81032,37185,2575,4485
K82016,23930,1265,1620
E81012,10500,730,505
E81036,10265,775,865
M89005,7040,505,750
M89007,5380,415,295
M89019,8945,630,735
M89024,3220,290,315
M85076,8390,785,830
M85077,7795,420,520
M85086,8240,605,810
M85600,12610,845,1120
M85730,4305,255,145
M85005,5600,205,160
M85024,5365,750,655
M85094,1975,155,135
M85146,4860,635,335
M85679,4160,555,105
M85699,4080,590,420
M85749,2285,355,245
M85781,3020,415,335
M85060,12360,1045,1290
M85081,7165,715,670
M85087,8495,825,1140
M85108,4535,575,470
M85732,2010,125,125
M85759,5385,535,605
M85792,2725,250,345
M85078,7930,1130,565
M85097,1745,135,75
M85136,8030,760,535
M85153,3010,410,330
M85179,3980,350,220
M85735,4565,620,410
M85736,3985,380,285
M85774,5350,520,485
M85783,4105,435,245
M85794,3175,405,290
Y01057,1170,45,85
M85009,5280,640,605
M85145,7655,890,965
M85176,4325,525,675
M85684,3375,155,135
M85721,8970,595,760
Y00412,4610,620,695
M85177,4905,460,380
M89015,9770,760,1085
Y00159,24300,2435,2380
M85025,14440,455,365
M85084,4915,480,220
M85088,14780,920,940
M85029,15505,1085,1515
M85030,13865,1220,1275
M85071,6565,590,560
M89010,8945,475,690
M89016,10490,635,1160
M89030,4900,210,485
M89608,3040,155,145
M85001,3690,345,365
M85014,3270,295,310
M85065,11585,920,1020
M85070,10500,905,870
M85115,1815,185,165
M85716,4080,365,300
M85123,6670,1130,475
M85154,3325,560,215
M85642,4520,710,350
M85686,1185,135,120
M85701,3670,500,390
M85711,3135,285,365
M91642,1345,115,110
M85124,10700,525,620
M85178,34485,3710,3210
M89017,45705,2855,3260
M85011,5815,565,535
M85694,2880,260,350
M85717,3205,255,295
M85770,1740,165,170
Y02893,16205,1765,1965
M85041,13720,245,355
M85058,13145,600,610
M85167,14550,220,245
M88020,10555,920,545
M85026,12515,985,1340
M85033,13970,835,1360
M85175,8915,550,800
M85164,10160,1230,855
M85778,16920,195,220
Y00471,6425,395,495
M85023,7085,655,580
M85027,6475,545,395
M85035,4215,385,280
M85056,5965,480,370
M85117,4605,420,450
M85143,5850,535,585
M85019,14290,1525,1455
M85082,4465,525,535
Y06378,5135,370,370
M85051,5895,710,355
M85116,6350,935,745
M85128,4015,515,625
M85174,3470,340,320
M85713,3980,590,540
M85756,2270,270,65
M85766,3170,350,145
Y05826,4430,395,430
M85046,43010,2840,4125
M85020,15240,1665,1555
M85098,4385,310,430
M85634,7605,935,615
M85676,4800,625,410
M85697,3520,400,525
M85715,8615,1060,795
M85757,3205,365,105
M85797,10155,415,500
Y00492,6490,440,250
M89003,32055,2215,2575
M85006,8080,735,915
M85018,8345,815,1040
M85074,6710,405,540
M85105,4040,405,420
M85118,2475,225,270
Y02571,6300,345,505
M85031,8450,850,905
M85048,9155,875,920
M85079,8265,795,840
M85107,2765,240,245
M85141,2415,265,320
M85746,4115,420,410
Y02567,4285,370,340
M85063,46830,4070,4100
M85066,5585,570,605
M85139,4300,710,460
M85149,4435,750,450
M85170,3990,665,265
M85670,2725,410,260
M85739,4125,445,345
Y01068,3530,395,390
Y02794,8110,780,755
Y03597,5000,675,560
M85053,5030,620,745
M85680,1845,215,155
M85803,8060,810,770
M85028,19760,1420,1725
M85172,10820,905,1020
M85013,2995,310,385
M85034,12010,1280,1350
M85061,8950,1000,1065
M85113,4790,500,540
M85706,10730,1300,1315
M85016,4155,445,305
M85155,5145,450,535
M85158,1720,155,160
M85624,5020,445,465
M85669,5725,375,440
M85779,2180,230,340
M85021,3790,205,225
M85037,7605,585,720
M85042,4280,250,190
M85055,5460,305,140
M85156,8190,505,235
M85693,1975,165,115
M85733,5680,495,700
M85007,13105,1035,550
M85043,3350,410,165
M85047,4870,350,225
M85062,3815,335,310
M85171,2295,225,195
M89001,2970,280,300
M89002,4900,470,395
M89008,10610,970,1005
M89009,8975,820,790
M89012,8645,755,800
M89013,4565,420,95
M89021,3985,335,395
M89026,8555,190,235
M89027,6240,590,460
A82012,14280,1040,1820
A82646,3200,350,310
A83022,21885,2080,3285
A83030,11725,950,1680
A83036,8765,660,1395
A81004,9145,720,1420
A81012,4360,380,500
A81019,6930,670,670
A81035,7855,685,355
A81038,2805,340,275
A81049,4990,515,720
A81058,7345,620,520
A81611,7430,595,940
A87005,11285,715,760
A87008,6910,335,350
A87011,5325,330,465
A87020,11145,760,740
A89011,3880,380,325
A89027,5170,425,525
A89032,7665,580,875
A89041,6475,560,585
A89614,3685,360,400
A84011,7100,440,810
A84016,5710,420,575
A84018,6280,340,225
A84024,8890,590,430
A84027,2945,220,50
A84033,5000,305,620
A84034,4765,425,750
A84040,2950,185,430
A84042,1905,140,275
A84047,4630,275,525
A81002,15495,1280,1190
A81006,11840,1130,1025
A81067,8800,690,485
A81005,6485,545,890
A81013,6240,655,965
A81022,7795,755,730
A81032,9720,755,1225
A81053,4830,505,855
A82004,1915,150,270
A82006,4390,340,715
A82013,5610,465,305
A82031,2845,235,385
A82035,12385,865,1810
A82036,9680,570,1460
A82038,3895,250,555
A82617,2330,150,320
A82620,860,40,25
A82631,3200,240,370
A84002,5435,410,730
A84007,9000,535,990
A84022,10410,990,1275
A84025,4495,355,425
A84029,3910,350,320
A84036,40675,3375,4005
A84045,4565,345,570
A84619,3575,305,395
A87013,7610,740,910
A87016,10570,755,1000
A87029,17230,1380,1705
A84005,10510,955,1155
A84013,5230,550,590
A84020,6795,740,850
A84028,16335,1635,1880
A83001,12670,1085,1995
A83045,12340,1240,1995
A83052,7180,650,1020
A83054,13785,1270,1835
A83634,2245,290,435
A85004,8310,735,870
A85009,5340,485,525
A85011,5890,590,620
A85611,4550,370,280
A83007,8570,805,915
A83012,12775,1080,740
A83044,6775,655,450
A89006,6545,560,690
A89007,8390,825,695
A89017,11960,955,885
A89020,7270,565,680
A89024,6320,485,640
A89031,5990,390,350
A89623,2480,170,75
A86010,9150,470,710
A86011,8570,885,1215
A86023,8655,645,820
A86024,6005,390,520
A86027,21270,150,210
A86029,17985,1135,1340
A86040,5030,500,440
A88002,13880,1165,835
A88005,3555,405,330
A88006,6400,600,555
A88008,5445,465,610
A88014,2455,180,130
A88015,6100,550,645
A81018,8315,880,1285
A81045,5170,530,835
A81048,6000,600,1075
A81052,8250,815,1320
A81054,7025,690,1135
A81618,8625,740,1250
Y00286,2755,240,355
A84030,9495,880,170
A84037,5120,470,545
A84038,7420,585,850
A87017,5430,450,445
A84009,21815,2060,2320
A84014,11240,1005,500
A84006,16265,1285,1435
A84008,4035,325,245
A84026,7860,640,570
A84031,9165,590,830
A84039,6030,370,360
A84044,6065,565,585
A84604,4295,380,540
A82014,3785,245,610
A82022,4295,340,660
A82028,7305,405,1020
A82029,3040,255,450
A82037,3815,390,410
A82045,7495,615,1180
A82055,5965,590,560
A83057,14890,1570,1770
A83610,2845,270,235
A83616,6935,630,575
A83619,2730,275,230
A81007,8590,680,615
A81011,9730,910,825
A81031,10955,860,995
A83032,2245,235,360
A83043,2370,270,550
A83046,9315,785,1705
A83060,2450,245,430
A83061,3170,220,385
A83626,1865,235,330
A85006,12050,975,1070
A85010,9525,785,1025
A85020,13145,950,1360
A85617,3095,235,300
A86006,4895,305,555
A86018,11055,595,1140
A86020,23550,910,1605
A83008,4380,470,755
A83037,10895,1170,1495
A83066,10040,915,715
A83074,9630,915,1485
A88001,2990,250,250
A88004,7385,655,755
A88010,2865,320,200
A88012,4915,415,265
A88022,8810,680,735
A88025,3735,365,50
A88608,4940,450,490
A88613,3455,300,295
A83011,31110,660,1370
A81044,15510,1245,1360
A81063,4365,405,245
A81070,4795,310,335
A85014,16850,1290,1675
A85018,3940,320,360
A85024,2185,215,265
A85616,4110,385,435
A89008,4465,390,380
A89015,7995,560,905
A89016,8020,500,770
A89019,12055,1150,1335
A89036,1730,175,110
A89040,4075,320,255
A86003,39450,1140,1390
A86012,9600,845,935
A86017,9525,870,880
A86021,8090,745,845
A83005,9880,995,1700
A83006,6990,695,1240
A83010,11100,1035,1945
A83013,10505,890,350
A83031,9745,715,1580
A83034,9140,720,1375
A83040,9945,960,1560
A83047,12350,1100,1825
A83048,5230,385,770
A83070,4960,410,650
A83641,3930,345,590
A86004,11450,990,1130
A86030,8490,845,480
A86031,8420,710,900
A86037,6595,630,625
Y00184,7385,550,550
A82024,5065,430,200
A82041,11525,1150,1140
A82044,18905,1655,1835
A89001,10930,935,655
A89002,5975,495,205
A89005,4770,430,575
A89013,4995,450,395
A89018,4425,395,285
A89034,3735,245,290
A89035,8465,680,590
A83014,5245,430,645
A83024,4590,465,730
A83027,6285,515,825
A83055,4185,330,505
A83635,3550,245,355
A81016,9555,705,1065
A81020,6280,600,895
A81023,7130,440,625
A81029,5850,420,690
A81037,5520,520,585
A81064,6930,410,585
A81621,1935,185,220
A89010,10230,1030,1240
A89012,9340,865,730
A89022,4355,405,470
A89025,8065,640,805
A89026,6035,540,385
A89616,2280,180,235
A89617,3050,260,355
A81027,12040,630,905
A81034,16485,1215,1195
A81039,10125,590,745
A81066,4485,260,405
A82015,11090,715,595
A82020,12605,995,785
A82654,6505,495,515
A82047,27195,2360,3775
A89004,9705,890,685
A89009,7755,600,585
A89021,7005,645,640
A89023,6815,635,820
A89028,6150,470,625
A89030,5475,505,515
A81041,7740,700,800
A81060,5135,410,275
A81612,3325,275,155
A81622,4450,360,380
A81631,6105,515,540
A83016,8905,975,1625
A83018,14180,1395,2360
A83023,10080,1035,1685
A83038,5020,350,835
A83049,13285,1005,2205
A83072,3445,260,720
A83073,4380,470,830
A83617,2260,225,435
A83618,6345,610,1160
A83622,1435,165,320
A83636,4745,435,720
A83644,2985,330,560
A86008,10630,760,1020
A86028,6150,490,425
A86033,6060,285,395
A85005,14615,1195,1475
A85008,12630,1135,1485
A85021,3995,165,195
A85614,7240,35,25
A82021,15470,985,905
A82032,11335,1220,1705
A83009,6650,540,1120
A83026,8795,720,1445
A83028,7990,690,1355
A83029,4420,360,825
A83033,8255,770,1225
A83050,10590,830,1680
A83637,3475,370,650
A83041,6040,625,675
A83051,9255,835,1090
A83071,3795,360,395
A83075,6910,690,695
A83627,5195,510,280
A81009,6590,600,960
A81026,16140,1410,1950
A81030,13390,1075,1835
A83015,8120,845,1490
A83021,12875,1365,2190
A83025,11300,1215,1760
A81021,18315,1750,2260
A81042,12130,1260,1895
A81051,5825,560,890
A81065,2860,295,385
A86013,5935,575,715
A86022,6960,520,810
A86025,10610,925,1125
A86026,5955,500,525
A86038,5095,455,545
A86601,7415,670,760
A88003,19195,1565,1670
A88009,5055,365,420
A88013,15290,1195,1365
A88016,6780,560,765
A88023,4480,375,450
A88601,3685,295,250
A81001,3170,310,275
A81017,14725,1020,835
A81025,3305,270,190
A81046,9975,815,575
A81608,12490,740,925
A81629,5560,470,370
A81634,2550,100,80
A87002,5210,1410,2020
A87004,20335,1665,2160
A87009,12715,860,1100
A87030,4830,385,335
A85001,6195,395,440
A85002,3295,295,370
A85007,7195,425,520
A85013,3340,320,140
A85016,9815,840,1015
A85017,5850,285,335
A85019,8885,760,835
A85026,4645,390,500
A82016,32565,2600,3325
A82018,11120,720,375
A81014,3460,335,145
A81036,13285,1070,1210
A81040,6905,570,435
A81056,1985,140,95
A81057,7910,655,695
A81602,1895,160,190
A81610,6335,510,535
A82023,5315,440,635
A82064,5250,455,315
A82075,6310,570,845
A86005,4895,435,95
A86016,7885,545,690
A86041,5420,400,345
A87007,14585,1235,1495
A87012,6240,540,785
A87022,7500,500,610
A87612,5260,460,590
A87615,4380,330,390
A83003,7625,800,1510
A83020,11070,1125,1955
A83035,6290,570,1190
A84035,5025,380,265
A84614,1815,145,130
C81033,13120,1480,1990
C81041,9630,965,1530
C81095,4000,365,480
C81096,4735,475,445
C81638,3280,340,480
C81655,3140,385,525
Y04977,4550,495,340
C81072,22675,1665,1385
Y05286,12720,830,765
C81037,8885,505,585
C81062,7720,540,555
C81075,4420,260,285
C81086,6915,415,480
C81008,8005,890,1455
C81029,14125,1570,2355
C81050,7775,780,795
C81055,3925,465,710
C81056,5410,625,1110
C81099,9090,950,935
C81647,3555,410,755
C81658,6390,470,1315
C81010,11575,840,890
C81021,12105,1000,910
C81022,3415,275,225
C81023,6730,515,290
C81026,5410,410,340
C81046,4005,285,340
C81061,14865,1125,810
C81083,13655,925,790
C81097,4980,360,245
C81115,4240,335,250
C81604,3760,245,240
C81003,8575,570,1295
C81034,9345,585,1395
C81063,7855,560,845
C81065,7520,510,1245
C81074,4660,340,655
C81080,6860,465,990
C81082,2955,205,600
C81634,3825,265,410
C81035,9770,920,520
C81047,10135,795,470
C81054,27230,2205,1425
C81057,8790,515,610
C81108,12585,745,640
C81110,9525,505,360
Y05733,5295,410,285
C81045,11040,1055,1815
Y04995,15400,1710,2520
C81007,9485,625,550
C81014,9480,785,705
C81040,6845,285,395
C81042,10665,640,500
C81064,10485,620,775
C81068,10015,765,630
C81113,5170,350,295
C81118,6290,955,440
C81616,4010,605,465
C81653,3535,195,155
C81006,20795,1385,925
C81009,17465,1185,825
C81071,10220,865,535
C81073,10515,680,460
C81652,4200,240,165
C81051,22980,1445,1220
C81066,10070,610,685
C81081,16835,1065,1520
C81106,5990,345,510
C81615,1835,145,125
C81640,3055,190,195
C81017,7480,490,560
C81038,10490,705,610
C81048,9285,470,530
C81069,11550,730,555
C81013,4070,310,855
C81016,7465,575,1105
C81028,6310,500,1055
C81030,7745,625,1150
C81039,3120,215,630
C81092,4980,305,800
C81101,7080,600,1070
C81611,2140,160,385
C81001,9440,1050,1820
C81002,10350,955,1935
C81091,7035,745,1115
C81662,6970,550,1190
C81004,8690,580,570
C81005,13935,1150,845
C81027,6715,585,440
C81031,7765,615,395
C81049,7945,590,350
C81052,5940,490,325
C81053,8885,690,520
C81059,5080,370,200
C81094,6915,430,395
C81012,13145,1255,2115
C81015,10110,970,1605
C81025,8570,630,1145
C81044,7120,750,1085
C81058,7330,810,1200
C81067,8350,715,1080
C81070,3390,275,330
C81084,17030,1555,2910
C81089,5080,425,605
C81649,6500,710,1215
C81020,8875,645,920
C81032,11460,960,675
C81060,8870,730,630
C81114,10645,715,540
Y01812,8890,690,330
C81036,4450,225,165
F81026,7615,730,910
F81156,7450,750,740
F81681,13845,1820,1410
D83026,7850,515,810
D83028,7985,610,750
D83053,7910,565,500
D83060,20230,1525,1650
D83075,10460,820,890
D83007,7860,620,435
D83033,8615,580,580
D83055,13300,1070,1370
D83070,4385,410,395
D83024,11635,710,990
D83059,16625,1065,1155
D83073,4840,315,175
D83074,11730,660,815
Y01794,12025,1045,1285
F81115,22690,1485,1875
Y02646,7760,425,300
D83003,4370,325,385
D83064,3910,330,365
D83076,4625,225,395
D83008,13575,1015,935
D83048,14895,1205,1485
D83056,8350,670,555
F81037,6980,725,645
F81212,7935,815,395
F81213,6385,535,640
F81221,4215,295,250
F81606,2485,195,115
F81741,9250,1170,990
F81069,6650,435,205
F81633,3895,250,155
F81636,13855,795,880
F81679,6215,425,380
F81746,2785,150,115
D83001,9360,595,665
D83006,6290,420,335
D83017,11610,825,1015
D83020,6820,450,535
D83037,13470,960,1310
F81067,11715,840,845
F81091,7840,500,500
F81095,16830,1210,1105
F81716,7845,475,525
F81019,14140,1345,940
F81021,9840,865,1055
F81052,12800,1365,1420
D83012,20365,1735,2115
D83021,15760,1215,1635
D83015,7420,695,780
D83019,6670,465,580
D83041,8305,530,680
D83043,5325,385,410
D83044,18735,1310,1560
D83051,15465,1060,1080
D83069,5455,305,450
D83079,7890,530,620
D83081,7075,590,610
D83049,5940,395,610
D83054,5935,390,425
D83057,11765,705,1095
D83061,8360,550,645
F81042,32980,2090,2830
F81012,6475,490,590
F81017,7110,790,560
F81028,7520,375,735
F81044,6290,400,645
F81116,9170,785,835
F81133,10105,805,695
F81141,15465,220,300
F81757,5535,365,315
D83018,10400,925,695
D83027,9820,550,350
D83029,12080,810,885
D83045,4625,410,320
D83062,6335,720,775
D83067,6535,365,460
D83078,7745,510,575
Y00774,4385,430,470
D83050,22725,1790,1945
D83080,4910,315,430
D83084,5290,395,415
D83004,8485,760,605
D83046,24400,1545,1960
D83005,12110,850,1095
D83013,11440,880,1445
D83038,12995,820,1435
D83040,9260,635,925
D83610,10575,645,1045
L83066,14810,780,1195
L83077,6705,370,600
L83084,6815,480,500
L83099,4820,310,350
L83143,3685,205,250
L83024,7200,385,455
L83042,8170,410,550
L83058,6620,415,535
L83115,3720,285,380
L83655,5870,415,320
L83673,700,25,20
L83096,15395,1050,1525
L83097,10465,530,870
L83137,10630,855,1260
L83011,7315,545,610
L83056,22495,1695,2395
L83116,4425,280,465
L83136,5120,430,825
L83628,5390,370,650
L83036,9775,545,655
L83040,13945,705,880
L83041,7555,435,315
L83079,7065,410,685
Y04662,4055,135,155
L83031,10190,625,635
L83034,8365,605,710
L83045,12620,790,1195
L83044,7010,450,570
L83092,13015,870,1320
L83128,6340,440,510
L83134,3410,155,105
L83616,1935,125,185
L83038,11640,685,1200
L83101,13020,950,1475
L83102,6610,470,700
L83006,27600,2430,2675
L83025,6455,485,780
L83127,13235,900,1485
Y02633,4865,325,275
L83012,2705,205,350
L83069,12990,1070,1585
L83021,8525,645,605
L83064,10275,755,860
L83081,5365,265,390
L83639,2420,130,260
L83003,9810,610,690
L83035,13740,1005,1360
L83057,6680,510,905
L83073,15850,1215,1640
L83005,13210,1090,1130
L83120,14720,1130,1615
L83657,4665,260,255
L83055,13510,1030,1205
L83111,13125,950,725
L83131,21625,1625,1760
L83004,9555,680,735
L83046,7910,525,535
L83051,8640,640,760
L83666,3150,235,250
L83026,4400,355,505
L83050,11175,860,1100
L83083,12555,830,1135
L83105,5730,440,585
L83106,8025,555,660
L83129,2575,190,190
L83100,35530,2380,2740
L83028,9175,765,710
L83071,6795,480,455
L83112,5410,350,345
L83624,6265,465,355
L83646,7120,535,530
L83648,21405,615,890
L83651,3655,245,215
L83008,24350,1795,2500
L83030,8600,575,600
L83048,9010,710,690
L83076,9170,620,595
L83089,11095,815,850
L83147,11735,660,725
L83023,4770,325,480
L83052,10910,830,725
L83085,15380,1115,1575
L83015,6185,525,560
L83019,8215,765,780
L83039,4365,380,180
L83072,10670,730,680
L83113,5885,525,375
L83016,36765,1115,1840
Y00568,4090,180,205
L83002,15040,1065,1850
L83067,13245,960,2210
L83095,13185,790,1530
L83059,8510,475,700
L83086,4280,275,325
L83088,4470,240,335
L83094,7265,440,460
L83148,3235,200,340
L83010,5990,360,730
L83043,12435,585,1120
L83070,4240,270,430
L83075,5045,320,540
L83146,4110,195,410
L83013,12975,980,1190
L83027,6605,395,220
L83029,6945,430,295
L83118,14695,1060,1125
L83014,17440,1435,2320
L83103,13635,1115,1140
L83607,4610,410,435
L83049,2915,140,180
L83082,2850,130,385
L83087,12595,940,1280
L83098,4570,280,545
L83663,2570,200,235
L83007,7930,595,1025
L83020,10800,875,1445
L83054,5005,475,630
C83027,8770,760,785
C83043,8985,750,700
C83061,7775,655,760
C83083,6295,620,640
C83613,4420,415,155
C83635,4630,440,410
C83643,2065,195,205
C83650,3425,315,270
C83026,19655,1560,2450
C83028,6570,680,710
C83036,6820,700,750
C83039,4820,520,560
C83054,12405,920,1260
C83063,13355,1545,2175
C83065,7710,765,670
C83614,3130,315,305
C83617,7475,575,710
C83014,8340,635,785
C83025,15005,1040,980
C83041,6375,525,450
C83082,8610,675,535
C83042,5940,565,685
C83056,11860,955,1310
C83085,11135,885,840
C83634,4145,360,360
C83001,25605,1110,950
C83626,8835,430,500
C83003,17340,1225,1435
C83022,18600,1500,1670
C83007,22560,1465,2325
C83035,10065,790,1085
C83018,9750,865,1015
C83033,3210,270,355
C83038,6935,600,625
C83044,9645,845,260
C83641,3465,310,355
C83005,6370,515,420
C83019,18855,2190,1925
C83032,5965,610,625
C83045,14305,1490,1245
C83049,9145,700,615
C83055,5180,465,390
C83064,12565,1955,1275
C83009,6920,540,935
C83031,10455,875,1320
C83037,8040,505,330
C83051,7380,415,310
C83052,3345,255,185
C83072,7910,575,555
C83073,6770,325,400
C83074,4170,305,400
C83079,5030,355,445
C83011,10065,870,495
C83013,6665,550,700
C83020,8380,670,905
C83023,14575,1110,1515
C83030,4315,430,260
Y01652,5280,445,700
C82076,5825,360,570
C83008,5705,430,510
C83024,3240,210,275
C83040,12250,1015,1375
C83048,10780,775,940
C83053,2030,165,185
C83067,5830,415,400
C83075,8505,665,690
C83080,4645,370,290
C83649,4375,295,250
C83004,9650,725,540
C83010,15455,945,900
C83015,7305,685,865
C83057,6560,500,395
C83059,11345,840,800
C83060,12825,1100,1020
C83002,7360,500,205
C83029,3840,285,115
C83046,5020,340,165
C83058,7525,515,370
C83062,4700,385,275
C83078,7320,605,650
C83611,5600,320,400
C82020,19680,310,240
C82060,3155,450,95
Y00137,25595,2485,1600
C82088,8270,1310,855
C82099,3525,580,330
C82119,2675,285,190
C82659,2370,400,280
C82660,5790,640,610
C82669,3250,245,210
C82671,6445,985,770
C82662,6880,425,355
C82018,11275,1525,1100
C82086,8315,630,530
C82094,5260,550,500
C82116,4195,545,485
C82013,10675,1010,1070
C82021,6130,500,455
C82048,4020,480,325
C82067,7090,770,465
C82071,11420,1050,905
C82079,5630,470,235
C82039,8725,815,825
C82055,12000,810,900
C82066,13420,1040,280
C82631,5595,375,335
C82016,9180,585,645
C82038,30390,2355,2700
C82042,10500,800,655
C82078,10025,855,865
C82001,20615,1235,1545
C82022,6050,410,390
C82032,5985,415,615
C82034,8090,400,510
C82062,7375,475,650
C82095,7295,500,165
C82097,2215,175,120
C82600,4965,295,275
C82644,3800,315,255
Y00252,2520,120,190
C82043,9325,710,925
C82047,8875,610,640
C82075,8910,630,730
C82082,4625,355,435
C82059,1520,80,35
C82092,3775,265,225
C82107,6285,1035,590
C82620,2010,195,10
C82639,8575,725,705
C82653,1600,100,15
C82007,8855,570,470
C82012,9570,780,705
C82014,14725,910,935
C82017,13065,990,295
C82028,6165,535,460
C82045,6500,495,430
C82050,11565,930,1430
C82052,3170,305,210
C82072,6915,630,365
C82096,7930,575,530
C82102,4095,225,180
C82120,3250,275,290
C82008,6635,655,495
C82053,8355,800,835
C82124,23135,340,315
C82009,24240,1510,2085
C82109,4280,250,395
C82041,10645,600,930
C82064,10180,845,1005
C82103,5830,570,585
C82656,2300,185,145
C82019,4515,460,255
C82046,13475,1255,965
C82100,4660,450,270
C82670,910,30,30
Y00344,1575,45,45
C82003,9540,845,640
C82091,7440,735,790
C82112,7480,675,500
C82627,6275,770,270
C82678,4800,635,590
C82024,16890,2975,1630
C82037,8775,1675,135
C82084,3020,350,250
C82651,3190,570,295
C82667,6200,885,615
C82010,12480,925,1440
C82044,7720,410,995
C82077,10460,630,1060
C82649,4720,325,555
C82002,9005,615,515
C82025,9040,655,775
C82068,10255,840,930
C82098,5980,460,650
C82611,5540,340,305
C82030,5770,705,230
C82031,11050,1245,640
C82033,8995,955,630
C82063,10025,1140,915
C82676,5465,580,260
C82051,9805,735,780
C82121,12320,1075,1145
C82634,4830,325,320
C82650,4185,300,105
C82011,10215,855,875
C82026,6940,565,615
C82035,6695,535,565
C82070,8800,780,865
C82111,16950,60,95
C82080,3655,535,350
C82642,7715,1225,775
C82643,10525,1710,1260
Y02469,7300,820,655
Y02686,7350,300,245
C82073,11535,900,785
C82114,2100,150,105
C82610,4680,395,175
C82614,3540,305,185
C82624,6125,525,420
C82680,4085,480,240
C82005,8760,750,415
C82056,11485,920,535
C82628,2850,210,175
C82027,6020,460,545
C82054,10035,795,305
C82061,12000,945,1035
C82093,10260,600,725
G83001,10055,605,880
G83013,6505,390,475
G83021,15140,555,800
G83044,10080,730,950
G84003,9365,690,910
G84010,19360,1020,2050
G85019,3090,265,440
G85029,15415,670,790
G85034,64195,4675,5940
G85052,8700,620,700
G85084,14025,645,870
G85087,14210,640,960
G85125,5175,415,435
G85138,13345,570,790
G85623,9380,590,425
G85632,7910,435,640
G85642,8945,340,460
G85705,6855,175,240
G85721,5830,495,675
Y06113,460,135,100
G83006,12795,930,1145
G83029,6000,360,390
G83046,5190,385,550
G83049,9790,700,985
G85038,42840,2585,2530
G83012,12405,1245,1625
G83016,9720,610,750
G83039,7945,725,370
Y02974,9500,440,675
G85002,19940,730,1115
G85724,17445,805,1190
G85023,12375,630,780
G85046,10115,345,335
G85120,5445,490,490
G85722,8640,645,710
G85727,5300,330,470
G85004,28670,2515,2830
G85024,12260,895,1090
G85061,7800,470,665
G85114,10390,770,895
G85696,13160,550,730
G83026,6430,595,775
G83631,3990,400,355
G83635,3665,520,395
G83647,6395,610,325
G83654,4690,375,465
G84008,5225,240,290
G84011,6955,375,670
G84018,6560,340,720
G84027,16450,805,1080
G84028,5875,355,505
Y02811,8920,470,685
G85045,7110,405,470
G85109,18720,620,920
Y03063,7250,430,555
G85053,20960,895,1135
G85054,7065,515,480
G85086,9200,440,685
G85102,8710,330,370
G85130,9355,530,770
G85136,13600,415,750
G83015,6210,480,405
G83027,15930,1160,1295
G83058,9580,700,730
G83628,8110,545,310
G83673,5055,385,595
G83680,20595,1400,1515
G85016,12930,615,950
G85021,4065,370,415
G85022,13220,970,1355
G85025,11405,460,415
G85047,9345,425,740
G85129,6185,325,465
G85695,6190,305,345
Y07020,520,155,90
G85073,6795,400,475
G85127,5680,360,575
G85135,9890,820,1105
G85690,6075,315,440
G84001,10955,600,1060
G84002,10565,525,965
G84016,11070,640,1100
G85011,18575,615,910
G85083,11425,870,970
G85674,5945,150,255
G85708,9485,315,460
G83065,13020,430,445
G83641,2925,290,165
G83651,5040,360,310
Y03755,11665,490,375
G83004,11075,825,1270
G83047,8525,530,550
G83057,9400,630,865
G83066,16530,1325,1600
G84005,4170,340,295
G84007,6540,505,865
G84013,3355,255,340
G84019,8695,635,945
G84041,3225,245,165
G84630,2350,175,165
G85015,7920,645,490
G85020,14440,625,840
G85026,3705,480,380
G85076,8275,600,650
G85085,11295,545,455
G85105,5465,255,320
G85698,13665,560,700
G85711,10695,295,405
G85736,3590,420,440
Y08411,300,85,40
G85032,9630,755,740
G85057,10200,800,1070
G85104,8110,815,395
G85121,8045,360,175
G85633,16835,1340,1510
G85716,4845,360,465
G85001,8460,415,795
G85006,7560,905,880
G85013,7715,625,875
G85030,5265,395,540
G85031,5815,320,500
G85040,12210,660,780
G85042,5770,325,400
G85051,7225,235,415
G85091,5320,215,420
G85119,5285,390,390
G85132,12680,590,905
G85134,7190,720,595
G85644,5305,220,485
G85651,5650,325,485
G85681,4135,385,235
G85685,7520,460,450
G85715,9230,830,1025
G85726,6395,495,555
G85039,15380,960,1165
G85137,7415,240,460
G85706,4795,205,355
G85028,11290,850,900
G85100,8060,365,630
G85123,9220,445,615
G85673,5860,440,465
Y00020,7855,445,530
G83010,11580,1085,1220
G83018,14975,1340,1445
G83052,14105,1220,1625
G83053,16375,1295,1580
G83062,8605,725,545
G83630,9585,975,995
G83642,7910,565,760
G84025,7415,510,405
G84029,3275,285,265
G84604,6740,445,400
G84624,2245,170,205
G84625,5995,290,405
G84629,5200,260,200
G84004,8060,585,945
G84006,8130,430,765
G84023,8115,515,850
G84024,7700,395,755
G84039,2965,175,300
G84009,3450,215,340
G84020,7580,450,785
G84032,11450,830,1375
G84035,6585,335,715
G84040,8270,455,875
G84609,2930,190,280
G84621,3310,175,135
G84627,5800,335,375
Y06345,1445,315,320
G83002,7715,605,795
G83009,9290,665,950
G83025,9400,805,1030
G83028,11140,925,1240
G83033,4590,400,445
G83019,12640,1215,945
G83030,5170,420,360
G83031,5820,670,540
G83060,5975,635,460
G83067,25585,1915,1995
G84015,9095,525,1135
G84017,7300,435,615
G84030,5430,245,595
G84033,6760,350,225
G84607,4515,280,375
G85014,9610,630,730
G85041,6780,540,680
G85044,4760,260,450
G85096,9185,995,870
G85647,6100,380,680
G85662,6640,470,410
G83024,3850,190,160
G82122,27240,1910,1855
G82212,6245,520,270
G82809,13215,825,455
G82083,11745,1075,1375
G82085,9595,910,1040
G82135,16415,865,1075
G82200,8575,570,1075
G82234,4600,350,535
G82053,4775,345,600
G82094,9260,620,875
G82114,13135,975,1310
G82186,6545,500,585
G82021,13360,1035,575
G82044,16725,1245,1165
G82808,7565,630,485
G82023,5445,470,440
G82057,8800,1020,670
G82682,5500,540,270
G82687,7605,745,705
G82799,11285,1175,835
G82048,7670,670,600
G82185,7250,580,635
G82647,16270,1145,1355
G82020,10180,785,900
G82046,4890,485,360
G82064,9015,605,525
G82126,12740,1005,950
G82150,5315,480,360
G82139,6795,555,550
G82741,22605,1510,1095
G82113,6555,595,555
G82231,5770,415,265
G82233,7285,525,350
G82708,3290,240,215
G82753,6250,455,310
G82074,12875,760,1190
G82093,8300,700,1185
G82229,6120,440,630
G82691,2705,235,345
G82006,12085,1010,920
G82056,9150,800,880
G82143,5785,495,555
G82090,15135,1380,1570
G82119,20065,1660,1965
G82108,5085,495,560
G82697,7800,730,780
G82719,12850,1145,1080
G82007,5590,620,545
G82147,4955,540,430
G82665,4735,620,570
G82013,12000,610,1375
G82019,10705,725,860
G82092,6825,440,825
G82110,5710,275,535
G82120,12620,780,1360
G82125,9175,535,875
G82205,6540,410,765
G82888,4725,195,450
G82036,9760,765,615
G82038,8650,730,585
G82063,11150,855,1105
G82111,9600,700,695
G82696,2280,220,285
G82037,13475,885,1345
G82042,14200,1005,1500
G82059,14735,940,1730
G82118,11025,840,920
G82754,2920,225,315
G82032,12105,1070,880
G82648,3160,415,360
G82780,12740,1025,820
G82051,10195,885,690
G82106,5665,360,370
G82203,8200,650,635
G82679,5690,460,360
G82711,3385,205,230
G82071,37555,2600,2505
G82002,7445,525,475
G82117,7400,545,395
G82700,8355,705,1000
G82026,6460,585,635
G82035,7905,665,520
G82634,9035,720,750
G82693,13900,1100,1165
G82698,3210,260,300
G82702,6160,415,490
G82028,19640,1605,1590
G82218,10395,400,445
G82161,25190,2130,2015
G82015,9875,780,580
G82211,6600,490,545
G82227,4955,370,390
G82729,8010,700,560
G82058,5730,525,720
G82098,6750,575,835
G82099,26220,1825,2555
G82080,28730,2120,1565
G82086,8165,620,380
G82091,8115,660,545
G82121,10515,705,765
G82232,7880,620,465
G82077,9905,970,850
G82095,10245,860,965
G82100,12280,945,1390
G82154,4970,395,600
G82162,4415,365,505
G82180,3920,310,415
G82184,1160,120,150
G82226,4255,385,400
G82600,1865,160,125
G82721,2790,270,230
G82737,8725,660,590
G82079,8550,700,525
G82107,7670,675,580
G82138,3915,295,245
G82219,3805,295,445
G82666,11010,1155,1060
G82796,6195,490,365
G82031,8990,680,1020
G82089,7645,635,790
G82164,10785,700,985
G82604,12090,1085,1760
G82016,9005,520,620
G82022,7400,545,925
G82025,15835,935,1305
G82041,11690,575,955
G82137,7635,475,1025
G82152,5375,385,705
G82155,5245,375,635
G82768,6055,305,480
G82060,17235,1030,1005
G82082,13695,715,435
G82790,5090,290,120
G82802,6500,225,270
G82073,8395,575,590
G82097,12760,900,1115
G82014,15835,1380,1350
G82129,4060,395,380
G82635,1795,165,120
G82763,2385,210,235
G82631,6125,530,400
G82744,29410,2130,2065
G82018,4730,370,200
G82069,9790,760,730
G82160,10445,765,955
G82165,8270,600,645
G82217,2965,220,175
G82652,2515,205,310
G82684,3845,250,200
G82115,8800,585,790
G82140,12970,145,155
G82228,20105,1065,1230
G82027,11690,880,850
G82039,15840,995,1040
G82050,19270,1455,1480
G82087,14665,1155,1390
G82142,8595,500,720
G82658,4185,290,370
G82730,9925,665,805
G82052,13660,1105,530
G82066,10255,875,775
G82105,15270,1295,1045
G82650,7830,620,710
G82055,8080,555,1005
G82141,5750,415,690
G82158,4325,255,450
G82170,3035,160,320
G82215,6130,425,660
G82224,3215,185,190
G82235,4570,280,460
G82681,5525,435,605
G82733,3140,175,245
G82024,20610,1485,2105
G82062,2165,210,220
G82067,7745,625,510
G82076,7740,675,710
G82641,4950,380,580
F81048,8380,555,500
F81062,7205,660,670
F81136,11555,540,330
F81152,9500,515,625
F81165,3780,155,105
F81169,6575,360,375
F81216,3660,260,180
E82031,15580,590,775
E82107,8280,665,1005
E82037,12215,555,960
E82071,13155,545,1245
E82077,10040,405,725
E82007,9715,445,155
E82019,13105,725,1060
E82024,14285,715,995
E82102,14505,790,720
E82121,4260,215,285
F81009,9015,510,710
F81015,10195,475,865
F81034,7860,410,430
F81131,7545,465,525
E82073,37750,2490,4885
E82655,3325,270,340
E82040,17090,1235,1320
E82041,9970,525,655
E82062,13080,835,1105
Y02639,7170,375,480
E82009,18060,1185,2350
E82032,12210,1040,1540
E82066,3045,180,360
E82129,12660,655,1315
E82643,2275,115,60
E82027,10640,645,860
E82078,8145,515,760
E82098,6355,405,500
F81027,16300,1415,1105
F81047,8760,670,490
F81106,8375,675,435
F81056,9365,605,645
F81078,9130,600,460
F81120,10195,855,755
F81181,18045,1330,860
F81619,3075,265,75
E82124,26645,1915,3580
E82001,35570,1765,2660
E82094,9865,380,840
E82652,2515,155,320
E82015,7270,505,1015
E82045,15960,1275,1815
E82069,7070,485,550
E82042,7610,650,555
E82063,9640,610,685
E82081,10970,595,1125
E82123,7835,580,570
E82017,10145,750,960
E82106,11340,685,1155
E82038,16165,970,1000
E82092,13330,800,965
E82022,14615,1035,1785
E82051,11350,895,1190
E82091,13955,870,1705
E82005,39140,3010,2570
F81043,15135,1105,885
F81049,10475,655,1590
F81072,6545,385,380
F81184,3465,230,240
F81725,7825,530,355
F81749,11610,910,660
F81004,7715,460,665
F81053,16285,865,1405
F81090,9290,535,315
F81118,11555,580,695
E82021,5485,330,340
E82067,13485,665,550
E82074,18650,825,1110
E82100,11030,625,345
E82654,7665,295,210
E82013,28000,2150,3830
E82002,8660,605,510
E82018,11800,745,740
E82023,9890,560,605
E82058,15675,480,700
E82064,6060,270,385
E82068,9935,550,975
E82083,8370,610,935
E82014,15585,920,1790
E82084,11120,555,1005
E82004,4075,325,305
E82020,5445,135,210
E82050,4090,345,415
E82070,2555,205,115
E82113,5635,395,460
E82046,8740,590,1240
E82096,8545,680,1200
E82105,3850,290,480
E82055,10915,635,1420
E82059,8430,415,600
E82060,17345,750,1235
E82035,10400,645,825
E82056,8040,600,555
E82086,19545,1235,1545
E82093,10800,880,815
E82111,5165,400,180
E82044,11780,665,465
E82053,14260,745,470
E82075,10050,625,675
E82626,2375,135,70
D81047,6620,320,405
E82008,8980,650,605
E82082,15205,1150,1305
E82099,10560,595,770
E82661,6510,460,305
E82006,6565,425,395
E82061,11560,795,1055
E82088,8015,485,500
E82090,8375,450,320
E82079,7000,565,425
E82115,8600,640,695
E82133,6840,485,375
E82638,5345,400,215
E82012,11430,870,1115
E82043,12125,920,1635
E82085,15275,885,1375
E82117,9975,695,685
E82657,5185,400,700
F82022,10945,1030,1480
F82028,8245,740,1180
F82033,2870,265,250
F82607,4740,445,570
F82609,3850,355,365
F82619,3255,325,525
F82624,4445,385,755
F82627,6430,485,440
F82649,3775,390,340
F82675,2895,285,515
F86007,10815,780,1265
F86057,6285,570,615
F86081,5485,710,890
F86083,5245,775,505
F86612,2485,305,230
F86624,2795,305,410
F86707,5245,550,180
F84003,12645,875,625
F84015,4250,455,125
F84060,4340,305,130
F84105,9495,710,250
F84719,4595,365,185
F84006,13850,1815,1040
F84070,7765,785,585
F84074,8535,1125,785
F84739,4145,655,355
F84741,1815,210,50
F84072,11555,305,120
F84096,14490,815,250
F84635,8365,360,150
F84640,8960,210,310
F84692,8345,75,25
F86010,13095,1305,960
F86060,11480,1450,1305
F86085,2915,320,325
F84118,10360,480,305
F84122,14350,1255,585
Y03023,26185,1980,1210
F84647,12760,425,220
F84656,9180,360,150
F84710,12010,605,300
F84747,22735,1060,490
F82001,4380,430,515
F82018,9135,1105,1405
F82040,3385,245,315
F82612,8870,1130,1275
F82647,4220,420,390
F82650,7740,855,1125
F82680,7885,680,1365
F84052,13645,1150,765
F84642,11630,860,520
F84681,7555,570,330
F84749,20605,1100,710
F86006,5715,425,220
F86030,6510,580,300
F86058,12160,770,350
F86062,5225,435,250
F86679,5030,280,170
F86022,12630,1450,1565
F86025,14565,1320,1460
F86082,5155,635,1055
F86692,8525,1210,955
Y02987,25280,2025,2285
F84018,10110,635,295
F84080,7505,610,365
F84619,4285,225,230
F84668,4015,320,45
F84720,4080,405,85
F84017,16950,1185,875
F84047,8590,625,625
F84666,5035,375,240
F82002,5845,370,640
F82006,10950,810,2045
F82008,10735,1080,1670
F82055,10025,700,1410
F82674,4500,380,560
F82027,1760,225,240
F82034,8340,760,910
F82042,15275,1385,2880
F82625,6210,720,875
Y01280,1830,145,10
F82003,4035,425,550
F82015,4115,430,410
F82017,6560,715,965
F82634,4785,335,585
F82678,3730,480,685
F82679,4395,430,815
F86009,6045,665,930
F86028,8425,945,590
F86034,5690,585,530
F86087,5870,710,890
F86637,4170,550,485
Y00090,6520,740,595
Y00155,8180,755,1035
F82011,7670,690,715
F82019,5205,665,510
F82023,2945,310,255
F82031,3410,345,465
F82039,3480,445,605
F82638,5755,465,725
F82663,3210,180,155
F84088,6215,600,545
F84641,2645,390,215
F84658,7730,1210,710
F84660,2600,180,135
F84670,5100,725,375
F84729,3850,620,305
F84031,13140,1220,800
F84039,31375,1930,1165
F84079,10185,450,420
F84087,7745,900,440
F84114,9205,1075,440
F84731,2015,70,110
F84021,9600,425,180
F84035,21290,365,80
F84038,3130,275,25
F84063,5630,415,145
F84117,8450,465,135
F84621,4035,280,70
F84036,7530,360,60
F84115,7740,275,75
F84119,10645,585,155
F84716,4275,215,50
F86045,1700,145,95
F86621,5690,340,150
F86625,4895,440,225
F86666,12505,1105,700
F86701,3195,290,215
F86705,2890,210,180
F86004,12570,715,625
F86078,5580,335,210
F86616,6800,475,240
F86627,11180,785,550
Y01291,8150,575,555
F82009,16690,1420,1580
F82013,14530,975,1290
F82021,7880,625,1020
F84016,9760,720,445
F84051,8525,445,245
F84083,8175,645,340
F84123,16965,590,170
F86008,12705,1345,1625
F86042,4605,600,740
F86652,5500,700,870
F86657,6635,720,870
F86698,4900,770,775
F86702,3715,490,225
Y00918,5340,790,745
F84008,9925,550,230
F84033,9890,645,510
F84636,5945,225,220
F84694,4175,185,15
F84097,9580,895,755
F84672,6535,540,385
F84724,14150,1125,910
F84012,7755,815,450
F84081,11955,960,400
F84718,11735,885,495
F84733,1135,55,75
F82025,4535,410,565
F82038,3775,420,425
F82051,8375,905,1205
F82642,5380,510,650
F82661,3090,275,260
F86040,4265,490,280
Y01795,5895,575,1000
F82007,8765,605,810
F82010,6625,565,735
F82014,5865,570,845
F82016,4945,470,600
F82030,11590,1170,1635
F82045,2840,230,140
F82610,2355,245,285
F82630,5915,570,610
F82648,2890,310,355
F82670,3585,315,450
F82671,2600,285,265
F82686,3755,330,425
Y00312,3455,270,95
Y02973,6655,385,760
F84093,14505,1045,590
F84717,10235,580,540
Y02928,18915,685,570
F84069,11600,670,130
F84601,6380,375,195
F84620,6860,505,210
F84632,1365,60,40
Y00403,6840,200,165
F84025,9515,925,615
F84054,10020,760,555
F84062,11775,1055,795
F84698,11435,595,310
F86018,8005,710,370
F86036,11800,810,335
F86044,8545,490,335
F86088,4230,375,195
F86650,7040,475,265
F86696,6385,360,155
F86712,2895,210,95
F84004,10495,1145,840
F84010,8250,815,645
F84050,10250,1045,720
F84053,6130,670,495
F84124,4090,305,250
F84669,7875,955,585
F84735,6605,815,455
F84009,11290,585,545
F84092,10805,950,740
F84111,8790,755,570
F84121,11795,1390,1180
F84730,7885,505,270
F84740,3560,375,320
Y04273,17100,490,435
F86012,8050,465,235
F86013,4970,205,365
F86020,5245,230,250
F86023,8615,415,335
F86032,7325,400,285
F86064,3875,215,275
F86066,6135,335,360
F86641,6610,325,280
F86658,4955,365,665
F86691,8890,1030,920
F86731,3835,245,150
F82005,5265,515,775
Y01719,6675,610,660
Y02575,15880,1320,1415
F84030,3190,225,150
F84034,10755,885,395
F84044,6755,540,345
F84055,3375,195,90
F84696,5215,290,205
F86011,7865,715,430
F86038,9080,930,545
F86074,11575,850,525
F84013,10515,525,140
F84686,4575,200,30
Y03049,12790,725,440
F86005,6730,340,230
F86026,5580,415,245
F86626,6630,390,195
F86638,3565,345,230
F86664,6690,485,90
F86689,3295,130,60
F86700,2975,225,150
Y01839,5800,400,190
F82604,4260,435,530
F82660,15440,1945,3120
F82677,6225,645,1210
F86001,10045,590,285
F86086,4665,335,155
F86607,14320,765,570
F86644,7115,520,290
F86708,2310,220,110
F84014,6100,835,405
F84022,7950,445,350
F84077,8145,545,480
F84086,5470,550,425
F84677,5775,805,480
Y06592,205,20,10
F83004,31200,375,330
F83008,10575,605,375
F83039,4065,290,280
F83666,5805,355,175
F83671,2695,190,75
F83674,8065,465,440
F83686,8720,260,205
Y01066,7535,310,330
F83058,10595,235,330
F83061,5270,150,260
F83672,16020,40,55
E83011,8745,625,615
E83018,14730,1180,1105
E83028,4895,475,410
E83668,3290,385,350
F85014,14240,395,655
F85063,14115,320,785
F85688,8470,375,490
Y01655,8305,190,235
F85008,10155,910,605
F85046,9640,395,275
F85669,20090,855,765
F85697,1545,170,135
F85061,2525,105,120
F85067,4090,320,245
F85069,7125,260,445
Y03035,17955,865,1095
E83008,6640,305,475
E83009,10080,485,605
E83026,3415,280,255
E83027,8595,525,435
E83600,4550,240,170
E83622,7260,405,530
E83638,4180,240,225
E83649,3710,185,185
Y02986,4310,190,240
E83003,8385,515,560
E83010,10125,645,780
E83021,10335,610,815
E83024,9435,535,440
E83031,4855,270,365
E83034,4145,315,385
E83045,7825,650,455
E83050,6235,230,205
E83613,9135,530,630
E83621,7600,555,700
E83639,5160,405,335
Y00316,4380,240,310
F83005,19065,95,160
F83059,19765,1050,1390
E83016,18725,1155,1515
E83030,5905,440,460
E83049,6005,385,385
E83053,11205,860,1015
F85060,4655,360,350
F85623,3890,365,355
F85705,10395,795,775
Y02117,13525,1050,880
Y03135,8230,425,430
F85020,8185,525,695
F85625,5580,445,545
F85642,7370,485,505
F85650,4805,545,560
F85700,6625,400,410
F85701,10185,705,785
F83015,10890,585,765
F83060,6210,310,235
F83664,10460,475,390
F83681,7740,460,185
E83006,5865,365,465
E83020,9620,570,710
E83025,6380,500,555
E83039,4855,245,260
E83653,9515,620,445
Y03664,7140,450,475
F85010,3685,425,145
F85663,3765,365,410
F85666,3180,390,360
F85676,4385,525,495
Y00057,11915,1175,555
F83018,7070,470,480
F83022,14320,625,515
F83057,7290,185,245
F85034,6965,515,695
F85064,6285,435,330
F85065,2665,210,190
F85066,15655,800,575
F85640,5505,345,445
F85675,4605,405,455
F83011,7430,205,275
F83042,8075,280,260
F83050,2975,175,155
F83615,6745,165,335
F83633,4320,90,175
F83658,5085,315,305
F83003,6890,170,270
F83017,15505,640,1000
F83020,9890,260,685
F83052,3235,150,195
F83623,10555,285,410
F83002,9130,500,525
F83012,6600,300,350
F83032,10475,330,300
F83034,1310,50,20
F83045,8100,270,170
F85002,73505,6575,5590
F85004,10050,1175,1120
F85016,5890,380,405
F85032,7825,560,500
F85035,9210,540,640
F85044,5475,525,500
F85058,4965,495,435
F85687,6905,530,615
Y00612,3815,400,410
E83005,5040,250,350
E83007,4210,380,385
E83012,8350,550,670
E83013,4940,200,240
E83017,14230,950,1155
E83035,14765,1210,1375
E83044,7930,505,615
F83007,3130,5,5
F83010,18805,30,45
F83053,6675,345,360
F83056,8750,230,260
F83660,7415,420,140
F83673,5405,375,205
F83680,4405,245,95
F85029,9965,700,790
F85033,17400,1120,1765
F85678,3400,300,210
F83023,19515,1020,1220
F83632,5880,420,410
F85023,9370,720,650
F85025,11980,650,815
F85039,5450,500,480
F85072,7980,685,755
F85634,7270,765,735
F85682,4960,630,580
Y03402,15110,1470,1440
F83019,11360,680,640
F83055,20390,435,695
F85007,14025,830,825
F85013,7740,650,785
F85071,9740,595,720
F85615,4835,465,430
F85628,6705,220,245
Y05330,4190,140,160
F83006,13355,965,880
F83043,16145,65,80
F83044,8235,215,260
F83048,8610,305,285
F83635,8135,235,170
F83665,14360,300,485
F83683,5320,355,295
Y02674,620,40,30
E83032,13970,1130,920
E83038,7555,685,755
E83041,3925,315,280
E83046,6755,585,530
E83637,9850,550,645
Y03663,7735,490,350
F83021,15545,530,670
F83033,5390,250,165
F83063,11700,555,815
F83064,8245,330,315
F83624,15490,365,430
F83652,10445,285,330
F83678,1815,140,85
F85017,5700,620,565
F85019,12110,1130,1100
F85028,6045,615,470
F85030,10675,1125,1120
F85031,10540,690,585
D82017,9185,655,1295
D82023,11655,800,1560
D82024,6750,480,740
D82040,9830,780,985
D82060,3985,340,415
Y03595,5650,500,945
D82009,6270,655,810
D82025,8785,750,1340
D82028,5150,515,940
D82032,6930,510,760
D82080,7210,465,1005
D82104,8125,660,1320
D82006,7570,495,610
D82022,6115,495,870
D82031,7030,565,1150
D82034,15300,1170,2210
D82036,7435,475,1170
D82037,9365,815,1240
D82046,3820,340,740
D82078,8280,485,950
D82084,6845,570,865
D82015,7265,705,1100
D82049,3030,275,265
D82057,6260,680,1050
D82065,6545,695,1195
D82068,6525,590,945
D82621,5700,580,760
Y00297,3865,345,610
D82010,4550,480,930
D82027,6790,725,1225
D82038,2850,255,425
D82070,5435,425,710
D82072,3500,285,405
D82035,9185,930,985
D82043,5675,535,520
D82079,4635,520,765
D82105,6265,655,865
D82604,3035,275,365
Y03222,5465,620,965
D82013,6915,480,650
D82018,9330,695,995
D82048,10165,735,1495
D82071,11775,960,1835
D82073,12120,740,1600
D82087,5540,425,710
D82096,6690,505,870
Y02751,9475,435,795
D82012,12190,800,1455
D82047,6245,410,820
D82076,7235,500,880
D82002,10380,770,635
D82041,8510,715,680
D82063,11725,1105,1270
Y01690,5520,270,330
D82003,20535,1935,3000
D82019,16355,1570,2485
D83009,16420,1505,2795
D83010,5565,605,940
D83022,4760,350,555
D83034,10015,885,1650
D83035,9105,680,1140
D82044,25100,2690,4745
D82051,14880,1240,1675
D82099,14280,1015,1675
D82618,4835,375,745
D82008,16835,995,1875
D82011,14780,1045,2280
D82026,7565,520,795
D82088,19190,95,370
D82106,5065,240,370
D83002,12585,1260,1665
D83011,10295,890,1710
D83016,8905,920,1590
D83023,9560,950,1425
D83030,6090,570,900
D83047,13090,1180,1925
D83608,5390,540,960
D82016,8520,650,1065
D82029,15780,1250,2610
D82030,7535,555,1375
D82062,7385,605,1340
D82007,20625,1900,2875
D82058,15220,1760,2655
D82067,12240,1180,1680
D82600,1675,125,260
Y06275,4870,500,620
D82020,10745,950,1555
D82039,7360,660,1170
D82050,9180,825,1445
D82056,8295,705,1090
D82100,3785,330,680
D82042,7255,490,685
D82045,15790,1055,2110
D82064,17630,1130,2435
D82085,6590,470,850
D82624,6545,345,865
D82004,10705,1025,1890
D82053,5050,545,730
D82059,10110,975,1540
D82066,5810,570,860
D82628,3475,250,600
D82001,12355,1040,2335
D82005,8300,740,1520
D82054,13355,1220,2075
M83020,8075,570,415
M83069,13055,910,790
M83092,7315,505,695
M83076,7745,500,320
M83102,5555,500,405
M83146,10400,895,555
M83624,3030,370,345
M83021,8150,855,820
M83127,5165,455,350
M83650,10280,880,800
M83682,4705,475,485
M83052,17605,1125,1325
M83057,8640,595,510
M83070,7235,480,545
M83033,5725,470,325
M83109,3190,235,285
M83139,4195,365,445
M83616,4210,335,415
M83637,3890,305,100
M83638,11650,985,745
M83719,3545,315,295
M83012,6910,480,460
M83046,8200,670,735
M83071,9810,800,855
M83079,7860,560,650
M83089,8990,820,750
M83001,9725,870,540
M83022,6830,505,780
M83703,4575,355,220
M83738,5845,480,460
Y02354,7545,645,380
M83047,5485,475,570
M83100,3420,310,225
M83632,4290,340,450
M83661,5335,495,260
M83713,4200,365,275
Y02521,7595,705,340
M83007,6360,570,565
M83025,5220,470,260
M83056,9250,680,770
M83067,6600,435,170
M83140,3890,315,275
M83697,2700,245,135
M83038,8465,690,490
M83061,6685,545,490
M83094,11575,985,750
M83709,4890,340,410
M83015,6505,515,560
M83017,4215,300,435
M83034,9840,845,830
M83141,7460,460,670
M83670,6895,105,130
M83691,1625,120,85
M83072,9890,1045,995
M83617,19360,1425,1510
M83018,7290,530,475
M83031,5325,440,440
M83093,5325,375,175
M83097,7425,480,300
M83125,2955,205,150
M83132,4685,325,185
M83668,4250,325,65
M83715,4000,345,1110
C81018,7565,490,290
M83010,7835,715,425
M83013,4055,335,285
M83026,13265,965,955
M83027,8630,670,440
M83035,6145,365,505
M83037,7085,460,535
M83042,8405,730,795
M83051,10195,895,780
M83059,3250,225,450
M83065,6055,420,530
M83073,7540,565,795
M83074,11940,900,1020
M83641,1680,125,85
M83680,5750,360,60
M83681,8340,720,375
M83718,3240,235,440
Y00078,4195,290,100
M83030,11075,805,1130
M83014,8040,695,655
M83138,5650,430,400
M83601,5095,330,355
M83619,3020,230,250
M83711,3435,230,165
M83725,2995,265,210
M83032,11620,910,190
M83062,10615,800,570
M83110,12830,940,610
M83111,2030,175,35
M83113,1945,170,130
M83117,6790,570,385
M83148,11580,735,845
M83693,5450,365,205
M83005,4380,465,220
M83023,7780,710,670
M83054,8615,655,470
M83084,5495,480,415
M83701,3735,325,185
M83009,9230,665,460
M83036,7205,580,150
M83045,8825,630,680
M83024,8480,535,580
M83044,10820,760,795
M83049,7795,630,630
M83050,8465,505,450
M83004,7925,860,710
M83028,9005,905,680
M83068,11680,1190,910
M83090,4460,500,410
M83126,6975,650,565
M83075,15845,1350,955
M83123,7895,665,820
M83625,9090,750,640
M83016,6105,525,115
M83048,8010,650,350
M83063,3080,290,95
M83107,5455,455,195
M83129,8755,625,635
M83130,3380,285,130
M83608,4445,365,340
M83698,2680,265,105
M83717,2915,235,75
M83727,3450,335,240
Y02594,2265,160,190
M83011,6735,590,660
M83096,4595,435,315
M83103,3955,340,465
M83108,6325,475,370
M83121,5065,405,325
M83122,2550,190,170
M83640,2330,175,215
M83066,6430,425,515
M83143,4235,435,355
M83627,6360,635,515
M83723,18745,1870,1520
Y02867,3675,295,200
J82066,17845,1650,1705
J82142,9290,730,510
J82178,10205,860,1035
J82198,4730,440,330
K81010,6085,285,565
K81028,7475,325,365
K81076,7785,495,810
K81655,5435,315,415
K81034,9415,850,1025
K81043,14120,1435,1505
K81085,7845,1025,835
K81086,9150,1480,1050
K81645,5665,610,615
H81027,13090,710,860
H81088,11915,575,725
H81615,11410,490,795
K81015,2815,210,200
K81018,8370,485,760
K81019,4430,300,320
K81020,15570,945,1240
K81036,9850,620,705
K81042,6545,330,495
K81084,6205,305,470
K81097,4670,290,400
K81607,2545,405,290
J82049,24470,1605,2175
K81083,13660,1800,1915
J82099,11990,540,675
J82110,23040,1195,1855
J82628,4675,255,400
K81024,18065,1735,1950
K81608,3900,540,400
Y00265,11930,825,1155
Y00437,7965,795,760
H81013,23000,1470,1545
H81039,5330,355,380
H81040,7465,515,510
H81069,18285,1230,1100
H81075,9545,605,675
H81082,8105,565,595
H81130,12720,630,785
K81075,29605,2945,2750
K81616,4405,590,595
K81001,12340,700,655
K81060,10015,475,360
K81087,5390,300,320
K81094,3605,280,120
H81047,10075,570,640
K81021,8290,635,480
K81046,6910,400,635
K81068,7715,465,565
K81074,14045,435,590
K81630,10695,680,825
K81610,25095,1655,2070
K81030,33115,2435,2315
K81656,5405,410,365
K81657,4720,290,325
J82015,7790,640,735
J82067,15930,1010,1115
J82120,8305,620,765
J82125,6605,450,440
J82181,7530,795,615
J82630,4990,305,350
H81110,5145,205,300
K81066,9330,525,560
H82011,12870,1005,1325
H82045,17675,1355,2015
H82061,7710,520,610
H82076,3425,185,340
H82005,9765,465,745
H82035,8910,500,895
H82100,6885,365,375
H82615,7590,430,675
H82044,8830,535,365
H82056,11445,670,495
H82014,11340,875,1305
H82066,13210,1240,1330
G81029,15405,1200,1310
G81099,8135,535,670
H82003,8645,590,530
H82057,17525,890,1085
H82072,10880,685,545
H82084,6380,460,720
H82016,10810,995,1065
H82020,8365,555,690
H82021,5615,355,575
H82038,11095,935,1400
H82048,10285,915,1295
H82077,10770,835,1240
G81018,10595,300,470
G81036,7705,415,885
G81038,16020,575,845
G81042,11610,445,505
G81646,2150,50,105
H82009,13545,940,1470
H82041,11525,880,970
H82046,9755,675,970
G81001,7395,495,775
G81046,9450,705,710
G81073,6905,535,745
G81083,6050,310,305
G81663,4220,295,425
H82025,13705,955,1170
H82050,8550,690,690
H82052,13790,1010,1435
H82053,6105,500,615
G81016,9435,750,685
G81061,4320,335,345
G81100,15905,1415,1885
H82007,11080,995,1385
H82039,9130,745,960
H82059,9850,835,1255
G81075,5040,410,345
G81076,10975,710,855
G81613,4265,315,285
G81694,2770,95,105
Y02676,8875,140,150
H82013,11425,695,1185
H82037,11045,1180,1420
H82042,11905,815,1225
H82049,8905,565,840
H82051,10580,520,760
H82067,6450,430,880
H82078,8365,550,920
H82095,8885,715,785
H82089,9230,485,580
H82640,13345,710,1115
G81006,5790,290,845
G81011,16390,860,1075
G81028,10675,500,620
G81054,9325,495,510
G81065,7235,500,885
G81656,4915,175,270
G81669,1775,190,175
G81689,1445,65,95
Y06007,6940,485,610
H82017,16365,1110,1250
H82036,7580,505,895
H82026,15160,1035,1290
H82033,5750,485,555
H82088,5090,585,520
H82098,8275,730,660
H82006,5110,355,530
H82030,11415,735,915
H82031,5680,315,625
H82032,11175,700,1225
G81037,8015,490,655
G81086,6380,360,175
G81088,18290,1075,1495
G81102,13090,685,735
G81634,4885,270,240
H82023,29475,2055,3090
G81021,23915,1210,1945
G81002,5300,300,435
G81004,8595,715,725
G81032,23420,1395,1550
G81049,5635,450,390
G81034,26555,930,1345
G81070,21425,825,1120
G81638,21990,740,1050
G81008,11990,865,600
G81022,11745,995,905
Y00080,5910,490,425
H82034,23390,1705,2025
H82087,3555,295,320
H82012,11750,1090,1185
H82047,9535,755,920
H82064,9140,735,755
Y00351,9820,825,1020
G81003,15045,1050,950
G81017,9845,720,745
G81050,10280,715,1055
G81104,10570,855,840
G81019,9295,615,895
G81024,8970,420,545
G81030,6505,375,790
G81040,3075,165,215
G81043,6115,355,575
G81055,8095,585,1390
G81614,4520,235,440
G81014,7115,385,275
G81044,6350,135,270
G81047,6355,245,300
G81071,18545,65,80
H82022,9825,610,895
H82055,11235,665,1130
H82060,8550,615,1030
H82070,11325,770,1370
H82043,9720,1005,1025
H82058,14800,1130,1500
H82099,6955,640,975
G81023,7070,465,640
G81051,6290,515,605
G81052,3585,190,265
G81057,5380,440,505
G81082,4950,285,325
G81085,3295,245,220
G81087,5950,410,490
H82040,23995,1525,2030
H82063,13680,890,1135
G81039,16375,1430,1535
G81041,11545,970,780
G81077,14765,1285,1260
H82065,12300,1170,1475
H82091,7145,605,665
H82096,4585,440,695
G81012,5365,470,385
G81059,9295,790,770
G81098,10520,715,555
H82004,4255,245,325
H82027,3250,165,205
H82028,12185,585,885
H82092,8860,550,690
G81031,16505,1270,1470
G81048,7380,525,540
G81074,15180,1210,1000
G81089,2760,210,140
G81095,21605,1480,1415
G81096,2375,155,195
G81641,3070,235,225
G81658,14520,1030,960
M82009,8905,820,870
M82039,12650,1085,1185
M82057,6045,400,290
M82005,8035,605,750
M82010,14570,1115,1145
M82022,11760,905,905
M82025,17560,1375,1060
M82026,11135,875,880
M82035,10350,795,750
M82038,10800,675,615
Y01929,40460,3070,2825
M82004,16450,1215,1760
M82019,7300,525,675
M82021,7240,550,710
M82024,3350,200,180
M82041,6070,465,530
M82051,3925,310,245
M82601,2025,170,220
M82606,4670,285,325
M82008,6370,370,690
M82014,8115,545,520
M82033,4785,295,350
M82043,6440,505,455
M82046,3335,260,345
M82620,2610,185,200
M82002,8220,435,455
M82006,9915,670,765
M82016,8820,545,640
M82018,5865,370,275
M82023,6330,360,450
M82032,13480,880,925
M82034,6840,410,535
M82040,5185,290,120
M82047,9080,535,345
M82048,5505,405,365
M82060,7415,405,300
M82003,19490,1740,1770
M82042,4905,415,445
M82616,6465,555,505
M82012,11185,1000,870
M82028,12655,1005,990
M82056,13225,780,850
M82059,13485,1030,1455
M82011,3715,315,215
M82013,2370,190,100
M82017,3945,300,195
M82020,3595,215,280
M82030,8780,635,690
M82007,12340,1165,1270
M82058,3445,305,275
P87020,12915,1050,1700
P87024,9245,780,1365
P87610,10060,935,1610
P87620,7495,485,1070
P87649,5040,440,805
P87657,3355,320,475
Y00445,14910,1210,1790
P89005,6625,485,660
P89007,6300,485,570
P89022,2720,20,20
P89023,4830,330,500
P89025,2395,195,230
P89026,5265,415,475
P89612,1845,105,130
P89618,2425,165,95
Y02936,2625,155,170
P89002,16210,1020,1460
P89004,5315,375,555
P89012,5570,470,565
P89013,3730,280,275
P89014,10040,820,960
P89016,6540,790,630
P89021,8840,650,740
P89602,3210,160,235
P87022,1845,155,80
P87026,10290,830,1490
P87648,3790,120,195
P87651,2675,95,155
P87654,9225,665,1065
Y02622,14905,150,495
Y02625,1225,300,400
P82012,5205,445,605
P82022,4090,385,380
P82025,3575,345,300
P82029,2865,240,260
P82625,1700,195,160
P82626,3865,380,515
P82002,5835,605,150
P82004,7380,900,810
P82009,5855,585,765
P82609,4480,430,145
P84005,14230,235,165
P84009,9240,855,640
P84023,8985,365,235
P84026,7475,850,480
P84037,5080,365,310
P84611,6860,440,240
P84626,4965,355,225
P84644,5230,670,360
P84689,10615,895,580
P82007,10725,945,1230
P82008,11410,1060,1410
P82037,3680,385,410
P82652,3305,305,135
P82003,12400,790,1665
P82006,8280,620,855
Y03079,12465,1160,2990
P84025,5765,430,430
P84047,4405,365,360
P84054,5060,490,525
P84067,6960,510,470
P84070,6315,445,560
Y01695,3250,180,195
Y02520,3790,295,310
P88013,10320,865,1450
P88014,3975,375,495
P88031,4770,310,670
P88632,14475,1010,1780
P85002,5325,435,480
P85003,4405,650,625
P85007,3050,300,310
P85014,5030,430,500
P85015,5645,685,620
P85021,7680,810,970
P85601,2410,280,260
P85608,2015,200,190
P85622,7630,995,750
Y02827,3710,495,400
Y02875,3530,255,330
P88003,8015,700,1195
P88008,6915,450,695
P88026,43145,2715,5855
P86004,7120,510,680
P86010,6725,475,680
P86012,6815,605,675
P86015,4675,305,250
P86019,8015,625,780
P86620,2130,170,140
P85004,4705,595,520
P85010,11215,995,1140
P85011,9950,835,875
P85018,3475,350,440
P85605,5620,715,725
P85612,2975,400,285
P85615,8500,680,690
P92004,6120,530,685
P92006,5015,600,850
P92016,15680,1415,2005
P92031,3565,305,430
P92620,6185,460,480
Y02274,2860,240,280
P92002,4340,345,690
P92012,3715,345,590
P92041,7005,580,585
P92630,2425,205,205
P92639,2460,185,270
P92648,4580,340,545
P92651,4530,380,510
Y02378,5145,450,520
P84630,21345,415,365
P84669,15860,495,345
P84683,13475,175,110
P92020,4030,340,565
P92028,3855,335,670
P92033,3930,340,620
P92042,7505,740,1410
P92605,6320,365,825
P92626,4990,430,845
P92633,2830,185,310
P92635,1720,145,110
P92637,3200,190,355
P92646,2885,205,400
Y02321,4290,255,325
P86007,10745,1070,1320
P86009,8295,765,990
P86614,3490,550,450
Y00726,4230,340,390
Y02720,3210,230,285
Y02721,3405,260,295
Y02795,3820,260,300
P84016,7120,615,405
P84027,6350,590,370
P84028,7685,590,645
P84050,5855,490,335
P84052,5720,530,505
P84053,6310,525,430
Y02890,5510,325,230
P88007,11650,785,1270
P88015,10090,635,1400
P88016,11115,845,1565
P88025,8585,615,1310
P88041,6635,290,840
P89003,8070,585,375
P89008,13975,1165,1100
P89011,4015,435,450
P89020,5990,80,55
P89030,3230,315,225
P89609,3765,375,320
P89613,2640,240,280
Y02586,3810,285,220
P85013,17550,1390,1600
P85017,7795,630,625
P85019,5390,385,455
P85614,3635,270,270
P92003,7915,765,1215
P92008,7165,690,1290
P92011,6660,615,920
P92019,8120,710,1080
P92021,4915,575,800
P92026,6070,530,930
P92030,3740,315,415
P92634,4145,280,650
Y02885,2925,205,325
P91007,5015,365,335
P91011,4480,235,200
P91603,5990,290,325
P91617,1920,80,20
P91623,6125,355,390
P91631,2765,155,175
P84064,11155,275,320
P84673,12510,410,395
Y02849,14460,110,120
P82005,5870,475,770
P82015,16685,1440,1875
P83005,3885,340,540
P83006,6715,390,650
P83007,8580,670,695
P83010,2950,300,340
P83024,3620,395,425
P83611,3315,415,400
P83621,2445,230,300
Y02755,7300,440,450
P83012,39175,2930,4490
P83015,6195,555,810
P83017,5575,365,355
P83021,7965,640,925
P83603,7730,690,925
P83612,4385,355,535
P83620,4410,255,425
P84004,6820,570,560
P84032,4645,355,395
P84041,5950,445,345
P84042,8245,565,615
P84051,4455,340,380
P84059,6810,460,385
P84637,2185,195,240
P89010,6335,60,45
P89015,17190,1240,960
P89018,6920,535,720
P89029,6030,465,375
Y02663,3210,185,205
Y02713,3515,230,235
P86001,6570,460,690
P86018,7030,540,720
P86021,3040,230,285
P86022,7160,550,730
P86608,3530,245,215
P86624,3555,270,275
P88020,9495,700,570
P88023,5830,570,1000
P88024,8115,710,1295
P88042,5440,535,830
P87002,9410,790,1335
P87016,11075,740,1895
P87019,10325,935,1590
P87025,8060,630,1215
P84012,7255,575,505
P84045,4140,350,300
P84061,4940,370,385
P84651,4260,235,230
P84672,2885,195,165
P87004,12890,345,400
P87015,6565,385,605
P87027,17040,665,1260
P87032,5130,390,635
P87035,10250,450,805
P87040,7105,535,690
P87634,8930,575,1005
P87639,3570,190,315
P87658,3010,195,320
Y02767,4990,245,465
P86003,8905,715,885
P86005,4920,455,515
P86006,13275,1170,1480
P86008,7750,760,485
P86013,4965,485,275
P86017,3505,490,370
P86026,5930,505,605
P88002,5275,290,935
P88006,9340,585,1190
P88012,6575,495,990
P88017,5575,495,850
P88021,5730,375,805
P88606,4600,360,370
P88623,6285,400,885
P88625,6495,510,950
P82013,2915,350,370
P82030,3055,380,265
P82033,1680,190,260
P82616,2745,315,385
P82624,2580,280,235
P82629,1610,215,155
P82633,1865,215,185
P82640,3765,505,550
P82660,2685,305,340
Y00186,1285,135,145
Y02319,5760,305,415
Y02790,5125,425,385
Y03366,4010,490,510
P84010,8490,495,400
P84017,10020,715,545
P84018,3840,115,50
P84035,15030,565,725
P84639,3305,230,120
P84665,4235,235,185
P91018,11855,780,540
P91020,7565,740,615
P91627,6805,490,305
P91629,12190,1130,880
P85012,4240,440,390
P85026,12995,475,590
P85610,6185,280,240
Y02753,4150,310,370
Y02933,6195,500,530
P92001,4680,420,775
P92005,3505,320,695
P92024,4150,325,445
P92034,4735,420,840
P92038,2545,175,340
P92642,4395,420,540
P92647,5325,470,865
P87008,7135,560,990
P87017,4065,345,715
P87028,7580,650,1055
P87613,3325,300,340
P87624,4045,275,510
P87625,2070,200,330
P87627,2750,195,405
P87630,2370,250,420
P87661,1740,165,230
P92007,5220,450,405
P92023,7390,605,1270
P92029,3535,350,450
P92602,2005,155,205
P92607,6530,540,775
P92615,3925,340,510
P92621,3570,285,450
Y00050,5515,500,900
Y02322,7245,465,610
Y02886,3545,215,320
P84072,29780,925,630
P84635,3930,295,235
Y02960,4920,390,290
P83001,11210,725,1030
P83025,6060,400,550
P83027,1560,105,200
P83605,5980,385,490
P83609,3160,250,220
P83623,3915,265,450
P85005,7810,505,675
P85016,11810,600,1180
P85020,5955,455,445
P85022,3915,305,290
P85606,5110,315,390
P89006,9435,555,940
P83004,6300,420,655
P83009,6410,525,635
P83011,5890,470,605
P83608,5295,450,485
P86011,6910,630,755
P86016,6915,550,710
P86023,7370,555,605
P86602,2745,220,220
Y02718,3290,230,310
P84022,4970,400,310
P84034,13510,505,510
P84066,6165,505,360
P84678,13700,430,365
P82016,9885,605,930
P82021,5460,405,480
P82023,7280,470,905
P82034,3305,165,295
P82607,4665,360,550
P82643,5955,275,265
P91006,10755,725,655
P91009,9065,670,825
P91012,6175,415,415
P91019,2810,205,245
P91026,4920,390,330
P91029,9600,590,670
P82001,8165,690,985
P82011,5585,510,405
P82018,5575,515,605
P82020,3645,395,275
P82036,2470,250,145
P82613,4095,370,285
P91013,9110,595,565
P91014,13020,735,780
P91017,6925,400,390
P91021,12340,835,1150
P91035,10480,545,710
P84030,10185,975,660
P84046,15590,1505,1235
P84074,8430,805,640
P84645,5010,475,430
P84663,4415,215,285
P84684,4860,630,510
P84019,8315,705,690
P84033,3435,255,225
P84040,5540,500,430
P84049,8765,730,760
P84065,3295,245,240
P84605,1530,135,150
P84679,1650,115,160
P84690,2165,170,120
Y02325,3760,250,245
P86002,1415,180,155
P86014,5920,865,290
P86606,3240,80,85
P86609,1870,265,155
P86619,4600,780,275
P84014,3990,350,225
P84020,7445,530,440
P84021,7045,590,410
P84024,6440,535,385
P84029,8140,735,1255
P84043,7425,575,490
P84048,5510,465,400
P91003,6335,340,230
P91004,6650,255,290
P91008,5075,310,270
P91016,7155,420,445
P91604,13280,605,565
P92010,9545,850,1910
P92014,10930,865,1405
P92015,5105,470,985
P92017,11075,865,1950
P82010,6125,520,570
P82014,5410,410,590
P82031,8590,600,330
P82627,3245,185,325
P82634,3205,320,245
P84038,10855,585,355
P84039,10850,560,410
P84056,3470,295,275
P84068,18420,940,775
P84071,4040,125,60
P84650,5040,420,335
P88005,9340,740,1470
P88009,2650,165,310
P88011,8680,740,1200
P88018,8180,670,885
P88019,4345,350,525
P88043,7165,680,1210
P88044,4340,385,690
P88615,2845,310,375
Y07697,70,5,5
B82023,5055,570,680
B82029,2855,230,430
B82034,5610,415,795
B82035,3070,220,520
B82045,3645,245,430
B82072,4355,350,460
B82078,5450,430,1125
B82104,5955,465,770
B81017,14125,1010,860
B81020,6875,700,1120
B81046,6880,700,660
B81074,10055,975,645
B81645,1860,140,120
B81036,15665,930,725
B82080,15680,900,1390
B82081,5955,310,415
B82008,7520,545,700
B82010,6470,440,690
B82030,5035,335,580
B82036,6445,485,825
B81039,28030,2470,2180
Y01948,2100,100,60
Y02684,2960,190,160
B82031,8670,480,655
B82073,8860,645,860
B82105,7720,555,655
B81009,7465,535,350
B81024,9105,575,1015
B81100,3475,280,180
B81619,2215,150,490
B81653,6340,560,1205
B81666,2175,130,100
B81042,11620,760,825
B81051,9165,635,940
B81082,5445,345,915
B81101,19665,1475,2450
B81016,8080,605,560
B81031,17410,1390,1235
B81091,4415,270,35
B81085,4570,1985,3460
B81109,10060,1680,1155
B81628,2380,225,155
B81647,2585,215,195
B81648,1365,135,100
B82026,27050,1845,1495
B82071,6185,300,450
B82100,7240,470,595
B82021,8390,380,535
B82047,17640,280,320
B82098,23125,925,1250
B82011,4760,385,550
B82025,17650,1080,1550
B82063,8235,640,1090
B82609,3405,180,360
B81022,10685,895,1220
B81026,16345,1255,1035
B81045,10180,940,475
B81099,8875,660,425
B81113,8080,685,565
B81118,6085,530,490
B81006,10575,1165,1445
B81069,24815,2595,3305
B82005,47310,2540,2860
B82004,9380,585,1115
B82032,10165,645,1255
B82057,6075,340,640
B82060,10630,720,990
B82067,6915,405,680
B82069,6420,465,620
B82037,7750,790,1075
B82054,13765,1060,1375
B82106,3935,295,325
B82628,3765,340,450
B82019,3315,215,430
B82042,7260,600,1055
B82049,6830,490,1060
B82066,8430,725,1275
B81048,45865,3620,6860
B81013,7240,515,200
B81029,9815,760,1020
B81041,5255,460,390
B81068,14415,1115,1205
B81088,6935,510,465
B81025,28690,3085,5060
B82083,38495,1840,2130
B82002,6660,410,530
B82033,9505,705,1105
B82064,3050,175,245
B82068,3100,225,285
B82077,5290,360,600
B82079,3210,185,235
B82619,1485,75,130
B81035,5895,405,205
B81040,12180,1230,1615
B81054,6800,720,975
B81104,7020,170,295
B81011,8415,820,960
B81018,7110,695,515
B81119,5010,455,720
B81631,3650,345,545
B81635,3055,315,170
B81043,12680,970,1085
B81064,8445,745,485
B81090,3805,405,385
B81617,7445,530,445
Y02787,5420,225,165
B82018,5705,335,475
B82041,13045,995,1240
B82074,15280,1045,1080
B82097,9180,720,835
B81052,6810,420,540
B81112,10125,925,1235
B81616,2350,225,245
B82022,4865,355,580
B82044,8145,575,905
B82050,18065,1460,2690
B82075,8145,680,920
B82017,11670,930,1415
B82046,2650,265,395
B82086,4400,275,595
B82101,4520,320,455
B81008,30235,2615,2550
B81003,10695,805,830
B81656,5005,400,300
B81663,2330,175,135
B81665,1925,125,105
B81027,6380,585,685
B81032,4720,335,45
B81038,6635,645,325
B81047,6215,565,735
B81075,3175,300,495
B81004,10740,1220,2210
B81034,9845,935,1780
B81037,12315,1140,2080
B81092,10380,900,1195
B82012,12620,540,1170
B82013,17150,890,1710
B82014,5740,325,260
B82059,9545,650,1090
B81012,2720,240,165
B81015,13915,1150,1230
B81087,6445,555,375
B81108,3685,295,295
B81606,3410,290,190
B81642,3675,345,350
B81655,2520,155,210
B81697,2275,185,50
B81030,20415,1725,1895
B81005,14135,1270,1530
B81007,8350,695,480
B81063,6250,530,510
B81061,39280,2845,5550
B82016,6895,680,1170
B82027,11755,675,1130
B82024,7360,670,845
B82038,20400,1605,2035
B82088,8795,655,590
Y02669,4170,240,215
B81097,2140,180,265
B82622,1365,105,285
J83064,9575,665,465
J83645,3485,280,215
J83646,6255,435,365
L81010,6480,380,650
L81025,15555,1110,2200
L81030,5600,315,530
L81059,7180,455,830
L81072,8565,480,1225
L81122,4655,320,670
L81123,4885,335,575
L81132,4035,260,320
J83033,17060,1625,1350
J83023,6980,510,560
J83052,9665,740,1175
J83034,5830,545,615
J83049,10150,720,890
J83053,6235,440,675
J83056,4650,330,435
J83005,8760,665,880
J83014,12560,920,685
J83048,5545,460,365
J83002,38360,2710,3405
J83036,8400,740,895
J83057,16000,1250,1295
J83035,11280,855,1070
J83047,6730,645,645
J83633,8450,610,685
J83004,6520,340,680
J83026,19945,1310,2180
J83043,5705,400,655
J83003,10855,785,1375
J83021,19485,1255,1800
J83022,7680,425,595
J83024,7010,775,515
J83059,7525,605,645
J83019,10540,670,1190
J83058,3625,225,435
J83060,4290,300,285
J83619,2795,200,310
J83629,2005,120,50
J83630,2200,135,235
J83006,9000,630,725
J83029,7330,660,745
J83041,13810,860,1435
J83055,8165,700,815
J83609,2830,200,335
J83618,2880,140,305
J83037,14080,855,1195
J83045,8525,445,385
J83601,3495,235,210
J83615,2935,155,195
L81020,7850,275,565
L81027,7220,325,675
L81071,12615,340,930
L81045,15955,1050,2005
L81073,6615,385,700
J83039,11280,955,750
J83050,12060,830,1130
J83603,4095,225,140
L81039,22110,1075,1950
J83038,22715,2425,2055
J83018,15215,1245,2010
J83040,20135,1465,1810
J83009,12185,865,1295
K84012,6585,350,485
L81065,11045,455,1130
L81069,6585,535,785
L81070,7435,345,670
L81644,7335,375,600
J83011,11980,1015,1575
J83030,15850,950,1785
J83046,12385,950,1350
L81068,11190,340,630
L81617,13815,20,45
J83008,15670,1245,1995
J83016,26000,1830,2780
J83007,12705,875,1050
J83010,9505,640,915
J83013,6380,380,555
J83042,16180,1165,1395
J83625,6975,410,360
J83001,11320,1035,1235
J83027,9980,1095,1285
K83018,10015,530,445
K83022,9250,540,860
K83049,13255,725,645
K83620,7360,525,460
K83012,9840,735,1140
K83014,14805,1085,1635
K83029,10415,890,1410
K83043,11815,930,1030
K83077,7770,630,880
K83013,12060,990,1185
K83036,13500,1020,1220
K83051,22970,1610,1735
K83059,17435,1175,1280
K83614,6715,540,610
K83005,11350,925,775
K83011,10015,875,760
K83026,16260,1190,980
K83047,21705,1880,1820
K83081,1435,130,65
Y00399,3360,330,170
K83021,17380,1215,1355
K83007,10975,870,1075
K83028,9355,805,980
K83030,7765,710,665
K83044,11050,850,950
K83065,5830,405,420
K83069,2440,235,150
K83080,4515,335,300
K83616,4895,295,350
K83037,11160,890,1070
K83039,10020,830,1315
K83009,12110,610,665
K83035,5605,475,415
K83040,8475,790,805
K83601,7040,470,320
K83025,14025,940,765
K83076,7040,705,435
K83618,9545,745,615
K83621,11995,500,705
K83024,7855,640,345
K83042,12100,860,1000
K83048,4780,440,190
K83050,5830,360,560
K83056,3675,285,195
K83070,8735,680,975
K83002,37010,2650,2720
K83006,7780,565,725
K83023,8480,525,530
K83003,7850,635,890
K83008,8430,775,615
K83027,8500,575,955
K83052,18060,1160,995
K83055,6250,415,715
K83068,5320,355,630
K83015,10345,915,1110
K83032,18120,1380,1000
K83019,5445,360,545
K83031,6805,465,400
K83053,5185,330,625
K83064,13535,780,1255
K83066,12355,915,1450
K83010,15035,660,1165
K83041,18455,1400,1800
K83610,8205,875,865
L84027,14980,1185,2220
L84051,7980,520,1250
L84060,9240,695,1165
L84075,7745,605,1155
L84031,4930,320,975
L84038,9505,635,1410
L84043,4260,285,675
L84068,4800,295,765
L84072,4395,320,435
L84004,6610,400,1055
L84015,8820,440,1235
L84036,9135,605,1180
L84040,10610,545,1655
L84048,8470,625,1395
L84024,3155,300,520
L84028,9835,930,1715
L84045,6015,560,975
L84046,5100,520,840
L84014,7565,680,1220
L84047,12850,990,1875
L84067,7955,555,1335
L84084,8815,710,1275
L84606,10085,760,1335
L84026,25930,2495,3415
L84008,9935,665,1380
L84033,15690,1290,2890
L84049,6950,480,1020
L84058,7785,590,1315
L84065,7670,440,1225
L84077,12340,885,2005
L84080,9495,755,1390
L84613,2820,280,485
L84005,6825,435,1055
L84007,10120,580,1340
L84016,5640,305,765
L84025,3995,225,370
L84039,7435,465,825
L84011,6815,610,1025
L84021,7385,615,1185
L84029,2775,230,435
L84069,11515,1240,2250
L84085,3160,325,505
L84050,31000,2695,3840
L84003,9675,415,915
L84022,6610,460,1115
L84030,14410,740,1965
L84041,10545,585,1210
L84059,6815,390,1005
L84010,9490,720,1530
L84012,20520,1190,3210
L84018,10855,830,1555
L84053,6500,475,1090
L84063,4110,170,665
L84034,9905,880,1520
L84052,8185,735,1215
L84081,3620,310,400
Y02519,7610,555,960
L84006,5895,350,795
L84023,10990,925,2160
L84037,10030,765,1650
L84054,11380,890,1630
Y05212,4470,230,555
L84009,15485,1320,2225
L84617,5550,430,720
J84003,7155,540,520
J84013,23425,2050,2505
J84016,5685,465,600
J82085,29585,2315,2475
J82149,13425,1045,1260
J82155,49880,4530,6100
J82622,37110,2420,1640
J82060,10645,745,735
J82194,11145,885,910
J82199,18035,300,440
J82094,16255,1180,1035
J82639,15765,990,1060
J82018,15245,945,1175
J82034,11645,700,990
J82064,11430,655,930
J82116,8280,380,395
J82017,11075,775,835
J82025,12435,665,655
J82053,8950,600,765
J82082,10005,665,510
J82103,10365,775,635
Y07014,10980,905,695
J82074,13070,730,490
J82121,7910,500,475
J82145,14475,845,680
J82022,9255,760,660
J82081,23570,1175,1115
J82001,8080,510,475
J82024,18025,1120,705
J82087,6200,510,310
J82122,9295,600,365
J82217,545,15,15
J82073,7980,590,690
J82102,19445,1375,2020
J82083,39635,2335,2485
J82084,4940,470,345
J82152,6975,635,545
J82215,11015,840,1075
J82669,7005,575,515
J82104,10845,860,1175
J82174,11570,745,1110
J82216,11000,740,610
J82134,20755,1685,2235
J82196,12330,1205,1065
J84011,20120,1410,1145
J84015,13020,905,1000
J84019,9885,850,805
J82075,6015,380,495
J82129,6520,350,420
J82139,13625,765,1145
J82146,4935,260,290
J82058,15855,1080,700
J82061,10725,605,525
J82144,22630,1460,1400
J82112,19525,1420,1130
J82132,11325,860,525
J82012,9475,810,1005
J82026,14020,1145,995
J82033,7765,550,640
J82161,8700,735,800
J82079,6370,395,460
J82138,14655,810,1135
J82218,13815,740,640
J82020,11700,875,295
J82071,10590,710,515
J82169,6735,420,220
J82016,7490,410,605
J82036,2300,100,145
J82059,5905,350,345
J82106,5765,295,295
J82124,8455,465,760
J82214,8020,465,430
J82010,15395,1290,1585
J82119,8810,660,865
J82163,13870,1080,1305
J82646,13025,1300,1375
Y01281,3920,335,135
J82002,11555,1005,795
J82062,12390,950,870
J82088,11315,780,760
J82092,6730,495,470
J82115,4760,270,195
J82126,3865,295,215
J82207,9810,485,405
J82213,4920,360,285
J82605,4230,130,165
J82076,17945,1395,910
J82128,7060,535,515
J82208,5740,410,275
J82007,29280,2395,3195
J82051,15045,1815,1285
J82028,23410,1295,1185
J82055,9655,580,650
J82136,9485,540,690
J82157,14150,1060,1305
J82625,3990,240,270
J82098,30760,1895,2635
J84004,7325,650,555
J84005,7525,545,810
J84007,5795,455,265
J84008,4555,415,510
J84012,12095,835,1080
J84017,7310,605,605
J82039,9420,665,950
J82131,10360,730,900
J82150,10055,630,865
J82151,4600,295,395
J82056,18395,1500,1135
J82072,9380,685,495
J82156,6770,540,450
J82005,3940,240,205
J82042,13325,965,670
J82147,6515,435,650
J82184,3510,230,280
J82201,6410,405,330
J82640,5665,415,425
J82019,12360,750,890
J82143,13560,725,740
J82009,12915,805,1295
J82021,7530,705,785
J82210,8210,940,1075
J82080,36875,285,235
J82154,29410,1900,2415
J82035,13895,775,685
J82050,19955,535,785
J82130,19850,915,1165
J82040,13675,995,485
J82101,16075,1320,900
J82069,42165,3005,2910
Y02526,85,5,5
E87002,15400,645,660
E87005,7925,250,455
E87034,12820,680,910
E87739,8555,380,510
E87740,2320,90,35
E87753,9885,365,490
E87768,22410,40,70
E87004,9345,360,630
E87013,13985,365,595
E87043,5850,165,295
E87047,6430,365,525
E87665,5735,215,280
E87701,7685,750,475
E87711,280,95,75
E87715,6565,210,400
E87720,8140,320,380
E87738,13535,410,695
E87750,3905,205,265
E87762,7770,305,440
E86001,9255,790,1065
E86006,6805,495,675
E86007,7420,620,805
E86028,6820,580,1005
E86041,4450,405,535
E86615,2095,210,260
E86618,5740,400,635
E84005,6265,615,825
E84040,3810,375,325
E84062,4510,480,470
E84070,4490,465,580
E84647,3815,410,465
E84653,6005,645,625
E84676,3140,505,440
E84680,4365,360,425
Y05080,2545,300,265
E84002,6255,590,685
E84013,6695,740,725
E84028,5190,580,625
E84031,7595,855,810
E84074,10190,980,1130
E84076,5330,490,540
E84086,5990,305,390
E84637,3675,350,410
E84645,7045,680,630
E84656,4830,505,555
E87008,9990,675,700
E87011,6855,595,535
E87037,10110,380,540
E87052,3000,305,290
E87677,19890,70,95
E87681,13180,460,600
E87741,3045,180,285
Y00902,2930,210,280
E87003,4365,270,360
E87009,3455,195,250
E87016,10920,285,575
E87024,4630,485,625
E87029,7525,305,420
E87061,11890,260,535
E87637,17900,1045,1425
E87722,6230,170,215
Y00200,3865,105,160
E85014,6890,305,555
E85034,4600,500,510
E85122,12060,505,695
E85628,7835,365,475
E85657,9695,455,650
E85003,16755,800,1075
E85016,9925,495,735
E85020,13270,560,845
E85055,9955,595,840
E85636,11880,410,650
E85029,12970,540,705
E85124,97175,765,1245
E85015,8040,1065,1120
E85058,5995,775,915
E85059,6890,885,910
E85060,5230,430,640
E85113,5755,465,620
E85126,9080,895,1010
E85600,5375,430,570
E85713,5305,510,605
E85716,13050,1480,1500
Y02671,14160,1540,1575
E84012,7110,500,655
E84042,5790,475,560
E84080,7025,420,535
E84674,4490,325,235
E84015,12610,1200,1505
E84030,3570,435,390
E84067,7980,1190,1225
E84083,5010,710,600
E84626,4010,500,530
E84635,4590,720,560
E84678,3890,405,380
E84701,4180,450,455
E84709,20015,945,1205
Y01090,6820,530,530
E84059,4025,410,495
E85050,6520,600,760
E85053,2740,250,355
E85054,9370,925,965
E85098,4990,405,515
E85108,3950,375,490
E85111,4370,360,450
E85112,7110,520,760
E85127,7140,600,700
E85643,5410,870,865
E85725,6195,575,645
E86011,4885,350,435
E86012,9310,620,1430
E86014,5490,285,840
E86022,4985,390,685
E86024,3730,305,635
E86033,5115,405,750
E86605,2150,160,305
E86619,2555,40,55
E86626,4860,280,380
E86629,2900,220,235
E86640,4390,265,350
E86004,8710,725,1270
E86005,5610,450,765
E86010,12705,950,2000
E86027,5595,565,960
E86042,6270,535,700
E87045,4865,275,335
E87066,7125,265,345
E87069,2795,65,50
E87070,6495,180,220
E87648,3740,165,245
E87714,5920,200,240
E87737,8995,205,270
E87745,8475,230,365
E87772,490,20,45
E85030,5675,235,375
E85040,6805,345,630
E85658,3760,170,240
E85683,3475,120,260
E85693,18265,660,1200
E85746,3190,110,210
E85013,4835,260,365
E85041,5130,335,470
E85046,4950,465,590
E85051,4105,430,575
E85069,4350,395,480
E85088,5065,460,570
E85129,4990,530,630
E87065,3300,150,250
E87067,9255,585,725
E87706,3655,265,395
E87733,4245,470,510
E87742,2610,200,285
Y00507,3010,120,185
E84014,8015,755,795
E84039,14295,1740,1805
E84075,9575,720,730
E86017,16750,1300,1495
E86018,6570,835,950
E86019,5565,720,810
E86029,8295,795,935
E86038,5825,605,720
E86609,8225,605,755
E86625,2255,295,310
Y00352,18145,1545,1670
E86009,7260,475,680
E86015,13570,1080,1505
E86030,11110,195,400
E86036,7030,555,900
E85012,4415,695,720
E85023,2490,345,355
E85083,5125,965,790
E85103,2880,585,365
E85119,11290,1615,1490
E85663,8750,1255,1140
E85682,4765,545,460
E85721,1810,295,250
E85743,2535,290,285
Y01221,2850,440,450
E85008,5640,345,490
E85032,4015,270,285
E85033,10265,415,595
E85074,5450,135,285
E85125,4905,150,240
E85001,7340,575,930
E85004,5980,455,485
E85007,10615,685,825
E85605,6800,500,720
E85735,5310,275,400
E85744,7870,615,740
E85750,6100,650,880
E84007,4770,520,715
E84020,5320,640,770
E84048,6465,870,970
E84049,5605,450,525
E84078,4250,685,610
E84665,7595,805,775
E84699,3325,425,430
E84004,6365,720,930
E84057,10310,1075,1185
E84069,14980,1610,2035
E84617,5855,470,495
E84646,5555,390,440
E84658,4265,545,620
E85025,10305,280,370
E85038,4680,195,285
E85118,5950,225,390
E85128,10435,510,710
E85649,4045,140,165
E85685,9890,295,495
E85719,8675,205,355
E87048,3180,85,115
E87063,13700,390,545
E87702,2790,60,115
E87746,4340,160,200
Y03441,8535,170,315
E85005,4395,300,335
E85042,6370,310,440
E85048,6265,410,650
E85077,3180,250,60
E85624,5955,775,895
E85659,1900,160,185
E85748,5205,305,355
Y02589,9070,330,275
Y02906,8365,305,415
E84011,1490,175,165
E84021,13275,1050,1140
E84025,15990,840,1370
E84036,7550,800,935
E84702,10635,665,965
E84704,1975,245,335
Y00206,7975,495,640
E84003,12490,1065,1455
E84006,14260,1545,1815
E84017,6630,900,800
E84051,5280,660,760
E84063,7405,600,595
E84066,84465,1390,1340
E84638,5140,715,755
Y02692,13140,885,855
E85006,3955,465,500
E85049,7030,990,845
E85061,5120,610,575
E85090,4725,595,650
E85121,12100,1430,1495
E85633,8115,810,885
E85656,4375,680,505
Y02342,7675,970,995
E85052,6025,760,755
E85062,10740,730,860
E85096,5195,615,690
E85114,6235,805,940
E85681,7410,820,970
E85696,6830,815,885
E85707,6030,620,745
E85739,8190,1040,1160
E85019,7200,505,640
E85028,7690,390,475
E85066,3320,80,105
E85075,3785,205,320
E85107,6065,435,480
E85109,3515,205,225
E85130,3790,150,290
E85617,2735,135,215
E85635,4540,275,370
E85640,3080,145,175
E85677,6635,295,365
E85680,8790,340,580
E85687,4590,110,170
E85694,4325,205,330
E87006,4000,20,30
E87010,5225,155,210
E87046,11100,240,405
E87609,18250,605,1040
E87663,2765,250,185
E87754,5840,40,35
E84008,8565,1060,1160
E84009,9890,1050,1260
E84022,6015,685,805
E84024,16760,1430,1930
E84068,12130,1360,1825
E84601,6640,510,715
E84663,6545,535,730
E85021,5540,520,675
E85064,5465,465,695
E85623,2385,255,275
E85712,8115,940,1020
E85715,6085,525,720
E85745,6540,1000,940
E84032,5870,570,800
E84033,5420,460,600
E84620,5255,780,735
E84684,3940,415,385
E84685,6420,725,515
E84018,6495,855,925
E84044,9295,770,895
E84053,2815,320,300
E84058,20940,2050,2700
E84061,9410,945,1245
E84693,7890,480,655
E87021,4385,355,490
E87026,2060,235,260
E87038,4000,335,405
E87751,1745,320,265
E87755,2680,235,345
Y01011,9145,560,705
Y02842,7220,395,540
E86016,5130,525,730
E86020,4155,445,595
E86026,6570,570,670
E86610,2645,235,460
E86612,4545,490,695
E86632,4650,435,560
E86637,5535,595,800
E85026,12890,605,1070
E85057,8680,150,230
E85091,2775,205,265
E85099,5370,160,245
E85116,4715,290,440
E85120,6315,370,485
E85123,7535,295,470
E85726,2735,170,320
Y04225,1185,360,215
E85024,4260,435,515
E85035,5810,535,655
E85045,2835,260,375
E85056,6005,540,630
E85071,1810,175,205
E85115,3225,320,350
E85697,4950,480,580
E85699,5275,595,645
E85708,6380,590,615
E85718,4135,455,505
E85734,4910,580,550
E85736,5735,525,695
Y02672,10185,750,925
E86034,2135,175,75
E86620,4115,395,230
L85010,11315,1060,1360
L85011,6950,485,1045
L85016,12845,1350,1545
L85055,7655,480,1040
L85601,2985,280,500
L85012,13340,1060,1645
L85038,5810,410,550
L85050,5530,440,655
L85030,15885,1385,2250
L85033,11895,915,1485
L85054,7155,550,950
L85061,3520,265,435
L85624,3975,295,500
L85015,12505,885,1045
L85017,8700,720,655
L85022,11185,910,1110
L85048,4900,400,475
L85064,8570,515,640
L85002,10085,615,995
L85029,10955,755,1280
L85034,7120,365,650
L85039,11255,710,1215
L85047,5140,270,390
L85020,9315,520,1025
L85043,9195,630,905
L85046,4905,360,500
L85053,5410,380,635
L85611,2520,140,240
L85014,10860,820,845
L85037,3515,210,265
L85052,6650,515,615
L85062,5135,415,360
L85609,4170,300,435
L85001,14430,945,1260
L85006,8455,525,830
L85021,11960,825,1450
L85023,14160,805,1035
L85036,5040,360,385
L85003,3450,220,470
L85009,9160,930,1050
L85019,10085,820,1180
L85065,7010,515,1140
L85004,10625,875,1195
L85007,8825,675,1065
L85026,5105,365,560
L85066,6425,485,670
L85027,7190,575,760
L85031,6250,455,825
L85032,4280,225,395
L85040,5805,525,460
L85044,5280,355,610
L85013,3540,245,260
L85018,4385,315,440
L85024,9265,755,820
L85025,11005,810,535
L85035,14155,1100,1135
L85042,12870,1080,1220
L85051,5905,480,210
L85056,5920,400,485
L85607,4205,245,140
L85008,23890,1530,2540
Y01163,3385,285,335
C84001,24665,2125,2655
C84101,3205,235,315
Y05346,2775,225,240
C84053,13435,1055,955
C84095,5855,525,360
Y00026,2095,135,50
Y06443,10325,760,520
C84024,25245,2080,2840
C82040,7975,420,415
C84005,22880,1310,1115
C84017,21675,1330,735
C84025,6660,340,355
C84028,6135,340,325
C84084,6945,410,295
C84086,11805,500,570
C84090,8005,415,340
C84605,14365,790,785
C84621,3915,170,155
C84703,5300,255,230
C84010,15400,1015,670
C84613,9930,635,435
C84696,4060,250,190
C84020,5830,395,180
C84036,14910,1185,725
C84069,11025,835,1040
C84106,7105,550,590
C84679,3650,295,215
C84046,7020,600,375
C84060,6925,630,335
C84081,5445,495,325
C84092,4305,315,210
C84144,4125,265,155
C84039,10945,580,560
C84044,8430,525,225
C84122,8325,550,425
Y03124,4310,360,285
C84016,13160,1315,1595
C84051,15500,1080,1510
C84057,3510,310,280
C84637,7845,665,655
C84658,8230,760,780
C84011,7740,480,410
C84078,10605,835,705
C84151,2785,165,115
C84619,5480,365,155
C84628,6015,510,320
C84664,4505,205,130
C84682,4085,170,120
C84695,3450,240,210
C84018,9680,665,440
C84063,6670,600,440
C84072,8375,515,385
C84085,9030,440,220
C84683,9245,605,490
C84693,4250,345,85
Y02847,9130,195,170
C84033,7380,530,315
C84066,8610,635,540
C84115,7725,365,395
C84150,3970,210,160
C84646,5575,280,205
C84026,10620,675,675
C84047,8700,545,390
C84055,9105,620,375
C84067,4665,480,490
C84074,4080,400,210
C84076,3340,310,200
C84140,4175,350,230
C84142,4365,370,410
C84629,3565,335,305
C84654,3625,290,365
Y05690,5305,410,435
C84034,7305,625,470
C84676,6535,535,345
C84694,3465,255,145
C84704,6090,640,465
C84023,39895,145,175
C84714,6705,15,15
C84004,7555,610,390
C84043,9885,890,595
C84064,7965,615,375
C84129,7810,655,570
Y05622,3590,215,165
C84009,11290,750,955
C84019,10435,825,1025
C84029,18125,1140,1480
C84045,6800,525,820
C84049,10410,585,605
C84660,3735,235,305
Y05369,5215,385,480
C84091,6785,585,385
C84116,6670,545,455
C84136,4100,375,215
Y06356,7490,685,445
Y06792,5320,405,210
C84008,5020,410,135
C84013,13000,1095,1065
C84035,9710,775,1170
C84094,18935,1495,1635
C84692,2300,215,225
C84012,10145,1020,1045
C84014,9430,770,990
C84061,7605,625,665
C84077,15095,1305,1575
C84021,10770,1030,995
C84037,10540,790,1150
C84059,9965,780,960
C84087,4735,415,525
C84113,6075,520,480
C84123,3520,305,225
C84656,6865,520,360
C84105,5765,520,360
C84117,19700,330,205
C84691,7145,545,175
C84030,9935,530,510
C84032,15550,1360,1305
C84042,5900,460,420
C84065,4085,335,255
C84080,11655,785,785
C84107,6020,505,275
C84112,3100,205,195
C84120,12780,795,680
C84131,6750,550,480
C84624,4615,305,305
C84667,4755,345,295
C84705,6170,440,360
L82016,14250,1140,1025
L82022,8660,760,1010
L82043,4070,285,315
L82046,10080,795,1140
L82050,7975,620,685
L82066,5950,430,600
Y00969,9980,820,840
L82003,7360,445,55
L82004,6735,430,210
L82058,4195,275,295
L82006,18880,745,710
L82049,8760,455,270
L82052,8965,495,490
L82622,6450,260,175
L82012,14530,1130,1600
L82030,15400,1175,1415
L82001,15785,855,1080
L82028,14730,760,275
L82011,5040,360,315
L82045,7980,495,425
L82048,3320,175,85
L82051,10720,895,955
L82008,8960,720,1000
Y01127,5405,330,450
L82023,13560,960,600
L82029,13600,700,705
Y02517,14410,750,870
L82010,19495,1680,1035
L82026,5660,470,450
L82035,7115,450,460
L82039,4575,290,170
L82013,6605,405,415
L82015,5765,360,475
L82054,7550,360,225
L82061,5200,315,485
L82017,2055,95,140
L82018,11800,755,505
L82056,7120,450,435
L82057,2510,185,170
L82059,4380,315,290
L82042,13885,1025,1115
L82044,7280,670,610
L82025,4245,270,280
Y04957,27000,2015,1860
L82036,10245,675,560
L82038,10315,795,480
L82047,6660,490,375
L82070,5655,370,115
Y01050,6375,395,340
Y01051,7505,540,480
Y01922,10280,595,760
L82041,23980,1760,1625
L82068,7425,510,475
L82007,5520,455,340
L82620,5210,430,390
K84036,4695,235,280
K84037,15415,790,795
K84071,8710,425,660
K82010,7905,525,485
K82017,11245,740,855
K82022,7950,580,705
K82053,9420,705,555
K81040,16425,1475,965
K81081,2005,130,140
Y02476,11715,530,355
K81012,9890,515,635
K81027,9120,540,645
K81077,8835,635,780
K81103,7010,365,380
K84051,15480,875,650
K84013,25945,950,710
K84006,13390,770,760
K84017,17465,1030,835
K84072,9965,655,705
K84618,6910,375,335
J82054,7840,415,520
K81052,5325,320,540
K81057,6045,400,535
K84004,11000,700,415
K84007,7040,440,350
K84031,9840,720,430
K84027,12630,920,910
K84054,15400,745,745
K81002,12400,630,750
K81050,8850,445,670
K81063,18200,1105,1100
K84010,7555,495,440
K84047,6395,400,345
K84075,9050,545,485
K84610,4590,245,150
K84003,5770,265,245
K84042,8075,360,360
K84045,6255,440,340
K84082,10640,630,500
K84028,33910,2070,1745
K82011,7895,270,340
K82012,5760,330,185
K82023,22205,1650,1775
K82046,14900,635,545
K82066,11340,635,675
K84026,11105,270,205
K84078,10800,110,105
K84080,12430,275,210
K84605,6235,65,85
K81069,11920,720,625
K81070,9850,525,575
K81605,27305,1035,1130
K81017,11880,740,710
K81073,14925,1170,1095
K81102,8025,565,685
K81062,22365,1485,920
K82024,8755,590,400
K82037,11030,650,550
K82058,4675,400,295
K82621,3635,175,180
K84002,15415,940,820
K84043,14535,795,820
K84624,8190,365,400
K81045,13630,1000,855
K81051,10745,705,445
K81055,6340,305,625
K82073,26270,1415,1475
K84023,5095,385,310
K84034,2835,130,120
K84041,11810,655,650
K84079,7075,335,305
K81080,7795,410,715
K81092,11845,575,970
K82001,8610,395,370
K82004,11225,535,615
K82035,2980,90,110
K82049,10115,495,605
K82618,2790,95,105
K84009,22375,880,780
K84044,21150,1125,1195
K84024,7205,510,300
K84059,9985,655,430
K84062,7665,535,405
K81048,7100,580,595
K81633,8675,635,690
K81636,6965,535,570
K81651,13450,1005,1150
K81014,16535,920,1085
K81041,9410,615,650
K82007,25350,1320,1390
K82020,5240,385,265
K82030,9205,770,580
K82036,9025,840,595
K82044,7885,495,385
K82048,5565,405,380
K82603,8870,945,830
K81047,24705,1865,2200
K84008,6515,395,360
K84014,9440,525,605
K84050,11080,550,455
K82006,7615,660,800
K82031,5000,345,565
K82033,15430,155,195
K82045,5675,385,580
K82055,8615,720,1070
K82040,10890,795,535
Y01964,20840,1570,1110
K84019,12905,745,615
K84033,15625,915,560
K82061,3845,225,355
K82068,4555,260,200
K82070,16125,945,835
K82079,7115,520,835
K81003,12145,655,1005
K81025,15280,790,875
K82014,4840,390,365
K82019,12845,960,760
K82038,18510,1320,1180
K84011,15900,405,385
K84016,21485,595,540
K84021,9180,155,135
K84066,535,25,25
K84038,13395,770,520
K84052,15740,810,670
K84613,17175,915,615
K82021,12605,770,795
K82028,7825,350,280
K82047,18405,1045,1260
K81022,22700,1125,1140
K84032,8120,620,440
K84060,5555,220,140
K84063,10185,360,275
K82008,8505,430,630
K82051,9220,480,720
K82078,8295,410,475
K84030,12980,760,740
K84046,5160,255,200
K84055,9765,475,450
K84056,4290,250,250
K84058,6710,315,410
K84001,8865,390,570
K84015,3485,170,300
K84020,8155,400,580
K84035,9145,345,435
K81004,11725,950,1310
K81644,12780,690,860
K81007,4795,320,200
K81026,6695,565,200
K81056,4990,370,335
K81078,11130,920,765
K81100,5650,250,160
K84065,2745,110,95
M91003,5685,485,60
M91013,8340,890,650
M91021,6225,685,450
M91033,5090,480,425
M91624,2910,305,160
M91640,3005,275,300
M91641,3100,335,380
Y02626,3510,350,235
M87006,7125,660,345
M87017,6865,725,180
M87025,3840,380,165
M87026,4705,500,205
M87028,7045,635,230
M87036,2905,255,1135
M87601,5165,425,275
M87605,3370,310,100
M87612,1990,200,90
M87617,4615,435,275
Y02212,2170,170,130
M87013,9040,815,955
M88003,9575,990,990
M88030,5120,555,620
M88600,3250,340,285
M88612,3050,240,145
M88643,4295,535,520
M87011,23050,1545,1090
M87019,4785,540,105
M87024,18485,1550,925
M87030,3755,375,305
M87628,2950,410,155
M92001,2730,275,160
M92004,2365,235,50
M92022,3145,245,180
M92026,4040,395,340
M92040,9295,795,625
M92041,3695,355,430
M92006,3890,340,395
M92011,30695,2795,2340
M92028,7840,385,390
M88002,7360,735,525
M88013,11085,1170,1155
M88016,2800,240,210
M88026,6390,535,625
M88043,6460,510,410
M92612,30645,3255,2690
M92649,3465,335,270
Y02757,9730,775,1175
M92012,9375,1100,900
M92016,17750,1460,1530
M92029,4875,460,535
M92607,13940,1490,1140
M92629,3175,260,265
M92630,4635,460,140
M88001,7905,840,735
M88008,4190,410,535
M88010,6725,685,830
M88021,9030,845,835
M88022,3000,365,215
M88023,4815,445,220
M88630,4010,475,615
M88004,31395,3180,505
Y02701,6360,510,130
M88018,17210,1655,2155
M88040,5470,780,790
M88041,2660,370,310
M88042,4645,330,520
M88618,1585,195,195
M88620,2595,255,330
M88625,2565,270,385
M88635,1715,205,210
M88639,2715,320,370
M88640,3260,415,430
M88646,2150,230,260
M91016,5580,580,650
M91026,4195,430,420
M91028,6730,720,750
M91614,6865,705,865
M91660,3795,395,365
Y00278,2810,275,220
M88007,7830,775,1045
M88014,5310,610,675
M88015,8510,770,1005
M88616,13120,1315,1565
M88626,2990,360,345
M88628,2825,360,45
M88633,5745,630,700
M87014,6595,480,310
M87020,7505,595,330
M87034,4530,430,340
M87602,8215,570,320
M87623,2450,255,90
Y01756,5115,375,430
M88006,9170,945,950
M88645,7225,645,625
M88647,4640,445,395
M92009,10535,1085,1035
M92013,5685,595,190
M92019,4965,500,90
M92039,5525,520,510
M92609,4850,505,225
M92654,5365,475,360
Y02736,5010,395,240
M91004,7370,755,1285
M91015,17795,1630,1540
M91619,4765,430,460
M91621,3855,460,400
M91029,4250,410,375
M91034,4185,460,455
M91036,2810,310,295
M91602,1775,185,35
M91612,2675,245,60
M91623,1580,170,45
M91629,5205,495,465
M91647,4330,470,450
M91650,7270,730,640
Y02627,8510,820,745
M87005,10635,795,1180
M87009,13415,55,25
M87010,7180,695,780
M87027,3515,320,220
M87618,2435,175,230
M87638,3140,275,215
Y02653,3245,280,210
M87003,16025,1135,620
M87008,7055,540,115
M87018,6195,580,230
M87023,8075,595,300
M87041,4995,415,230
M92008,10560,820,650
M92010,9455,815,635
M92015,3245,280,200
M92043,5835,530,200
M92627,3235,305,250
Y02636,5135,320,160
M91010,7355,575,815
M91017,8470,725,1045
M91019,11930,1160,1495
M91032,4005,320,235
M91637,3210,230,255
M91006,3365,320,275
M91007,7445,735,800
M91009,4725,495,405
M91024,2175,230,290
M91609,1765,185,205
M91626,3645,335,370
M91639,1400,160,85
M91654,2615,205,185
M91008,7330,790,665
M91014,2505,295,265
M91018,3835,325,125
M91611,2200,235,185
M91613,7345,860,655
M91616,6305,850,820
M91628,2450,425,35
M91659,2510,430,80
Y00228,1905,240,115
M87007,9785,790,210
M87012,5440,460,200
M87015,6665,580,510
M87016,5715,505,355
M87021,6065,580,355
M87037,6515,475,395
M87620,5165,315,435
M87621,2155,220,50
M88009,7420,795,595
M88019,2385,165,55
M88035,2810,305,215
M88038,11140,1345,1590
M88610,3630,330,395
M88619,8665,850,1040
M87001,5575,425,55
D81028,10355,535,640
D81033,4040,255,45
D81042,7690,450,435
D81078,3490,175,305
D81084,9030,470,390
D81607,2830,160,135
D81612,4160,210,315
D81026,27010,3400,3405
D81065,5150,470,295
D81073,4445,440,425
D81618,2865,190,165
D81629,4950,355,230
D81645,2255,170,60
Y00486,5730,350,155
D81014,19800,1270,1450
D81051,7820,465,670
D81062,6570,495,615
D81018,6685,435,120
D81035,8125,450,740
D81041,5495,345,485
D81058,6320,325,430
D81637,9775,430,445
E82132,4825,300,130
D81057,17300,1285,1395
D81081,4550,315,325
Y02769,6375,300,205
D81002,20480,560,690
D81037,10795,125,120
D81054,19395,430,500
D81021,10275,845,835
D81034,15415,1150,1510
Y00185,9145,540,730
D81036,4185,280,205
D81061,9965,870,980
D81611,10880,910,905
D81030,12730,890,1275
D81049,9625,670,625
D81060,6270,535,470
D81606,11125,750,705
D81012,9210,535,430
D81017,7795,320,365
D81025,7800,515,635
D81056,6230,170,200
D81066,8890,350,340
D81070,9570,240,270
D81052,8040,810,805
D81059,6190,615,535
D81064,5635,535,420
D81603,6065,585,515
D81003,9485,325,335
D81016,10515,630,485
D81044,11855,745,890
D81055,4780,325,455
D81086,6390,405,490
Y00056,740,30,50
D81029,10720,850,330
D81031,16235,1145,1365
D81046,14760,1090,905
K83017,8505,535,565
D81008,16555,1395,250
D81011,8195,865,845
D81015,6070,625,495
D81622,11195,875,545
D81630,8865,465,390
Y07025,6560,625,295
Y07057,9540,835,545
D81043,48040,2830,4040
D81022,14380,1410,955
Y07059,15080,1150,1045
Y07060,20090,1565,945
D81001,13465,300,275
D81005,14405,170,315
D81013,17675,350,380
D81615,9245,625,275
D81625,24295,1475,1565
D81631,11400,755,315
D81004,11340,665,510
D81027,6415,485,430
D81038,6280,375,505
D81045,8610,580,705
D81082,6305,425,530
D81010,9500,775,720
D81050,13885,910,1020
D81085,6010,400,405
D81633,8800,610,650
L81009,8615,765,1130
L81033,12090,815,775
L81084,9335,650,1035
L81120,7590,300,465
L81125,8225,310,420
L81118,16455,935,1305
L81649,15040,720,380
L81014,11825,825,1200
L81024,12535,995,1105
L81042,10140,735,905
L81047,12125,890,1385
L81642,4705,255,270
L81050,6205,420,660
L81063,10655,790,580
L81079,17485,1175,1940
L81130,10535,685,1075
L81034,28310,1645,2670
L81018,7550,500,715
L81103,7205,410,420
L81106,4535,280,240
L81117,3600,265,150
L81127,4780,255,395
L81012,17100,645,765
L81015,15885,1495,1655
L81023,12830,825,865
L81061,9095,410,300
L81089,9445,710,945
Y02578,11625,155,255
L81026,22610,1485,2025
L81029,7920,450,750
L81046,6370,440,470
L81055,10660,780,1105
L81632,8640,375,450
L81081,17325,315,635
L81090,15140,295,835
L81091,14875,545,1050
L81133,18860,5,30
L81016,8385,725,1255
L81021,9270,725,1195
L81044,10205,870,1175
L81051,20440,1640,2895
L81058,7750,665,1160
L81066,8540,650,730
L81643,13820,1200,2165
L81670,4145,355,440
L81022,14545,1045,1205
L81078,18125,540,675
L81017,9615,435,705
L81098,9590,680,815
L81131,9380,305,460
L81008,9115,645,775
L81037,18400,1350,1495
L81004,14655,930,1560
L81040,13875,995,1275
L81085,5570,375,470
L81600,9235,405,615
L81007,33015,1540,2390
L81031,13175,1160,1465
L81041,5355,485,395
L81053,6815,500,755
L81054,9475,845,1100
L81082,11845,580,900
L81083,6495,530,760
L81095,11145,1010,1170
L81013,10700,715,885
L81038,11125,730,815
L81087,10530,745,830
L81086,37495,2700,5425
L81019,14640,980,1245
L81669,30520,2290,2680
L81062,19795,1190,1225
L81075,29230,685,815
J81039,7995,490,600
J81047,10080,595,595
J81062,9070,550,700
J81072,14855,530,580
J81014,18495,975,1240
J81013,9960,730,860
J81041,17220,1170,1830
J81046,10975,685,965
J81087,8465,610,680
J81002,7665,660,720
J81034,14720,760,1200
J81061,6710,580,595
J81077,6610,375,600
J81012,48810,2880,4055
J81009,10345,960,1115
J81027,23115,1755,2025
J81051,10860,855,880
J81073,14370,1140,1370
J81075,6820,450,590
J81018,9870,515,625
J81021,22605,1100,1150
J81059,7430,400,460
J81067,4990,210,370
J81010,9395,670,845
J81011,6945,595,590
J81020,3225,250,315
J81025,5095,390,445
J81612,2760,200,290
J81631,1805,155,170
J81022,4815,460,265
J81030,6650,430,495
J81058,11030,760,920
J81621,7085,560,750
J81016,7380,390,325
J81035,4085,280,260
J81053,3600,240,320
J81068,5795,455,515
J81082,6825,415,370
J81609,8375,575,930
J81616,3680,220,335
J81626,4350,330,335
J81019,19520,1520,2255
J81081,11175,950,1175
J81620,22510,1645,2640
J81074,4445,305,470
J81076,21010,1305,1695
J81647,7750,495,740
J81033,22410,1085,945
J81042,7870,495,230
J81045,8680,810,245
J81070,9430,605,480
J81017,3740,240,285
J81029,4715,360,420
J81078,10660,800,1310
J81028,13280,865,1025
J81056,13990,1120,1025
J81057,5070,375,360
J81066,8935,550,900
J81006,32530,2540,3015
J81036,7700,525,660
J81064,4450,315,445
J81086,6390,350,430
J81648,4640,280,420
J81049,8595,515,645
J81625,11960,635,785
J81633,5465,440,475
J81634,12155,545,540
J81646,5445,410,470
H85026,11905,315,580
H85051,14695,575,590
H85066,17280,485,485
H85114,10335,180,185
H85691,85,20,20
H85018,7105,430,395
H85030,11005,740,925
H85095,11845,810,980
H85686,8875,515,410
H83007,8340,655,735
H83019,6250,355,130
H83031,3035,240,215
H83039,6815,450,355
H83627,6455,370,365
H84025,5700,360,190
H84050,6015,455,410
H84054,3075,295,30
H84618,4295,495,440
H84619,8925,195,275
H83006,9015,730,685
H83011,6465,540,325
H83020,8240,870,565
H83021,4985,650,435
H83049,2065,175,170
H83051,16095,1020,1015
H84006,14105,465,490
H84055,9365,250,265
Y01206,8355,230,315
H83005,12200,595,570
H83010,5565,370,540
H83022,4915,485,355
H83037,6425,285,335
H83053,12245,1215,1240
H83609,4040,400,350
H84010,7490,355,435
H84027,14510,670,540
H84034,7100,530,300
H84053,4465,200,225
H83013,14835,855,750
H83018,14345,1055,970
H83024,14135,915,820
H83052,2310,215,220
H85037,12090,930,610
H85070,7880,1215,580
H85076,8210,710,785
H85110,4470,450,320
H85003,6290,240,215
H85045,12025,470,570
H85049,5790,105,115
H85069,13325,365,395
H85111,12275,570,595
H85009,12230,480,520
H85011,8465,530,400
H85052,3785,340,275
H85087,9010,1095,755
H85637,1075,115,40
H85680,8245,665,475
H83001,12275,850,730
H83015,11075,635,760
H83016,19170,1325,1160
H85020,26485,1295,1095
H85101,7300,420,420
H85008,5495,505,205
H85012,21730,530,565
H85065,3780,285,230
H85067,2400,185,145
H85029,12340,1125,1120
H85033,8035,790,850
H85038,9090,765,695
H85090,8930,760,670
H84007,6515,260,265
H84032,7545,275,275
H84044,6455,345,410
H84059,4150,130,125
H84623,7000,305,570
H83004,9460,645,795
H83014,5790,365,490
H83028,7895,730,715
H83030,2555,255,260
H85027,11315,280,310
H85028,8875,235,180
H85112,4930,105,105
H85656,4860,365,330
H84020,20490,575,590
H84033,5300,280,440
H84061,21920,605,860
H85001,16980,405,400
H85007,8920,380,510
H85041,12620,415,285
H85057,6475,135,155
H85082,3940,240,210
H85022,3620,220,165
H85113,3675,290,295
H85115,10275,895,760
H85116,9525,660,295
H85653,15585,1215,1145
H85662,4515,255,420
H85048,13435,645,695
H85075,4790,155,145
H85100,6560,245,255
H84015,7235,355,350
H84030,10770,765,590
H84062,7105,365,405
H85002,9935,455,340
H85047,10790,555,400
H85077,5370,290,200
H85088,2185,150,140
H85659,9820,200,225
Y02946,7850,150,150
H83008,3205,220,90
H83017,11315,1070,990
H83023,5395,490,375
H83029,4090,285,270
H83033,3530,315,375
H83034,5685,530,335
H83043,6230,555,490
H83611,4455,295,225
H83631,8905,770,805
Y05317,5950,445,335
Y05318,4690,450,230
H85024,6975,690,670
H85078,3670,260,305
H85092,4905,390,235
H85634,6390,275,340
H85649,9445,690,350
Y02423,37745,1775,1550
H84018,5560,225,330
H84040,9290,505,545
H84057,2945,170,145
H83009,8790,735,630
H83042,7235,640,680
H83608,9120,875,780
H83624,7090,510,545
H85021,5075,440,460
H85023,4010,350,405
H85025,12960,840,570
H85053,4370,350,380
H85103,5625,375,330
H85683,3650,285,285
H85693,7835,710,520
H84016,13775,985,735
H84042,11035,680,735
H84051,6075,550,490
H84635,12440,730,735
H85055,6175,440,290
H84005,11965,395,445
H84014,2140,75,75
H84017,10365,455,415
H84041,5750,115,85
H84639,4980,115,60
H85031,9690,640,855
H85063,10215,845,765
H85105,10960,635,950
H85618,7345,570,600
H83012,7560,570,305
H83044,20675,1165,900
H84012,11915,365,395
H84031,4610,320,260
H84039,9530,355,550
H84048,6765,220,510
H84060,6000,250,370
H84625,4055,315,225
H84630,2865,225,205
H85006,5465,345,295
H85061,20110,375,615
H85682,8890,575,595
Y01132,11160,365,360
H85664,1815,20,5
B85027,8380,605,825
B85028,13220,1340,2075
B85033,4435,315,330
B85048,3310,325,500
B85611,2955,445,25
B85614,5040,785,740
B85623,2700,355,315
B85634,2670,375,450
B85636,3545,300,470
Y06659,2770,210,145
B87013,11875,880,1035
B87019,6025,450,395
B87022,6795,480,370
B87027,11415,875,850
B87044,2060,150,180
B87604,2155,195,175
B87007,12560,900,1175
B87011,10835,920,1185
B87015,6295,510,110
B87021,10220,915,765
B87004,9125,785,820
B87012,7695,665,805
B87017,23035,1695,1755
B87028,8965,710,985
B86010,8175,420,720
B86033,10020,605,1300
B86034,5530,320,660
B86673,6140,445,555
B86017,14575,670,1085
B86025,9270,485,585
B86030,10020,355,655
B86041,6390,355,570
B86068,6480,440,455
B86069,12675,465,1060
B86086,6670,210,210
B86109,6830,270,225
B86002,11775,950,760
B86005,4425,450,490
B86012,15210,1235,1365
B86667,6035,395,35
B83012,8370,1000,960
B83038,14000,1655,2075
B83045,9940,1020,685
B83641,7270,1025,1225
B87025,6825,570,460
B87030,24435,2040,1275
B87039,12050,880,1070
B87602,2885,240,280
B83015,6635,580,675
B83029,8085,820,1065
B83041,11240,1095,1200
B83042,6650,635,755
B83014,11345,800,1305
B83022,8270,535,1245
B83031,3275,220,445
B83037,8440,655,1185
B83067,6540,475,205
B86013,15315,1085,1300
B86043,7735,565,745
B86061,4065,380,315
B86081,10515,835,780
B86103,3325,340,265
B86108,4975,410,480
B86623,3680,245,245
B86643,2810,425,270
B86666,4360,675,535
B86669,2665,60,55
B86675,3810,265,240
Y02494,6590,240,255
B86011,7900,670,835
B86014,10735,790,1100
B86015,11185,910,1120
B86018,6440,445,675
B86050,16280,1085,1730
B86094,3905,320,420
B87003,8995,585,675
B87006,8595,850,955
B87016,19810,1840,1790
B87026,11645,1070,1070
B87036,3350,305,340
B84012,22270,2390,3025
B84019,13190,1425,1990
B84021,7120,615,1070
B83052,17780,2385,1825
B83604,3410,535,430
B83614,7040,1095,1050
B83642,3360,555,435
B83660,4605,550,370
B83025,3285,440,95
B83034,5265,765,445
B83051,9255,150,145
B83622,3125,405,80
B83627,2785,305,210
B83628,7475,1025,260
B83653,5615,775,85
B83659,2885,500,120
B85010,5605,500,620
B85023,5150,390,640
B85024,7685,750,1270
B85058,2450,195,360
B85060,2060,220,345
B85062,13735,130,350
B85659,1505,45,75
B85660,5315,565,665
B86009,6700,520,775
B86055,5255,465,330
B86075,10775,845,730
B86648,2120,155,120
B87001,8095,495,320
B87002,8905,625,780
B87008,10715,1030,985
B87020,11325,850,1135
B87031,18045,1385,1650
B82007,8380,615,1490
B82053,12770,965,1540
B83002,4630,190,320
B83008,15185,1995,2700
B83019,5725,295,685
B83620,3010,215,115
B83624,14600,850,2030
B86029,4715,300,410
B86032,15655,960,1500
B86070,3850,320,100
B84003,6635,565,485
B84008,13430,940,2000
B84011,9380,780,1295
B84014,4500,395,755
B84623,4065,315,435
B84001,8305,710,1185
B84007,8900,515,985
B84009,9445,690,1180
B84016,9190,860,1100
B85001,5605,430,470
B85012,8410,705,480
B85014,7815,700,990
B85021,7510,605,545
B85030,7570,580,570
B85612,3590,310,295
B85619,2435,310,235
B85004,4750,525,550
B85009,6855,765,600
B85019,14390,1150,1640
B85020,5185,550,605
B85650,3550,405,270
B86004,6860,495,630
B86044,22580,1235,1480
B85008,4735,390,445
B85015,7045,670,660
B85018,7265,775,880
B85025,9715,585,750
B85041,11950,1555,710
B85640,2925,210,240
B85655,2085,240,165
Y07275,2325,200,245
B83010,8015,850,830
B83028,8700,720,425
B83035,11570,1450,1060
B83055,24235,2370,2765
B85038,4780,450,525
B85055,9330,1185,1005
B85606,3650,475,485
B85620,2200,235,270
B85645,1775,270,180
B85646,5030,550,640
B85652,5710,815,610
B86016,14260,1125,1785
B86054,5030,485,540
B86062,6860,660,860
B85006,13035,860,2095
B85022,6695,480,1045
B85032,4870,340,435
B85054,8455,625,670
B85059,6705,445,605
B85610,8800,540,990
B85016,8130,910,755
B85036,6850,685,1075
B85037,4580,430,670
B85042,7045,655,1115
B85044,2135,290,220
B85051,5870,415,365
B85641,3605,325,405
Y04266,3180,370,525
B86006,12500,890,1445
B86020,9105,640,135
B86036,9165,725,1000
B86048,12060,825,1390
B86089,4865,385,115
B86092,5575,460,695
B86658,8915,620,995
B83018,10015,820,1300
B83039,19740,1595,3025
B83005,5205,630,615
B83026,4210,610,280
B83032,3170,450,285
B83058,6220,800,580
B83611,8510,1005,1160
B83626,4630,620,480
B83629,2335,340,305
B83657,5115,180,310
B83661,2165,335,285
Y01118,2750,355,435
B86028,4200,285,205
B86057,16000,1150,1665
B86064,13635,930,1180
B86067,13840,1130,1430
B86101,2860,205,270
B86678,2410,180,265
B86039,7770,595,640
B86049,8260,490,720
B86100,6510,455,90
B85002,3690,225,255
B85005,5675,350,755
B85026,6665,390,815
B85031,5890,485,570
B85061,8030,545,1010
B86038,9005,615,865
B86051,12250,810,1265
B86052,9620,550,810
B84004,15710,930,2180
B84006,13320,1080,1790
B86008,14910,1135,1830
B86019,15795,1185,1300
B86059,13215,795,1100
B86066,11400,650,850
B84010,8310,740,735
B84013,7380,750,1250
B84613,7830,610,880
B84618,6540,500,470
B87005,9540,775,1100
B87009,5125,470,360
B87018,9330,685,825
B87032,6395,590,320
B87033,4450,405,295
B87042,4355,380,235
B86007,7045,635,785
B86022,10855,985,1225
B86093,4550,375,445
B86106,5595,485,495
B83033,70640,5380,10115
B83009,12555,1200,1875
B83020,14690,1195,2085
B83054,5070,435,655
B83063,15840,1515,2420
B86003,13375,985,1105
B86024,7795,670,925
B86060,8775,650,760
B86035,7545,710,785
B86042,12040,970,1185
B86096,4450,420,470
B86642,2440,185,200
B86110,42640,40,60
Y02002,19490,235,260
B83016,6410,875,755
B83056,6560,645,1080
B83062,6815,645,870
B83064,8770,830,1150
B86071,6725,495,705
B86655,1730,125,135
B86672,5385,365,620
B84612,7085,655,550
B86104,12805,840,840
M84009,4505,260,430
M84026,6025,425,720
M84044,4860,285,385
M84062,5935,340,480
M84629,9030,505,835
M84012,13205,975,1215
M86008,8165,750,1020
M86018,9500,650,860
M86021,5840,490,690
M86039,4005,245,510
M86622,2920,160,265
M84010,8655,550,805
M84013,10605,575,885
M84028,15740,1010,1380
M84036,12940,715,1265
M84063,5610,305,570
M84025,10080,645,1115
M84030,11060,690,1195
M84066,5325,315,515
M84006,8740,695,790
M84007,10895,920,1200
M84042,8635,580,930
M84615,6465,520,570
Y04884,2805,190,235
Y04969,3545,250,235
M86004,19390,550,685
M86009,22790,755,1055
M86029,17375,560,730
M86005,5165,330,340
M86012,8795,655,730
M86016,17030,1325,1190
M86027,11525,610,560
M86028,2650,420,100
M86041,8205,600,515
M86045,6010,800,555
M86617,3730,385,195
M86633,4235,515,495
Y00060,570,25,45
Y00996,3845,95,70
M86002,6705,700,600
M86032,9665,870,980
M86610,6580,150,215
M86612,3185,275,290
Y04965,16780,985,1060
M86007,5110,370,610
M86044,3810,310,245
M86048,6315,530,565
M86627,5025,475,365
M86638,5430,475,585
M84015,11915,915,820
M84059,3230,400,455
M84064,5620,400,435
M84070,9255,490,505
M86006,8420,500,520
M86010,10335,710,675
M86019,3565,290,135
M86030,4700,265,255
M86034,8215,680,725
M86605,2455,195,250
M84008,6545,490,535
M84019,13770,1145,1175
M84612,6450,420,435
M84002,6740,510,610
M84024,5685,385,565
M84047,4450,200,300
M84049,5000,380,525
M84060,5705,365,455
M84069,5360,225,360
M84620,2540,100,165
M86003,13310,1085,1420
M86037,3050,230,260
M86038,2335,205,250
M86624,9800,925,945
M84004,15640,1050,950
M84016,3805,290,460
M84020,11945,810,570
M84023,16125,1150,1395
M84031,6230,440,655
M84035,9630,690,750
M84046,6695,445,695
M84050,6350,425,470
M84065,6455,515,455
M84067,6395,480,605
M84616,3630,205,270
Y06218,7475,425,380
M86001,5520,440,430
M86014,16685,1360,1475
M86015,11140,905,825
M86017,8405,700,880
M86020,5790,495,500
M86033,3420,345,390
M86035,6285,590,500
M86040,3135,260,110
M86046,4355,375,410
Y00140,1750,180,155
M84017,12235,580,760
M84029,6355,415,595
M84032,11935,585,630
M84040,9280,460,580
M84014,8295,530,960
M84018,11860,860,1205
M84021,14290,800,1150
M84043,17820,880,1080
M84001,11200,1010,1430
M84003,7840,615,550
M84005,3990,390,305
M84011,17560,1695,1515
M84022,6830,645,720
M84037,9865,645,535
M84041,5665,600,625
M84051,10740,975,870
M84055,1955,220,240
M84061,4990,425,425
M84609,3690,350,340
M84618,3170,305,335
M84621,2235,260,80
M84627,3175,360,255
Y04882,2580,230,165
M84034,1890,120,115
H81005,5305,305,380
H81023,9185,570,795
H81056,13770,610,1065
H81094,8450,475,705
H81095,2975,205,280
H81131,3440,215,310
H81663,2880,135,150
H81033,17785,1195,1440
H81042,13580,480,765
H81658,5005,320,450
H81020,10160,490,685
H81065,7765,445,620
H81073,19970,810,1265
H81048,8190,340,335
H81055,7350,485,625
H81058,8105,620,665
H81006,7125,195,435
H81035,9400,475,755
H81053,7240,360,480
H81077,6775,260,420
H81084,8735,295,585
H81085,9285,385,680
H81022,4240,245,445
H81031,9365,375,730
H81062,15355,710,1210
H81076,10450,590,990
H81011,6750,420,410
H81070,9920,575,885
H81080,8715,570,825
H81081,7915,540,765
H81126,6375,360,630
H81003,15390,1105,1340
H81004,10460,685,800
H81009,12925,1075,1440
H81642,3580,240,185
H81133,25410,1520,1815
H81015,8375,450,705
H81025,9475,585,800
H81129,3660,155,225
H81641,3105,350,200
H81019,11050,640,1000
H81041,8625,485,730
H81061,12680,655,805
H81643,3125,285,255
H81030,22895,1375,1450
H81089,17320,700,1150
H81002,7040,435,475
H81057,6485,515,600
H81066,12475,735,1050
H81111,4745,285,430
H81632,2430,205,145
H81034,7265,410,575
H81036,8300,490,700
H81050,9710,550,690
H81028,9585,485,655
H81068,10305,645,1220
H81072,11215,590,935
H81113,6905,365,655
H81016,8740,490,680
H81017,16345,895,1215
H81103,6700,360,340
H81618,4995,345,380
H81046,5480,290,395
H81638,30690,1910,2330
H81045,8485,460,625
H81116,4820,315,515
H81119,17160,1105,1420
H81010,22080,835,1025
H81029,11020,445,670
H81064,11405,675,870
H81090,13930,570,835
H81051,11545,580,770
H81071,8670,520,690
H81074,5250,295,280
H81091,11270,610,855
H81644,7080,485,365
H81656,5845,420,660
H81038,3010,125,90
H81078,13630,660,530
H81086,4025,175,140
H81099,10805,385,520
H81109,6225,235,390
H81128,6730,315,270
H81672,4920,200,270
H81087,12080,1050,1100
H81104,7145,525,555
H81122,6980,390,565
H81134,10930,710,940
H81024,10640,675,840
H81032,14065,770,1165
H81123,2555,250,245
H81021,13145,620,890
H81026,9385,470,215
H81043,8540,365,635
H81044,4030,240,365
H81052,14790,810,1285
H81067,11150,485,415
H81107,6230,185,375
N81024,8705,770,720
N81040,5475,420,315
N81074,4265,385,260
N81123,5490,420,460
N81127,7030,665,790
N82003,3340,295,450
N82024,10160,670,865
N82041,10125,610,815
N82058,4550,360,495
N82074,7560,615,765
N82094,6935,625,910
N82633,2980,245,250
N82664,2175,135,190
N81049,19325,1035,2305
N81009,6265,330,445
N81034,11015,565,770
N81046,8220,440,585
N81100,6350,375,400
N81019,11870,1045,995
N81054,7365,505,460
N81057,10825,855,1090
N81066,12065,935,985
N81072,6430,575,540
N81096,7095,515,680
N83009,9715,775,1020
N83032,9625,795,1025
N83033,4530,450,530
N83601,5975,415,550
N83608,12375,865,725
N85005,9210,550,640
N85006,7845,525,635
N85047,5610,420,315
N85051,14435,1130,935
N85617,4045,235,265
N81048,10745,835,670
N81109,5570,355,280
N81114,9145,770,740
N81060,7580,550,600
N81125,6650,470,350
Y04664,3755,185,145
N84005,10275,705,990
N84006,10005,590,1050
N84008,8265,520,720
N84012,9855,675,1020
N84013,9200,690,655
N84014,3165,250,315
N84017,7905,635,990
N84018,12265,655,965
N84021,13740,1125,1505
N84024,8390,570,885
N84613,3850,335,405
N84614,2705,220,285
N84617,4080,260,255
N84625,4795,285,325
N83002,9660,705,965
N83005,7095,580,660
N83020,14505,1270,1265
N83045,7945,535,430
N85012,7850,570,535
N85023,4725,330,310
N85024,7470,510,560
N85025,4865,320,340
N85027,7320,610,455
N85052,3895,265,285
N85616,3705,285,295
N85620,5520,400,430
N85629,3680,315,305
N85640,2135,150,135
N85648,3290,230,245
N81008,9630,710,725
N81032,23340,1540,2005
N81039,9650,820,780
N81043,4995,370,255
N81071,3820,290,415
N81111,5925,400,515
N81642,3880,255,190
N81022,28625,1555,2475
N81007,8525,655,780
N81089,6795,540,535
N81107,2910,175,230
N81637,2440,120,135
Y01108,3080,215,100
N81001,4350,310,375
N81010,6815,410,465
N81047,10465,715,825
N81090,4340,275,230
N81614,4680,315,400
N81002,10180,495,890
N81033,7285,310,300
N81069,3950,230,390
N81070,8450,620,815
N81086,12965,480,980
Y05750,120,5,5
N81014,7720,360,175
N81065,6465,365,245
N81075,13805,785,870
N81108,8735,415,370
N81623,7655,315,245
N82033,4910,420,565
N82054,6195,390,470
N82070,8180,580,895
N82076,8610,585,730
N82082,8125,250,310
N82095,3885,285,395
N82115,7335,485,630
N82117,58235,640,940
N82617,9955,180,210
N82645,7690,360,520
N83013,3895,275,325
N83025,11370,895,560
N83028,17830,1385,795
N83031,2250,160,100
N83610,1860,145,100
N83621,2285,180,145
N83622,2000,170,185
N84001,7495,500,750
N84002,2025,165,115
N84003,8630,570,655
N84004,6155,450,390
N84007,5010,370,500
N84010,4605,325,295
N84011,5445,360,455
N84015,4805,410,405
N84016,4640,455,405
N84019,5265,425,455
N84020,8755,570,980
N84023,6430,505,640
N84025,8330,620,745
N84027,4435,250,280
N84028,6150,525,665
N84029,4640,395,520
N84034,6085,500,595
N84035,3135,280,285
N84038,4710,410,545
N84041,4780,285,380
N84605,6605,535,515
N84615,2680,190,215
N84621,6655,430,605
N84626,1600,100,140
Y00446,2660,185,205
N81079,8360,495,705
N81080,7635,385,545
N81081,8665,365,590
N81102,3840,340,380
N81121,6110,350,390
N81655,395,15,15
N81012,9750,725,615
N81036,7010,470,375
N81059,10390,595,710
N81083,4020,300,275
N81645,1815,145,45
Y04925,6110,275,255
N85028,10885,825,900
N85046,4185,335,315
N85048,4405,335,325
N85059,6710,395,640
N82011,8970,710,800
N82052,4600,345,460
N82081,4975,350,455
N82099,6615,480,680
N82669,2805,245,305
N82022,8305,555,650
N82046,8700,510,665
N82065,3270,275,330
N82089,2750,220,205
N82090,8220,630,920
N82662,5875,555,560
N82002,3970,350,445
N82067,4885,285,415
N82086,2985,250,195
N82091,1830,135,160
N82641,4975,275,360
N82646,7155,475,570
N82663,3470,250,300
N82668,2680,170,190
N82671,2240,155,60
N82678,2540,150,150
N82001,4905,425,510
N82004,2695,160,175
N82009,7040,390,530
N82034,4985,470,585
N82035,7075,500,935
N82036,2775,260,395
N82039,3160,190,335
N82050,2075,175,225
N82062,5825,350,635
N82066,7640,515,1140
N82073,5580,310,585
N82084,5410,445,765
N82106,3050,195,270
N82109,4255,395,420
N82116,6335,395,580
N82650,3805,285,255
N82018,10065,800,1180
N82019,3950,365,465
N82037,9780,780,1065
N82048,5885,550,830
N82049,5175,470,520
N82053,12740,910,1240
N82077,2210,180,155
N82078,2420,205,210
N82083,8100,565,785
N82087,1920,195,220
N82093,3455,270,335
N82097,6965,545,780
N82101,2270,175,235
N82103,7545,580,715
N82104,3525,270,340
N82110,6320,575,715
N82113,6575,440,545
N82648,2010,135,150
N82651,3470,280,360
N82655,1980,215,130
N82676,3315,235,300
N82014,5465,390,575
N82026,5390,245,415
N82059,5365,200,365
N82079,5375,185,245
N82092,7035,540,855
N82107,1625,120,140
N82108,6600,285,450
N81006,4545,245,330
N81018,6940,400,620
N81031,5280,310,485
N81038,6500,440,565
N81120,4890,290,295
N81624,7045,365,705
N83003,5985,505,505
N83006,2785,225,165
N83007,2590,225,220
N83017,5225,405,365
N83026,2175,200,100
N83027,5485,355,395
N83637,2715,180,40
Y02510,5400,385,240
N81082,13035,870,1110
N81101,6655,280,330
N81115,6130,355,475
N81626,3480,275,265
N83014,8370,615,700
N83018,6940,585,590
N83024,6505,525,620
N83030,4285,325,310
N83043,3185,250,330
N83047,4280,290,460
N83603,5955,450,460
N83605,4885,290,400
N83609,3690,40,305
N83619,3970,255,245
N83633,3095,250,190
N81016,25440,1710,1840
N81053,13795,1165,815
N85002,16170,890,1035
N85007,18170,1230,1620
N85008,11440,735,920
N85013,6485,470,550
N85032,5625,310,340
N81011,11885,835,1120
N81035,10140,765,970
N81037,6675,535,665
N81045,11280,955,1210
N81064,5590,485,480
N81119,4020,320,325
N81619,3005,190,245
N81651,2820,150,140
N81013,5750,435,420
N81029,10530,735,945
N81062,12590,885,1125
N81085,8205,525,650
N81088,10550,665,665
N81632,4685,265,325
Y02045,5,0,5
N81005,8180,590,760
N81030,14175,915,1325
N81050,16050,1235,1270
N81063,9955,785,710
N81092,11820,905,1070
N81093,13240,1090,1220
N81117,4520,385,225
N81607,2885,195,200
N81025,8730,575,710
N81051,5890,475,600
N81055,6015,445,480
N81061,8175,630,465
N81067,7385,515,610
N81087,20480,1345,1485
N81113,6010,485,590
N85037,4285,355,195
N85044,16835,1245,980
N85643,3245,215,145
N83001,11630,940,1030
N83008,6510,555,525
N83010,5860,385,600
N83012,8660,670,650
N83021,6320,545,495
N83023,9545,880,860
N83035,5905,520,555
N83050,3910,330,355
N83053,7465,460,610
N83614,4870,280,280
N83019,6445,530,635
N83041,4015,300,140
N83049,3595,175,195
N83054,3460,230,265
N83620,2935,205,170
Y00475,4335,320,250
N81020,10690,830,565
N81028,7380,550,655
N81041,7145,500,405
N81056,7965,665,485
N81097,3665,260,185
N81122,8715,605,390
N81628,10015,665,520
N81027,12300,865,1215
N81052,10470,780,835
N81077,10825,675,875
N81118,7115,470,650
N81044,8900,735,695
N81068,12270,1015,820
N81084,17585,1160,1625
N85015,6465,420,410
N85016,7005,560,470
N85017,4540,335,265
N85018,5175,310,125
N85019,7120,645,475
N85020,12435,900,1130
N85021,2630,260,100
N85022,3560,290,275
N85031,3105,290,125
N85038,3470,300,240
N85054,4205,255,355
N85057,1665,170,105
N85625,13130,1030,1010
N85633,3830,265,210
N85634,1460,150,100
