practice_code,af_prev,chd_prev,hf_prev,hyp_prev,stia_prev,pad_prev
A81001,2.894467213114754,3.842213114754098,1.306352459016394,18.00717213114754,2.407786885245902,0.665983606557377
A81002,3.038703486512421,4.574048406013434,0.7943277534918435,19.40505384369336,2.734833137861179,0.8476383409745176
A81004,2.591221575885775,3.296315882249251,1.145778247840649,16.42869733826899,2.203419707385863,0.4935660144544333
A81005,3.79054318093005,4.233424514784421,1.328644001563111,21.37553731926534,3.230428552820112,0.5210368633580825
A81006,2.760214834455095,4.385070365082602,1.026582364538718,18.95438167108573,2.569855190699572,0.9517982187776192
A81007,2.467972871137905,4.069329314242653,0.8477769404672193,17.63376036171816,2.581009796533534,0.8760361718161266
A81009,2.285293033542204,3.415653028627596,1.290084776999631,16.13220297333825,2.100995208256542,0.8354834746283327
A81011,2.618285906718302,5.017679744064658,0.934500757703317,20.64320592692372,2.769826570129651,1.187068530055565
A81012,1.504424778761062,2.831858407079646,0.9380530973451328,16.07079646017699,1.769911504424779,0.8849557522123894
A81013,2.773054283845651,3.518639633747547,0.6278613472858077,23.63636363636364,2.171353826030085,0.5886200130804448
A81014,3.204047217537943,5.372199470007227,1.373163093230547,21.70561310527584,3.107684895205975,0.8913514815707059
A81016,1.382338591640917,2.561392096275817,0.8375345584647911,11.75800943242804,1.390469995121158,0.5935924540575703
A81017,2.249945521900196,3.279581608193506,0.9479189365874918,15.55349749400741,1.988450642841578,0.4467204183918065
A81018,2.796036495634258,4.051800255077014,2.060237417835769,21.94643382713627,2.884332384970078,1.09879328951241
A81019,2.056179775280899,3.393258426966292,0.9213483146067416,16.46067415730337,1.797752808988764,0.7415730337078652
A81020,2.68116858479828,3.869988617680536,0.9864676868597444,17.37700771468319,2.175287719742001,0.7841153408372329
A81021,2.561752640307236,4.041197521166099,1.475080736667539,18.09810596142097,2.417735881993541,0.8728288382648162
A81023,1.434308663224326,2.455536431440046,0.6540447504302926,11.24497991967871,1.342512908777969,0.6081468732071142
A81025,2.614219398973858,3.835817248961642,1.001710236989983,17.71316882482287,2.247740043977522,0.8551184949914489
A81026,2.017594186268885,3.619238860202715,1.128322815069803,14.7877223178428,1.855039204436795,0.650219927328361
A81027,3.420564599216979,3.523593653410262,0.576962703482382,16.5808091215056,2.53451473315475,0.5563568926437256
A81029,1.43915048204555,2.612826603325415,0.698616738857063,12.58907363420428,1.648735503702669,0.866284756182758
A81030,2.335189509610203,3.227351655589486,1.233459074306928,17.35225435602658,2.113645889467696,0.7604335069756302
A81031,2.385294332190532,3.946312641330513,1.013932453132978,17.4921584360639,2.210226858268291,0.6856809395287767
A81032,3.272194953930939,4.29690863687247,1.09360199776113,18.7462326702833,2.652200120554551,0.8094376991302851
A81034,2.279147713670098,3.203255925305243,1.187455111323917,16.88771845822361,2.317452717261192,0.6463969355997127
A81035,1.845207585853408,3.598154792414147,1.117375704766786,14.86417221937468,2.30650948231676,0.9123526396719632
A81036,3.333129472203535,4.079261207265611,0.9968809247140848,20.77548773775304,2.733777750596294,0.7277842333802214
A81037,1.540785498489426,2.97583081570997,1.132930513595166,14.01812688821752,1.555891238670695,0.770392749244713
A81038,0.8973343890208498,2.903140670361573,0.6861968857218264,11.08471892319873,1.900237529691212,0.3430984428609132
A81039,2.555205047318612,3.178233438485804,0.9305993690851736,15.42586750788643,2.358044164037855,0.4337539432176656
A81040,2.993660483681615,4.449401267903264,1.021366517961963,17.5510683258981,2.571026062455976,0.9039680676215072
A81042,2.061855670103093,3.19004084808403,1.205991052324451,17.03300265836737,1.906243921416067,0.8299293263308046
A81044,2.822474281192298,3.888156159324716,1.202848852545503,18.18517541545766,2.226325507781588,0.8441044579266685
A81045,2.877350908214114,4.3722874135991,1.655682366179071,18.09998392541392,2.70053046134062,0.9644751647645072
A81046,2.842335411774233,3.67641104542878,0.9636407806300104,17.13499068750506,2.396955219046077,0.664021378249251
A81049,2.048044348629504,3.865106251924854,0.5697566984909147,15.96858638743456,1.724668925161688,0.7391438250692948
A81051,2.238396045042571,2.897555616588849,0.8102169733589673,13.89728096676737,1.840153803900027,0.6179620983246361
A81052,2.835051546391753,3.578509119746233,1.397700237906424,19.88501189532117,2.577319587628866,0.8425852498017447
A81053,2.777777777777778,4.209270620313565,1.192910702113156,23.67075664621677,2.385821404226312,1.158827539195637
A81054,2.813928948294055,3.822253488099425,1.406964474147028,20.17821550005862,2.626333685074452,0.9379763160980183
A81056,3.026481715006305,3.44682639764607,0.546448087431694,25.26271542664985,2.900378310214376,0.3362757461118117
A81057,2.704619124797407,4.041734197730956,1.387763371150729,18.11183144246353,2.380470016207455,0.8711507293354943
A81058,2.680211823192478,3.901437371663245,1.048308656651897,17.41056954501243,2.9828163838755,0.7673187074462336
A81060,2.25862891681247,3.881024335931286,1.113408620963894,17.71910291076825,2.942579926833148,0.6203276602513123
A81064,1.111371080954609,1.766495086569958,0.6551240056153487,8.668694431445951,0.9358914365933552,0.4796443612540945
A81066,2.826006649427411,3.694126339120798,1.182120428518655,17.38086442556336,1.847063169560399,0.7203546361285557
A81067,2.061949314197475,3.07929875556363,0.8538468525751658,14.49722953946771,2.298119720228903,0.7720955581796712
A81070,1.861443832955649,2.962123664616381,0.809323405632891,14.72968598251861,1.651019747491098,0.5665263839430237
A81602,3.867151956323931,4.686078252957234,0.7734303912647862,26.7515923566879,2.820746132848044,1.091901728844404
A81608,1.074016563146998,1.98628364389234,0.4334886128364389,13.86516563146998,1.319875776397516,0.4270186335403727
A81610,2.69385699899295,3.814199395770393,0.9692849949647532,15.2693856998993,2.328801611278953,0.730110775427996
A81611,1.949025487256372,3.341186549582352,1.124437781109445,17.17712572285286,2.32383808095952,0.7924609124009423
A81612,2.391629297458894,5.007473841554559,1.195814648729447,21.42501245640259,2.590931738913802,0.9965122072745392
A81618,3.873098478783026,4.043234587670136,1.200960768614892,22.17774219375501,2.762209767814251,1.090872698158527
A81621,1.12278160086925,2.571532053603767,0.8330315103223469,10.82940963419051,1.99203187250996,1.159000362187613
A81622,2.167782869228058,3.436728939020091,1.022206556221361,15.87945012336976,2.220655622136059,1.639055340148044
A81629,1.956059532246633,3.642806520198441,1.247342310418143,15.66265060240964,2.097802976612332,0.7512402551381999
A81631,2.569876804874818,4.106504172738111,1.020002649357531,22.58577295005961,2.397668565372897,0.8345476222016162
A82003,3.478260869565217,4.205685618729097,1.237458193979933,17.98494983277592,2.458193979933111,0.7357859531772575
A82004,3.133514986376022,3.769300635785649,1.45322434150772,23.7511353315168,2.997275204359673,0.7266121707538601
A82005,2.575912657795974,3.275332650972365,1.091777550324122,18.23609689525759,2.439440464005459,0.9211873080859776
A82006,3.88671875,4.84375,1.50390625,22.65625,3.41796875,1.03515625
A82007,2.618213660245184,4.080560420315236,1.926444833625219,15.90192644483363,2.390542907180385,0.7705779334500876
A82008,2.881341858340945,3.512413850369509,1.577679980071411,14.69733455119156,2.457859337374408,0.7390185169808187
A82009,2.545769689091106,4.008233127505146,1.668291626042682,16.8020799480013,2.177445563860903,0.6608168129130105
A82010,2.884615384615385,4.068047337278107,2.056213017751479,19.00887573964497,2.381656804733728,0.8284023668639053
A82012,3.927908508472547,5.44278785701455,2.191485539788037,20.02874079396443,3.173462666906173,1.023890784982935
A82013,4.243991481594159,4.57864313964101,1.52114390021296,21.14390021296014,3.163979312442957,0.9583206571341648
A82014,4.651706404862085,5.610098176718092,1.145395044413277,23.23515661524077,3.763440860215054,0.584385226741468
A82015,1.900325347530317,3.60100561963916,0.7320319432120674,12.62200532386868,1.974267968056788,0.8503401360544218
A82016,2.639017435025139,4.452560222127723,1.841058608700002,17.8302523951272,2.669034694949596,1.028091152412637
A82018,2.497053624042428,4.169121979964643,0.7734236888626989,15.38744843842074,2.585444902769594,1.082793164407778
A82020,2.424087777494259,4.918346516968614,1.205664710385302,16.35621331972442,2.602704771625415,1.35876499106915
A82021,3.353122251539138,4.19415127528584,1.396218117854002,18.15633245382586,2.737467018469657,0.6706244503078276
A82022,3.41130604288499,4.483430799220272,0.8576998050682261,19.88304093567251,2.943469785575049,0.838206627680312
A82023,3.198865427040656,5.278915852505516,1.544279861329972,19.05137094232587,3.230381342578001,0.9927513394264104
A82024,3.749366661036987,4.999155548049316,1.41867927714913,20.46951528458031,2.685357203175139,0.8613409896976861
A82025,2.775383554559559,3.068436476469574,0.8188243406309257,14.9370798138252,2.37028098603689,0.6895362868470953
A82026,3.17634806757695,3.57556121268225,0.9430687340893312,16.55866697523721,2.915991668595233,0.7637121036797038
A82027,3.548935319404179,3.798860341897431,1.059682095371389,19.5741277616715,3.099070278916325,1.469559132260322
A82028,3.715689799832194,3.811578568860122,1.186623516720604,17.76339446242359,2.972551839865756,0.8749850173798394
A82029,3.386454183266932,4.837791690381332,1.166761525327263,24.64428002276608,2.959590210586226,0.910643141718839
A82030,4.131727397469127,4.040250038115566,1.082482085683793,18.60039640189053,3.049245311785333,0.7165726482695532
A82031,3.265799818566677,3.84033867553674,1.149077713940127,20.98578772301179,2.509827638342909,1.028122165104324
A82032,2.971800433839479,5.061460592913955,1.532899493853941,21.35936370209689,3.04410701373825,1.048445408532176
A82033,3.039858728557013,5.108476286579213,1.639757820383451,18.47880928355197,3.014631685166498,0.8198789101917255
A82035,3.497177474872642,4.536692826655652,1.280462618752582,20.08811785763459,2.836293542613245,0.9637890678782872
A82036,3.175429463820926,3.96494881138296,1.197293076522644,17.10914454277286,2.724275550928336,1.015096304008329
A82037,4.515543453596551,5.945087361016565,1.225323349217154,28.61356932153392,3.698661220785115,1.520308599954618
A82038,3.30188679245283,3.473413379073757,0.9005145797598628,20.56174957118353,2.165523156089194,0.4073756432246998
A82039,3.039927404718693,3.924682395644283,1.633393829401089,17.91061705989111,2.450090744101634,0.6352087114337568
A82041,2.856936207145957,4.773614928395776,1.685230724721539,17.72023723419644,2.856936207145957,1.063214234051786
A82044,2.869347600966517,4.677252329996548,1.423886779426994,17.63462202278219,2.606144287193648,1.10027614773904
A82045,3.111646762353457,5.050947737482195,1.216171797962091,19.2944012271283,2.826777692560535,1.0408677550126
A82046,2.375051631557208,2.850061957868649,0.8261049153242461,14.56009913258984,2.209830648492359,0.7434944237918215
A82047,2.844000841776148,4.293058353125094,1.731653789495836,16.51685055467035,2.678651955626372,0.9800679433604906
A82053,4.95049504950495,5.177950227455178,1.792881990901793,23.96307198287396,3.96039603960396,0.8696815627508696
A82055,3.174603174603174,5.416318574213311,1.211361737677527,21.90197716513506,2.868281815650237,1.113895850737956
A82062,2.82780410742496,4.044233807266982,1.753554502369668,17.86729857819905,2.022116903633491,0.9162717219589256
A82064,3.758911211924822,5.541153596889177,1.701231367465975,20.4147764095917,3.224238496435515,1.134154244977317
A82068,2.659008721548607,3.743884279940438,1.148691767708998,19.18740693469475,2.04211869814933,0.6381620931716656
A82070,3.835163182433448,3.669724770642202,0.6467137915476011,18.33358399759362,3.323808091442322,0.6015942246954429
A82072,2.913279132791328,3.672086720867208,1.964769647696477,17.68292682926829,2.466124661246612,0.8265582655826559
A82075,2.619740672135486,4.405927494046044,1.561259592484785,17.49139984122784,2.447737496692246,0.9923260121725324
A82608,2.842487711049369,2.500534302201325,0.4701859371660611,13.95597349861081,2.137208805300278,0.7480230818550972
A82613,3.383458646616541,4.793233082706767,0.6578947368421052,13.81578947368421,1.879699248120301,0.3759398496240601
A82617,3.659420289855073,4.420289855072464,1.376811594202898,19.49275362318841,2.173913043478261,0.9057971014492754
A82629,2.610966057441253,3.68798955613577,2.447780678851175,14.13185378590078,1.697127937336815,5.287206266318538
A82631,3.585657370517929,4.648074369189907,1.51394422310757,22.12483399734396,3.399734395750332,0.7171314741035857
A82646,2.909090909090909,4.701298701298701,1.272727272727273,22.18181818181818,2.805194805194805,1.038961038961039
A82647,3.900491400491401,5.159705159705159,1.934889434889435,23.98648648648648,3.378378378378379,0.7678132678132679
A82650,4.173794047211769,3.66062264796442,0.9579199452617174,18.20047895997263,2.702702702702703,0.7184399589462881
A82651,3.724582242802497,3.603784980873767,1.449567143144755,18.26051942822629,2.75820414737266,0.3221260318099456
A82654,2.675713737037511,4.660094738189732,1.088208936115734,17.87223146844194,2.419664575598515,0.9473818973242863
A83001,2.467482785003825,3.921193573068095,1.791634787044121,17.71231828615149,2.20606988013262,0.7587350165774037
A83003,3.081262883801671,4.600195291309537,1.616578062276229,20.50558750135619,2.9185201258544,1.11750027123793
A83005,2.88421920065925,3.61763494025546,1.664606510094767,19.58796868562011,2.595797280593325,1.005356407086939
A83006,2.547475683186661,3.346456692913386,1.690597498842056,19.0829087540528,2.454840203798055,1.262158406669754
A83007,3.308608237360922,5.914503220769081,2.332617606870974,24.0972086667968,2.927971891469842,1.12238922506344
A83008,2.878365831012071,4.326833797585887,2.618384401114206,18.70009285051068,3.045496750232126,1.095636025998143
A83009,3.278265358802272,4.246257098606092,1.858544140423335,19.92772328342798,3.07176045431079,0.813113061435209
A83010,2.825413613356501,3.58087179874594,1.858427136058019,22.45221726977412,2.34192037470726,0.7479036035355443
A83011,1.193750188884523,1.362990721992203,0.3596361328538185,6.512738372268729,1.021487503399922,0.2447943425307504
A83012,2.739638546522766,4.629925282585095,1.32192349447602,19.45845839453349,2.656619196628137,0.9195989526789704
A83013,1.958732057416268,2.564294258373206,0.964413875598086,15.82685406698565,1.712021531100478,0.6130382775119617
A83014,2.600095709044504,4.338810017546659,1.116605519221566,19.95533577923114,2.616047216461956,0.8454298931249002
A83015,2.766066838046273,4.185089974293059,2.303341902313625,22.70437017994859,2.879177377892031,0.987146529562982
A83016,3.031983730819005,4.557219449066371,2.116842299870586,25.76261785912368,2.847106674061749,1.201700868922167
A83018,2.872744539411206,4.332858499525166,1.798433048433048,23.5042735042735,2.75997150997151,0.9615384615384616
A83020,3.245646535753983,4.705446461652464,3.267876991478325,23.78658762504631,3.364208966283809,1.037421267135976
A83021,2.609406438631791,3.942404426559356,1.779426559356137,18.92605633802817,2.860915492957746,1.175804828973843
A83022,2.435546215333809,3.929147746463017,1.373512965812287,18.05456524186587,2.510601568656885,0.7242841595676811
A83023,2.305844675740593,3.89111289031225,1.505204163330665,19.39951961569255,2.489991993594876,1.064851881505204
A83025,3.067708713753561,4.236359652326346,1.913665911912936,17.85844715506537,3.001972098458842,1.117522460010226
A83026,2.468100959299618,3.93964794635373,1.592623637887678,18.0311073856757,2.877898854428611,1.015181149296824
A83027,2.417553540927605,3.521219287872816,1.248193404283274,16.47615293653922,2.075942714492183,0.5781106293522533
A83028,3.187293465515403,3.848203816224284,1.652275876772199,21.02121309028888,3.059375333120136,0.8208080162029634
A83029,3.385317611259034,4.412324077596044,3.271205781666032,20.48307341194371,3.328261696462533,0.9699505515405098
A83030,1.959296309072094,3.056226284925836,1.317695757157641,16.85408761641946,2.014487754398068,0.6553984132459468
A83031,2.980472764645426,3.811236724905789,2.757793764988009,19.24460431654676,2.757793764988009,0.8907159986296678
A83033,2.703777335984095,4.055666003976143,1.908548707753479,18.79721669980119,2.435387673956262,0.9542743538767396
A83034,2.306006137658922,2.867163524769837,1.753616834721613,15.08987286277948,2.042963612450679,0.6839105655414293
A83035,3.700612131329994,4.897050639955482,1.836393989983305,25.84863661658319,3.171953255425709,0.9738452977184195
A83036,3.536761172513215,4.565112926477655,1.691494473810668,21.57616530514176,3.008169149447381,0.7208073041806823
A83037,3.308316740695359,5.12329606371573,2.17491193138306,22.12436820340021,3.139837647419207,1.278909480778067
A83038,1.956662354463131,3.137128072445019,1.245148771021992,17.04398447606727,1.972833117723156,0.630659767141009
A83040,2.349486049926579,3.100016315875346,1.443954968184043,14.90455212922173,2.292380486213085,1.04421602218959
A83043,3.588785046728972,4.448598130841122,1.158878504672897,29.94392523364486,3.252336448598131,1.271028037383177
A83044,2.544928235436015,4.933059944518152,1.483536364732843,18.92413460378724,2.508744421662043,1.133759498251116
A83045,3.058350100603622,4.909456740442656,1.777330650570087,18.80617035546613,3.17907444668008,0.9792085848423876
A83046,3.623585250091274,4.59109163928441,1.350857977364001,20.27199707922599,3.57794815626141,0.9766338079591091
A83047,2.489406779661017,3.131620762711865,1.350635593220339,19.27966101694915,2.065677966101695,0.960010593220339
A83048,3.129011553273427,3.353658536585366,1.668806161745828,20.26636713735558,2.471116816431322,0.5937098844672657
A83049,2.661503472862499,3.153236216116541,1.536664822668879,20.68350851312312,1.96078431372549,0.5654926547421476
A83050,2.921667719519899,4.137713202779532,1.674036639292483,18.25647504737839,3.087492103600758,0.8449147188881869
A83052,3.181397501156872,5.205923183711245,2.244331328088848,21.74919018972698,2.892179546506247,1.099028227672374
A83054,3.09887747790781,4.567709577262956,1.958442799140196,20.24122283257702,2.991401958442799,1.021017434917602
A83055,3.171456888007929,3.627353815659069,1.268582755203171,19.74231912784936,2.596630327056492,0.5748265609514371
A83057,2.800109379272628,4.648619086683073,2.269619907027618,19.44763467322942,2.504785343177468,1.03363412633306
A83060,3.228045817424505,4.269350919819507,1.284276292953835,19.88892745574454,2.360291565428671,0.9024644220756682
A83061,4.332425068119891,3.651226158038147,1.852861035422343,20.5449591280654,3.106267029972752,1.008174386920981
A83066,2.092746730083234,3.900118906064209,1.78359096313912,16.94807768529529,2.417756638921918,1.387237415774871
A83070,3.309010690649924,4.055659256745291,1.917529272017648,22.33157984048871,3.088409977939929,0.83149499406075
A83071,2.022810415321713,4.368409726705401,1.463309662147622,18.35592855605767,2.087368194534108,0.7101355713363461
A83072,3.370245546461242,3.972075108329321,1.348098218584497,24.28984111699567,3.346172363986519,0.6259027443428021
A83073,2.763058289174868,5.620741862225587,1.400454201362604,22.33156699470099,3.425435276305829,1.230128690386071
A83074,2.328077272352019,3.54990506067861,1.824486089325518,16.42037480392966,2.790390489556675,1.081482704532321
A83075,2.69327882649994,4.917638571600336,2.044006252254419,20.60839244920043,2.765420223638331,0.9859324275580138
A83610,1.87127870711653,4.621491352424156,1.360929968812022,19.96030620924298,1.842925999432946,0.7371703997731783
A83616,2.090835172493902,4.692763387152979,2.021140666744105,18.34127076315484,2.265071436868394,0.9524915785805552
A83617,2.446368084305608,5.118554761008657,1.618366578848325,21.67858487015431,3.274369589762891,1.053820097854723
A83619,3.272405660377359,3.803066037735849,1.326650943396226,17.27594339622641,2.712264150943396,0.972877358490566
A83626,2.857142857142857,5.142857142857142,1.626373626373626,21.0989010989011,3.120879120879121,1.054945054945055
A83627,2.107481559536354,4.696673189823874,1.776305885894927,18.13939485172362,2.559084750865573,0.7677254252596718
A83634,3.413217138707335,5.301379811183732,2.033405954974582,23.78358750907771,2.941176470588235,1.234567901234568
A83635,1.479681978798586,2.429328621908127,0.6625441696113075,13.18462897526502,1.634275618374558,0.4196113074204947
A83636,2.793487574978577,3.564695801199657,2.005141388174807,24.71293916023993,2.707797772065125,0.8226221079691516
A83637,2.196475983586773,4.755008447984553,1.786145305334299,21.74752594738112,3.113685734974656,1.206854936036688
A83641,1.954732510288066,2.839506172839506,1.68724279835391,15.02057613168724,1.810699588477366,0.9053497942386832
A83644,2.569114772409941,4.021223122032952,2.401563808991901,20.88802010611561,2.541189611840268,1.144931583356604
A84002,4.808317089018843,5.116959064327485,2.436647173489279,25.43859649122807,3.265107212475634,1.10461338531514
A84005,2.786910912791608,3.718490684202286,1.276029434789416,19.12478471896039,2.591200876780961,0.806325348363864
A84006,3.945347667213897,4.617910289678546,1.752899433352751,21.73913043478261,3.018588148069692,0.8314356828893714
A84007,3.674418604651163,3.990697674418605,1.265116279069767,18.86511627906977,2.986046511627907,0.6790697674418604
A84008,4.33429651033563,4.534340964658814,1.822627250500111,23.89419871082463,3.511891531451434,0.777950655701267
A84009,2.62807225347942,4.071661237785016,1.872964169381108,18.17441516138584,2.639176784127924,0.906870002961208
A84011,3.300138953219083,3.624363131079204,2.350625289485873,19.22186197313571,2.732746641963872,0.5442334414080593
A84013,3.32752337189035,5.197274599904929,1.790524481064807,19.52147044842339,2.820472191411821,1.441926794485819
A84014,2.953586497890295,4.510403026334934,1.89873417721519,18.7909209951986,2.633493379892332,0.9457296668121636
A84016,2.739527467748949,3.39179591245108,1.290042035077547,19.17669227424264,2.159733294680389,0.9131758225829832
A84018,4.748870945668537,4.269878198987272,1.833857944436841,18.46174900780074,3.57191733953743,0.8895579581223485
A84020,3.198506533914126,5.426260112009956,2.949595519601742,22.94959551960174,3.646546359676416,1.032980709396391
A84022,3.600493218249075,5.236333744348541,1.413892314015619,22.15371968762844,3.551171393341554,1.068639539662968
A84024,3.836562440053712,3.932476501055055,1.649721849223096,21.571072319202,3.165164013044312,0.8344523307116822
A84025,3.444444444444445,4.462962962962963,1.944444444444444,22.33333333333333,2.703703703703704,1.111111111111111
A84026,3.188248095756257,5.321001088139282,1.501632208922742,20.9031556039173,3.286180631120784,1.153427638737758
A84027,4.643691588785047,3.884345794392523,1.752336448598131,23.45210280373832,3.154205607476635,0.4088785046728972
A84028,2.995134806405838,5.067909993918509,2.305899047232921,19.01986620717616,2.979931076424083,0.998378268801946
A84029,3.33115610711953,4.3979969518833,1.52405834966253,22.42543000217723,2.460265621598084,0.8708904855214457
A84030,3.289124668435013,4.367816091954023,1.945181255526083,19.38107869142352,2.979664014146773,0.8045977011494253
A84031,3.915718814096588,4.465784076076822,2.023121387283237,17.9377214245758,3.244452731680029,0.7831437628193174
A84033,3.400546821599453,4.101161995898838,1.537935748462064,16.30211893369788,3.656869446343131,0.7006151742993848
A84034,4.113526136159511,5.514639841925633,3.143524339859888,23.96263696784624,3.700377222920783,1.077779773666248
A84035,3.6607892527288,4.147774979009236,0.8396305625524769,18.3711167086482,3.240973971452561,0.7220822837951302
A84036,2.8901617522488,4.517768545036505,2.049130732927272,19.90843451252471,2.700576822233875,0.9701101206082852
A84037,3.146853146853147,4.512154512154512,1.448551448551449,19.23076923076923,2.963702963702964,0.8158508158508158
A84038,3.015855416343276,3.913959419004324,2.450382525778911,20.74509369109657,2.683224304246591,0.7983146690320434
A84039,3.487236713628121,3.626726182173246,1.060119960942949,16.33421676663412,2.63635095550286,0.5719068210350118
A84040,3.922716627634661,4.596018735362998,2.546838407494145,20.57962529274005,3.571428571428571,0.6440281030444965
A84042,3.525046382189239,4.452690166975881,0.927643784786642,19.38775510204082,2.736549165120594,0.5565862708719851
A84044,3.414158305462653,4.835562987736901,0.947603121516165,19.45373467112598,3.455964325529543,0.7803790412486065
A84045,3.576184135438463,3.785428951873692,2.035381396233593,23.34030816054784,3.23378352672627,1.02720182613658
A84047,3.62761428835832,3.646122524523413,1.240051823061262,19.37812326485286,3.090875439570609,0.7588376827688321
A84604,4.274028629856851,5.23517382413088,1.533742331288344,25.62372188139059,3.169734151329243,1.247443762781186
A84614,2.879341864716636,4.753199268738574,0.9140767824497258,14.94515539305302,2.696526508226691,0.9140767824497258
A84619,2.564700396362789,4.126836092329214,1.608766612263931,18.41921193751458,2.84448589414782,0.8859874096525997
A85001,3.032721468475658,3.55147645650439,1.210428305400372,16.17451449853685,2.4341580207502,0.6251662676243681
A85002,3.053040103492885,4.113842173350582,1.034928848641656,20.23285899094437,2.897800776196636,0.8020698576972833
A85004,2.693404108915757,3.794357613290082,1.346702054457879,22.84478521576723,2.231396834758675,1.159933156394377
A85005,2.365470852017937,3.503363228699551,1.132286995515695,17.07959641255605,2.881165919282511,0.8800448430493274
A85006,2.347999724574812,3.105418990566688,1.273841492804517,18.52922949803759,2.527026096536528,0.90890311919025
A85007,2.789625360230548,4.207492795389049,0.7723342939481268,17.30259365994236,2.76657060518732,0.6340057636887608
A85008,3.09601567602874,4.245591116917048,1.887655127367734,21.13651208360548,3.09601567602874,0.9209666884389288
A85009,2.449232677104325,3.596341652456984,0.7905751046349403,17.22213610292978,2.35622384126492,1.147108975352658
A85010,2.756282062429354,3.721415529084427,1.243370141726806,19.98956612468481,2.617163724893488,1.086862011998956
A85011,2.878787878787879,4.173553719008265,1.446280991735537,21.2396694214876,3.347107438016529,1.060606060606061
A85013,2.269796234201702,4.126902244003095,1.109104978075832,21.58885736394119,2.037657982976528,1.18648439515089
A85014,2.863186894278546,3.566684705072071,1.023269542972401,18.15811482264968,2.479460815663896,0.8363260687755203
A85016,2.481104173512981,3.27801511666119,1.150180742688137,18.64935918501479,2.448241866579034,1.01873151495235
A85017,1.361938049897553,2.133301193202362,0.5905749065927444,10.10003615764734,1.422200795468241,0.5785223574786068
A85018,2.873322147651007,3.775167785234899,1.174496644295302,18.72902684563758,3.104026845637584,1.006711409395973
A85019,2.372657941813388,3.45541851049807,1.525280105451464,14.76320497128331,2.862254025044723,0.932115619998117
A85020,3.49202281027744,3.812391875440508,1.121291728070738,21.6377266611136,3.06913564426219,0.6535528929326584
A85021,1.159544771312003,1.503113592441486,0.7945028988619284,9.362250375778398,0.923341206785484,0.3865149237706678
A85024,2.789616427741186,4.145679969004261,0.8523827973653623,19.21735761332817,2.557148392096087,0.8911274699728787
A85026,1.938526021655606,3.370590289905694,1.344743276283618,15.38595878449179,2.305274187914775,1.012923506811037
A85611,2.253876667868734,2.993148214929679,0.5048683736025965,17.23764875586008,2.470248827984133,0.6491164803461955
A85616,3.229102799918251,4.394032291027999,1.226241569589209,20.45779685264664,2.677294093603106,0.633558144287758
A85617,2.680197762164975,3.070517824616185,0.6505334374186833,19.33385376008327,2.810304449648712,0.6505334374186833
A86003,0.8060170107078423,1.440989713910823,0.438154595937112,6.919093699477495,0.9419152276295132,0.3467747604208158
A86004,1.373459907089477,2.652662761731637,0.7742543593886757,10.73183868578738,1.642765771224668,0.5655423146839023
A86005,2.513227513227513,3.323412698412699,1.686507936507937,17.46031746031746,2.397486772486773,0.9755291005291004
A86006,2.835538752362949,3.247980752706651,1.718508334765424,18.28492868190411,2.010654751675546,0.7733287506444406
A86008,2.174733821641622,3.118628709506909,0.8759344559389867,14.54353243222835,1.797175866495507,0.6947066374688514
A86010,1.530707485532948,2.202725406010827,1.045361209632257,12.96434571588576,1.474705992159791,0.4386783647563935
A86012,1.14859437751004,2.224899598393574,0.7068273092369478,11.17269076305221,1.70281124497992,0.5381526104417671
A86016,2.412303802802065,3.149689244706626,1.516907194775097,17.78152322764142,2.243758558938165,0.5583061202991678
A86017,1.944325481798715,3.494646680942184,0.7794432548179872,12.76231263383298,2.295503211991435,1.053533190578159
A86018,2.857792601576713,3.365676167374166,1.083990297149788,14.98635536688902,2.35748938750758,0.5609460278956944
A86020,1.99394889366821,2.238180293806729,0.6561440600736339,12.00379105456931,1.818977144315241,0.4593008420515438
A86021,2.561060021754178,3.56966281024424,1.127261940077128,17.39345397013745,2.551171759121922,1.087708889548106
A86022,3.000830269244455,3.902265448938441,1.35215276954098,18.44383821610722,2.799193452733958,0.7828252876289882
A86023,1.937984496124031,3.430232558139535,1.017441860465116,19.24418604651163,2.441860465116279,1.056201550387597
A86024,1.53867479900194,3.174383143886887,1.095092874965345,14.73523703909066,2.148599944552259,1.219850291100638
A86025,1.703428696221883,3.14479143917886,0.6624444929751765,13.54735386183301,1.98733347892553,0.7425202009172308
A86026,2.977398836107727,4.24956015699012,1.015022330491271,16.70050074434971,3.045066991473813,0.97442143727162
A86027,0.1379881330205602,0.1747849684927096,0.0459960443401867,1.347684099167472,0.1333885285865415,0.0091992088680373
A86028,1.897483199367506,2.701278165766241,0.7906179997364606,14.88997232837001,1.831598366056134,0.5929634998023455
A86029,1.723634238971662,2.273833868925894,1.046840003895219,11.62235855487389,1.601908657123381,0.9494595384165936
A86030,1.718721123637036,3.594529661800037,0.9240436148586214,14.2764738495657,2.24542598410645,1.071890593236001
A86033,1.611351611351612,1.587301587301587,0.5651755651755652,10.69023569023569,1.406926406926407,0.2886002886002886
A86037,1.123731271145481,2.440792653455776,0.7733204446592556,11.50314161430643,1.558724021266312,0.7491541807636539
A86038,2.510121457489879,3.465587044534413,0.97165991902834,16.89068825910931,2.704453441295547,0.9230769230769232
A86040,1.791312136139722,3.403493058665472,0.8210180623973727,14.62904911180773,2.224212569040156,1.015076877145842
A86041,2.438659485338121,3.560742070616397,1.226810293237582,14.51226810293238,2.169359664871334,0.5685218432076601
A86601,2.376499064803609,3.267686214104962,1.210254153372208,16.78952580041809,2.200462097040378,0.9682033226977664
A87002,3.015661446184605,4.581806064645119,2.049316894368544,21.4595134955015,3.698767077640786,1.332889036987671
A87004,2.85073409461664,4.237357259380098,1.843393148450245,18.45432300163132,2.83442088091354,1.039967373572594
A87005,2.839488009415919,4.12682065617184,1.265264087097249,16.33073414741798,3.133735471531558,0.6988377225246433
A87007,2.623906705539359,4.031172908723929,1.345593182327876,19.86992599237497,2.595873514240861,1.009194886745907
A87008,2.490096208262592,2.739105829088851,1.143180531975099,13.446519524618,1.697792869269949,0.3848330503678551
A87009,2.493361828897092,3.438896444530795,1.437730716922479,15.43293828119941,2.739459879541481,0.9325820866524188
A87011,2.785558667911609,3.516962340491752,1.213818860877685,20.04357298474946,2.738873327108621,0.6224712107065048
A87012,3.248044544610897,4.838923505236643,1.96208405143842,20.24393477396261,3.195015245923373,0.8219541296566354
A87013,2.594061528566835,4.620002143852503,2.572623003537357,20.17365205273877,2.862043091435309,1.179118876621288
A87016,2.306128830519074,3.525641025641026,1.375859912445278,18.95716072545341,2.274859287054409,0.7035647279549718
A87017,3.069711174958415,3.871162861031302,1.950703160441555,22.66747315892938,2.888250415847573,1.270225313775896
A87020,2.966197395166755,4.042761424377024,1.972445983588045,16.29902883384777,2.785515320334262,0.4517051870812316
A87022,1.742487479131887,2.462437395659432,1.19991652754591,12.71911519198664,1.763355592654424,0.5321368948247079
A87029,2.221270928462709,3.66248097412481,1.969178082191781,18.08885083713851,2.597031963470319,1.151065449010654
A87030,1.985270573166827,2.737752161383285,1.360870957412744,16.42651296829971,2.145373038744797,1.088696765930195
A87615,2.215711408167002,3.552462918879326,1.281816517121406,17.87218458157847,2.105841420985167,0.6958432521516206
A88001,2.87513691128149,4.134720700985762,0.9857612267250824,16.12814895947426,2.820372398685651,0.7119386637458927
A88002,2.756091790868228,4.157795126567305,1.650106458481192,15.67896853560445,2.300686065767684,0.99361249112846
A88003,2.901785714285714,4.074754901960785,1.610644257703081,19.52906162464986,2.33718487394958,1.032913165266106
A88004,2.46927250581331,4.141291108404385,1.583434835566382,18.51400730816078,2.46927250581331,1.063005204296313
A88006,2.565411614550096,4.722399489470326,1.684747925973197,16.2093171665603,2.744097000638162,1.301850670070198
A88008,2.846919726197884,4.433727442439328,1.462352209085252,18.01493466085874,2.302426882389546,0.7311761045426259
A88009,3.217247097844113,3.283582089552239,1.509121061359867,17.44610281923715,2.437810945273632,0.9286898839137644
A88012,2.678128616300215,4.099851215076873,1.669697470656307,15.98611340717474,2.215242188791536,0.8596462225161184
A88013,2.448319064522865,3.414073919398622,1.023178116517018,14.88828565462518,1.905408227187304,0.819586552516183
A88014,1.493574157693644,3.403959708232025,1.007294199374783,12.12226467523446,1.597777005904828,0.5904828065300451
A88015,2.644360496492175,3.831624392876417,2.010253642741501,16.17647058823529,1.848354020507285,0.903939557474366
A88016,3.31358084411658,4.813157576490506,1.862377554722457,21.32059499334865,2.334018623775548,0.7256016446970613
A88022,1.981174361272972,3.469296279695204,1.317794710891977,14.81846705513223,1.963245181532945,0.860600627521291
A88023,3.424530057695887,4.615670947329239,1.637818723245859,19.78410571375396,2.270612320863577,0.6514051740182394
A88025,3.123575011399909,5.449156406748746,1.755585955312357,20.79343365253078,2.735978112175102,0.8891928864569083
A88601,2.703941338221815,4.147571035747021,1.260311640696609,18.79010082493125,2.016498625114574,0.618698441796517
A88608,2.573591253153911,4.171572750210261,1.816652649285113,16.58536585365854,2.607232968881413,0.975609756097561
A88613,3.265210241954428,4.063894761569181,1.409443269908386,15.80925534413906,2.466525722339676,1.268498942917548
A89001,2.777572031701355,4.081179171913192,1.06658766017332,19.41337678690467,2.370194800385157,0.8591956151396192
A89002,2.074095265341153,3.061078529537977,0.4005149477900157,15.26248033185524,1.759404949220426,0.743813474467172
A89004,3.03773904213911,5.24623455745473,1.286173633440514,21.06109324758842,2.707733965137925,0.8377051954645456
A89005,2.959501557632399,5.019037729318103,1.453790238836968,21.58186223606785,2.994115610938041,0.8307372793354102
A89006,1.942348138067549,3.773351478411481,1.076333044661635,16.68934801435111,1.558827168130645,0.6680687863417049
A89007,2.863654379706698,4.964328180737217,0.713436385255648,21.39318271898533,2.090764962346413,1.010701545778835
A89009,2.649144764288694,3.744263662911973,0.688360450563204,16.64580725907384,2.117229870671673,0.7092198581560284
A89010,3.41232999429921,4.585063930287482,1.034286179656324,18.633439205147,2.443195699975568,0.6596628389934034
A89011,3.127606338615513,3.857381150959132,1.063386155129274,16.63886572143453,2.022518765638032,0.79232693911593
A89012,2.206201685051681,4.203943368366195,0.686180839051507,18.52688265439069,2.18883001824025,0.9206983410058196
A89013,3.106796116504854,4.801412180052957,0.8120035304501325,19.73521624007061,2.171226831421006,1.059135039717564
A89015,3.841991341991342,4.989177489177489,0.9956709956709956,22.07792207792208,2.748917748917749,0.735930735930736
A89016,2.769428939458995,4.7230571060541,1.341777586947188,20.54529841133533,2.211249463288965,0.8265349935594677
A89017,2.472111279438094,4.179865032364688,0.6059771381352431,16.76766285635588,2.320616994904283,0.7574714226690539
A89018,2.960030165912519,5.373303167420815,1.659125188536953,18.0052790346908,2.394419306184012,0.9238310708898944
A89020,2.133333333333333,4.266666666666667,1.28695652173913,20.26666666666667,2.098550724637681,0.8115942028985508
A89021,2.678049350953105,4.87662261723775,0.8420067828324173,20.19646824932757,2.619576657700854,0.7250613963279149
A89022,3.341013824884793,4.857910906298003,0.9216589861751152,23.31029185867895,2.726574500768049,0.9792626728110598
A89023,3.215817055740829,4.895188184849928,1.000476417341591,23.03477846593616,2.644116245831348,0.9409242496426872
A89024,2.718094745016826,4.193631892311675,0.9578048149106912,18.96194667356977,2.342738804038312,0.8801449650530676
A89025,2.239397542608006,4.131985731272295,1.000792707094728,15.62623860483551,1.793499801823226,0.6837098692033293
A89026,3.17967231324632,3.873923910024993,0.9302971396834212,18.619827825604,2.527075812274368,0.6803665648430992
A89027,2.649213027894655,4.441327723235157,1.168770453482936,17.92114695340502,2.431042543244507,0.9973507869721052
A89028,3.317599460552934,4.679703304113284,1.335131490222522,19.56844234659474,2.616318273769386,0.6473364801078894
A89030,2.923007382853699,4.806388428506855,0.8286876600873889,20.8829290342022,2.606599367183969,1.17522977248757
A89031,1.56879078161877,2.776620852422602,0.9024017770373456,14.9382201860336,1.471609051783979,0.4997917534360684
A89032,3.006208474022438,5.162836292342883,1.19812656573358,19.19180917111426,2.407145191155648,0.6753077006861997
A89034,1.878579610538373,2.290950744558992,0.3207331042382588,12.23367697594502,1.420389461626575,0.572737686139748
A89035,2.802764889688476,4.014771328472682,0.7953792254521351,17.76346936843102,2.083136066660354,0.7101600227251207
A89036,2.604166666666667,4.071969696969697,1.089015151515152,18.75,1.751893939393939,0.3314393939393939
A89040,3.619909502262444,4.826546003016592,1.379013143719026,21.69790993320405,2.758026287438052,0.99116569704805
A89041,2.039570102589155,4.421104054714216,0.7572056668295066,17.96531509526136,1.941866145578896,0.8426966292134831
A89614,3.272567537887108,4.436635185591918,1.229958269273007,20.79947287502745,2.196354052273227,0.834614539863826
A89616,2.557636887608069,3.494236311239193,0.5043227665706052,19.09221902017291,1.512968299711815,0.5043227665706052
A89617,3.540802213001383,4.508990318118949,1.078838174273859,20.66390041493776,1.715076071922545,1.161825726141079
A89623,2.672750977835724,2.966101694915254,0.4889178617992178,11.08213820078227,1.694915254237288,0.1629726205997392
B81003,3.557497269464815,4.259634888438134,0.9907941956623496,17.52223435793416,3.198626930878453,1.076611015759089
B81004,4.457676214998391,5.922111361441906,1.311554554232379,27.38976504666881,3.089797232056646,1.070164145477953
B81005,2.842453610684316,3.852972461883938,1.051885119962179,21.26226214395462,2.363786786431864,0.4963952251506914
B81006,4.351336078146444,7.176878986033746,2.34923710341487,22.83038669572939,3.487527246306612,1.283603778154517
B81007,3.144398086903429,4.100946372239748,1.017604558868424,19.89416912587768,2.594891625114481,0.6919711000305281
B81008,1.870389884088514,3.577449947312962,0.7086406743940991,16.00895679662803,1.796628029504742,0.8192834562697575
B81009,2.972375690607735,3.767955801104973,1.193370165745856,18.75138121546961,1.834254143646409,0.5524861878453038
B81011,2.06332604354854,3.346962061424361,0.7416563658838072,16.87743653133023,1.578396881239897,0.7891984406199487
B81012,2.193116052391106,4.112092598233323,1.309777642400244,23.33231800182759,2.650015229972586,1.553457203777033
B81013,2.133632790567097,3.458731049971926,1.145423919146547,14.39640651319483,1.942728804042672,0.5165637282425604
B81015,3.007075471698113,3.679245283018868,1.479952830188679,18.48466981132076,2.841981132075472,0.8372641509433962
B81016,2.238146657504663,2.925296947089428,0.8147639147933641,14.00804947482085,2.297045253754785,0.7460488858348876
B81017,1.050175029171529,2.036172695449241,0.4784130688448075,9.900816802800469,1.061843640606768,0.5192532088681447
B81018,1.613944480309877,3.916505272218636,0.8607703894986012,16.50527221863568,1.560146330966215,1.129761136216914
B81020,2.953435750863403,4.537334762415148,1.024175300702632,20.76932237703942,2.024532571156366,0.8812671192092414
B81022,3.403820454366795,4.803081518748527,1.407122081597359,22.00298718654194,2.798522128763462,0.6131593428189608
B81024,3.393268787459659,4.103273397879207,0.7653296449976947,20.11987090825265,2.388197325956662,0.6085753803596128
B81025,3.730680405045301,5.477586308995084,1.569254456090484,24.34417007165275,2.759519156747794,1.17249955587138
B81026,2.080777347008883,3.656082838494381,0.8784413799872406,16.70020120724346,2.124944790695392,0.6428816803258576
B81027,1.929625425652667,3.947534367511666,0.9837306091562618,15.39916761256148,2.017908941858999,0.971118678269643
B81029,3.226352781776611,3.99695147768651,1.295621983233127,21.74612583622661,2.642052671691083,0.7960030485223134
B81030,3.581749358948268,4.497537547315724,1.603646872074566,19.8583580935325,3.304977817574993,1.111156335219179
B81031,3.19490325625295,3.539405379896178,0.8494572911750826,18.04624823029731,2.392638036809816,1.024067956583294
B81032,0.6762769176009966,1.90425342587649,0.409325502758498,10.07296672005695,0.8898380494749956,0.587293112653497
B81034,4.15616033388401,5.295191722458917,1.408573167550648,22.15459525258673,2.625858620989479,0.8086253369272237
B81035,2.075736325385694,2.664796633941094,0.8415147265077139,16.42356241234221,1.865357643758766,0.6591865357643759
B81036,3.113543382392009,3.405770150363955,0.9032463737314702,16.01934009882578,2.587535200042506,0.6003931778332713
B81037,3.757584114726972,5.088251516822946,2.020132377275234,24.95863210148924,3.081908439051296,0.8687258687258688
B81038,2.277987574613229,4.300158362772566,0.6821780972103788,16.78645389206968,2.229260567669631,0.8649043732488731
B81039,2.667816587609602,3.559005318384361,0.8451918930573523,17.50179675147334,2.923673997412678,1.020554836854966
B81040,1.74636438686734,3.867403314917127,0.7938019940306089,15.74268114561504,1.701911475201626,0.7684003302216296
B81041,3.601421188630491,4.166666666666666,1.356589147286822,21.62467700258398,2.567829457364341,0.7267441860465116
B81042,3.158047225843836,3.983775170215848,0.811241489207591,19.0062291757207,2.281616688396349,0.7098363030566421
B81043,3.095954530257439,4.653961885656971,0.9428284854563692,19.55867602808425,2.754931461049816,0.4881310598462053
B81045,2.505219206680585,4.271719929339971,0.9715753974626626,19.0942669022001,2.384775975590172,0.7628071302392805
B81046,1.493212669683258,3.665158371040724,0.6561085972850679,17.36425339366516,1.923076923076923,1.142533936651584
B81047,1.433882103027085,3.266064790228359,0.5841741901221456,14.84333510355815,1.832182687201275,0.8497079129049389
B81048,2.190168107334146,3.224266850506443,0.9015219812271306,17.34634353290555,1.684608721783246,0.68056071131852
B81051,3.72310036183584,4.503904018282232,0.8950676061702533,18.3107979432489,2.609026852028185,0.666539706722529
B81054,2.607823470411234,4.413239719157472,1.291374122367101,15.00752256770311,2.143931795386159,0.9027081243731194
B81061,2.94658915052909,3.609519427830524,0.9347944288761556,19.49265966790748,2.045254924923669,0.6441089129616462
B81063,3.058565354546701,4.855301056096557,1.097243176518996,21.67055273625017,2.551090385406666,0.7269236044438349
B81064,2.423095125414103,3.606247042120208,1.022243256034075,14.89824893516328,1.978230004732608,0.6436346426881212
B81068,2.866978949150629,4.125514983915571,2.11072859642192,18.72566171905864,2.240532761442519,0.8126869462159264
B81069,4.035248885713314,5.998434895035895,2.623252015923242,24.00054438433534,3.477254941989044,1.31672961110544
B81074,2.461235540241201,3.847731561243744,0.9106571498892444,18.10648945770777,1.95258019525802,1.115760111576011
B81075,3.285752760570967,5.871263129544842,1.34661998384056,22.40775653110692,2.289253972528952,0.9695663883652034
B81082,2.967722196726327,3.640813828973535,1.162612819336087,15.80235582071287,2.432308398347866,0.6730916322472082
B81085,2.60407115349349,3.924445259490189,1.136988813497158,18.72363836420319,1.962222629745094,0.7702182284980745
B81087,2.500634678852501,3.059152069053059,0.5585173902005586,17.92333079461792,1.942117288651942,0.8123889312008125
B81088,3.180039138943248,4.366438356164384,1.516634050880626,20.53571428571428,2.336105675146771,0.831702544031311
B81090,2.055674518201285,3.426124197002141,1.563169164882227,17.8372591006424,2.034261241970022,0.6423982869379015
B81091,2.917372482589874,3.858460380199511,0.8093355919442876,16.11142480707698,2.20214568040655,1.091661961227179
B81092,3.422053231939163,5.298924035272227,1.901140684410646,20.28153062049996,3.122724698648977,0.873715718792978
B81097,1.887504718761797,2.831257078142695,0.4530011325028313,18.49754624386561,1.510003775009437,0.6417516043790109
B81099,2.655201738637437,4.214305962392516,0.9921572332986864,18.45412453935557,2.352830010394028,0.5385996409335727
B81100,3.677342823250297,5.148279952550415,1.518386714116251,16.8920521945433,3.155397390272835,0.6405693950177936
B81101,2.702588035638524,3.826898599915146,1.141281289775138,17.96351294017819,2.375901569792109,0.7382265591854051
B81104,0.6922675026123302,0.9012539184952978,0.3265412748171369,5.120167189132706,0.5355276907001044,0.1959247648902821
B81108,2.600264433671221,3.988541207580432,1.035698545614808,15.35918907007492,2.357866901718819,0.7271925958572057
B81109,3.485052065838092,4.845482028888142,1.058112193483373,17.92072556264696,2.939200537453813,0.7222035606315083
B81112,1.959140112822076,3.415154749199573,0.9223967068150632,15.87132184784266,2.020125019057783,0.73181887482848
B81113,2.534151653137993,4.286279944565432,1.474955454365472,18.56068105325678,2.0985943377549,0.6434369431795683
B81118,2.502902851245001,4.141401109534253,1.535285769578119,17.86866210811508,2.296477873822732,0.7353889820668301
B81119,1.54639175257732,3.858169322086848,0.7653858169322088,15.87004061230865,1.343330209309591,0.8278662917838177
B81606,1.786941580756014,2.520045819014891,0.6643757159221076,12.43986254295533,1.924398625429553,0.9392898052691868
B81616,2.497434143003763,4.721176873075607,0.9921313718782072,16.93465617516251,2.463222716387274,0.7868628121792679
B81617,1.387461459403905,2.476875642343268,0.9558067831449126,12.07605344295992,1.757451181911614,0.3802672147995889
B81619,2.515723270440252,2.959674435812061,0.8509064002959674,20.27376988531261,1.775804661487236,0.628930817610063
B81628,3.711558854718982,4.347826086956522,0.7069635913750442,21.27960410038883,2.40367621067515,0.4595263343937788
B81631,1.581872595126122,3.249251817015818,0.5771697306541257,21.88969645147499,1.646002565198803,0.8336896109448482
B81635,2.278410669630453,4.86246179494304,0.8057793831619895,27.28535704362323,2.222839677688247,0.8335648791330925
B81642,3.942486085343228,4.777365491651206,1.692949907235622,22.98237476808905,3.339517625231911,1.414656771799629
B81645,1.708671507902606,2.648440837249039,1.067919692439129,12.77231952157198,1.196070055531824,0.598035027765912
B81647,1.842275371687137,3.846153846153846,0.7756948933419522,18.74595992243051,2.262443438914027,0.7110536522301228
B81648,2.392638036809816,3.619631901840491,0.6748466257668712,20.3680981595092,1.779141104294479,0.3067484662576687
B81653,3.281312525010004,4.295051353874883,1.440576230492197,18.92757102841136,2.801120448179272,0.8003201280512205
B81655,2.21183800623053,3.333333333333333,1.557632398753894,15.70093457943925,2.305295950155763,0.5607476635514018
B81656,1.682408500590319,3.217237308146399,0.8707201889020071,12.07201889020071,2.051357733175915,0.7674144037780402
B81663,2.047082906857728,3.411804844762879,0.6141248720573182,15.55783009211873,2.422381439781645,0.511770726714432
B81665,2.267954640907182,2.645947081058379,0.6719865602687947,14.74170516589668,1.847963040739185,0.6719865602687947
B81666,4.414662987780844,3.665746945210879,1.182499014584155,18.09223492313756,2.128498226251478,0.5912495072920773
B81697,2.680125304559694,3.237034458753916,0.7309432648799165,16.04594500522103,2.680125304559694,0.8005569091541943
B82002,4.362119104817297,3.666708812744974,1.858642053356935,17.60020230117588,3.236818814009356,0.6954102920723227
B82004,3.692363112391931,3.836455331412104,1.927233429394813,20.39805475504323,2.386527377521614,0.7114553314121037
B82005,2.07588789521383,2.592294933397172,1.203809784374412,13.69675621141909,1.868983088524478,0.6771430037106069
B82007,3.759867054424595,4.144162858329871,1.506024096385542,23.764021603656,3.063980058163689,1.319069380972165
B82008,4.212809681470488,4.726566959698595,1.872359858431328,20.8927959812764,3.036876355748373,0.959013586025802
B82010,3.084374203415753,4.167728778995667,1.019627835839918,17.02778485852664,2.447106806015805,0.7264848330359419
B82011,3.321554770318021,4.098939929328622,1.872791519434629,22.93286219081272,2.809187279151943,1.07773851590106
B82012,3.216656997357056,3.319796299877522,1.353703345581126,16.97930767743183,2.385096370785793,0.4576806549345709
B82013,2.502203506022916,3.153461952796004,1.013612770541573,14.50886299089217,1.895015179708158,0.7051219273332681
B82014,3.22207773443144,3.29432162982228,0.7657852911428984,14.98338390406011,2.47074122236671,0.5635023840485479
B82016,2.422062350119904,2.589928057553957,0.947242206235012,17.98561151079137,1.966426858513189,0.6474820143884892
B82017,3.971547125074096,5.08298755186722,1.948725548310611,23.0438648488441,2.978660343805572,1.229994072317724
B82018,3.071216617210682,3.456973293768546,1.409495548961424,17.2700296735905,2.997032640949555,0.6231454005934718
B82019,2.658438167576549,2.682174222644197,0.8070258723000238,15.07239496795633,2.11250890102065,0.4747211013529551
B82021,2.387909319899244,2.710327455919396,1.128463476070529,16.68513853904282,2.216624685138539,0.4937027707808564
B82022,4.43071491615181,4.554280670785525,1.553398058252427,20.01765225066196,3.742277140335393,1.359223300970874
B82023,2.802690582959642,3.843689942344651,1.169122357463165,19.82703395259449,2.674567584881486,0.7367072389493914
B82024,3.077753779697624,4.68682505399568,1.609071274298056,19.83801295896328,2.915766738660907,1.382289416846652
B82025,2.858625406858814,3.608660785886127,1.580263219963206,16.21302891645832,2.401056653615737,0.7264493608189065
B82026,3.737185461323393,4.144144144144144,1.997514756135446,18.89095992544269,3.277415346380864,0.677228953091022
B82027,3.18484891473968,3.518229536104412,1.269683643069939,16.66903106823663,2.191800255355369,0.8228117463469995
B82029,4.401735895846249,3.967761934283943,0.8989460632362059,24.89150650960942,3.130812151270924,0.6509609423434595
B82030,3.477667916808728,4.210705762018411,0.8694169792021821,20.69553358336174,2.77872485509717,0.8182748039549949
B82031,2.239144229897561,2.855588795213489,1.069712628048228,13.9334602483909,2.075967727313933,0.7705557066449098
B82032,3.482142857142857,3.855519480519481,0.9821428571428572,17.23214285714286,2.426948051948052,0.6168831168831169
B82033,4.063184806428049,4.839298758217677,2.063550036523009,22.47078159240321,3.469685902118334,1.159605551497443
B82034,4.167316997034494,4.29218042765725,1.170594662088341,25.86233806773841,3.230841267363821,0.7491805837365382
B82035,3.888888888888889,3.944444444444444,1.361111111111111,21.58333333333333,3.0,0.7222222222222222
B82036,3.749033754187065,3.852099974233445,1.417160525637722,19.11878381860345,2.525122391136305,0.6956969853130637
B82037,5.198915009041592,6.894213381555153,2.011754068716094,26.89873417721519,4.509493670886076,1.34493670886076
B82038,2.797457592810008,4.165823246022429,1.323833043196632,16.53374357313469,2.404760940852597,0.8825553621310878
B82041,3.106136820925553,3.678319919517103,2.150402414486921,17.70623742454728,2.942655935613682,0.886569416498994
B82042,3.316653089724194,3.851972535784941,1.221924822529966,18.71290585360177,3.072268125218201,0.7680670313045502
B82044,3.715071972904318,4.879339542760373,1.439458086367485,19.93014394580864,3.005927180355631,0.560965283657917
B82045,3.818093385214008,4.353112840466926,0.9727626459143968,21.23054474708171,3.526264591439689,0.4620622568093385
B82046,3.478260869565217,4.605475040257649,1.095008051529791,22.99516908212561,3.059581320450886,0.933977455716586
B82047,1.043403431398914,1.054160167805088,0.4517829290593234,5.249287366213091,0.8981874899155596,0.2474049373420104
B82049,3.700971351284889,3.799336038362227,1.340218861428747,18.64010820115579,2.582073035780155,0.7746219107340465
B82050,3.405284704131001,4.265909936732416,2.381838481577968,20.38518794194269,3.177335318198735,0.8141049497580946
B82053,2.862019167651306,3.360903242746488,0.866482867270579,19.01667323093081,2.310620979388211,0.8008402258106867
B82054,4.309592116751902,5.694149931395784,2.706748160159661,21.47311962080579,3.611076462517151,1.372084320818261
B82057,2.867431315017338,2.960789543878367,0.7068551613763671,15.81755134702587,1.800480128034142,0.5601493731661776
B82059,3.382197103496998,3.947368421052631,1.333451077357824,19.48957965383257,2.481455316142706,0.8742493818438715
B82060,3.101554644597416,4.19212622785985,0.990022430195684,17.89001469564545,2.513728826668729,0.9745533297238764
B82061,3.968892464467686,4.706355591311343,1.448109412711183,19.95172968624296,3.472780906409225,0.8849557522123894
B82063,4.938788322695407,5.671235743434131,2.186878727634195,25.01831118551847,3.484357015799938,1.056816992780161
B82064,3.178143295232785,2.843601895734597,1.170894898243658,19.29188737106217,2.704209645943685,0.6412043490381935
B82066,3.937324226597027,4.007633587786259,1.044596223382885,21.41422257934914,2.872639614302933,0.8336681398151867
B82067,2.805515929624346,3.518782691393248,1.034236804564907,15.98906324298621,2.448882548739896,0.7251545411317166
B82068,4.241255852382264,4.35141834205453,1.569815477829799,19.33351693748279,4.35141834205453,0.8812999173781328
B82069,3.440063508864779,3.969304048690129,1.032019052659434,17.99417835406192,2.262503307753374,0.674781688277322
B82071,3.647090372754089,3.405738803968893,1.300616787342451,16.58621614373827,2.829176722982033,0.3754357736658622
B82072,3.356504468718967,4.726911618669314,1.847070506454816,20.0,3.138033763654419,1.092353525322741
B82073,2.922137969299057,3.597188829295358,1.257628999445164,18.40207138894026,2.459774366561864,0.5825781394488626
B82074,2.840604566405831,3.515918104834387,1.68828384607139,15.53757101511416,2.701254153714225,0.6270768571122307
B82075,3.677466402750287,4.260860506302739,1.458485258881133,22.77320554224399,3.677466402750287,0.7813313886863216
B82077,3.9642567018684,4.500406173842404,2.242079610073112,21.65718927701056,3.265637692932575,0.487408610885459
B82078,4.285018665801006,4.447329978899529,1.41210842395715,28.20970621652329,3.879240383054699,0.8440188281123193
B82079,3.80978114023237,3.701702242637126,2.053499054309646,18.50851121318562,3.350445825452581,0.8376114563631452
B82080,3.508865059985136,4.007856460346109,1.597834164985667,17.95838199384223,3.020490497929717,0.7060197473192483
B82081,3.640642303433001,3.959025470653378,1.467331118493909,17.38648947951273,2.96234772978959,0.6921373200442967
B82083,2.219300786559415,2.604781746473852,1.359210321085586,13.28683794202188,2.04550012255175,0.5659662648454734
B82086,3.792493613676557,4.22479858518373,1.316565140499116,21.43839654156023,2.416977795244645,0.7074081351935547
B82088,2.84846183061147,4.434105582985188,1.196353968856817,17.631978731485,2.231295100645651,0.9874667679453096
B82097,2.149410222804718,3.363914373088685,1.240716470074268,17.22149410222805,2.088248143294015,0.655307994757536
B82098,2.299152351661541,2.419173355337184,1.01267721851324,12.83099542419924,2.00660115520216,0.678868802040357
B82100,3.102597249970619,3.831237513221295,1.563050887295804,17.99271359736749,2.949817839934187,1.116464919497003
B82101,4.250047646274061,5.736611396988756,2.09643605870021,24.8713550600343,3.735467886411282,1.581856298837431
B82104,1.404627006610009,1.640698772426818,0.4367327667610953,13.36166194523135,1.392823418319169,0.3423040604343721
B82105,3.287583785509097,3.702521544845196,0.9362698159378656,19.69358442387488,2.627939142461964,0.808596659219066
B82106,3.702100021649708,5.434076639965361,2.035072526520892,22.08270188352457,3.052608789781338,1.104135094176229
B82609,3.355215171407731,3.938730853391685,1.726233892535862,19.11013858497447,2.941891563335765,0.8509603695599319
B82619,3.755605381165919,3.251121076233184,1.905829596412556,18.94618834080718,3.139013452914798,0.3923766816143498
B82622,4.393442622950819,3.868852459016393,0.9836065573770492,27.08196721311475,3.147540983606557,0.459016393442623
B82628,4.76962259782357,4.746469090067145,2.292197267886085,28.0388978930308,3.959249826348691,1.342903449872656
B83002,3.506540697674418,3.670058139534884,0.9265988372093024,15.91569767441861,2.162063953488372,0.4178779069767442
B83005,0.708215297450425,2.577903682719547,0.396600566572238,11.62889518413598,1.402266288951841,0.6940509915014165
B83008,1.239052547770701,3.324044585987261,1.149482484076433,10.8827627388535,1.557523885350318,0.5573248407643312
B83009,2.199191102123357,3.172396359959555,1.118554095045501,17.80839231547017,2.072800808897877,0.8278564206268959
B83010,1.732965734541158,3.406853091768413,0.8861756597085466,16.6502560063017,1.801890508074045,0.5809373769200473
B83012,1.430628036710455,2.852258412812668,0.8727730789994602,12.91164297282706,1.565592945834083,0.5218643152780278
B83014,3.036080962158991,3.505426811381636,1.195365209738926,18.91317101789381,2.354062775007333,0.9020240539747726
B83015,1.702224239673173,2.939173853835679,1.452564684521108,14.45755787562415,1.781661370857921,0.7262823422605538
B83016,0.8411958622257588,2.603160168239172,0.6934182107536659,11.61759690803683,1.42093895646243,0.6706831874502671
B83018,2.048624950179354,3.045037863690713,1.211638102829813,16.07811877241929,1.929055400557991,0.5739338381825428
B83019,2.701938039326637,3.564860659216297,0.9336539821756968,16.62187013721884,2.192672230867166,0.4385344461734333
B83020,2.228168860247938,3.15111135383103,0.972093277265032,20.26650647151985,1.895035770848124,0.8464857189667413
B83022,3.463114754098361,3.719262295081967,0.9631147540983608,22.73565573770492,2.551229508196721,0.8094262295081968
B83025,0.4510599909788002,2.886783942264321,0.6765899864682002,11.38926477221471,0.9246729815065404,0.3608479927830401
B83026,0.4755434782608696,1.919157608695652,0.594429347826087,8.712635869565217,0.6963315217391304,0.3396739130434783
B83028,1.949604561338974,3.22788302372632,1.066764759977929,13.36214824351664,1.830053338237999,0.6345411072282509
B83029,2.431070263860065,3.340251012945943,1.541654313667359,18.83585334519221,2.223539875481767,0.9981223441051488
B83031,2.640181040985667,2.615036459642947,0.4777470455116922,19.18531556449585,2.112144832788534,0.4777470455116922
B83032,0.5078485687903971,2.493074792243767,0.554016620498615,9.395198522622346,0.8771929824561403,0.3000923361034165
B83033,2.962064784340897,4.241584387089324,1.183671112650846,16.75269934753739,2.368497026387205,0.8707200184768173
B83034,0.5372543475187331,3.251802629718648,0.5231160752156087,12.35684999293087,1.300721051887459,0.6362222536406051
B83035,0.7865524896923566,2.505550269584523,0.7611798287345386,11.11956866476372,1.224230891214716,0.3679035838883603
B83037,2.977494523003386,3.953395737900816,1.125273849830711,21.87811192989444,2.559251145190201,0.7866958773152759
B83038,1.260077953975119,2.915265096908538,0.7261466175449838,12.6541726733942,1.457632548454269,0.4057878156869026
B83039,2.40790286067092,3.111751389174727,2.144474171640255,18.5058654044042,2.243259930026754,0.7038485285038074
B83041,1.378151260504202,2.816806722689076,0.7596638655462185,14.14453781512605,1.60672268907563,0.773109243697479
B83042,1.423085611023266,3.038174836232211,0.9939010616670432,14.3212107522024,1.615089225208945,0.7567201264964988
B83045,2.096787052539265,3.292673204177629,1.156023279917085,17.65127959818225,2.112732201227776,0.7255042653272742
B83051,0.0471876179690449,0.1981879954699887,0.0566251415628539,2.567006417516044,0.1226878067195168,0.0094375235938089
B83052,0.8366484845999262,2.653488085961531,0.7710289956116967,12.09449206414305,1.328794652011647,0.4798425132264282
B83054,2.109771573604061,3.362944162436548,0.983502538071066,19.11484771573604,2.093908629441624,0.809010152284264
B83055,1.417601890135854,3.074579538035875,1.445580874809587,13.73768147480337,1.644542543600584,0.6621693039450368
B83056,2.181904423099727,3.130558520099608,1.588995612474801,17.02834104114787,1.92102454642476,0.9012213921498874
B83058,0.3549347378062743,2.244103503549348,0.4236317838332951,9.102358598580262,0.8472635676665903,0.3205862147927639
B83062,1.633514834981665,2.833648183131459,1.055672852539171,16.0462273585954,1.966885209467719,0.5778419824424936
B83063,2.051671732522796,2.882472137791287,1.013171225937183,19.10334346504559,2.006079027355623,0.6636271529888551
B83064,1.952483801295896,2.816414686825054,0.9071274298056156,15.42116630669546,1.935205183585313,0.7084233261339093
B83067,2.653165854908998,3.511920020507562,0.7690335811330428,17.79031017687772,2.358369648807998,0.5511407331453474
B83604,0.7341826819261499,2.720794644785144,0.6046210321744764,11.18548909522781,1.101274022889225,0.1727488663355647
B83611,0.5538042089119877,2.104455993865553,0.7582857629717986,9.193149867938995,1.295049842378802,0.3237624605947005
B83614,0.5247993414282774,2.665157439802428,0.6174109899156205,11.08252726898539,1.183371064004939,0.2263840296357275
B83620,5.348837209302325,5.145348837209302,1.918604651162791,25.9593023255814,3.430232558139535,0.9302325581395348
B83622,0.6863905325443788,2.556213017751479,0.5207100591715976,11.33727810650888,1.349112426035503,0.4260355029585798
B83624,4.284710840552563,4.085694216811051,1.627253570592367,20.02458440646219,3.090611098103488,0.7258253336455163
B83626,0.4014204106839586,2.22325150532654,0.385981164119191,7.966651227420102,0.9726725335803612,0.1852709587772117
B83627,1.135105204872647,2.906976744186046,0.7751937984496124,10.93576965669989,1.218161683277962,0.2491694352159468
B83628,0.4193290734824281,2.356230031948882,0.4692492012779553,8.80591054313099,0.9784345047923324,0.4193290734824281
B83629,0.850125944584383,2.329974811083123,0.7556675062972292,14.57808564231738,1.322418136020151,0.535264483627204
B83641,0.477326968973747,2.038583929992045,0.6463802704852823,11.81384248210024,0.9844868735083532,0.3778838504375497
B83642,0.4659418682050144,3.172842245396051,1.020634568449079,13.40137563789661,1.264699356556468,0.3328156201464388
B83653,0.4224811163743439,2.675713737037511,0.5633081551657918,9.806682883113558,0.9473818973242863,0.3328639098706952
B83657,0.1503006012024048,1.018704074816299,0.250501002004008,4.575818303273213,0.3841015364061456,0.167000668002672
B83659,0.2560163850486431,2.739375320020482,0.8960573476702508,13.69687660010241,1.228878648233487,0.6400409626216078
B83660,0.4228329809725159,2.764677183281834,0.4553585948934786,8.895755407383314,0.6993006993006993,0.2114164904862579
B83661,0.6093432633716994,2.674339878131347,0.5077860528097494,13.03317535545024,1.184834123222749,0.2708192281651997
B84001,2.172853941342687,3.410308876546818,1.422585988502387,17.32436909285784,2.094904024164475,0.8477053493130663
B84003,2.978777806187676,4.014318588596267,1.67476348759908,17.10559959089747,2.416261825620046,0.9076962413704934
B84004,2.658828605328444,3.025563585373746,1.439974112824938,16.03926221551073,2.297486786754395,0.5015640168266637
B84006,2.603491887223147,3.467209574927509,1.314084767721636,17.16330433709668,2.233327163921278,0.8143623912641125
B84007,2.911534154535274,3.41545352743561,0.923852183650616,17.70250093318402,2.528928704740575,0.7932064203060843
B84008,2.859260174149324,3.365651824862595,1.426542333106898,18.69326252084234,2.451676650404496,0.7040079046501575
B84009,2.686075730006065,3.56121653236288,1.706957802616758,17.5028160471363,1.975565375617364,0.6411922710337059
B84010,2.075690287700328,3.504537555512647,1.264722919482526,15.99729677543927,2.133616528287314,0.8882023556671172
B84012,1.830375855805505,3.286991756322481,1.323878720134134,13.02221601229565,2.067905547016907,0.6008103954170743
B84013,2.838262376773914,3.91073556494421,1.63579243852237,19.65117538728198,2.751597876719749,0.8558119380348825
B84014,3.185543964232489,4.67585692995529,2.142324888226528,19.35543964232489,2.719821162444113,0.856929955290611
B84016,2.457500220206113,3.514489562230247,1.43574385624945,16.04862150973311,2.501541442790452,0.8455914736193078
B84019,1.455142873907176,2.927888282579358,0.9916094584286804,12.31590682391598,1.725048406970604,0.4987384850085079
B84021,2.260849806862077,3.340149965916837,1.306521245171552,15.3260622585776,2.533515110202227,0.7498295841854125
B84612,1.141322591473649,2.830927604341502,0.6266084815933759,12.19648651672821,1.510574018126888,0.6937451046212376
B84613,1.833883174849602,3.260236755288182,1.086745585096061,13.92392780904328,1.911507859499321,0.669512905103823
B84618,1.862980769230769,2.908653846153846,0.7451923076923077,13.73798076923077,1.995192307692307,0.8293269230769231
B84623,2.088305489260143,2.983293556085919,0.8949880668257757,14.83691328560064,1.929196499602228,0.5966587112171837
B85001,2.50942848854076,3.597331012474616,1.261966927763272,17.13083841021178,2.291847983753989,0.5802146794313896
B85002,2.920509442248573,3.337725076855512,0.7905138339920948,15.8102766798419,2.810715854194115,0.6148440931049627
B85004,2.013422818791946,3.1429039122606,1.014896055000819,16.72941561630381,1.456866917662465,0.6711409395973155
B85005,2.862623579755054,3.998819536668142,0.6344990408735428,16.11332447985834,2.051055039102848,0.5312084993359893
B85006,3.17419019123195,3.382333810329127,1.339924547938077,18.20606218290621,2.543254845843632,0.6244308572915311
B85008,1.185707418682903,2.355391764140362,0.2403460983816696,14.51690434225284,1.618330395769909,1.34593815093735
B85009,2.017988929889299,3.344095940959409,0.8648523985239853,16.20156826568266,1.833487084870849,0.6803505535055351
B85010,2.417393792018309,3.633242740666572,0.94407094836218,13.15977685595766,1.85953368616793,0.8153340008582464
B85012,1.921655580192166,3.187361419068736,0.6097560975609756,15.62269031781227,2.17110125646711,0.6189948263118995
B85014,2.92279995764058,3.653499947050726,1.207243460764587,20.23721275018532,2.403897066610187,0.8365985386000212
B85015,2.702702702702703,3.716216216216216,0.9086672879776329,22.16915191053122,2.248369058713886,0.8038210624417521
B85016,1.48204446133384,3.277598327949839,0.6555196655899677,11.58084742542276,1.586547596427893,0.5035151054531636
B85018,1.912188868710608,3.279564149129367,1.58102766798419,15.75686358295054,1.954919346223694,1.185770750988142
B85019,2.998613357984747,4.136815345504969,1.906632770972961,21.44672983591403,2.66350820429859,1.045759186503351
B85020,1.781703847881419,3.219044767180716,1.242701003144183,19.89818835154963,1.572091630483605,0.703698158406947
B85021,2.970845804234564,3.902006429442412,1.019842589513358,19.09987806229908,2.593947455936149,0.7427114510586409
B85022,3.488077118214104,4.122272957889396,1.712328767123288,20.02790461694571,2.993404363267377,0.8498224251648909
B85023,2.616464582003829,2.91959157626037,1.005105296745373,15.02871729419273,2.345245692405871,0.8136566687938737
B85024,2.615073881152334,3.656851280960986,1.286276177314766,19.88944403104071,2.402466248538322,0.9779951100244498
B85025,2.326910516002612,3.420966688438929,1.200195950359242,17.57838014369693,2.106466361854997,0.767472240365774
B85026,3.178973717146433,3.654568210262828,1.551939924906133,18.3729662077597,2.653316645807259,0.5757196495619524
B85027,2.200746340063152,2.8992440914745,0.8037508372404554,14.59190508085351,2.009377093101139,0.3827384939240264
B85028,1.767133639481486,3.080857989885485,0.7614950880660349,16.50874847410336,1.796198337499273,0.6219845375806545
B85030,2.3624561030116,3.554325848675109,0.7129935085665638,17.13312759391295,2.26668085559221,0.8619772267745025
B85031,2.884338044418806,4.038073262186328,1.096048456879146,18.07037784828382,2.480530718200173,0.7787712719930776
B85032,3.056255247691016,3.425692695214106,1.09151973131822,17.95130142737196,2.367758186397985,0.5205709487825356
B85033,2.349775784753363,2.565022421524664,1.040358744394619,15.55156950672646,1.991031390134529,0.5919282511210763
B85036,2.058823529411764,3.423529411764706,1.164705882352941,18.10588235294118,2.152941176470589,1.435294117647059
B85037,2.004839267196682,3.283788454891116,1.002419633598341,16.26339440027653,1.952989975803664,1.123401313515382
B85038,2.905692438402719,3.738317757009345,1.886151231945624,21.6482582837723,2.107051826677995,1.087510620220901
B85041,0.8395404620628708,2.63855573791188,0.6186087615200101,14.17750284055044,1.312965534654715,0.2966797121575559
B85042,1.536251105216623,3.127763041556145,1.326259946949602,15.46198054818745,2.110963748894783,0.7515473032714411
B85044,0.2689075630252101,2.420168067226891,0.5714285714285714,10.42016806722689,0.8067226890756303,0.2352941176470588
B85048,1.123595505617978,1.982815598149372,0.8151575236836307,12.20533157083058,1.277814496585151,0.4846882573254021
B85051,2.397024383523901,2.810304449648712,0.743904119024659,17.27510676401708,1.859760297561648,0.7576801212288194
B85054,2.842709984152139,3.823296354992076,1.129160063391442,17.26426307448494,2.822900158478605,0.7824881141045958
B85055,0.5087266181419738,2.293183063316897,0.5009000547859436,11.27807779603976,1.205290756828676,0.1800109571886984
B85058,1.454545454545455,2.380165289256198,0.4958677685950413,11.50413223140496,1.355371900826446,0.4297520661157025
B85059,2.325861653410461,2.675343456254519,0.7471679922872981,14.69028681610027,1.916124367317426,0.6146059291395517
B85060,2.459016393442623,5.122950819672131,1.10655737704918,17.58196721311475,3.155737704918033,0.6967213114754098
B85061,3.344098343577456,3.71913741014689,0.8646734034795291,18.60610480258361,2.687779977080946,0.43754557766434
B85062,0.122108405128553,0.1492436062682315,0.0407028017095176,2.428600502001221,0.0881894037039549,0.0271352011396784
B85606,1.364226938068428,3.637938501515808,0.7579038544824599,15.78605456907752,1.862278042442616,0.5846686877436119
B85610,2.432507140882705,2.69971436469179,0.7831935870266286,14.26333732608495,2.036303326269234,0.6357689118216161
B85611,0.9115281501340482,3.458445040214477,0.6166219839142092,16.27345844504022,1.689008042895442,0.6702412868632708
B85612,2.06276058810621,3.708580206276059,0.9436032477507132,16.54597322800088,1.799429449199035,0.6583278472679395
B85614,0.6298520580049802,2.75377178848689,0.5126702797714955,10.79537131975978,1.376885894243445,0.673795224842537
B85619,1.074249605055292,2.843601895734597,0.5687203791469194,15.57661927330174,1.453396524486572,0.315955766192733
B85620,1.853171774768354,3.741981468282253,1.35424091233072,20.49180327868853,1.674982181040627,0.67712045616536
B85623,1.026092055115802,3.430079155672823,0.732922896511287,13.48578129580768,1.553796540603928,0.4397537379067722
B85634,0.6292749658002736,2.435020519835841,0.4924760601915185,11.13543091655267,1.285909712722298,0.3283173734610123
B85636,2.199583236860384,3.380412132438065,1.435517480898356,16.9715211854596,1.944894651539709,0.6251447094234777
B85640,2.472604664231526,3.146951390840123,1.067715650463613,17.64540601292498,2.332115762854734,0.8710311885361057
B85641,1.828029790115098,3.09185285488603,1.218686526743399,14.44369216881065,2.098849018280298,1.105845181674566
B85645,0.120918984280532,2.498992341797662,0.6449012494961709,11.24546553808948,0.9270455461507456,0.0806126561870213
B85646,1.703470031545741,3.769716088328075,1.261829652996845,19.16403785488959,2.113564668769716,0.9779179810725552
B85650,0.3612281757977122,1.866345574954846,0.481637567730283,6.803130644190247,0.8629339755167571,0.2006823198876179
B85652,0.6376887038001041,3.12337324310255,0.7027589796980739,12.74076002082249,1.574700676730869,0.2212389380530974
B85655,1.938551572787125,4.059985369422092,1.463057790782736,15.76444769568398,1.975128017556694,0.7315288953913679
B85660,1.731406202950919,3.146642577536887,1.159289370671484,13.74585968081903,1.972297500752785,0.7377295995182175
B86002,1.040916530278232,2.042553191489362,1.099836333878887,11.48936170212766,1.217675941080197,0.7332242225859247
B86003,1.166112763104192,2.133986356480672,0.8570928808815813,10.55332050609294,1.27689347559909,0.6063786368141799
B86004,2.253587949234966,3.380381923852449,0.8302692444549875,16.73585577037125,2.00450717589847,0.4151346222274938
B86005,0.9916769966353816,2.372941384806092,1.027094032229502,17.24809633433681,1.558349566141314,0.637506640694174
B86006,2.714426552744003,3.240223463687151,1.741702267499178,16.76634899769964,2.458100558659218,0.6901084456128821
B86007,2.213900209274149,3.194184381539817,1.817380768807138,16.88511950655359,2.412159929507655,1.035356316774975
B86008,2.275686090714992,3.093266677081706,0.9790136957767016,16.38285684528459,1.999687548820497,0.5259594854970577
B86009,3.021406727828746,3.779816513761468,1.357798165137615,17.23547400611621,2.740061162079511,0.9174311926605504
B86010,3.597628379057381,3.547382172645965,1.125515023615717,18.38006230529595,2.482162596723947,0.5527082705255754
B86011,2.086921284570965,2.917637524060379,1.144767500759801,16.4015803869922,2.249012258129875,0.4761422348292979
B86012,1.185649027357183,2.160858184057897,0.8674228814864241,10.74269876302417,1.544936611404814,0.5953908535646462
B86013,1.098741529525654,1.819941916747338,0.6921587608906099,8.915779283639884,1.151984511132623,0.3291384317521781
B86014,2.167458432304038,2.961698337292161,1.46229216152019,17.71823040380048,2.219418052256532,0.6457838479809976
B86015,1.887062187276626,2.70192994996426,1.536812008577555,18.84917798427448,1.887062187276626,0.507505360972123
B86016,2.089341095815877,2.840198052124708,1.37657108656619,18.65716306654334,1.942434300016323,0.7835029109309537
B86017,1.450381679389313,2.090428655314152,0.8690546095126248,9.724016441573694,1.368173810921903,0.4051673517322372
B86018,2.473358768583081,3.986317589790817,1.473490330219708,18.40547296408367,2.460202604920405,0.8156821470859098
B86019,1.713093996722777,2.259297879735836,1.022890908188093,13.26282337752619,1.673370077958191,0.4518595759471671
B86020,2.651141961486789,3.018360949395432,1.110613524406628,15.34258844603672,2.060008956560681,0.4478280340349305
B86022,1.643507088946886,2.42646540170699,0.9099245256401214,14.7562954080553,1.819849051280243,0.7335825633067645
B86024,2.264752791068581,3.189792663476874,1.0207336523126,20.91440723019671,2.254120148856991,0.8612440191387559
B86025,0.5730928222472754,1.193160465990229,0.2912438932732055,6.773769259676814,0.9113115370161594,0.1972942502818489
B86028,1.873672010817075,2.839482325671238,1.081707552636662,15.4529650376666,2.279312343055824,0.6181186015066641
B86029,3.073162214073686,3.125545660904488,1.536581107036843,18.40405098655491,2.51440544787847,0.71590710668762
B86030,2.22995272500223,2.042636696102043,1.123896173401124,11.05164570511105,1.810721612701811,0.3924716796003925
B86032,3.407643312101911,3.630573248407643,1.332271762208068,17.26114649681529,2.595541401273886,0.6900212314225054
B86033,4.148048225276115,4.299806087176461,1.517578619003457,23.463451648259,3.178484107579462,0.5986004552735856
B86034,3.538393774776098,3.538393774776098,1.233299075025694,18.67567170753193,2.495962413742475,0.6753780648950227
B86035,2.196286472148541,2.949602122015915,1.315649867374005,18.94960212201591,2.259946949602122,0.9549071618037136
B86036,3.571428571428571,4.156171284634761,1.646275638718964,21.78841309823677,2.779776898164807,0.8906081324217343
B86038,2.636861313868613,3.266423357664234,1.751824817518248,17.24452554744526,2.18978102189781,0.8029197080291971
B86039,1.59375,2.0625,0.9375,14.125,1.364583333333333,0.5416666666666667
B86041,1.425867507886435,2.107255520504732,0.694006309148265,10.82649842271293,1.451104100946372,0.4794952681388013
B86042,1.575650193001329,2.632411567423907,0.9238752135670444,17.30684047332785,1.746503828387015,0.6644308042776689
B86043,1.486158329286061,2.146673142302089,1.097620203982516,13.51141330743079,1.593006313744536,0.7187955318115591
B86044,2.462361052483467,2.807091599831153,1.132686084142395,13.98621077810609,2.110595187842971,0.5944843112424371
B86048,3.131236666437272,3.454683091322001,1.858096483380359,18.23687289243686,2.511871171977152,0.633129172114789
B86049,1.137247278382582,1.681570762052877,0.583203732503888,10.01166407465008,1.283048211508554,0.4179626749611197
B86050,2.266164162302384,2.716460280945622,1.551563800107679,18.90264793695854,2.310214869560961,0.6705496549361265
B86051,2.60799786010432,3.316838304132673,1.27725023405109,17.9350006687174,2.273639160090946,0.7155276180286211
B86052,3.06821063308258,3.135829600202857,1.191784295494886,17.25128898656073,2.552616008790466,0.6170230749725298
B86054,1.879936808846762,3.475513428120063,1.437598736176935,18.67298578199052,2.559241706161138,1.248025276461295
B86055,2.80986575085857,3.621604745551046,1.389322510146737,15.3449890727443,2.778645020293475,1.108335935060881
B86057,2.136513575234712,2.918041106318193,1.101243339253996,13.77822887591982,1.948743973610759,0.608982491753362
B86059,1.558649581074421,2.322572695909315,0.8748151798915723,13.06678166584524,1.81123706259241,0.6530310497782158
B86060,1.718307284526094,2.586600859153642,0.9505529659080524,14.67873137738781,1.45324924595558,0.6672150626085367
B86061,0.2056459151243223,1.196485324359693,0.3365114974761638,7.721069358758646,0.5608524957936063,0.1308655823518415
B86062,2.666827561240497,4.090744539640401,1.061904187281284,19.92277060456136,2.280680584047303,1.146373838542295
B86064,2.112258217633796,3.227720422451644,0.978996084015664,15.73513705945176,1.999525335231992,0.5577311024089238
B86066,2.093330551498714,2.712288754433549,1.147506780721886,13.31803324292371,1.863829195354336,0.3268655678419918
B86067,2.164808588450422,3.332743467232938,1.498259895003834,17.80215890992745,1.93476080929629,0.8553058455730549
B86068,2.637306362821662,3.098194853411855,1.318653181410831,14.76123415695814,2.138010498015619,0.6529253616694405
B86069,0.8138136013021017,1.16056896185691,0.5944377609511003,7.034180171254688,0.8421201613473922,0.2972188804755502
B86070,3.324584426946632,4.133858267716536,2.493438320209974,21.67541557305337,2.712160979877515,1.006124234470691
B86071,1.760356765637836,2.429292336580214,1.032742635840864,14.28236122520831,1.842506748034268,0.6806712827132966
B86075,2.667465907387982,3.304360857185674,1.640941105949348,16.21459613367301,2.412707927468905,0.7792597032818822
B86081,0.9865771812080536,1.697986577181208,0.6845637583892618,10.09395973154362,1.38255033557047,0.5906040268456375
B86086,0.8249932377603462,1.474168244522586,0.5680281309169597,7.086827157154449,0.9872869894509062,0.3245875033811198
B86089,2.618849040867389,3.436196830692244,1.317764804003336,17.86488740617181,2.101751459549625,0.4837364470391993
B86092,2.34192037470726,3.249414519906323,1.361241217798595,22.5556206088993,2.195550351288056,0.8343091334894615
B86093,1.671261199172984,2.860096485182633,1.636802205375603,15.11026878015162,2.756719503790489,0.7064093728463129
B86094,1.796165489404642,2.704339051463168,0.9283551967709384,16.46821392532795,1.715438950554995,0.3834510595358224
B86096,1.592920353982301,2.902654867256637,0.9380530973451328,18.93805309734513,2.194690265486726,0.7964601769911505
B86100,1.043948962495167,1.868797525454311,0.5541951282381751,13.13313571336512,1.662585384714525,0.3222064699059157
B86101,2.931034482758621,3.96551724137931,1.695402298850575,18.90804597701149,2.614942528735632,0.7471264367816092
B86103,0.3648851684910925,1.695642841811547,0.4507405022537025,7.855763039278815,0.5580596694569651,0.3648851684910925
B86104,0.9026434558349452,1.899068049938456,0.7209425004395991,10.31592520954223,1.154680264931716,0.4513217279174726
B86106,1.244922028567684,2.031188572926222,0.6683265627047569,12.65889136417245,1.729786397588783,0.6683265627047569
B86108,0.5831798649478207,1.289134438305709,0.3683241252302026,9.192756292203804,0.9515039901780232,0.3376304481276857
B86109,0.8913790907933273,1.579014389405323,0.4456895453966637,8.608175219661277,1.120590856997326,0.407487584362664
B86623,0.2234220815490598,1.061254887358034,0.3165146155278347,5.12008936883262,0.3723701359150996,0.1675665611617948
B86642,1.049524434240735,2.32863233847163,0.7215480485405051,13.15185306657921,1.246310265660872,0.5247622171203673
B86643,0.3421953145564622,2.10581732034746,0.7370360621216109,9.844695972624375,1.026585943669387,0.2632271650434325
B86648,3.104304635761589,3.683774834437086,1.076158940397351,19.70198675496689,2.235099337748344,0.5794701986754967
B86655,1.088499763369617,2.934216753431141,0.6625650733554188,15.5229531471841,2.318977756743966,0.6625650733554188
B86658,2.804933759707629,3.362265874828689,1.489264504339881,19.18684330744632,2.412060301507537,0.7857469164001827
B86666,0.5177646848777003,2.463845741831816,0.6605963220853419,12.747723620782,1.196214961613997,0.2856632744152829
B86667,0.8782780801583375,1.459673428995547,0.6432459178624443,10.62592775853538,0.9401286491835724,0.3216229589312222
B86672,1.617368497741513,2.491621739763952,1.180241876730293,13.53635436398076,1.733935596677838,0.8013988051872358
B86673,3.776683087027915,4.365079365079365,1.258894362342638,20.16967706622879,2.764094143404488,0.8894362342638206
B86675,0.8806877752149297,1.46781295869155,0.5661564269238835,9.7295030404697,0.9435940448731392,0.5661564269238835
B86678,3.280386740331492,2.762430939226519,1.553867403314917,22.96270718232044,2.451657458563536,0.5524861878453038
B87001,3.057757644394111,3.737259343148358,0.8133429424482651,18.06856789869247,2.01791413569443,0.5353649747760733
B87002,2.891633913531724,3.986524424480629,1.647014785700917,18.3230394909227,2.723189219539584,0.7392850458543889
B87003,2.719282182750412,3.662332906061161,1.171946529939571,17.19465299395715,2.581944698773118,0.5218824391137155
B87004,1.421800947867299,2.309349418354158,0.7841447651874192,13.68375700129255,1.757862990090478,0.5428694528220595
B87005,2.727665084160552,3.409581355200691,1.096245144583513,22.08027621924903,2.503236944324558,0.6387570133793699
B87006,2.60748959778086,3.874248728617661,1.239019879796579,18.9828941285252,2.690707350901526,0.8969024503005086
B87007,2.458071949814364,3.09179362437588,1.363461784662655,17.73140442965049,2.125208039943669,0.620919216489566
B87008,2.589331952356292,3.262558259968928,0.7176148553673153,15.15129096693053,2.493156765554487,0.6362358511504032
B87009,3.089663959229177,3.710781971651537,1.89520624303233,22.04172638955248,2.675585284280936,1.003344481605351
B87011,3.017926026775585,3.872626881476439,0.8168822328114363,20.21027153770516,2.541411390968913,0.8547008547008548
B87012,1.712399422323087,2.713018361873324,0.7736744377965752,15.75201155353827,1.805240354858675,0.3713637301423561
B87013,2.901273220622,3.353510053572671,0.6818339942948585,18.43734780491199,2.309886592917275,0.4313643637375635
B87015,2.351241297780113,3.283856561145409,0.8275318534086431,19.34848285826875,2.32497044529095,0.6042296072507553
B87016,2.496131606808372,3.758449385129082,1.710236989982898,17.52178516165812,2.496131606808372,0.8876944376577897
B87017,2.06111271259729,2.821418276160277,1.091813202652061,14.29446526376477,2.050302680887864,0.6017584318247333
B87018,2.106717319979278,3.039198756691418,0.9238473493351752,16.72422724917976,1.925401485063029,0.5007770678639268
B87019,2.325263301873889,3.036520311858843,0.683900971139379,16.01696074408426,2.133771029954862,0.5060867186431405
B87020,3.319018851444792,3.617439406070311,1.004439915568819,19.16442244704855,2.627556590727127,0.538612708348497
B87021,2.657755672987255,3.58253030774013,1.142368666459434,19.96425240907678,2.06714330121231,0.7149518184644078
B87022,1.264972573603493,2.205306168140603,0.6380835105787529,11.11608642113512,1.824694951304153,0.4925556923765813
B87025,1.690677461602572,2.774139778545065,0.6667460411953805,14.50172639599952,1.881176330515538,0.4286224550541731
B87026,2.424823618056031,3.774231111719981,0.8219741078156038,18.39167066237414,2.417973833824234,0.9110213028289608
B87027,2.205567451820128,2.78372591006424,0.5781584582441114,14.65381870092791,1.870092790863669,0.3854389721627409
B87028,2.73000273000273,4.031304031304031,1.365001365001365,20.97552097552098,2.684502684502684,0.7189007189007189
B87030,2.343415725899352,3.498667017740183,1.306651746042195,18.30958101569957,2.261132870355133,0.9808116380870882
B87031,2.858566639485367,3.501857388783184,1.263930415873879,17.45945456192806,2.568632780646915,0.6659418320195706
B87032,2.401287288030697,3.044931303379131,0.7426661715558857,16.73474439905929,2.376531748978834,0.7426661715558857
B87033,2.361918604651163,3.57921511627907,0.944767441860465,19.11337209302325,2.180232558139535,0.9084302325581396
B87036,2.707977555501342,4.2205415955111,1.366186874847524,17.93120273237375,2.317638448402049,0.9270553793608196
B87039,2.036032415779251,2.993771348201728,0.8706717567477061,17.80858616301654,2.149889491661644,0.4554283035295694
B87042,1.982300884955752,3.238938053097345,0.8672566371681416,15.91150442477876,2.212389380530973,0.7787610619469026
B87044,2.274573517465475,3.249390739236393,0.7717303005686434,13.16003249390739,2.31519090170593,0.6092607636068237
B87602,2.2475106685633,3.072546230440967,0.7965860597439544,17.89473684210526,2.105263157894737,0.3698435277382646
B87604,1.616379310344828,3.05316091954023,0.7902298850574714,12.53591954022988,1.616379310344828,1.724137931034483
C81001,3.188431048000697,3.9027789877167,1.507099921595958,20.55057060719575,2.718006795016988,0.6620785782733687
C81002,3.545697401440945,4.007123775601069,1.894276693920505,22.43179794381932,3.124747025014167,1.044280741520279
C81003,3.488835725677831,3.917464114832536,1.475279106858054,19.32814992025518,2.80103668261563,0.687799043062201
C81004,3.115325077399381,4.131191950464396,2.602554179566563,19.09829721362229,2.738003095975232,0.9191176470588236
C81005,2.786817348085912,4.135849949707118,1.757292467901308,15.95171883320514,2.869652683273179,0.9644399739660374
C81006,1.34850400337126,2.179826073631383,0.8926177067769988,11.99862084817837,1.432785503581964,0.444393364747347
C81007,1.876857749469214,2.734607218683652,1.537154989384289,14.37791932059448,1.681528662420382,0.7388535031847133
C81008,2.92187820381382,4.685257330326021,1.753126922288292,20.82222677875743,2.839860570022555,0.8509329505843757
C81009,0.9404534661762652,2.248708040411564,0.6611108524605429,11.34131011685833,1.368778807207039,0.5679966478886354
C81010,2.897810218978102,3.087591240875913,1.226277372262774,17.54744525547445,2.452554744525547,0.5474452554744526
C81012,2.844019379601082,3.353677719750834,1.252123576417291,17.44164097401372,2.353237274271692,0.7172969231737243
C81013,4.097311139564661,4.886897140418267,1.216389244558259,22.72727272727273,3.371745625266752,0.7042253521126761
C81014,2.46559148864308,3.673055813560753,1.587435615975682,15.95879422443638,2.034957358777337,1.063919614962425
C81015,3.185288564157294,4.063705771283145,0.9851407930383383,17.66685822182087,2.832279779985223,1.149330925211395
C81016,3.824378971692663,4.552281917966494,1.975736568457539,20.63547082611207,3.119584055459272,1.062969381860196
C81017,3.074881097223758,3.473067138590864,1.448954761641411,18.72580466762526,2.267448291118239,0.7300077425063599
C81018,3.731178033658104,3.520814880425155,1.550044286979628,21.39061116031887,2.236492471213464,0.5978742249778566
C81020,2.496595551520654,3.567862006354971,1.715842033590558,17.99364502950522,1.988197911938266,0.8987743985474352
C81021,2.308151489023015,3.243350799230616,1.479074086356702,19.16826954964516,1.936724812628507,0.6632619221330504
C81022,2.796859666339548,3.115799803729146,1.12855740922473,19.01373895976447,2.404317958783121,0.8341511285574091
C81023,2.84746613146011,3.449573507275464,1.128951329653788,19.27997992975414,2.345709984947316,0.8529854490717512
C81025,2.927819112957774,3.903758817277032,1.439752633104648,18.89071407865494,2.918156343608078,0.7343704705768673
C81026,2.812113720642769,3.955500618046971,1.158838071693449,16.61001236093943,2.055006180469716,0.5407911001236094
C81027,2.216778934476424,3.551745254133497,1.359461114513166,15.75015309246785,2.400489895897122,1.065523576240049
C81029,3.002656195865574,4.151749624667976,1.743850329137314,18.37394618316203,2.188474419678947,0.7968587596720176
C81030,4.44642063139173,4.26856380613606,1.656291685193419,21.7207647843486,3.612716763005781,1.078257003112495
C81031,2.606310013717421,3.629840666877704,1.329534662867996,19.04611163870423,2.194787379972565,0.865252717104569
C81032,2.857349015080453,3.513962046323688,1.645140342016018,17.7213363157515,2.474926040839887,0.7648459484811314
C81033,2.891640866873065,3.492260061919505,1.61609907120743,18.43343653250774,2.625386996904024,0.7492260061919505
C81034,3.136941260108415,3.910068426197459,1.946147693948281,16.70665600284369,2.532657957877899,0.7553541277881454
C81035,2.284968173657581,3.33768565366411,1.362820303574343,15.76628039823731,2.203362167455525,0.7589358576791252
C81036,2.221348535482603,2.555533713387065,0.9632396304305092,14.48791035974052,1.985453115785335,0.6880283074503637
C81037,3.052711414486159,3.185437997724687,1.355707243079257,19.91846795601062,2.408039438756162,0.7584376185058779
C81038,3.217029449423816,3.201024327784891,1.392445582586428,18.8780409731114,2.528809218950064,0.7842509603072984
C81039,4.130856667590796,3.742722484058775,1.108954810091489,20.90379817022456,2.883282506237871,0.9148877183254782
C81040,3.203494721514379,3.349108117946851,1.941511952432957,18.60211139424827,2.426889940541197,0.4247057395947094
C81041,2.511127907953305,3.720500545897371,1.007810531620055,17.06559166876627,2.359956328210296,1.15058369026623
C81042,2.616722612145255,2.876106194690265,1.289288983826671,15.78425389075374,2.014037229173024,0.4729935916997253
C81044,2.702386523163313,3.825456247075339,1.848385587271877,21.71268132896584,2.71408516612073,1.181562938699111
C81045,2.653450247807854,3.652306519252764,1.585970263057568,17.6591688905833,2.073961113229127,0.86923370186809
C81046,3.556975505857295,3.322683706070288,1.61874334398296,22.98189563365282,2.747603833865815,0.7454739084132056
C81047,3.524156187954997,4.500330906684315,2.365982792852416,21.409662475182,3.044341495698213,1.091992058239577
C81048,3.727436823104693,3.862815884476535,1.714801444043321,18.98014440433213,2.96028880866426,0.6137184115523465
C81049,2.679859822716966,3.380746237889095,1.298701298701299,17.05833848690991,2.329416615130901,0.8967223252937538
C81050,2.487978256324483,3.742421074639347,1.48442400167259,20.17562199456408,2.268450763119381,0.5331381977838178
C81051,2.311587289939092,3.04542452484039,1.764878549937624,14.47127027225361,2.043736699200117,0.7705290966463638
C81052,2.574808629088379,4.161447459986082,1.155184411969381,16.77105080027836,2.67223382045929,0.7933194154488519
C81053,2.425304315750645,3.633345628919218,1.641460715603098,17.41054961268905,2.563629656953154,0.8760604942825526
C81054,1.625555775820566,3.086856786836963,1.163943247146781,14.51955481294781,1.88892979524794,0.5607317832969896
C81055,2.51506963209312,3.803782997297859,1.745998752858034,16.64934525046768,2.369569736021617,0.7067137809187279
C81056,2.603461249059443,3.822422874341611,1.218961625282167,19.00677200902935,2.452972159518435,0.948081264108352
C81057,2.936145952109464,3.420752565564424,1.786393006461422,20.20144431774991,2.185480805777271,0.4656024325351577
C81058,3.021387348647731,4.18694126966165,1.663460450379088,19.74652031232319,2.840330428878579,0.9844970012447662
C81059,2.905372504463561,3.96039603960396,2.126278201590651,19.02288589514689,2.499594221717254,0.9089433533517288
C81060,2.647302141740969,3.272359591874253,1.213346814964611,16.60079051383399,2.123356926188069,0.7445537273646474
C81061,2.795135014505691,3.447891095737558,1.82436956036599,17.94242356616827,2.153537156884624,0.903816112474894
C81062,3.62116991643454,3.3983286908078,1.827298050139276,17.43732590529248,2.997214484679666,0.924791086350975
C81063,3.279898755536807,4.102510018983336,1.318287281164311,17.85488293608943,2.952963509808058,0.8437038599451592
C81064,3.379283182355258,3.528948404883812,1.394249704608113,17.14848365498228,2.615202835762111,0.7325718786923986
C81065,2.809917355371901,3.614325068870524,1.267217630853995,17.66391184573003,2.46831955922865,0.9917355371900828
C81066,3.071559023742321,3.785488958990536,1.643699153245891,16.66113232608335,2.681388012618297,0.7554374896231114
C81067,3.419678509265895,3.900890754581755,1.075048633152452,21.15286167707587,2.917989147128084,0.7166990887683015
C81068,2.425222312045271,3.371059013742926,1.519805982215036,16.81487469684721,2.360549717057397,0.7437348423605497
C81069,3.090654274544516,3.916795751272405,1.66703547982592,17.65877406505864,2.714464852105923,0.8851515822084531
C81070,3.641025641025641,3.82051282051282,1.641025641025641,21.33333333333334,3.82051282051282,0.7435897435897436
C81071,1.598495533615421,2.907067857702554,0.971634540040746,14.331609465601,1.708196207490989,0.666039805673092
C81072,1.116300639305707,2.12991486965451,1.020239159958926,10.47732617840935,1.298486203584087,0.4239954950478652
C81073,1.827881070055699,2.612379383384326,1.17674746999294,12.8500823723229,1.914175884521848,0.5805287518631834
C81075,3.908794788273615,4.157884652232228,1.762789806476337,17.57041578846522,2.280130293159609,0.6514657980456027
C81080,3.708706864791846,3.635023946948299,1.412255925334643,18.61721724180277,2.615743583445904,0.687707233206435
C81081,2.795995857783915,4.250702697371665,2.381774249223334,19.32047931357562,2.988313033187041,1.198283939050249
C81082,3.465491923641703,3.406754772393539,2.378854625550661,22.99559471365639,2.026431718061674,0.3230543318649046
C81083,2.250880649591021,2.728521105737656,1.217983163173921,17.08161681294406,2.191175592572691,0.5970505701832945
C81084,2.888824044353662,3.696138507927244,1.138021593230231,19.60412411244042,2.305223227312518,0.8656745452776967
C81086,3.296838479517776,3.30914011563538,1.599212695288474,18.47705744864067,2.238897773403862,0.7011932587034075
C81089,3.997389459944526,4.519497471039322,2.447381302006853,18.73062489802578,3.899494207864252,0.7668461412954806
C81091,2.82172373081464,3.837072018890201,1.145218417945691,20.46044864226682,2.609208972845336,0.7674144037780402
C81092,3.917779339423753,4.304286718200983,2.494729444834856,19.90513000702741,3.179901616303584,0.6148981026001406
C81094,3.627643876045254,3.762911952779144,1.377274963108706,17.14215445154943,3.135759960649287,0.8116084604033448
C81095,2.135014233428223,3.13135420902806,0.5490036600244002,16.67344448962993,2.297681984546564,0.6506710044733631
C81096,2.996845425867508,4.083420960392569,1.086575534525061,22.97581493165089,2.173151069050123,0.5608131791097091
C81097,2.638087386644683,3.446001648804617,1.714756801319044,18.68095630667766,2.324814509480627,1.104699093157461
C81099,2.708255509899141,3.623459096002989,1.279417258124766,22.02091893911095,2.642883825177437,0.999252895031752
C81101,3.157262905162065,3.505402160864346,1.872749099639856,17.41896758703481,2.280912364945979,0.8763505402160865
C81106,2.590245246624414,3.885367869936621,1.832460732984293,19.48195095067512,2.135574538440342,0.7302287131441167
C81108,2.548551519452868,2.929221240080005,1.580747144977095,18.14310600683915,2.006581069746435,0.6710110329698691
C81110,1.958006998833528,2.507915347442093,1.033161139810032,13.84769205132478,1.69971671388102,0.4749208465255791
C81113,2.604565650375364,3.14079975486441,1.240998927531791,17.80297226903631,2.206220315612073,0.4596292324191819
C81114,1.918394451412971,2.530804987825574,1.062495388474876,15.11842396517376,1.962665092599424,0.6714380579945399
C81115,3.160181710448351,3.436697610112581,1.520837448153269,22.31878333004148,2.587398775429588,1.145565870037527
C81118,0.7861822513400833,3.871351995235259,1.21500893388922,14.24657534246575,1.798689696247767,0.3454437164979154
C81604,2.190091431001489,3.083138422283649,1.297044439719328,14.03359557729109,2.466510737826919,0.7016797788645546
C81611,4.514308746473196,3.869407496977025,0.8464328899637243,19.02458686013704,3.143893591293833,0.5239822652156388
C81615,1.599654128837008,3.934284479031561,1.513186338089062,16.86121919584955,2.464332036316472,1.253782965845223
C81616,0.8178438661710037,3.382899628252788,0.9479553903345724,12.75092936802974,1.635687732342007,0.241635687732342
C81634,2.565208018969606,3.017891787023065,1.336494934253072,15.45591722353956,2.112524250916146,0.3017891787023065
C81638,2.72333927207941,2.748791040977348,1.11987783150929,18.73250190888267,2.417918045304149,0.6108424535505218
C81640,2.801494130202775,4.429028815368197,1.173959445037353,19.02347918890075,1.974386339381003,0.5869797225186766
C81647,3.719702423806095,5.303575713942885,2.591792656587473,22.19822414206864,3.095752339812815,1.175905927525798
C81649,2.780952380952381,3.492063492063492,1.26984126984127,19.63174603174603,2.412698412698413,0.7619047619047619
C81652,1.590177133655395,2.85829307568438,0.8856682769726247,12.05716586151369,1.892109500805153,0.5233494363929146
C81653,2.007500551511141,2.404588572689168,0.970659607324068,11.33906904919479,1.478049856607103,0.5294506949040371
C81655,2.889549014312719,4.455846610856062,1.215230893869835,21.79314069673238,2.565487442614097,1.13421550094518
C81658,2.772020725388601,3.83419689119171,1.826424870466321,18.639896373057,2.33160621761658,0.6994818652849741
C81662,2.532544378698225,3.337278106508876,1.372781065088758,18.4378698224852,2.011834319526627,0.485207100591716
C82001,2.938053097345133,2.863323500491642,0.9675516224188792,17.95870206489676,1.994100294985251,0.4051130776794493
C82002,2.447041636230825,2.921840759678598,1.150474799123448,16.91928414901388,1.734842951059167,0.4108838568298028
C82003,2.78017613538249,3.24641685373856,1.398722155068209,17.88982904506993,2.167155931618028,0.4489725436021412
C82005,1.469527587450415,2.470248827984133,0.838442120447169,14.69527587450415,1.42445005409304,0.4868373602596466
C82007,3.099095704596835,3.598342125094198,1.243406179351922,16.52223059532781,2.3172569706104,0.6311228334589299
C82008,2.059308072487644,2.883031301482702,1.635678983290186,15.56836902800659,1.859261002588844,0.6589785831960462
C82009,3.103212576896787,3.284347231715653,1.978810663021189,16.84894053315106,2.330827067669173,0.5809979494190021
C82010,4.12,3.613333333333334,1.98,21.18666666666667,2.913333333333334,0.6866666666666666
C82011,2.449304174950298,2.63220675944334,1.232604373757455,15.7375745526839,1.805168986083499,0.5964214711729622
C82012,2.778479413993433,2.803738317757009,1.624989475456765,18.39690157447167,1.869158878504673,0.4883388060958154
C82013,2.992256221336742,3.488459514322231,2.789263965115405,19.69024885346967,2.37576122096083,0.6841590857830238
C82014,3.001658374792703,3.056937534549475,1.741293532338309,17.21393034825871,1.929242675511332,0.5030403537866225
C82016,3.266606005459509,3.239308462238399,1.037306642402184,18.18016378525932,1.75614194722475,0.5550500454959054
C82017,2.77090862976349,3.240124278739458,1.261809650624564,17.57656458055925,2.453871029104052,0.5199416650814787
C82018,1.400739476678043,3.19254835039818,1.279863481228669,16.0551763367463,1.798919226393629,0.469283276450512
C82019,1.567239635995955,2.207617121671722,1.061678463094034,15.62184024266936,1.516683518705763,0.3201887428378834
C82020,0.1951544576134038,0.3855490504069685,0.1427959445951735,2.970155647579609,0.2284735113522776,0.0523585130182302
C82021,2.344573234984194,2.845100105374078,1.25131717597471,16.20126448893572,2.028451001053741,0.5005268703898841
C82022,3.280032800328003,3.676370097034304,1.407680743474101,19.27019270192702,2.405357386907202,0.5193385267186005
C82024,0.8375622013105386,3.153175346110262,1.078977188747106,18.28349017096123,1.54209981770705,0.2611223333497562
C82025,3.142671734495226,3.235375915453787,1.334940205803282,20.71938444423843,2.169277834430333,0.5562250857513674
C82026,2.399035563592526,2.845087402049427,2.025316455696203,15.74442435201929,2.1458710066305,0.6871609403254972
C82027,2.503974562798092,2.874933757286699,1.45733969263381,16.98463169051404,2.159512453630101,0.4636989931107579
C82028,3.59593741421905,4.007685973099094,2.374416689541587,21.63052429316497,2.799890200384299,0.6862475981334065
C82030,2.682821289485072,4.154045867589788,1.42795326698399,22.18375883455935,2.149141785662772,0.5913745853166018
C82031,0.8780749379985254,2.118104430591863,0.9384006970976608,11.99812319860581,1.112675112272941,0.2480058985186675
C82032,3.042132184681653,3.432494279176201,1.346076187912236,17.97011710862835,1.817202853681518,0.5922735226813838
C82033,1.296817677672554,2.499786707618804,0.776384267553963,13.46301510110059,1.390666325398857,0.5716235816056651
C82034,3.274841869006325,2.601509895939604,1.152825953886962,14.87451540501938,2.101611915935524,0.3672719853091206
C82035,2.442976442727159,2.829365573974822,1.346129876604761,14.86974947027297,1.794839835473015,0.461174124392372
C82037,1.010871638374976,3.709708182338356,1.172992561510586,19.78828914743467,1.392332633988175,0.3337783711615487
C82038,3.041917460660207,3.228157305190423,2.021647008016411,18.68066614483522,2.183594698912251,0.7260654808496856
C82039,1.906913691821057,2.738364211477632,1.446000903750565,18.04789877993674,1.446000903750565,0.4247627654767284
C82040,2.681867535287731,2.681867535287731,1.324647122692725,16.31921824104235,2.269272529858849,0.5428881650380022
C82041,2.203220090902088,2.858023264771589,1.502195516524151,13.06524921038441,2.041445189122564,0.4313997380787304
C82042,3.175601320547084,3.238484515013363,1.045433108001887,16.37321175915737,2.240213802861185,0.5580883508882252
C82043,2.975977052707063,2.554679096450341,1.380423090713517,16.87880960917892,2.106489781283614,0.493008246683399
C82044,3.649093030656624,3.733955659276546,1.71846822955341,18.69099395353771,2.121565715498038,0.4879601145645486
C82045,2.149224569544511,2.320185614849188,0.7693247038710466,15.13005250946392,1.550860910978141,0.3297105873733057
C82046,1.850149390944611,2.64881636405424,1.649046196276718,14.80119512755688,1.706504251896116,0.6090553895656171
C82047,2.650805545147996,2.950543274634695,1.58298988385163,15.94230048707381,2.023229674035219,0.4402397901835894
C82048,2.681992337164751,3.891913692276669,1.290582778786046,20.48800161322847,2.540834845735027,0.5242992538818311
C82050,2.658893786435376,3.078344945258069,2.033271719038817,18.12882127115029,1.798663443765107,0.5545286506469501
C82052,3.188638799571276,3.456591639871383,2.063236870310825,22.02572347266881,2.331189710610932,0.7234726688102894
C82053,1.64929768917082,2.564567285908473,2.183960126869053,15.64114182147712,1.685545990031717,0.8065246941549614
C82054,2.98935298935299,3.054873054873055,1.375921375921376,19.45126945126945,2.244062244062244,0.6388206388206389
C82055,2.860308885656901,3.151187755384722,1.696793406745619,18.11759817161853,2.056929150218159,0.6371632384514163
C82056,3.053217292053075,3.987730061349693,1.8262234270224,20.60921672135825,2.075902411185619,0.2996147809958625
C82060,0.4272489912176596,2.75338238784714,0.593401376691194,11.32209826726798,0.9731782577735582,0.1424163304058865
C82061,2.213065727387519,2.339336744866086,1.601648169070247,15.05283445205024,1.794377616800691,0.4917923838638931
C82062,2.910997100156145,2.810617889805934,1.449921927280839,17.88980593352666,1.99643096140977,0.6468882444791434
C82063,1.321056845476381,2.393915132105685,1.088871096877502,13.80304243394716,1.385108086469175,0.3843074459567654
C82064,2.999837846602886,3.267390951840441,1.905302416085617,18.90708610345387,2.197178530890222,0.7377979568671964
C82066,2.551740357478834,2.728127939793039,1.293508936970837,14.99294449670743,1.840310442144873,0.3586547507055503
C82067,2.428006775832863,3.387916431394692,1.14059853190288,18.75776397515528,2.089215132693393,0.4178430265386788
C82068,3.42266709719083,3.059412334517275,1.945431062318373,19.1717791411043,2.292541168873103,0.5892799483371004
C82070,2.021346934920185,2.937564938131671,1.25625767450647,16.27467649003495,1.870218192122414,0.6422971568905261
C82071,2.507102272727272,3.039772727272728,1.455965909090909,17.08096590909091,1.960227272727273,0.4119318181818181
C82072,2.518239585784891,3.318427865380089,2.294657566486232,18.07484113909155,1.965168274888209,0.8707931277947752
C82073,1.258845944474687,2.157049537289058,0.9730538922155688,12.24823081110506,1.299673380511704,0.4082743603701687
C82075,2.926290604582682,3.607251311309469,1.481549645716389,19.09450630348762,2.484586362381522,0.6165455047391184
C82076,3.54978354978355,3.593073593073593,1.356421356421357,24.11255411255411,2.352092352092352,0.6204906204906205
C82077,3.607120549656464,3.341661461586508,1.764522173641474,19.65958775765147,2.342286071205497,0.5153029356652092
C82078,2.829018115642319,3.51559268756721,1.745388369592191,19.4722474977252,2.266523285631566,0.6534866407477872
C82079,2.811013406371631,2.811013406371631,1.268559896208736,15.94349142280525,2.320887991927346,0.7351881216664264
C82080,0.9892654178067776,2.820458850768259,1.031361818564513,14.52325826141865,1.4944222268996,0.4420122079562198
C82082,2.306155801706919,3.413836934810242,1.725077174505175,19.52061013255856,2.251679680406755,0.7445069911022335
C82084,0.8683853459972863,2.388059701492538,0.8683853459972863,14.62686567164179,1.791044776119403,0.1899592944369064
C82086,0.9625365669529112,1.651410776634897,0.8021138057940926,14.69283759554591,1.113522695102387,0.3491554213456639
C82088,0.6899902818270165,3.138969873663751,1.292517006802721,16.24878522837707,1.52575315840622,0.3692905733722061
C82091,1.792520861234161,2.688781291851241,1.473163696301638,15.56608632945297,1.596785824662615,0.4738848253837437
C82092,1.778154106689247,2.116850127011007,1.248941574936494,13.06096528365792,1.587637595258256,0.4657070279424216
C82093,2.538596212000637,2.459016393442623,1.209613242081808,15.7090561833519,1.830335826834315,0.4217730383574725
C82094,1.258413813286509,2.370500438981563,0.5121451565700907,15.36435469710272,1.229148375768218,0.4389815627743635
C82095,2.904793461453501,2.99315219792357,1.76717472940137,17.02010161254694,2.032250938811575,0.4970178926441352
C82096,2.104327208061648,2.637818612922347,1.393005334914049,15.283540802213,1.620233155502865,0.5828887571626161
C82097,2.163721601153985,2.416155787955283,0.6491164803461955,16.19184998196899,1.622791200865489,0.288496213487198
C82098,2.686035356996026,2.864190763327395,1.301904892421543,18.9118815951761,2.01452651774702,0.6166917911470468
C82099,0.7367280606717226,3.488624052004333,0.8450704225352111,13.97616468039003,1.256771397616468,0.1733477789815818
C82100,2.578843626806833,3.252299605781866,1.85611038107753,16.50788436268068,2.053219448094612,0.7227332457293035
C82102,2.663934426229508,3.032786885245902,1.209016393442623,18.36065573770492,1.844262295081967,0.4098360655737705
C82107,0.7969639468690701,2.5426944971537,1.227071473750791,15.78747628083491,1.353573687539532,0.3289057558507274
C82109,3.544303797468355,3.018500486854917,2.025316455696203,18.94839337877313,2.356377799415774,0.4284323271665044
C82111,0.0751923188154317,0.1677367112036555,0.0578402452426398,0.8328995314940135,0.1098964659610157,0.0057840245242639
C82112,1.027503892060197,2.055007784120394,0.7265179034769071,12.78671510119357,1.297353399065906,0.1971977166580177
C82114,0.955033824114604,1.830481496219658,0.955033824114604,12.21647433346598,0.6764822920811778,0.3183446080382014
C82116,0.3911597887737141,2.796792489732056,1.153921376882456,13.57324467044788,1.388617250146685,0.0977899471934285
C82119,1.213592233009709,2.214805825242718,1.243932038834952,14.10800970873786,1.152912621359223,0.1820388349514563
C82120,2.62615859938208,2.497425334706488,1.364572605561277,22.0648815653965,2.214212152420185,0.4634397528321318
C82121,2.452297769416823,3.218220908357968,1.599032518140285,17.79091642031712,2.196990056436442,0.7121741467347487
C82124,0.3861772434110996,0.4936698781750139,0.1433235130185525,3.495501234174696,0.3264591129867028,0.0915677999840751
C82600,1.913183279742765,2.331189710610932,0.964630225080386,14.46945337620579,1.414790996784566,0.4180064308681672
C82610,1.055488540410133,1.899879372738239,0.6182147165259348,11.77623642943305,0.9499396863691192,0.3468033775633293
C82611,2.623524267599475,2.375746975659525,1.195161055239761,16.86343098673663,1.719865908759656,0.5392799883398921
C82614,1.245357220887044,2.512562814070352,1.092418614813196,14.39807734323793,1.354599082368364,0.305877212147695
C82620,0.253592561284869,1.648351648351648,0.338123415046492,12.29923922231615,0.760777683854607,0.0845308537616229
C82624,0.9103807046583116,1.596122014660676,0.7566800662095058,11.03097659021045,1.170489477417829,0.3192244029321353
C82627,1.90500381000762,3.073406146812294,1.701803403606807,17.79273558547117,1.638303276606553,0.5969011938023876
C82628,2.436260623229462,2.747875354107649,1.388101983002833,19.29178470254957,1.926345609065156,0.396600566572238
C82631,1.589736438432576,2.259099149351555,1.115604518198299,13.68010040440664,1.422395760702831,0.362571468414447
C82639,1.757701757701758,1.937251937251937,1.048951048951049,15.20506520506521,1.464751464751465,0.3591003591003591
C82642,0.6007534874249058,2.810304449648712,0.9469504123816312,14.15334487323083,1.28296507483963,0.1221871499847266
C82643,0.3865617093055946,2.368569018836098,0.5411863930278324,12.60191172336238,0.9488332864773684,0.1475962890075907
C82644,1.802162595114137,2.422907488986784,1.541850220264317,15.27833400080096,1.742090508610332,0.4805766920304365
C82649,3.556338028169014,3.661971830985915,2.130281690140845,19.13732394366197,2.130281690140845,0.8450704225352111
C82650,2.728127939793039,3.179680150517403,1.486359360301035,15.55973659454374,2.050799623706491,0.5268109125117592
C82651,0.7071765322158199,2.173913043478261,0.6286013619696176,17.12938711367208,1.283394447354636,0.2095337873232059
C82656,2.106693849813116,2.446483180428134,1.732925586136595,16.51376146788991,1.257220523275569,0.509683995922528
C82659,0.4047217537942664,2.225969645868465,0.8768971332209106,15.68296795952782,1.045531197301855,0.1686340640809443
C82660,1.185825892857143,3.585379464285714,1.395089285714286,15.63895089285714,1.688058035714286,0.5022321428571429
C82662,0.2692577850620463,0.807773355186139,0.3512058066026691,6.860220088972138,0.4682744088035589,0.1170686022008897
C82667,1.227222015619189,2.38006693938267,0.8677327383165986,15.04896491880501,1.313995289450849,0.3966778232304451
C82669,1.453840562151684,1.478071238187545,1.114611097649624,11.8003392294645,0.8480736612551489,0.1453840562151684
C82671,0.3217423586189828,1.794332384605866,0.5197376562306645,11.84259373839871,0.692983541640886,0.1361217671080312
C82676,1.459050240880936,2.477632484514797,0.9772883688919476,13.87474191328286,1.486579490708878,0.5092911218169305
C82678,2.234828949630394,3.644490287089565,2.166064981949458,20.83548220732336,1.873818119305484,0.6360667010486505
C82680,1.640340218712029,2.67314702308627,1.377075739165654,16.70716889428919,1.680842446334548,0.587282300526529
C83001,1.390030128731854,1.650232812927965,0.5614900027389756,9.39811010682005,1.037387017255547,0.3012873185428649
C83002,3.39539978094195,3.975903614457831,1.018619934282585,16.46221248630887,2.464403066812705,0.416210295728368
C83003,2.143958148442244,2.811901536736887,1.391937970012612,18.21663786258116,1.891727778037274,0.5558410014479892
C83004,2.55793991416309,3.270386266094421,1.304721030042919,17.35622317596567,2.454935622317596,0.721030042918455
C83005,4.27679638730243,5.272944614158587,2.842342940629566,23.44268827201487,3.612697569398327,0.783636605126843
C83007,3.079195126453757,3.562857670297213,1.532213402252169,16.86911574672328,2.440465202141407,0.4762783828687466
C83008,2.179144385026738,3.155080213903743,1.590909090909091,18.55614973262032,1.697860962566845,0.5614973262032086
C83009,2.277409018081941,2.998397802700847,1.487754634927901,16.02197299153124,2.059967956054017,0.6752117189288167
C83010,1.729890662696987,2.597402597402597,0.7237821467070479,12.46342590216108,1.678558595554643,0.6057183922796571
C83011,2.982513482595195,3.954894590619382,1.568883804543226,19.39042327177643,2.606635071090047,0.8498120607942474
C83013,3.768152228342514,4.293940911367051,1.690035052578868,23.79819729594391,2.441161742613921,0.6885327991987983
C83014,2.438084224727763,3.295750216825672,1.802062253059651,17.24968680736244,2.139346631974559,0.8673026886383347
C83015,3.410798936293213,4.601688056422708,2.058041392068447,25.63302115851543,2.786449300497167,0.6474736963810845
C83018,2.393986436800392,3.913718441049105,1.299125745567448,19.06201487049595,1.969115123784623,0.866083830378299
C83020,3.669816011934361,4.236698160119343,1.611138736946793,24.14719045251119,2.734957732471407,0.5668821481849826
C83022,2.832463717279782,3.648002806156005,2.38523260402508,20.01140000876924,2.205463234971719,0.7629236637874337
C83023,3.069301292637094,3.689994875007118,2.300552360343944,18.60372416149422,2.454302146802574,0.6149991458345196
C83024,2.828443034628602,3.489294210943696,1.453872587893206,21.0943695479778,1.876817340734867,0.3436426116838488
C83025,2.592753308743762,3.851160772401822,1.366890865697548,17.28140594489043,2.332393143848991,0.7051421132566718
C83026,3.228942141076032,4.192553146528042,1.851147457842019,22.39550314864123,2.514686615105025,0.6719918853810067
C83027,4.108129057261893,5.03827148532119,1.840906888867358,22.30404030617188,3.672124794109098,0.9107644608080612
C83028,3.563755844812334,4.157715152281057,1.870339946922785,22.51990395551624,3.05825856186023,0.9604448376089978
C83029,3.553082191780822,4.238013698630137,1.797945205479452,19.60616438356164,2.825342465753424,0.663527397260274
C83030,3.200925568839182,4.78210566910914,1.870420362514462,20.30466640956421,2.043964519861165,0.6170458927882762
C83031,3.865708982325881,4.818013074005326,2.477604713098216,20.22435638770075,2.881123396013235,0.8554596077798402
C83033,3.346613545816733,5.099601593625498,1.460823373173971,26.26826029216468,2.815405046480743,0.6374501992031872
C83035,2.92336267463458,3.609787612048777,1.800856012274893,19.97900347250262,2.309618024711298,0.702576112412178
C83036,3.862085769980507,4.690545808966862,2.217348927875244,22.88011695906433,2.984892787524366,0.7675438596491228
C83037,2.942071624226438,3.24642386121538,1.065232829461296,16.18139393324541,2.029014913259612,0.4666734300497108
C83038,3.598438643571602,3.75701390583069,1.585752622590876,22.18833861917541,2.86655281776043,0.6464991461332033
C83039,3.992837958818264,5.138764547896151,2.399283795881826,24.72694717994629,3.312444046553268,0.6445837063563115
C83040,2.699931647300068,4.183185235816815,2.385509227614491,20.6015037593985,2.146274777853725,0.7928913192071088
C83041,3.041237113402062,3.878865979381443,1.404639175257732,18.02835051546392,2.719072164948454,0.5541237113402062
C83043,3.489361702127659,4.444444444444445,1.815602836879433,17.32387706855792,2.657210401891253,0.7092198581560284
C83044,2.089821340763809,3.704310768726438,0.8769054253401082,16.65300770365514,2.278315030322898,0.7949516472709393
C83045,3.497672197684135,5.371851498149695,2.560582547451355,23.09896144204369,3.211173451116151,1.331025426763758
C83046,2.048844451729225,2.917554499262416,1.212915915423701,15.96459596787412,1.606294050155712,0.4261596459596787
C83048,2.430840354932518,3.631347401386921,2.013272686600552,17.65714711803743,1.975989859070912,0.723286854075013
C83049,2.633655553363583,3.64963503649635,1.893864667587295,18.17912803314263,2.446241862300257,0.6115604655750642
C83051,1.33613074204947,1.78886925795053,0.8613074204946997,10.54549469964664,1.413427561837456,0.4085689045936396
C83052,2.697302697302697,3.246753246753246,0.7742257742257742,18.63136863136863,1.673326673326673,0.3746253746253747
C83053,2.830188679245283,3.773584905660377,2.912223133716161,25.14356029532404,3.117309269893355,1.353568498769483
C83054,2.97055389804125,4.047217537942664,1.731742119600467,17.08392787650798,2.315475418342198,0.5837332987417305
C83055,4.000661266325013,4.612332616961481,1.669697470656307,20.96214250289304,3.339394941312614,0.9588361712679782
C83056,3.915148063781321,4.869020501138952,2.70501138952164,19.30523917995444,3.018223234624146,0.6121867881548975
C83057,2.366006760019315,3.247223563495896,1.364075325929503,14.61854176726219,2.197006277160792,0.6397875422501208
C83058,3.533489880353349,4.193223750419323,0.9504640500950464,17.9469976517947,2.650117410265012,0.5031868500503187
C83059,2.270316146827923,3.309993634627626,1.216493387085367,15.73661503642408,2.227880330999363,0.5304476978569913
C83060,2.3976276105748,3.44501230361537,1.514291122468295,16.5373209666225,2.340841693482239,0.6372641807054072
C83061,4.488031914893617,5.086436170212766,0.986258865248227,21.64228723404255,3.047429078014185,0.7646276595744681
C83062,2.96823468147891,4.148585315049471,1.544870682173234,18.06977955216108,2.412775559798646,0.3818781461551814
C83065,3.374529822675981,4.599677592692101,1.816227834497582,20.09672219236969,3.116603976356798,0.9349811929070392
C83067,3.81534876947721,4.73277996213776,2.009611183923111,19.41167904470657,2.694043978447648,0.4805591961555264
C83072,2.711242482927327,3.159718683110794,0.8765671185404137,15.31953929263072,2.181225155437774,0.5198246865762919
C83073,1.679445052939029,2.008032128514056,0.9735913350371184,11.97517342095655,1.350857977364001,0.3894365340148473
C83074,3.986710963455149,4.879568106312292,1.993355481727575,24.62624584717608,2.969269102990033,0.8513289036544851
C83075,2.276219746446408,3.582404917402997,1.911256242796773,18.64195159431425,2.208989627353054,0.6723011909335382
C83078,2.676885482616906,3.043429967788515,1.732755748083972,16.53893146728868,2.021548372764634,0.5331556147950683
C83079,2.20494923857868,2.966370558375635,1.189720812182741,15.41878172588832,1.84010152284264,0.2855329949238579
C83082,2.374275565526267,3.533370723499719,0.8412787436904094,16.85361749859787,2.243409983174425,0.5515049541970461
C83083,3.006451612903226,4.038709677419354,1.52258064516129,21.48387096774194,2.387096774193548,0.5548387096774193
C83085,3.629452973617528,4.352362498136831,3.376062006260248,19.77194812937845,2.943806826650767,0.655835444924728
C83611,2.215323832369127,2.610413433046423,0.6349654296599407,12.72752927896148,1.298151545082546,0.2398758289826443
C83613,3.181215678848702,4.279492520355993,1.401249763302405,19.75004733951903,2.632077258095058,0.8521113425487596
C83617,2.888283378746594,3.629427792915532,2.059945504087193,19.16076294277929,2.223433242506812,0.544959128065395
C83626,1.205840791333019,1.648610456900613,0.9514837494112104,8.563353744700896,1.07395195478097,0.3203014601978333
C83634,5.174563591022443,5.673316708229426,3.906899418121363,23.96093100581879,3.678304239401496,0.997506234413965
C83635,4.701254916651059,5.338078291814947,2.640943997003184,19.40438284322907,3.746019853905226,0.6368233751638884
C83641,3.853804077573347,5.246146195922426,2.08851317752362,22.02884137245152,3.257086026852312,0.8453505718547987
C83643,3.872053872053872,4.713804713804714,1.599326599326599,23.02188552188552,3.072390572390572,0.9259259259259258
C83649,2.903225806451613,4.060721062618596,0.8728652751423149,16.50853889943074,2.239089184060721,0.4933586337760911
C83650,4.012801575578533,5.071393402264894,1.37863121614968,21.49187592319054,3.126538650910882,0.86164451009355
C84001,2.866887608996429,3.426751182470479,2.21371343994337,18.32748801441488,2.281283181569548,1.084333472762959
C84004,1.513903192584964,2.986611740473738,0.8238928939237898,15.93202883625129,1.771369721936148,0.6488156539649845
C84005,3.33453237410072,3.33453237410072,1.100719424460432,16.92446043165468,2.471223021582734,0.4568345323741007
C84008,3.468018975952887,3.38622607557664,1.325044986095207,17.71634222149518,2.257484050384427,0.6707017830852282
C84009,2.640908762028797,3.892627161565734,1.280659865422184,17.43723319586137,2.28637580493452,0.7235366471311772
C84010,2.363039101409346,2.88227190844548,1.351064957083819,14.82992476422592,2.023948288651054,0.6199003920737522
C84011,2.376323179952474,2.927198098941456,1.371786562972564,14.07431410671851,2.430330524951394,0.5184705119896306
C84012,3.121662696130781,4.411402283742709,2.661628193543087,20.95621457323585,2.940934855828473,0.8789944960157727
C84013,3.157084188911705,3.522843942505133,1.078028747433265,19.83444558521561,2.290811088295688,0.6481006160164271
C84014,2.580870171767373,3.845147789693958,1.987967564739733,16.31354084924579,1.987967564739733,0.6713750108989449
C84016,3.061414971065895,4.237446331902184,2.078277642959368,20.22898388401468,2.2089477941634,0.746686578308755
C84017,3.037078442332774,3.372461337805105,1.192472517234954,17.05608347307621,2.165082914104714,0.3987329979504379
C84018,1.160092807424594,2.512200976078086,1.088087046963757,11.14489159132731,1.616129290343227,0.496039683174654
C84019,2.924393723252496,3.384054525281345,1.054049770169599,18.4894595022983,2.314154382627992,0.5864637818988746
C84020,2.127363737486096,2.739154616240267,0.9454949944382648,13.82091212458287,1.668520578420467,0.4866518353726363
C84021,2.756024096385542,4.262048192771084,1.641566265060241,19.8644578313253,2.846385542168675,0.5798192771084337
C84023,0.1657727937591419,0.1511457825450999,0.0633837152608483,1.428571428571429,0.1097025841053145,0.0170648464163822
C84024,2.900515941262072,3.208096309035587,1.633813996560392,16.77801296467787,2.030691890461701,0.8367508929752613
C84025,3.430749682337993,3.761118170266836,1.067344345616264,18.23379923761118,2.719186785260483,0.4701397712833545
C84026,2.859598406125478,3.445581686069224,0.9688256895069928,20.2750214860536,2.828345964528479,0.6563012735369951
C84028,2.789473684210527,3.0,1.236842105263158,16.39473684210526,2.144736842105263,0.4473684210526315
C84029,2.55591054313099,3.262385816496423,1.790937317193898,15.14646987355442,2.042928497502587,0.5939792107276245
C84030,2.107472712006717,2.384550797649034,0.7892527287993284,13.5936188077246,1.662468513853904,0.436607892527288
C84032,3.708335598934261,4.65988798869012,2.577347615681584,20.66228046327008,2.936218802675222,0.7503670273503343
C84033,2.628062360801782,2.884187082405345,0.9465478841870824,17.55011135857461,1.993318485523385,0.8129175946547884
C84034,1.968771215207061,3.213396696085087,1.663272233536999,18.60149355057705,2.308214528173795,0.7015161801312514
C84035,3.822695644704063,3.496263207628211,1.692294476419552,20.24740142599433,2.577098187440941,0.8590327291469805
C84036,2.217698735804586,3.080137133061924,1.146346689522177,14.80608527962289,1.944503964002571,0.519605742446968
C84037,3.395867964853954,3.870814533364996,1.551492123802739,20.01899786274044,2.525132589250376,0.6886725243410117
C84039,1.321722904680454,2.355776706577515,0.598662727414088,9.982895350645313,1.383921629606593,0.3032187840149277
C84042,2.36734693877551,3.374149659863945,1.034013605442177,17.22448979591837,2.190476190476191,0.5850340136054422
C84043,1.902237467841272,2.814375925781555,1.535822873625945,15.88836048959227,2.120527013331254,1.107039837842052
C84044,2.569169960474309,3.378505552418596,0.6869941652550348,15.56559382646339,2.136269527573875,0.3387916431394692
C84045,4.438018606990194,3.897410108121699,1.483530299220518,21.90093034950968,2.72818707568519,0.6160422428966558
C84046,2.50668449197861,3.464795008912656,1.559714795008913,17.7584670231729,2.350713012477718,0.7464349376114082
C84047,3.547248974921331,3.68074759225708,1.268236864689616,17.24992848288357,2.784399733002765,0.7056355487746734
C84049,3.866317169069463,3.68610747051114,1.245085190039319,18.43872870249017,2.711336828309305,0.4750982961992136
C84051,2.469779074614423,3.44414339308045,1.365152146727803,17.95018757815756,1.907044601917466,0.5210504376823677
C84053,2.582828642679017,3.402208763804774,1.306258164113526,17.15948224676404,2.185013656335352,0.6768792304951906
C84055,2.634146341463415,3.299334811529934,1.241685144124169,13.71175166297117,2.412416851441242,0.4611973392461197
C84057,2.323420074349442,3.345724907063197,0.9526022304832712,17.33271375464684,2.021375464684015,0.4879182156133829
C84059,2.221872045382918,3.76615190671289,1.583674755751654,17.66467065868263,1.812165143397416,0.6066813740939174
C84060,2.699896157840083,3.692165685935157,1.465328256605515,19.7069343486789,3.161416868581977,0.8999653859466944
C84061,2.030405060708091,2.958881746760535,1.244770941740639,15.86572798694011,1.867156412610958,0.6223854708703194
C84063,1.411407908550099,2.822815817100198,1.259769042342237,13.34422022629185,1.64469847194681,0.5015747113029277
C84064,1.589886026242697,2.490182932669285,1.082271813044728,13.01599463652907,1.666507039555598,0.5076142131979695
C84065,2.291870714985309,2.546523016650343,1.155729676787463,15.47502448579824,1.97845249755142,0.4309500489715965
C84066,2.830367285119273,3.900037864445286,1.817493373722075,17.2377887163953,2.366527830367285,0.5585005679666794
C84067,2.657689581856839,3.720765414599575,1.063075832742736,19.77321048901488,2.710843373493976,0.815024805102764
C84069,2.772438267041254,3.940558923554636,1.545172260830992,13.89915717876682,2.203164276208783,0.6210261718172408
C84072,1.114358786993058,1.79941541834125,0.6759225429302155,11.88344903178663,1.434051881622214,0.474972597734746
C84074,2.042404201517214,3.85139078000389,1.595020424042015,17.72028788173507,2.587045321921805,0.3890293717175647
C84076,2.422907488986784,3.744493392070484,1.272638277043563,17.59667156142927,2.276064610866373,0.6118453255017132
C84077,2.675890175890176,3.608966108966109,1.506864006864007,17.97511797511797,2.209352209352209,0.6274131274131274
C84078,1.861481648956214,3.255708794935564,1.258572612857035,16.27100761172658,2.170472529957043,0.731027206270254
C84080,2.870951453509341,3.051287600086562,1.392195051576138,16.1004111664142,2.430931255860925,0.6131428983625478
C84081,2.261197274967387,3.348311349470938,1.000144948543267,15.24858675170314,2.319176692274243,0.7392375706624149
C84084,4.066785927251044,3.792486583184258,1.478831246273107,17.84138342277877,3.220035778175313,0.5485986881335719
C84085,1.588207322872088,2.253922967189729,0.6562054208273894,12.47741321921065,1.711840228245364,0.3994293865905849
C84086,2.115982278648417,2.089532500165311,0.7538186867684984,11.5783905309793,1.507637373536997,0.416584011108907
C84087,2.731384829505915,4.036186499652053,1.200417536534447,17.58872651356994,2.748782185107864,0.6437021572720947
C84090,2.314428690575479,2.50208507089241,0.8027522935779817,14.11592994161802,1.886989157631359,0.5108423686405338
C84091,1.928467316963785,2.847852898306985,1.244534140598722,14.99046978360803,2.253615876219307,0.594237022087678
C84092,1.209752466033873,2.214777591662014,0.893355667225014,12.30225200074446,1.451702959240648,0.6514051740182394
C84094,2.694763729246488,3.12473392933163,1.549595572584078,16.39421030225628,2.137079608343976,0.7237122179650916
C84095,2.859545836837679,3.406223717409588,1.387720773759462,16.09195402298851,2.07457246986263,0.5887300252312868
C84101,2.833466987436514,3.154236835070837,0.90884790163058,20.90350173750334,2.405773857257418,0.507885592087677
C84105,0.7451954503856714,2.209439142371552,0.6798274284220159,13.47888612890574,1.268139626094914,0.3529873186037391
C84106,2.687857894121771,3.389038214327452,0.9816524482879514,17.0620544583382,2.161972653967512,0.654434965525301
C84107,3.27822523668221,3.546700579341529,1.15868305779285,19.75413310724883,2.599971739437615,0.5652112477038294
C84112,2.803248624574273,2.986638721509038,1.257532093266964,16.89808750327482,1.833900969347655,0.5239717055279014
C84113,3.253826003033228,3.405487384530539,0.8272438990762443,20.55701089204467,2.385219909003171,0.5377085343995588
C84115,2.25531914893617,2.617021276595745,0.8297872340425531,16.02127659574468,2.085106382978724,0.3297872340425532
C84116,1.949432892249527,3.04820415879017,1.39413988657845,16.18620037807183,1.760396975425331,0.7915879017013232
C84120,2.804685026907249,3.026274137385249,1.234567901234568,16.16967394745173,2.196897752453308,0.538144982589427
C84122,1.935603945654197,2.549785966871394,0.82821514982319,13.67020286618276,1.535455053042993,0.3722315280104225
C84123,3.089887640449438,4.564606741573034,1.638576779026217,19.14794007490637,2.481273408239701,0.5617977528089888
C84129,2.619907168643631,3.486333161423414,1.567818463125322,17.720474471377,2.630221763795771,0.5879319236719959
C84131,2.93480875631465,3.656483040654318,1.13062304546548,18.01780129901371,2.201106567235988,0.4089487611258119
C84136,1.045364891518738,2.071005917159764,0.3747534516765286,10.43392504930966,1.36094674556213,0.4536489151873767
C84140,2.406471183013144,4.529828109201214,1.09201213346815,14.21638018200202,1.820020222446916,0.5662285136501517
C84142,2.553432948742198,4.066578399848686,1.361830905995839,16.6067713258937,2.023832040854927,0.5674295441649329
C84144,0.912975912975913,1.787101787101787,0.4662004662004662,10.62548562548563,1.223776223776224,0.1748251748251748
C84150,1.913186587121991,2.880065830076116,0.7817321538778029,14.07117876980045,2.036617979839539,0.3497222793663855
C84151,0.822143052891203,1.342833653055632,0.5755001370238422,10.27678816114004,0.7673335160317896,0.3014524527267745
C84605,2.619661794210375,2.93493837775867,1.215247922040699,14.89251934651763,2.109486959014044,0.470048724562912
C84613,2.402353325706815,3.137767609086452,0.9478672985781992,16.17094296453669,2.116358882170289,0.4167347605817944
C84619,1.356812933025404,2.497113163972286,0.7217090069284064,11.73498845265589,1.674364896073903,0.3752886836027713
C84621,1.611001964636542,1.74852652259332,0.7072691552062869,10.0,1.316306483300589,0.2554027504911591
C84624,2.440762515588812,2.921788704792446,1.140210226260467,15.99857473721718,1.621236415464101,0.6769998218421521
C84628,0.4428697962798938,1.923320258129824,0.6832848285461217,10.3125395419461,1.088194356573453,0.2657218777679362
C84629,1.982624192470483,3.051904655825351,1.358877255513477,16.12831365560258,2.227667631989307,0.7574069948763644
C84637,1.843270517969313,3.583565029348162,0.9576768612913192,16.61002986304191,1.853568118628359,0.442796828338997
C84646,3.819709702062643,3.728036669213139,1.145912910618793,19.14438502673797,2.429335370511841,0.4125286478227655
C84654,2.852614896988907,3.667647724700022,1.4036676477247,18.6325560335069,2.490378084672855,0.6791940230925968
C84656,3.046231035718552,3.858559311910166,1.361844463027117,18.94636244176323,2.496714848883049,0.6450842193286346
C84658,2.401471869855718,3.292340466737678,1.055485620218844,17.51718795390724,2.178754720635228,0.6197346760917982
C84660,3.591597018296815,3.727128981251412,1.332730969053535,17.14479331375649,2.326632030720578,0.2710639259091936
C84664,1.096090610157106,1.790281329923274,0.5115089514066496,10.2667153818049,1.351845085860431,0.3105590062111801
C84667,2.410883416566213,2.979163079042535,0.7749268124677114,16.41122782848286,1.825383158257275,0.3271913208197004
C84676,0.6181645268663813,1.925820256776034,0.6894912030432715,10.66333808844508,0.9391345696623872,0.3328578221588208
C84679,1.246383262853327,3.071444469174271,1.001557979078567,14.97885599821945,1.446694858669041,0.5119074115290452
C84682,1.261958070425402,2.0150620801954,0.5292082230816202,9.057602279666192,1.546916344392428,0.3053124363932424
C84683,1.149929775280899,1.992626404494382,0.8163623595505619,10.88483146067416,1.439606741573034,0.5003511235955056
C84691,0.5546075085324232,1.75981228668942,0.469283276450512,7.860494880546074,1.07721843003413,0.2986348122866894
C84692,3.574087862993299,4.058078927773641,1.414743112434847,22.82204020848846,2.680565897244974,0.5212211466865228
C84693,1.375358166189112,2.368672397325692,0.6685768863419294,13.98280802292263,2.024832855778414,0.2101241642788921
C84694,1.722614840989399,2.826855123674912,1.236749116607774,13.05212014134276,1.83303886925795,0.353356890459364
C84695,1.479488903833221,2.062317865949339,1.031158932974669,13.51714862138534,1.569154898004931,0.7845774490024657
C84696,2.614116227629198,2.996179368590388,0.9652121455861652,15.78524029760708,1.930424291172331,0.3016287954956767
C84703,1.784134473606606,2.211736950751991,0.6192863462105573,13.04924800943675,1.798879386611619,0.2211736950751991
C84704,1.476014760147601,3.384654536200534,1.577808881537091,18.7428426008398,2.163125079526657,0.7507316452474869
C84705,1.910098051699987,2.202979752960652,0.8022411817139946,15.99388768623456,1.48987648032599,0.3438176493059977
C85001,2.436843281913704,4.158283031522468,1.609657947686117,19.85244802146211,2.280348759221999,1.319025262687235
C85003,2.511415525114155,3.812785388127854,1.529680365296804,17.77016742770168,2.343987823439878,1.179604261796042
C85004,3.350063493983189,4.148273568361855,1.638749470883473,21.56376610026002,2.860252766523553,0.5563282336578581
C85005,2.9462970403107,4.754252042319539,1.76777822418642,17.40993705638141,2.9462970403107,1.76777822418642
C85006,2.68220495745468,4.014058453570107,1.590825009248983,20.53274139844617,2.164261931187569,1.128375878653348
C85007,3.075910074310977,4.910168375505597,2.078826074687235,20.44022199228671,2.614993885805663,1.599096980528643
C85008,2.991784219500853,4.766702836769493,1.519144318710278,21.5780499147419,3.030537901100605,1.108355293752906
C85009,1.187584345479082,2.928475033738192,1.025641025641026,13.21187584345479,1.417004048582996,0.8906882591093117
C85010,2.950449110701326,4.746891916007375,1.504966985902088,21.50972577479032,3.07536731901731,1.487121527571233
C85013,2.587668421522263,3.783349692156688,1.766752922280717,15.74016239850094,2.730436334433836,1.436602123672704
C85014,2.988271290158083,5.272819989801122,1.805201427842937,18.83732789393167,2.784293727689954,1.213666496685365
C85016,2.842657975737824,4.698533405757741,1.149737461524534,17.49049429657795,3.449212384573602,0.9234111895708854
C85017,2.169525731584258,3.910191725529768,1.076353851328624,16.80961991254625,2.497477295660949,1.076353851328624
C85018,2.747551686615887,4.25734494015234,1.278563656147987,19.32807399347116,2.393906420021763,0.8025027203482046
C85019,2.72028920018075,4.048802530501582,1.427925892453683,20.65070040668775,2.232263895164934,1.003163126976955
C85020,2.897151134717528,4.233059713503944,1.690004828585224,17.73700305810398,2.736198293899887,0.724287783679382
C85022,2.286550157825853,3.741627530987759,1.162522134113481,19.78597274616984,2.355839556547848,1.108630379551929
C85023,2.473935324262237,4.541438416681393,1.236967662131119,18.76656653118926,2.314896624845379,1.263474112033928
C85024,2.99578717428616,5.149009205804338,1.513496645342487,15.30660009361835,2.574504602902169,0.7177406771727258
C85028,2.282525995434948,5.376616789246767,0.8369261983261477,12.17347197565306,2.510778594978443,1.293431397413137
C85030,2.494085173501577,4.209384858044165,1.823738170347003,19.50906940063092,2.425078864353312,0.6900630914826498
C85033,2.047189451769604,3.174878556557946,0.8587786259541985,14.11346287300486,2.012491325468425,0.4250520471894518
C85614,2.2975432211101,3.457688808007279,1.00090991810737,17.81164695177434,2.206551410373066,0.6369426751592357
C85619,1.97375926982316,3.616657159155733,0.901312036508842,15.9155733029093,1.962350256702795,1.30062749572162
C85622,1.908566355969818,3.861517976031957,1.109631602308034,19.66267199289836,2.840656901908566,1.020861074123391
C85623,2.365632096896291,2.725208175624527,0.984102952308857,15.42392127176381,1.797880393641181,0.5299015897047691
C86001,2.850667938931298,3.482824427480916,1.544608778625954,18.36235687022901,2.427242366412214,1.025763358778626
C86002,1.869948124019785,3.510676800579081,0.7962359753890699,15.97297623356255,1.894076486910363,0.8324285197249367
C86003,3.185895453139499,3.701412516754305,1.031034127229611,20.23919991751727,2.639447365707805,0.6701721826992474
C86005,3.185509056839475,4.164064126587549,2.227774307724339,17.67645221736415,2.95648552987716,1.082656672912763
C86006,2.163346993233584,4.012198608596207,0.9625464595444584,14.64786047841418,2.020394548746784,0.3812065186314686
C86007,2.605827377680044,2.864211105002749,1.319406267179769,17.20725673446949,2.127542605827378,0.6871907641561297
C86009,3.464017185821697,3.276047261009667,1.812567132116004,20.0859291084855,2.65843179377014,0.5773361976369495
C86011,2.417503586800574,3.02725968436155,0.93974175035868,15.83931133428981,2.051649928263989,0.7532281205164992
C86012,3.277220630372493,3.116045845272206,1.540114613180516,19.94985673352435,2.292263610315186,0.8416905444126075
C86013,4.620158602459488,3.930582691644639,2.344558096770486,23.62946787725549,3.137570394207562,0.6436041834271923
C86015,2.493705790672581,3.141110178635655,1.486632298285577,16.18510969907685,2.050113895216401,0.7313271789953243
C86016,2.547561775639624,3.269188716378745,1.312048983162038,19.26525256942926,2.503826809534222,0.7544281653181719
C86017,1.938515762678676,2.206122315775732,1.044318255988512,14.28757913974284,1.807975980680112,0.4242542914953332
C86018,2.633687162026837,3.504906869617464,1.171640296414981,17.8149409172842,2.002803925495694,0.6909673542960144
C86019,2.510034146049243,2.522015215958785,1.281974480321093,16.27029293715929,1.863056370933924,0.5990534954771461
C86020,2.554867754642656,2.926280247608328,1.654473832301632,18.23297692740574,2.284749577940349,0.8328643781654474
C86021,3.309352517985611,3.980815347721822,1.646682653876898,18.62509992006395,2.941646682653877,0.70343725019984
C86023,2.359295054007959,2.636441159749858,1.009096077316657,16.15264354747015,2.060830017055145,0.6679931779420125
C86024,3.036876355748373,3.979642916736192,1.651927248456533,20.38211246454197,3.036876355748373,0.7008176205573169
C86025,2.048085485307213,2.597209854556248,0.7272187592757494,11.84327693677649,1.72157910359157,1.172454734342535
C86026,2.018788726763942,4.497301619028582,1.61902858285029,14.4713172096742,2.098740755546672,0.9394363381970816
C86032,2.381805157593123,2.775787965616046,0.8058739255014327,16.95916905444126,2.184813753581662,0.3402578796561605
C86033,2.011766938698045,2.58113494021636,1.784019738090719,16.62554564433479,2.030745872081989,1.233630669956349
C86034,2.80178057083006,3.626603822990312,1.819848127782142,17.43912018853103,2.592301649646504,1.322335689971197
C86037,2.799872733057589,3.690741329939548,1.071163431965214,18.49612896383498,2.587761162371407,0.6257291335242338
C86038,2.675513698630137,2.889554794520548,1.241438356164384,18.22559931506849,2.204623287671233,0.9845890410958904
C86605,1.606319947333772,2.422646477946017,0.6056616194865042,17.61685319289006,1.461487820934825,0.6978275181040158
C86609,2.034955686488092,2.752884091696786,1.16353913947616,15.92315690449077,1.985443382680596,0.7773431697776898
C86611,2.690058479532164,3.274853801169591,0.7748538011695907,18.15789473684211,2.5,0.7748538011695907
C86614,2.821122248630774,3.513485584375323,0.9403740828769248,18.75581275188591,2.480107471323757,0.599359305569908
C86616,1.559507523939808,1.969904240766074,0.7934336525307797,16.25170998632011,1.614227086183311,0.6292749658002736
C86621,1.809067131647777,3.356582388840453,1.264167393199651,17.41499564080209,1.809067131647777,0.6538796861377506
C86625,1.475107559926245,2.028272894898586,0.7375537799631223,16.04179471419791,1.782421634910879,0.921942224953903
C86626,2.537313432835821,2.201492537313433,0.7462686567164178,16.64179104477612,1.567164179104477,0.7835820895522387
C87002,3.22181506686337,4.068909722552705,1.67515347641936,21.40579641174511,2.684052729262837,0.8232998619901964
C87003,1.984334203655352,4.142732811140122,1.279373368146214,15.87467362924282,2.114882506527415,0.835509138381201
C87004,3.362328537972566,3.596520575443292,1.697892271662764,18.65172298427568,2.400468384074941,0.744396119103379
C87005,2.466155945009969,3.909119529856228,1.175359429111134,16.69640046174835,2.58159303179767,0.9287438346101377
C87006,2.541236422153681,3.573823253319029,1.287380984310044,20.67855706048008,2.353493361941799,0.8716642081265925
C87007,3.38093599449415,4.13799036476256,1.195801789401239,19.49415003441156,3.183069511355816,0.7140399174122505
C87008,3.011712214166202,4.213918324347772,0.9791163165396294,19.45838755654707,2.472578546198178,0.7064510131994794
C87009,2.493438320209974,3.683914510686164,1.35920509936258,16.16985376827897,2.19347581552306,0.7124109486314211
C87010,1.801801801801802,3.131703131703132,0.9867009867009866,14.97211497211497,1.951951951951952,0.6649506649506649
C87012,2.482937926551836,3.451413714657134,0.9684757881052974,17.04907377315567,2.151446213844654,0.6109847253818654
C87013,2.391105696009747,4.233932378921718,0.8985683825769114,18.21504721291502,2.360645750837648,0.7919585744745659
C87014,1.715472027972028,2.600524475524475,0.8741258741258742,11.5930944055944,1.59527972027972,0.3605769230769231
C87015,2.888139568978155,4.515466940331329,1.304794018472365,18.31109807946049,2.580266823046474,0.5864242779651078
C87016,2.850608510985869,4.157477742383403,0.9719839908519152,18.18181818181818,2.393204279996733,0.5309156252552478
C87017,2.50323366050369,3.781480636080042,0.8521646503842348,14.55527657308073,2.335844175606787,0.631514874838317
C87018,2.841418149238449,3.698963266350953,1.023934468194036,16.98451299116856,2.367848457698707,0.7295533085882503
C87020,2.880340228107481,5.026097042335202,0.7539145563502803,23.37135124685869,2.590373091049681,1.08254397834912
C87022,2.513381428903886,3.234814987200373,1.326506865254829,18.26855946008844,2.373749127298115,0.8145217593670002
C87024,1.883052527254708,3.245787908820615,1.01585728444004,14.69276511397423,1.883052527254708,0.5698711595639246
C87029,2.711349276173718,4.214988402783332,1.663600735823402,17.95569063424778,2.471406862353035,1.063744701271695
C87030,3.419972640218878,4.282858044827949,1.315374092391876,20.69872671787856,2.883300010522992,0.8102704409133958
C87031,2.856426960661488,4.259584064144325,1.277875219243297,19.79453770984716,2.931596091205212,0.726634928589326
C87603,1.801579466929911,3.825271470878579,0.9131293188548864,16.78183613030602,2.147087857847976,0.5923000987166831
C87604,2.525851839294796,2.932700457704696,0.8815053398881165,17.78267502966604,1.813866757077471,0.3729445668757417
C87608,0.6932702062901589,2.857625972269191,0.608725059181603,11.53195806560703,1.538721677375719,0.524179912073047
C87616,2.642823231523975,4.003798069314765,1.297673682544706,16.06266814369362,2.579522076277892,0.5697103972147493
C87620,2.154322725992678,3.970712475359054,1.267248662348634,19.76907913263869,2.520416784004506,1.140523796113771
C87622,1.0829626764649,2.146586733707213,0.5511506478437439,10.73293366853607,1.189325082189132,0.3577644556178688
C88005,2.431629748793466,3.044177700779607,1.385967083281772,14.89914614527905,2.35119415913872,0.5073629501299345
C88006,1.749271137026239,3.001200480192077,1.011833304750472,12.21059852512434,2.263762647916309,0.7717372663351054
C88007,0.5062741836328789,0.8028062054749936,0.2676020684916646,3.533070552923733,0.5677503345025856,0.130184790077026
C88008,1.569305219495334,2.855167646042171,1.126857932941583,13.18354649153128,1.928793639820256,0.6014517801590045
C88009,2.786428454351745,3.589575479429602,1.737420095066383,16.68578921488281,2.409441075233568,0.9014915587608588
C88010,3.886975469178323,4.906164335418571,2.073522176143952,20.23617066141843,3.514444366345681,0.9067266465171856
C88011,2.111204013377926,3.908862876254181,1.379598662207358,14.21404682274247,2.82190635451505,1.08695652173913
C88014,2.429277526553791,3.659690819223893,1.114733410453255,16.97339362709013,2.345146703123357,0.9464717635923862
C88015,2.86751552141429,3.861938335262548,1.978322634957382,20.58297379774808,2.767547090392508,0.8050089445438283
C88018,3.226172895603772,3.794161081449506,1.510848574349654,15.33568101783483,3.123935022151539,0.988299443371578
C88019,1.868408986703347,2.773956900504356,1.146263182026593,14.75240715268226,2.040348464007336,0.7106831728564879
C88020,1.955380577427821,3.766404199475066,1.377952755905512,14.30446194225722,2.204724409448819,0.8267716535433071
C88021,3.288865407475895,4.213446044115705,1.637828556333377,16.6160348698983,2.945449742438251,0.6339981508387267
C88022,3.115928004644862,4.33520418037546,2.245016450551578,19.35359009096187,3.870718018192375,0.8709115540932844
C88023,2.925366962993591,4.000413479429398,1.64358073185859,18.54455240851767,3.018399834608228,0.7132520157122183
C88025,2.678377792235958,4.153112123183692,1.485577965734114,15.96183040555194,2.537410540013012,0.7915853394057688
C88026,1.73244195241176,2.573502983250665,1.157357486880886,13.85953561929408,2.03436129681547,0.5750844655308749
C88027,1.386138613861386,3.02970297029703,1.148514851485148,11.98019801980198,2.435643564356436,0.5346534653465347
C88028,2.981581357484481,3.022285539839218,1.058308741223161,13.76818968148977,2.961229266307113,0.4273939147247379
C88030,1.770231213872832,2.79383429672447,1.529383429672447,12.88535645472062,2.203757225433526,0.8670520231213872
C88031,2.462805142279358,2.953921710241225,1.206124512494583,11.51235013722375,2.405026722519139,0.6211180124223602
C88032,3.113258185721954,4.222580067990696,1.216675612810878,18.67954911433172,3.113258185721954,0.4473072105922347
C88034,2.926027397260274,2.695890410958904,0.9205479452054792,16.37260273972603,2.805479452054795,0.3397260273972603
C88035,1.327639030730666,2.710983195617862,1.058397548974097,12.14371924612385,1.782564293009006,0.6498932318262
C88036,2.281727324156138,3.592306241749953,1.376579294738827,17.26381293607392,2.526871582123326,0.5374316424665283
C88037,2.438002095703807,3.003842123646525,1.50890674118058,19.7205728257073,2.31924554662941,0.6636395389451625
C88038,2.026811362910948,3.479093520587297,0.8777529524417491,15.30481966166614,2.314075965528248,0.5426109160548994
C88039,3.32579185520362,4.423076923076923,2.296380090497738,19.89819004524887,3.235294117647059,1.131221719457014
C88040,3.121902874132805,4.030393128510076,1.304922365378262,17.74033696729435,3.039312851007598,0.5946481665014867
C88041,2.654170276443254,3.27636449555013,1.701189257304875,16.85437504922423,2.669922028825707,0.5198078286209341
C88043,1.89873417721519,2.549990827371125,1.027334434048798,15.07062924234086,2.073014125848468,0.6879471656576774
C88044,2.526813306671514,3.199418287584076,1.254317396836939,12.41592437738593,2.308671150699872,0.5635339029267405
C88045,2.963046417305092,3.582694907616044,1.937809824245156,19.23163587201442,2.568724650743578,1.025236593059937
C88046,2.860877142027302,2.948010455997676,1.219866395585246,15.64042985768225,2.178332849259367,0.5227998838222481
C88047,2.152339218971517,3.750483309704859,1.546591055548395,16.08454697770331,2.152339218971517,0.7604072689779611
C88048,0.9625,2.6875,1.125,10.0625,1.575,0.7125
C88049,3.154520917678812,4.571524966261808,1.282051282051282,19.55128205128205,2.968960863697706,0.8603238866396761
C88050,3.64439536167863,4.583103257868581,1.76697956929873,19.05024848150193,3.175041413583656,0.8558807288790724
C88051,0.8397312859884838,2.675143953934741,0.7317658349328215,9.04510556621881,1.511516314779271,0.3718809980806142
C88052,2.50740192450037,2.664692820133235,1.424870466321243,13.47150259067358,2.183567727609178,0.3238341968911917
C88053,3.104212860310422,2.660753880266075,1.527469820152747,17.61517615176152,2.069475240206947,0.4680955900468096
C88054,3.003041054232134,3.864673086670046,1.495184997465788,17.4227065382666,2.635580334515966,0.8109477952356817
C88059,1.344602381867076,3.150211294660008,1.075681905493661,13.25393776411833,1.498271225509028,0.768344218209758
C88060,0.6358974358974359,3.158974358974359,0.882051282051282,10.03076923076923,1.620512820512821,0.2256410256410256
C88062,2.362035645265192,2.125832080738673,1.095125617350226,11.93901653424952,2.190251234700451,0.4294610264118532
C88069,0.7586682550630134,2.664743871089096,0.7837481973791461,9.850147344661108,1.335506928334065,0.4514389616903881
C88070,1.911468812877264,3.005533199195171,1.119215291750503,14.82645875251509,2.389336016096579,0.6287726358148894
C88072,3.605328892589509,5.170691090757702,2.631140716069942,18.74271440466278,3.746877601998335,0.9408825978351372
C88073,1.850823616509347,3.016842494910235,1.314084767721636,13.54802887284842,2.480103646122525,0.8883953359244865
C88074,3.047839506172839,4.089506172839506,1.52391975308642,16.68595679012346,2.565586419753086,1.041666666666667
C88076,1.201038736204285,1.817788357498377,0.6275697900887254,8.169227439948063,1.157758061025752,0.5085479333477602
C88077,2.5426944971537,3.643263757115749,1.31562302340291,17.53320683111954,2.403542061986085,1.214421252371916
C88078,2.687491205853384,3.658364992261151,1.660334881103138,17.91191782749402,2.9829745321514,0.5628253834247925
C88079,1.40729447636918,1.44247683827841,0.7153746921543332,9.241233728157615,1.465931746217896,0.422188342910754
C88082,0.8057747188181971,1.393318784623133,0.537183145878798,6.379049857310727,1.091153265066308,0.4364613060265234
C88083,3.056234718826406,3.300733496332518,1.466992665036675,18.94865525672372,2.974735126324368,0.4482477587612061
C88084,1.532567049808429,3.639846743295019,1.11749680715198,14.71902937420179,2.266922094508302,1.021711366538953
C88085,2.290312596719282,4.167956257092747,1.48560817084494,17.6519137521923,2.940266171463943,1.031672340864541
C88086,1.811175337186898,2.620423892100193,1.464354527938343,14.72061657032755,1.695568400770713,0.9633911368015412
C88087,1.880777813197322,3.145255552013601,1.360110508978855,15.48188290298587,2.199553713739241,0.8713207948145787
C88088,1.602992252204114,2.644937216136789,0.9617953513224684,13.77237510018701,1.950307240181673,0.8148543948704248
C88090,1.978373064635045,2.99827967559597,1.376259523224379,13.03760137625952,2.31014991398378,0.8355861391005162
C88091,2.018121911037891,3.953871499176277,1.359143327841845,18.08072487644151,1.606260296540362,0.5354200988467875
C88092,3.952652716127668,4.227436060029592,1.902346227013316,20.16487000634115,2.990911012470936,0.7715070809554005
C88095,3.772906934962271,3.970535393460295,1.509162773984908,19.76284584980237,3.377650017966224,0.4491555874955084
C88622,0.8005822416302766,1.528384279475983,0.3275109170305677,11.28093158660844,1.419213973799127,0.5094614264919942
C88631,1.587301587301587,3.902116402116402,0.7275132275132274,14.02116402116402,1.124338624338624,0.3306878306878307
C88647,3.112225938312895,4.765886287625419,1.737272389446302,19.82534373838721,3.42809364548495,1.142697881828317
C88648,3.291602194401463,5.007736671824448,2.166268110845407,23.91334927556618,3.249402166268111,0.9424672949781968
C88652,1.907090464547677,2.102689486552567,1.026894865525672,10.31784841075795,1.711491442542787,0.3911980440097799
C88655,1.110162254483348,3.074295473953886,1.110162254483348,14.00512382578992,1.878736122971819,0.1707941929974381
D81001,1.353729524840937,1.380804115337755,0.406118857452281,6.524976309733316,0.8663868958981996,0.1895221334777311
D81002,1.346252786829017,1.457725947521866,0.4930543646029841,7.292917166866747,1.054707597324644,0.3215571943062939
D81003,1.408577878103837,1.697516930022573,0.4243792325056434,7.801354401805869,1.002257336343115,0.4153498871331828
D81004,2.757507718214987,3.417064271681167,2.06286836935167,15.92057255122088,1.971653101319113,0.5122088127982037
D81005,1.100729553308588,1.036733649046461,0.3903750159989761,5.292461282477921,0.6527582234736977,0.1471905798028926
D81008,2.87391216352965,3.713823112730216,1.138433515482696,18.35154826958106,2.297105849018418,0.7083586318558996
D81010,2.68421052631579,3.37719298245614,1.245614035087719,17.04385964912281,1.93859649122807,0.5614035087719298
D81011,3.466944299843831,4.487246225923998,1.457574180114524,20.56220718375846,3.154606975533576,0.7287870900572618
D81012,2.213923712990131,2.809638125722415,0.6668444918644971,13.7903440917578,1.680448119498533,0.4356717346848048
D81013,0.783853555503403,0.9997653133067356,0.2299929593992021,5.313306735508096,0.6242666040835484,0.145505749823985
D81014,2.184774324667627,2.77330849352189,1.452282157676348,16.75840460665594,1.545431450588534,0.4657464645609282
D81015,3.047015028264167,3.791534537432786,0.716944712532745,19.06797187370743,2.674755273679857,0.648007720943058
D81016,1.604566844094731,2.406850266142097,0.8254262130679627,10.51454138702461,1.211139396744581,0.5091414024531359
D81017,1.095920138888889,1.475694444444444,0.4448784722222222,8.930121527777777,0.9982638888888888,0.3363715277777778
D81021,2.669789227166276,3.637782982045277,1.397345823575332,16.23731459797034,1.795472287275566,0.4839968774395004
D81022,2.868643347128522,3.957140427461874,1.337944327909745,19.88774873859062,2.409433641362889,0.7483417427291796
D81025,1.870927054866512,2.985074626865671,1.01955013664074,13.21210847172588,1.566113096489384,0.4940088290939668
D81026,2.130652063321064,3.258820360894156,1.083280964778406,14.86069964389383,1.915192865906574,0.7122123470090074
D81027,2.639185622722131,3.280130702526078,1.105944451426417,17.07930124418751,2.312429307527962,0.4398642704536886
D81028,3.142589118198874,3.244215134459036,1.000625390869293,15.47060662914321,1.977798624140088,0.4455909943714821
D81029,1.986951364175563,2.83214709371293,0.8674377224199288,14.36832740213523,1.56435349940688,0.5634638196915777
D81030,3.234964019277744,3.763121410180234,1.48544266191325,19.7134746154354,2.251270878721859,0.7394203472634846
D81031,1.982131523702582,2.567983205585119,1.005712053898355,14.9196894986086,1.659913098667187,0.5419128057413465
D81033,2.492462311557789,3.758793969849246,1.185929648241206,16.82412060301507,1.949748743718593,0.4422110552763819
D81034,3.338366950706504,4.179700140222199,1.650307410203862,17.32283464566929,2.10872613526049,0.7334699600906052
D81035,2.979106268119564,3.418974307707687,1.139658102569229,15.39538138558433,1.879436169149255,0.4698590422873138
D81036,2.967590784849668,4.17805544709098,1.288559156579461,18.52791878172589,1.776649746192894,0.6247559547051933
D81037,0.7684337765498187,0.6907269901571405,0.2331203591780349,3.755828008979451,0.5957520290105336,0.1899499222932136
D81038,3.055934515688949,3.574351978171896,0.8185538881309686,19.53615279672578,1.99181446111869,0.3410641200545703
D81041,2.908931442771525,2.982020172489402,0.9209179944452566,15.23169127320567,1.88568922672124,0.467767870194416
D81042,2.235209679073106,2.840151748180047,0.9227929867733003,13.53429713934174,1.507228545063058,0.4511432379780581
D81043,3.073756548955569,3.703136694563516,1.241750017010274,15.13744301558141,1.816697285160237,0.4984010342246717
D81044,2.135704782578251,3.221062950773755,1.561515300049016,11.75687977032421,1.53350605699881,0.46915482109096
D81045,2.999904461641349,3.678226808063437,1.461736887360275,18.00898060571319,2.168720741377663,0.5541224801757906
D81046,2.081686429512517,2.534914361001318,0.8748353096179183,16.59552042160738,1.670619235836627,0.4901185770750988
D81047,2.784622966978807,2.501232134056185,0.7023164120256284,14.79793001478561,1.823558403154263,0.3326761951700345
D81049,2.554094187526517,3.249893932965634,1.120067882901994,17.73440814594824,1.985574883326262,0.4921510394569368
D81050,2.433653957584888,3.013095376057481,1.22262139297717,14.44547456252173,1.732529841233051,0.5620581759184147
D81051,2.959874934861907,3.387180823345493,1.292339760291819,14.86190724335592,1.771756122980719,0.4689942678478374
D81052,3.305699481865285,4.041450777202073,1.544041450777202,19.89637305699482,2.321243523316062,0.8497409326424871
D81054,1.050779984261445,1.402582974586863,0.430495764477156,7.165671434522983,0.6943480072212193,0.3286580567513771
D81055,3.838209982788296,4.268502581755594,1.428571428571429,18.34767641996558,2.736660929432014,0.7056798623063684
D81056,1.0,1.507042253521127,0.3661971830985916,9.901408450704226,0.7464788732394366,0.2253521126760563
D81057,2.997288167848137,3.377896189162186,1.688948094581093,16.67063133355536,2.05052571482944,0.6708216375660117
D81058,3.020953850109269,3.059519218408536,1.555469854737113,14.95050777734927,2.211081115824656,0.3599434374598278
D81059,3.276746940386893,3.763653112251612,1.342281879194631,17.39702592446375,2.250296091590999,0.8422160810632979
D81060,2.902757619738752,3.747196200026389,1.134714342261512,18.51167700224304,2.137485156353081,0.5541628183137617
D81061,2.725245685027665,4.418201337847882,1.238748038648939,19.81171029812536,1.891155339004047,0.850606986538938
D81062,3.094442381482857,3.911375170194331,1.794776581260057,21.73536328753559,2.203242975615794,0.5198663200891199
D81064,3.358373840035352,4.639858594785682,1.1636470761526,23.0078067462071,2.504050670201797,0.9574311386065696
D81065,1.181326501565613,2.362653003131227,0.9251352120694564,11.28664958724737,0.9251352120694564,0.4696840307429547
D81066,1.966057683390522,2.476119818232403,0.714086988778633,10.07140869887786,1.34470926458314,0.3987758508763795
D81070,0.8224130140081337,1.120650700406688,0.3253502033438771,6.190691369182106,0.5241753276095797,0.2440126525079078
D81073,1.282928498118372,2.292165583304824,0.8210742387957578,14.24905918576805,1.111871365035922,0.5815942524803285
D81078,1.678712986710189,2.424807647470273,0.6062019118675682,14.80531592445791,1.002564700396363,0.2797854977850315
D81081,3.178164142830436,4.299869134417649,1.364741073097775,18.15292578051972,2.262105066367546,0.5608524957936063
D81084,1.648169620672519,2.103693887692562,0.5052178234222297,9.905582242835846,1.002153387444095,0.2236210038098393
D81085,2.28601807549176,3.136629452418926,1.049973418394471,16.2280701754386,1.754385964912281,0.4784688995215311
D81086,1.715749039692702,2.317541613316261,0.7170294494238156,11.66453265044814,1.267605633802817,0.5377720870678617
D81603,2.327771797631862,3.70021528525296,1.036060279870829,15.79655543595264,2.179763186221744,0.7131324004305705
D81606,2.475796319562486,3.33308698544084,1.101175079447195,17.52272559308255,1.869780504027788,0.5395018845613776
D81607,2.298206278026906,2.550448430493274,0.7286995515695067,11.57511210762332,1.457399103139013,0.4204035874439462
D81611,2.796837708830549,4.430190930787589,1.29027446300716,20.04773269689737,2.55071599045346,0.6414081145584725
D81612,2.82791817087846,3.449659045326915,1.544324107501003,14.32009626955475,1.845166466105094,0.421179302045728
D81615,1.605814739688979,2.003042596348885,0.7352941176470588,12.29716024340771,1.31000676132522,0.3718728870858689
D81618,1.955853590388376,2.402905839620006,1.005867560771165,14.80860575579771,1.341156747694887,0.447052249231629
D81622,1.905227161700049,2.931118710307767,0.676948844999651,13.37148440226115,1.947100286133017,0.5583083257729081
D81625,0.6234608310732878,1.605411640013716,0.3397861529349419,11.10072009725989,0.7512703014433117,0.3241996321581097
D81629,1.511054557022427,2.465404803562908,0.6998568474630189,13.20184507714331,1.208843645617942,0.6203276602513123
D81630,0.7713543358233192,1.323481649886327,0.3491393309516077,8.785319909061382,0.8363104904189672,0.2029879831113998
D81631,0.5790760519881611,1.576373697078883,0.4246557714579848,8.731180028310384,0.8364431862051216,0.1608544588856003
D81633,1.41017780502759,2.023298589822195,0.7532626784619427,13.52369273889814,1.313830253131296,0.3591136025225541
D81637,0.9074410163339384,1.698729582577132,0.5081669691470054,7.891107078039927,0.7404718693284936,0.1887477313974592
D81645,1.123213070115725,2.110279101429544,0.8168822328114363,11.53846153846154,1.225323349217154,0.4765146358066712
D82001,4.747545582047686,4.516129032258064,1.185133239831697,21.92145862552595,3.429172510518934,0.729312762973352
D82002,2.365608299276957,3.450172901603269,1.516818610499843,15.31751021691292,1.89405847217856,0.762338887142408
D82003,2.648663719281475,3.763890548452622,1.386067630541283,16.76026606125782,2.365874059027363,0.6850679093479907
D82004,4.891437935272429,4.866857845145432,1.278164686603851,24.12126177795985,3.45759934453093,0.8357230643179024
D82005,5.644040619989311,5.301977552111171,1.282736504543025,25.16301443078567,3.93372528059861,0.9086050240513094
D82006,3.159294978383771,3.126039241769205,0.8535639064405277,16.96042567342867,2.616117947012527,0.4877508036803015
D82007,2.192216044479746,3.610007942811756,1.254964257347101,19.27323272438443,2.33121525019857,1.056393963463066
D82008,2.547606793618116,2.609366958311889,0.6690684508492023,14.87390633041688,2.393206381883685,0.4683479155944416
D82009,4.002770083102493,4.141274238227147,1.412742382271468,24.61218836565097,2.908587257617729,0.4986149584487534
D82010,4.276253547776727,5.487228003784296,1.986754966887417,23.53831598864712,3.765373699148534,0.6811731315042573
D82011,2.476501378960995,3.073113074801598,1.193223391681207,15.48939044295604,2.234479653289807,0.6191253447402488
D82012,2.278013408126967,2.866329183198796,1.149268025721713,17.07483923929402,2.230127240388562,0.6156792994937748
D82013,1.906655749210434,2.631886770382501,1.076149257223067,14.9491168557726,1.684407533044801,0.7486255702421336
D82015,4.314185228604924,4.747948417350528,1.676436107854631,22.41500586166471,3.352872215709261,0.4572098475967175
D82016,3.581294396211523,3.897000789265983,1.0655090765588,19.75138121546961,2.663772691397001,0.5820836621941594
D82017,1.739130434782609,2.775581906016689,1.194554238032499,14.84409310496267,1.721563460693895,0.3864734299516908
D82018,3.069466882067851,3.733620534912942,1.373182552504039,17.00771854245198,2.019386106623586,0.6731287022078621
D82019,2.933935166187936,4.164956914238818,1.27718506360279,19.52708247845712,2.692860073861305,0.6565449322938038
D82020,2.980885922330097,3.534587378640777,1.221177184466019,19.2506067961165,2.427184466019417,0.5612864077669903
D82022,3.206191265892758,3.054173576561636,0.8291873963515755,18.32504145936982,2.45992260917634,0.3869541182974019
D82023,1.838631465517241,2.404364224137931,0.7408405172413793,13.46309267241379,1.602909482758621,0.3569504310344828
D82024,2.724458204334366,3.368421052631579,1.027863777089783,16.94117647058824,2.154798761609907,0.4705882352941176
D82025,3.920605286430186,4.569126461629164,1.601650781173234,19.92728701975042,3.213127640758573,0.7762601945563526
D82027,5.312868949232586,6.191788009969827,2.138265774629411,28.33530106257379,4.460186278368097,0.8002098911189821
D82028,4.943934760448522,5.793408086986069,1.885830784913354,24.32891607203534,3.295956506965681,0.9004417261297996
D82029,2.885067684105995,3.376365441906653,0.8885172215543824,15.88877855014896,2.419902785762818,0.3972194637537239
D82030,3.663914960986091,3.629989822458442,0.9499038787741716,17.75415582946964,2.781861359267217,0.4410268008594369
D82031,3.513677811550152,4.206686930091185,1.033434650455927,19.92705167173252,2.686930091185411,0.6808510638297872
D82032,3.061968408262454,3.377885783718104,0.9234507897934386,17.95868772782503,2.345078979343864,0.4860267314702308
D82034,2.959276502381335,3.473002622143737,1.043506180767378,18.64397709637716,2.263605715203082,0.5083748060148766
D82035,3.614567250930887,4.58632276814095,1.253292162383072,21.26963945145764,2.906184724366543,0.5812369448733085
D82037,3.151633522727273,3.737571022727273,0.7102272727272727,16.80575284090909,2.299360795454545,0.4616477272727273
D82038,4.166666666666666,4.951690821256038,1.751207729468599,21.40700483091787,4.257246376811595,0.6642512077294686
D82039,3.419295417913885,4.363343311075293,1.243380151968685,22.27722772277228,2.958784250518075,0.5526134008749712
D82040,1.322730493661916,2.228171010156681,0.5905046846704983,10.95976694748445,1.488071805369656,0.4330367687583655
D82041,2.676445375750072,3.21935422421183,1.438232212591675,16.51585865320507,1.857319744737594,0.9905705305267168
D82042,2.944572748267898,4.076212471131639,1.039260969976905,17.26327944572748,2.621247113163972,0.3579676674364896
D82043,3.361344537815126,4.12796697626419,1.00250626566416,19.2687601356332,2.933805100987763,0.4275394368273625
D82044,3.646107311941084,4.221462388216728,1.101394003156233,20.75223566543924,3.225276170436612,0.7430299842188323
D82045,2.675295556461476,3.139013452914798,1.014064410925398,17.2849571952711,2.181002853648593,0.4942927028128822
D82046,3.706154864328259,3.662033973086257,1.345687182881094,21.64129715420252,2.801676593867196,0.5956320317670417
D82047,2.296028880866426,3.032490974729242,0.9530685920577618,13.71841155234657,1.978339350180506,0.7364620938628159
D82048,2.572967757497789,3.2724933665675,1.23020020905363,17.64091018734421,2.010131060545147,0.5789177454370025
D82049,2.884346121534584,4.284514141697004,0.9801176141136936,19.32231867824139,1.652198263791655,0.6160739288714646
D82050,3.130148270181219,3.660992128866923,1.116602599304412,19.87918725974739,2.883031301482702,0.6223686619073768
D82051,2.455109731766792,3.641099534471293,0.9587674573265352,16.17158058080248,2.366437596985147,0.5154067834183108
D82053,4.751958224543081,6.684073107049608,3.220191470844212,25.44821583986075,3.794604003481288,1.009573542210618
D82054,3.874184886843115,4.922644163150492,1.28500191791331,20.02301495972382,3.1837360951285,0.5689809487277842
D82057,4.475160804707815,5.296291227589982,1.902285479677022,23.60749965786232,3.558231832489394,0.7253318735459149
D82058,4.557410795974382,5.375114364135407,2.355901189387009,28.05352241537054,3.55672461116194,1.029277218664227
D82059,3.67561260210035,4.492415402567095,1.166861143523921,20.80346724454076,2.625437572928822,0.6501083513918987
D82062,3.854875283446712,3.390022675736962,1.26984126984127,18.69614512471655,2.585034013605442,0.6009070294784581
D82063,3.174939895347193,3.76891528779522,1.569792108612643,20.88813463442229,2.503182011030971,0.565690849950502
D82064,2.597402597402597,3.488580385132109,0.994178235557546,15.03358710255262,1.970443349753695,0.4030452306314375
D82065,3.868471953578337,5.01611863313991,1.727917472598324,21.63765312701483,3.159252095422308,0.851063829787234
D82066,3.809664986658761,4.802846131040617,1.882597094574563,22.50222353987548,3.157426623184109,1.008004743551735
D82067,1.978298266507874,3.294958316792377,1.012306470821755,15.25737726611089,2.269419081646156,0.9064443562260156
D82068,3.637988256318611,4.595353586928772,1.07224917028338,19.6706663262701,2.935920347204493,0.612713811590503
D82070,3.625,4.375,1.203125,20.34375,3.078125,0.65625
D82071,3.158711133046605,3.490093774236763,1.212719452866107,18.78305013043785,2.242120848903617,0.634562504406684
D82072,5.22975374460523,5.965981213505966,1.904036557501904,23.28002030972328,4.798172124904799,0.9647118558009646
D82073,2.081508925564163,2.620410912765241,0.9228696530818457,13.46581340518693,1.717750084203435,0.3974402155607948
D82076,2.271944922547332,3.121055651176133,0.7802639127940333,14.66437177280551,2.088353413654619,0.4245553643144004
D82078,3.416742035976283,3.376545070847151,1.095367299768867,17.22439955783338,2.462064114159381,0.6732991659129736
D82080,3.132502572310506,3.475477306505088,0.9488967646050074,18.62352806676575,2.903852749514119,0.5373270835715103
D82084,3.250910003765533,4.430776954939124,0.8284172210367767,19.39249403790636,3.037529810468182,0.4518639387473327
D82085,3.300921187308086,3.262538382804504,1.100307062436028,21.27686796315251,1.778403275332651,0.3326509723643808
D82087,1.409883720930232,2.441860465116279,0.6831395348837209,12.45639534883721,1.787790697674418,0.6104651162790697
D82088,0.1040685861539224,0.1585807027107389,0.0396451756776847,1.561028792308836,0.08424599831508,0.0148669408791317
D82096,1.540077003850193,2.601796756504492,0.6300315015750788,11.76058802940147,1.563411503908529,0.7000350017500875
D82099,1.904215658158876,3.102953828505879,0.8144536851161457,13.79982793232005,1.864066532836249,0.5792945225121882
D82100,3.843575418994413,4.0,1.027932960893855,23.01675977653631,2.23463687150838,0.5139664804469274
D82104,3.670686942842161,4.058730991085475,0.8704771893025696,20.72364971158888,2.506554798112218,1.069743051914001
D82105,2.881619937694704,3.335929387331257,1.090342679127726,19.41848390446522,2.180685358255452,0.2336448598130841
D82106,1.609691337537338,1.792233654165284,0.3816793893129771,9.923664122137405,1.427149020909393,0.2987056090275473
D82600,3.505154639175258,4.175257731958762,1.082474226804124,21.95876288659794,2.525773195876289,0.7731958762886598
D82604,3.58352144469526,4.288939051918736,1.523702031602709,21.36004514672686,3.075620767494357,0.7336343115124153
D82618,3.071148268213615,3.975430813854291,0.9384064152874936,17.4884831939942,2.883466985156117,0.4436103054086334
D82621,3.594237338482103,4.916084954700728,1.826823110054953,23.36254270013367,2.970444081390168,0.7723154611614437
D82624,1.875298614429049,2.305303392259914,0.7883420926899188,14.82322025800287,1.385570950788342,0.4777830864787387
D82628,3.836509528585758,4.062186559679038,1.053159478435306,21.79037111334002,2.783350050150451,0.526579739217653
D83001,3.031396607722844,4.068928184770841,1.750270660411404,19.11764705882353,2.354745579213281,0.8480692890653193
D83002,2.718584527960739,3.680743897714065,1.368978432132248,18.52641095182746,2.279478238408885,1.117138060183391
D83003,3.606428851430812,4.174833398667189,1.195609564876519,19.3453547628381,2.136417091336731,0.3920031360250882
D83004,2.867733125243855,3.540772532188841,1.209520093640265,17.44049941474834,1.931330472103004,0.5462348809988294
D83005,3.401456756947882,3.535817834665158,1.485043490559366,18.85298069443462,2.383141220564316,0.5515875822077646
D83006,3.55350603553506,4.25878204258782,1.31561101315611,20.72426420724264,2.37352502373525,0.36620100366201
D83007,2.842596521001273,3.585065761561307,0.9439966058549004,16.18582944420874,2.142554094187527,0.4666949512091642
D83008,1.943934095892847,2.382504593136964,0.7941681977123215,14.24761453209269,1.59426302376578,0.5215432940200321
D83009,3.740311085678614,4.936794464963845,2.465796181657389,20.56390781875878,2.923581126775217,0.9779951100244498
D83010,3.940345368916798,5.447409733124019,1.334379905808477,24.06593406593407,3.516483516483516,1.036106750392465
D83011,3.603008015866457,4.545078919097596,1.388315015287993,21.00652838608379,2.8014213701347,0.7520039666143294
D83012,2.990929149301299,3.681457873661846,1.262564354008335,21.25929557898178,2.198251205360791,0.527089973032606
D83013,3.430937592428276,3.674948240165631,1.811594202898551,18.99585921325052,2.41052942916297,0.5989352262644189
D83015,4.175513092710545,4.989384288747346,1.722104269874971,24.85255956593536,3.007784854918613,0.9790044821891954
D83016,3.415738818645027,4.227212681638045,1.103981883374222,18.26759765993583,2.575957727873183,0.8114738629930176
D83017,3.242579620134325,3.596446883801546,1.444356178233552,18.69719072723334,2.585397559038059,0.4766375388170723
D83018,2.876123485736616,3.688940992575224,1.289566236811254,17.51465416178194,1.969519343493552,0.5939820242282141
D83019,3.794072560040878,3.883495145631068,1.188042922841083,18.5743484925907,2.542156361778232,0.5620848237097598
D83020,3.799465889779072,4.175770818159748,2.464190337460549,18.2689973294489,2.609856761349842,0.5583879582422918
D83021,2.240428867647803,3.029383502756284,1.117685733070348,14.74232539321297,1.643655489809336,0.5360845597531988
D83022,4.755784061696658,4.810870363569593,1.524054351817848,20.54719059860448,3.213367609254499,0.6243114212265883
D83023,2.826946210689122,3.694792919745661,1.039697542533081,18.8520364323767,2.285616085238014,0.7475511256229593
D83024,2.29344523223846,2.980755317609608,1.056287078570395,14.751844884966,1.866589495007958,0.4774996382578497
D83026,3.971157985363754,4.186396900559621,1.366767111493758,18.42445114076625,2.701248385708136,0.4412397761515282
D83027,2.447846567967699,2.574024226110363,1.07671601615074,13.79542395693136,1.800134589502019,0.5383580080753702
D83028,4.236308209818143,4.30989172711027,1.734468621885841,20.6244087038789,2.764637863975612,0.7568590350047304
D83029,2.449669153878643,2.646768970857384,0.5068281008024778,14.52203294382655,1.872448261298043,0.5912994509362242
D83030,2.065173662330696,3.245272897948236,0.95212551964597,16.54820973581869,2.03835322515757,0.8448437709534665
D83033,3.966430212808472,4.086322309921071,1.408732141073034,21.55060445598961,2.317913877510241,0.5095414127285443
D83034,3.726022746562553,4.057036156849431,1.527754201324054,20.51434391444576,2.860295365812256,0.679001867255135
D83035,3.566051938276251,4.610462928114415,1.571321038765525,19.2792623259315,2.97327813323297,0.6586375611592021
D83037,3.69960668633235,4.08062930186824,1.966568338249754,18.94051130776795,2.587266470009833,0.6452802359882006
D83038,2.912864108013502,3.169146143267908,1.506438304788098,17.25840730091262,2.056507063382923,0.6063257907238405
D83040,2.935403283369022,3.399357601713062,1.061741613133476,16.81834403997145,2.114561027837259,0.5353319057815845
D83041,3.119902120717781,3.619494290375204,1.223491027732463,18.20962479608483,2.518352365415987,0.4893964110929853
D83043,3.663827735818737,3.77631367507633,1.108789972681986,17.24248754619958,2.715731962076169,0.7231238952273823
D83044,2.559351975526735,3.102244818820286,1.223663234090224,20.30246886983498,1.913050971605843,0.6290663104830022
D83045,3.385228095582911,3.113685734974656,1.086169442433019,18.24764663287473,2.299058653149892,0.3620564808110065
D83046,2.661482251198338,3.164281165152683,1.484932792545168,15.03033553447525,1.857003988871384,0.4793349646364763
D83047,2.889810277673075,3.857268501067973,1.137077522301797,19.14813418771202,2.336977007161704,0.603090840557859
D83048,3.5816783377339,5.315118815291012,2.54276202502583,20.78406612329239,2.697738491562392,0.8552405005165883
D83049,4.419008982903507,4.592871631411185,2.2022602144306,21.03738046942915,3.361344537815126,0.651984931903796
D83050,2.304958299609389,3.413449695604744,1.425203223422599,17.61973466586902,2.041031776753352,0.6299046345497413
D83051,1.929742873402659,2.954110404056081,1.138186145170469,14.62569196544053,1.764188525014228,0.4138858709710798
D83053,3.76657824933687,4.381962864721486,1.602122015915119,22.15384615384615,2.981432360742706,0.5729442970822282
D83054,4.83227427220334,5.541598936013004,3.783064873651544,22.56539086744495,3.310181764445101,0.8866558297620807
D83055,3.174008122461731,3.598875351452671,1.730709153389566,19.53139643861293,2.311777569509528,0.6435488909715714
D83056,1.912593550771505,2.993624688164095,1.293541531922757,14.45994641042225,2.097385198189042,0.7761249191536542
D83057,3.707058741551111,3.734931363668037,1.930179081597101,19.52477179290642,2.529440457111003,0.6131976865723643
D83059,1.324812240518729,2.327751084573401,1.007603675887484,13.42072118300135,1.590707654989038,0.4431590241171806
D83060,2.973318487360304,3.393954389871747,1.09282857025032,17.30793022392676,2.173285496309126,0.6185822095756526
D83061,3.72751934090224,3.637094343414046,1.888877725308952,18.1452828292977,2.622324927157641,0.4521249874409726
D83062,3.600371994154377,5.114919622691643,3.241663345290288,21.9210840972499,3.002524246047562,1.24883751826757
D83067,2.17983651226158,2.600941293039386,0.8174386920980926,14.73866732722318,1.622491949467426,0.4458756502353232
D83069,3.467039800995025,3.700248756218905,0.7151741293532339,18.12810945273632,2.378731343283582,0.4664179104477612
D83070,4.057692307692308,3.807692307692308,1.403846153846154,24.23076923076923,2.384615384615385,0.7115384615384616
D83073,1.388424222147876,2.442288390766143,0.702576112412178,13.48277015724323,1.55570424891268,0.468384074941452
D83074,1.927744261840372,2.184314541293946,0.7974481658692184,12.21135843561473,1.449275362318841,0.4437972401359129
D83075,2.792417210729175,3.107055769684575,1.297884055691025,16.3612050656808,1.7305120742547,0.56634940611972
D83078,1.5852697912564,2.215439149271367,0.6301693580149665,12.93816463174478,1.348956282000788,0.3446238676644348
D83079,2.60628070925016,3.524887844477675,1.153599658192694,18.77803888058107,2.414014099551378,0.4806665242469558
D83080,3.267309971220586,3.487387844929744,1.134247502962587,18.46961232436093,2.014558997799222,0.5078720162519045
D83081,2.774185964499824,3.937933466556953,1.199012577877042,19.56036205477842,2.49206535794052,0.8110967438579993
D83084,2.886534623061569,4.114847228619683,1.489329034239214,17.53416244434209,2.303086135421465,0.7523414709043451
D83608,3.513931888544892,4.411764705882353,1.362229102167183,20.86687306501548,2.600619195046439,0.6346749226006192
D83610,2.559315441462466,2.971606378840918,2.178140801244652,16.60832360949047,1.882535978218592,0.6534422403733956
E81002,2.40375219855384,2.599179206566347,0.9771350400625366,16.17158491303498,1.778385772913817,0.3224545632206371
E81003,2.269136866293264,2.786155392790464,0.8616975441619992,16.28129637608311,1.905309014313754,0.4404231892383552
E81004,2.02129429379471,2.844784561636999,0.9066711029778738,15.08068541008152,1.613708201630345,0.4242222591914823
E81005,1.189495836764571,2.744990392533626,0.5855979504071736,13.14850398023607,1.784243755146857,0.3385488150791472
E81006,1.898866974402014,2.224087284934956,0.5874947545111204,16.28199748216534,1.521191775073437,0.2937473772555602
E81007,3.508245877061469,3.223388305847077,1.274362818590705,20.83958020989505,2.038980509745127,0.4947526236881559
E81008,1.830997326419833,3.013854006319371,0.8101758081503686,16.22782143725188,1.774285019849307,0.5266142752977396
E81009,2.609393817743878,3.059012444801285,0.9714973906061822,17.07747892412686,2.04737053392212,0.3853873946206343
E81010,1.777730466255056,3.033851394507132,0.7238662976367894,13.95571641473281,1.862891207153502,0.468384074941452
E81012,2.862031420127547,2.893140457302847,0.762171410794836,15.61673666200031,1.703219785347643,0.3966402239850677
E81013,1.53638151425762,2.335299901671583,0.841937069813176,12.82571288102262,1.395034414945919,0.3810226155358899
E81014,1.432186507295536,2.196737199160071,0.5384159801862919,10.62294728907554,1.329887471060141,0.2476713508856943
E81015,2.743072520415998,3.231660501151671,1.060933901026035,17.71480421581629,1.884553639980456,0.3908703845885392
E81016,0.7104247104247104,2.640926640926641,0.4015444015444016,14.7027027027027,1.019305019305019,0.277992277992278
E81018,1.492537313432836,3.263983114729383,0.6859641187999397,13.50821649329112,1.417156641037238,0.2412181516659128
E81019,1.122408556714644,2.310841146177208,0.831902812623795,12.40811655442581,1.417315902988688,0.4797746379682205
E81021,1.074982231698649,2.203269367448472,0.826226012793177,11.18958777540867,1.297085998578536,0.2887348969438522
E81022,2.012217031979878,2.561470150402957,0.9855756891330012,13.83399209486166,1.447564293414096,0.3849905035675787
E81024,3.599934842808275,3.632513438670793,1.303143834500733,17.5109952761036,2.73660205245154,0.4723896400065157
E81025,1.549980296860633,2.469460133981348,0.6961775909628267,14.37015631157231,1.628792854328123,0.3809273610928675
E81026,1.676488518593782,2.926234505181874,0.8636456004877058,15.40337329811014,1.574883153830522,0.3454582401950823
E81027,1.154581556111193,2.323871157523165,0.654508015884689,12.39888218855714,1.331078099720547,0.4191792910722165
E81028,0.5892716116882327,2.168762529615455,0.5345969260676751,10.25454103638904,1.087418747342203,0.1154243363100662
E81029,2.086937112884326,2.935104067853357,0.8816472295072819,15.69108866692707,2.025556609564198,0.4575637520227666
E81030,0.73723491398926,1.610994812050605,0.6371165923363975,10.23937380540639,1.07399654136707,0.3003549649585874
E81031,3.14502038439138,3.24208891477383,0.8542030673655601,18.55950300912444,1.53368278004271,0.64065230052417
E81032,0.999624358278726,1.74882090237489,0.6052005509411912,10.09641470846029,1.08310029633958,0.3151216661797237
E81033,2.453712920565399,2.48357555245869,0.6669321122834959,14.00059725263787,1.50308580529564,0.3981684252438782
E81034,2.80561122244489,3.056112224448898,1.002004008016032,18.6497995991984,1.916332665330661,0.375751503006012
E81035,2.319640302472921,2.953198446760678,1.052524013897404,16.63601062742694,2.002861230329041,0.5211526670754139
E81036,2.36040027499809,3.009701321518601,0.9166603009701322,16.01099992361164,1.695821556794745,0.427774807119395
E81037,2.954125448418306,3.600934884226546,1.728448744428742,18.85259267311664,2.024676595282096,0.5625611479508642
E81038,2.355214131284788,3.371820230921386,0.956805740834445,18.63011178067068,1.950411702470215,0.4600027600165601
E81040,2.556182767067845,3.504100543188838,1.512408137181808,17.78677175418042,2.023644690595377,0.5964426456491639
E81041,1.371232681045565,2.521068418797315,0.6213398085987716,11.93400942722468,1.378374517926011,0.3713755177831738
E81043,1.917934532042416,2.369755647763947,0.9313047487321346,13.97879207007838,1.355463347164592,0.2766251728907331
E81044,1.894600388891659,2.752156354389989,0.9672433564341628,14.37901979358827,1.540609263598744,0.4337637732462482
E81045,2.266589506172839,3.115354938271605,0.935570987654321,14.70871913580247,1.880787037037037,0.5883487654320988
E81046,3.05962126850244,3.398660382039196,1.050194327296783,17.8202265773588,2.274042834697759,0.421731580253039
E81047,2.228915662650603,2.91894852135816,1.221248630887185,16.01861993428259,1.916757940854326,0.5531215772179627
E81048,0.9873834339001646,2.751874200036569,0.7039678186140063,12.86341195831048,1.30736880599744,0.4571219601389651
E81049,2.231106525664174,2.914624709827186,1.031725561000774,15.99174619551199,1.58627805003869,0.3740005158627805
E81050,3.204775744246328,2.702065823580238,1.31175869923808,18.01115387636478,1.869452517477025,0.5105647631764982
E81052,2.528367044893932,3.946719289590528,0.8880118401578688,16.47755303404045,2.281697089294524,0.7893438579181057
E81057,2.548527060972825,3.137702671842887,0.972824845855218,15.56519753368349,1.849737382964147,0.5160995661109842
E81060,2.031640299750208,3.313905079100749,1.215653621981682,16.25312239800166,1.931723563696919,0.4995836802664446
E81061,1.826038472260942,2.299972121550041,0.5296905492054642,13.39559520490661,1.644828547532757,0.3484806244772791
E81063,0.5413766434648105,3.623908960335875,0.7292011932383162,12.73892387581483,1.425256877693073,0.1878245497735057
E81069,3.176823176823177,4.235764235764236,1.398601398601399,19.56043956043956,2.977022977022977,0.6593406593406593
E81073,1.019625041113913,1.710338778642693,0.5865584913934876,10.28396009209517,0.8003508387238241,0.2850564631071155
E81074,3.04503582395087,3.343568747867622,1.76560900716479,17.30638007505971,2.166496076424429,0.5032412146025247
E81076,1.152790484903934,2.872827081427264,0.7502287282708142,16.43183897529735,1.31747483989021,0.4208600182982617
E81612,1.051524710830705,2.926743778478794,0.5432877672625307,15.14195583596215,1.331931300385559,0.2453557658604977
E81615,0.3997178462261932,1.692922642840348,0.423230660710087,9.21702327768634,0.6113331765812368,0.2116153303550435
E81617,2.004538577912254,3.460665658093797,1.021180030257186,19.34568835098336,1.8910741301059,0.4916792738275341
E81631,0.3682487725040917,2.20949263502455,0.398936170212766,10.38256955810147,0.7160392798690671,0.102291325695581
E81632,2.014406055426688,3.174215602490539,0.8912220730069589,18.2517397143206,2.038823098522769,0.2930045171529728
E81633,0.9783631232361244,2.333019755409219,0.7525870178739417,10.3480714957667,1.147695202257761,0.206961429915334
E81635,1.299894957983193,2.100840336134454,0.5646008403361344,11.02941176470588,1.102941176470588,0.3282563025210084
E82001,2.604604650105684,2.815973090297507,0.7909270665242392,16.06400145457851,1.686401963680993,0.5250119320893656
E82002,1.5625,2.32514880952381,0.6510416666666667,13.06733630952381,1.702008928571428,0.4557291666666667
E82004,0.6454136514766282,1.799335028359085,0.332485820457657,9.133581067866222,0.5671816937218854,0.1173479366321142
E82005,1.877572537967112,2.627790506701271,0.8617368559784261,14.19331292199761,1.723473711956852,0.4420203167136398
E82006,3.062015503875969,3.397932816537467,0.813953488372093,16.27906976744186,2.157622739018088,0.3617571059431524
E82007,2.088432044379181,2.227116984826236,0.4405286343612335,13.77875673029858,1.435797030510687,0.3344754446076032
E82008,2.572944297082228,2.988505747126437,1.007957559681698,14.18213969938108,1.936339522546419,0.5039787798408488
E82009,1.659535848567354,2.376939366437616,0.9032369592462942,14.40425256061195,1.40887678810666,0.4753878732875232
E82012,1.896981445582941,2.893935198006092,0.9831071725283854,15.88202713929659,1.647743007477153,0.4707837164220438
E82013,1.580729093808578,2.316537503846907,0.6518758917830065,12.73815852054948,1.36810004756176,0.4364490949276782
E82014,2.319939347990902,2.688905736669194,1.05635582512004,14.39979782663634,1.75890826383624,0.2880970432145565
E82015,1.859669138619509,2.840844266970907,0.8899030233884769,14.94580718767827,1.677124928693668,0.4335424985738734
E82017,1.511393582390327,2.139203224306309,0.5968066966361805,12.95923112695706,1.162610447992559,0.2015191443187103
E82018,1.633810423980556,1.870105320010802,0.6143667296786389,12.1050499594923,1.424520658925196,0.3780718336483932
E82019,3.356901713484935,3.235874896490222,1.03828269316517,16.2685521370788,2.324988852793171,0.5350659277660997
E82020,1.87125748502994,2.694610778443114,1.092814371257485,16.10778443113773,1.601796407185629,0.4940119760479043
E82021,3.031212484993997,3.181272509003601,1.335534213685474,17.90216086434574,1.98079231692677,0.6902761104441777
E82022,1.989426064206682,3.134027361421486,1.051943096964081,14.05679402627132,1.433476862702349,0.463291001253611
E82023,1.295149223714906,1.930657227897997,0.8446625372053737,13.35371249296115,1.407770895342289,0.4102646609283244
E82024,2.41207774178621,2.417862100879222,0.7114761684405368,14.9988431281814,1.845210550670986,0.3412771864877372
E82027,2.904109589041096,2.927592954990216,1.409001956947163,16.853228962818,2.324853228962818,0.4383561643835616
E82031,1.429622621675602,1.970987070324819,0.6832755177126038,10.32797224850205,1.130032586986229,0.2522863450015768
E82032,2.126684988875802,2.859573354273001,0.7656065959952886,14.04920821881953,1.642455176024081,0.4253369977751604
E82035,2.781211372064277,2.927997527812114,0.9425216316440048,14.84085290482077,2.309950556242274,0.5330655129789864
E82037,2.878758735654293,2.782586394819516,0.6988523433993716,14.61178431749695,1.929858306084504,0.4359812784509842
E82038,2.975720489538097,2.694433478089222,0.9178839320963283,15.56948282668772,1.638373470193446,0.434267666798263
E82040,2.239578432295097,2.587748188576268,0.8704243907029264,14.09617013268091,1.994918603556977,0.4704996706502306
E82041,1.710891089108911,1.695049504950495,0.7445544554455445,13.04554455445545,1.251485148514851,0.3564356435643565
E82042,1.574886375647395,2.705845048092168,0.8138674558714724,14.32195328189409,1.839129056125145,0.4967762392981714
E82043,2.533996683250415,4.059701492537314,1.140961857379768,16.5240464344942,2.102819237147596,0.5638474295190713
E82044,2.642219743446737,2.279698828778583,0.7877858337981037,14.80758505298383,1.917177914110429,0.299776910206358
E82045,1.146470618477199,2.349493599300807,0.7043339674052748,12.05079430363478,1.084777132281117,0.2159272016862887
E82046,2.837875807811183,3.615247728762761,1.386157160251007,19.86513065467828,2.135431300927227,0.4963941181979957
E82050,1.686469911843618,3.027980068991951,0.8240705251054044,17.24798773476428,1.418167880413952,0.6707550785741663
E82051,2.048301155629368,2.505016953844025,0.7957926787073559,16.22725070929348,1.52930593038544,0.5466749705902706
E82053,2.10023335926214,2.083564840537838,0.7445271696855206,12.17357484164907,1.505722858095344,0.5278364262695855
E82055,2.871696441754023,3.831389340026576,0.8341945961907574,15.62084748265171,2.133471135390521,0.354348147054481
E82056,2.149277061352091,2.588901914810473,0.8206330597889802,15.09378663540445,1.602188354826104,0.4396248534583822
E82058,1.472634508348794,1.542207792207792,0.4348330241187384,8.337198515769945,1.107374768089054,0.2782931354359925
E82059,2.228307053158342,2.332168822585214,0.5476347842507789,13.67198564819186,1.425738834859787,0.2454914550089699
E82060,1.703316510454218,1.915104542177361,0.5001802451333813,11.31038211968277,1.261715933669791,0.1937635183850036
E82061,2.620087336244541,3.176503732920129,1.014227355965629,15.93886462882096,1.915762783490633,0.471897450345119
E82062,2.818130806159985,3.005174886214851,1.20331691501964,16.65315792755159,2.281937776669368,0.5361930294906166
E82063,1.761904761904762,2.166666666666667,0.8333333333333334,13.52380952380952,1.492063492063492,0.3492063492063492
E82066,2.318059299191375,2.938005390835579,0.6738544474393532,15.57951482479784,1.185983827493261,0.7008086253369272
E82067,2.244283995186522,2.683513838748496,0.9626955475330928,11.75691937424789,1.672683513838748,0.4512635379061372
E82068,2.730712288205297,3.026813620661293,0.9294291824313208,13.59598618193782,1.793058068761309,0.3454515545319954
E82069,0.918141592920354,1.670353982300885,0.6969026548672567,10.91814159292035,0.8849557522123894,0.254424778761062
E82070,0.7058823529411765,1.823529411764706,0.2352941176470588,12.05882352941176,0.9705882352941178,0.3529411764705883
E82071,2.058498575332907,2.680700122114322,0.4361225795196837,12.6010350642554,1.540966447636216,0.3605279990696051
E82073,1.730745199316866,2.543008289248969,0.7372849585537552,13.49398092223102,1.310034573249469,0.3103261548714958
E82074,1.739358447688139,2.412376540512193,1.171226291408094,11.90892404510095,1.407219648632113,0.4719867144480377
E82075,2.95385597956251,3.113523870349673,1.029857895577199,15.02474852307201,2.331151205492576,0.4949704614402044
E82077,2.254631454473788,2.428064643279464,0.6464327946393378,11.06030744974379,1.73433188805676,0.4178163184864013
E82078,2.457222443294867,2.944687624353362,1.173895742140868,15.84759251890171,1.830481496219658,0.3481894150417827
E82079,1.88386524822695,2.759308510638298,0.8311170212765957,14.39494680851064,1.695478723404255,0.5540780141843972
E82081,2.681084283809806,3.206932306324989,1.081321285735447,17.61220559917049,1.940453266182788,0.4814101614575618
E82082,2.562028047464941,3.101402373247033,0.8306364617044228,16.08414239482201,2.130528586839266,0.4530744336569579
E82083,2.678745373076174,3.146308201831288,1.052016364699006,15.98480420806546,1.89947399181765,0.4480810442236509
E82084,2.034739454094293,1.992201347040057,0.9641970932293512,14.18645870258773,1.474654377880184,0.2056008507621411
E82085,2.304710318092507,3.276512134246721,0.6425574849981414,14.06722956826509,1.624980086028358,0.3504859009080771
E82086,1.838265600527574,2.291649493034375,0.7212925562608193,12.95441431044432,1.520896875772814,0.4368972055065534
E82088,2.569977089351529,3.028190058770794,1.195338181093734,14.94172726367168,1.852774180695288,0.5179798784739515
E82090,3.013238490416914,3.378778897451097,1.027464927879866,16.39992096423632,1.807943094250148,0.3161430547322663
E82091,2.37835353593382,3.320503245820647,1.005342678232895,16.81507439535819,2.022174987074166,0.5170333773769173
E82092,2.591370248135925,3.147536975919814,1.069551399584403,14.75369759198142,1.98630974208532,0.5561667277838895
E82093,2.189674112046869,2.533870377151227,0.8861222995239839,15.70120834859026,1.720981325521787,0.4979860856829
E82094,2.716427535063679,2.248911816862808,0.4433338707077221,12.58262131226826,1.563759471223601,0.2740609382556827
E82096,1.709321875583785,2.876891462731179,0.803287875957407,14.69269568466281,1.625256865309173,0.4483467214645993
E82098,2.824417545229728,2.863464792398803,1.210464662241312,15.65794611479891,2.095535598073669,0.2733307301835221
E82099,2.840909090909091,2.99084595959596,0.7575757575757576,15.71969696969697,2.130681818181818,0.4655934343434343
E82100,2.399825467238746,2.763435386517344,0.9744745836666424,15.05345065813395,1.883499381863137,0.3781543160497418
E82102,2.449024822695035,2.410239361702128,0.9308510638297872,13.86857269503546,1.717641843971631,0.382313829787234
E82105,1.526562181966212,2.157541217178913,0.8141664970486465,14.00366374923672,1.241603907999186,0.4884998982291879
E82106,2.756999358837358,3.141696943791408,0.9118757569281184,16.1644225974211,2.115836717247275,0.4488138491130583
E82107,1.884099343419926,2.626320296888381,0.9135027119611762,14.28299552764297,1.398801027690551,0.390141783233419
E82111,1.597642314254692,2.311152474018924,0.5428881650380022,13.0138048704824,1.225376143942919,0.3412439894524585
E82113,1.447277739490007,1.791867677463818,0.4272915230875258,12.19848380427291,0.8683666436940041,0.1929703652653342
E82115,2.224576271186441,2.917950693374422,0.847457627118644,14.07935285053929,1.800847457627119,0.5296610169491525
E82117,1.696762141967621,2.101494396014944,0.7549813200498132,14.17341220423412,1.572229140722291,0.4358655043586551
E82121,3.134124975666731,3.348257737979365,1.829861787035234,18.59061709168775,2.160794237882032,0.4866653688923496
E82123,2.487144506244097,3.022352817714346,1.353762199601217,17.15814880889915,2.109350404029804,0.524714030853185
E82124,1.832129963898917,2.686522262334536,0.92057761732852,13.33032490974729,1.38086642599278,0.4271961492178099
E82129,2.42883762770674,2.750112446186468,0.6425496369594551,13.34575595964788,1.554970121441881,0.3534023003277003
E82132,2.379780075496472,2.314130969965534,0.8206138191367143,14.62333825701625,1.312982110618743,0.4103069095683571
E82133,1.401446654611211,2.102169981916817,0.4520795660036167,12.35307414104882,1.198010849909584,0.3503616636528029
E82626,2.619786280592899,2.826611513271286,0.9651844191658048,17.47673216132368,1.964839710444674,0.4825922095829024
E82638,1.344046749452155,1.884587289992696,0.8035062089116143,11.83345507669832,1.446311176040906,0.3360116873630387
E82643,1.911976911976912,2.164502164502164,0.5050505050505051,15.8008658008658,1.370851370851371,0.2164502164502164
E82652,2.827843380981977,2.827843380981977,0.9322560596643878,15.78620261031697,1.709136109384711,0.5593536357986327
E82654,1.459134378389037,1.646455683722764,0.6999901409839299,10.44069801833777,1.084491767721581,0.2267573696145125
E82655,1.705910619894281,1.874098990869774,0.6246996636232581,13.19077366650649,1.249399327246516,0.5045651129264777
E82657,3.024098283194204,4.095133091825484,1.165537879981099,16.38053236730194,1.701055284296739,0.393762797290912
E82661,1.556609509911225,2.371397300255381,0.7053386841785236,10.7503344278244,1.544448498115043,0.2553812477198103
E83003,1.889156626506024,2.612048192771084,0.9060240963855422,13.60963855421687,1.56144578313253,0.3566265060240964
E83005,1.384417256922086,2.108821635544108,0.5473277527366388,9.52994204764971,1.255634256278171,0.4829362524146813
E83006,1.622918430708439,2.427321478972622,0.7761783799040362,11.20519333897827,1.354784081287045,0.2963590177815411
E83007,1.785714285714286,2.806122448979592,0.9811616954474096,14.20722135007849,1.275510204081633,0.3532182103610675
E83008,1.606805293005671,2.870982986767486,0.41351606805293,11.23582230623819,1.382325141776938,0.1417769376181475
E83009,2.12998361551065,3.035031598658033,0.9128501209331356,11.28969337598502,1.591636108293672,0.2652726847156121
E83010,1.792604501607717,2.733118971061093,0.8440514469453377,13.08681672025724,1.744372990353698,0.4501607717041801
E83011,0.5717397222978492,1.570015427897268,0.4719121517379072,9.429167801070877,0.9256738361012796,0.2268808421816862
E83012,2.185845912566164,2.411291903548324,0.8625759654969614,14.12468143501274,1.666339933346403,0.2548519898059204
E83013,1.789061168853297,2.249105469415573,0.596353722951099,10.70028965752257,1.243823479298007,0.204464133583234
E83016,1.754238357662698,2.835387657229397,0.9633587143998992,12.65828109881789,1.438727861680199,0.3533717555003996
E83017,2.437774107193712,2.756735205331207,0.9739704960984222,15.19621803269351,1.634675627954662,0.3417440337187447
E83018,1.360057265569077,2.301635372501514,0.5946809096415395,13.69417983591212,1.299487913661142,0.2587963217884478
E83020,1.473875962573487,2.591703237558996,0.7866191935083215,12.00629295354807,1.275151113687174,0.2980872733294692
E83021,1.863748116424776,2.522008089459909,0.7375684035212943,13.00658259973035,1.403759219605044,0.3093028788960266
E83024,2.408602150537634,3.053763440860215,1.023655913978495,12.94623655913978,1.746236559139785,0.3698924731182796
E83025,1.42478880342958,2.143487580380784,0.5169587693859539,12.24309670911613,1.500441306266549,0.2900012608750473
E83026,1.702862783810464,3.282329713721619,0.9131293188548864,11.94471865745311,1.23395853899309,0.3208292201382034
E83027,1.332264850245417,2.173695281979365,0.891515576480016,10.95862967043975,1.462486226585195,0.3305619553240509
E83028,0.8386075949367088,1.94620253164557,0.5221518987341772,11.89873417721519,1.060126582278481,0.2215189873417722
E83030,1.594063487700976,2.899546516421602,0.8382575237048235,14.7176034079978,1.291741102102515,0.2473546791260135
E83031,2.139124755062051,2.498367080339647,1.012410189418681,12.80209013716525,1.600261267145656,0.4408883082952318
E83032,1.050837830161886,1.988071570576541,0.687304742970747,12.62141437091735,1.334848054529963,0.3180914512922465
E83034,1.970933704957197,2.528369500298626,0.875970535536532,13.25900856062114,1.513040015926737,0.437985267768266
E83035,1.85657673307638,3.181151946148417,0.9717170620487486,13.34889528255795,1.438575538787254,0.3474295640844688
E83038,1.708278580814717,2.726675427069645,1.171703898379326,14.48751642575558,1.784932106876916,0.657030223390276
E83039,0.8271583663622264,2.205755643632604,0.4652765810787524,9.70187833879028,1.344132345338618,0.2757194554540754
E83041,1.164514080033877,1.799703578234173,1.12216811348719,13.46601736184628,1.058649163667161,0.3811136989201778
E83044,2.304147465437788,2.365591397849462,0.7885304659498209,12.35023041474654,1.495135688684076,0.1536098310291859
E83045,1.273820442270458,2.374401304392133,0.8356262101294202,12.63629878732294,1.487822276571894,0.2649546519922552
E83046,1.179302045728039,1.949458483754513,0.5776173285198556,13.29723225030084,1.335740072202166,0.3730445246690734
E83049,1.089070400622326,2.411513029949436,0.7649423051990146,11.16297160637884,1.089070400622326,0.2981978477894464
E83050,1.521216973578863,1.481184947958367,0.600480384307446,9.15398985855351,1.334400854016547,0.2401921537229784
E83053,1.550017070672584,3.127347217480369,0.7579378627517924,11.64219870262888,1.522703994537385,0.2731307613519973
E83600,1.306240928882438,1.583322338039319,0.3298588204248581,6.676342525399129,1.002770814091569,0.0791661169019659
E83613,2.108407274005095,2.231397698322059,0.685232364051656,13.68707722041641,1.642800667662303,0.3601862426425371
E83621,1.890482398956975,2.596697088222512,0.9343763581051716,14.74358974358974,1.325510647544546,0.2824858757062147
E83622,1.734898973870729,2.4330900243309,0.97323600973236,10.87485454353115,1.586797841954935,0.2856236115518883
E83637,0.6806626209611285,1.443332786616369,0.4592422502870264,8.979826144005248,0.6642611120223061,0.1394128259799902
E83638,2.397798742138365,2.849842767295597,0.8254716981132075,14.34748427672956,1.729559748427673,0.294811320754717
E83639,0.8533747090768037,1.95500387897595,0.3413498836307215,11.54383242823894,0.7757951900698216,0.2327385570209465
E83649,1.264699356556468,2.240958508986022,0.59906811626359,9.008209451963612,0.8431329043709785,0.2662524961171511
E83653,1.279707495429616,2.418148579026093,0.8974572045870035,11.22652484626891,1.487452218713645,0.3240817683230846
E83668,0.5007511266900351,2.153229844767151,0.2253380070105158,11.66750125187782,1.101652478718077,0.100150225338007
E84002,1.549973276322822,2.231427044361304,0.9754142169962586,14.75146980224479,1.817210048102619,0.3874933190807055
E84003,0.4118004455545804,1.944238169175724,0.7965975832039426,11.21312360764194,0.9181124687774254,0.1350165395260919
E84004,1.585255831937105,2.835416935172058,0.9537311509215104,15.68501095501998,1.727026678695708,0.347982987498389
E84005,1.556728232189974,2.849604221635884,0.9762532981530342,14.07651715039578,1.094986807387863,0.5145118733509235
E84006,1.533290086689863,2.659668573450492,1.114583947632246,15.54520257120953,2.223270625700301,0.5130624520846848
E84007,1.687404124765638,4.090676666098517,1.363558888699506,16.66950741435146,1.619226180330663,0.4942900971535708
E84008,1.964560862865948,3.563174114021571,1.550462249614792,19.20261941448382,1.906779661016949,0.4815100154083204
E84009,1.897330595482546,3.326488706365503,1.453798767967146,15.29363449691992,2.193018480492813,0.4763860369609856
E84011,1.36094674556213,2.72189349112426,0.8875739644970414,20.35502958579882,2.130177514792899,1.005917159763314
E84012,1.258013789766542,2.33458328293214,0.7620660457239627,13.60832224507076,1.330591508406919,0.362888593201887
E84013,1.002949852507375,1.911504424778761,0.943952802359882,15.38643067846608,1.415929203539823,0.5545722713864306
E84014,1.752431118314425,2.704619124797407,0.8812803889789302,12.79376012965964,1.438411669367909,0.2633711507293355
E84015,1.588645094081646,2.474119408815678,1.087310371768995,15.39162705905332,1.419363239794257,0.3060095058272023
E84017,1.151042332779128,3.133393017009848,0.792940273692288,16.56222023276634,1.202199769791533,0.2046297480496227
E84018,1.504526329210761,3.098304220323856,0.8542649496366187,14.84125972204514,1.670279229886523,0.1912533469335713
E84020,1.14480198019802,3.217821782178218,0.7271039603960396,16.61509900990099,1.547029702970297,0.4022277227722773
E84021,0.7597459210362436,1.675177481629095,0.6102877070619006,13.53219579026031,0.8282476024411508,1.805953418856645
E84022,1.322131937749621,2.961024652251756,1.184409860900703,18.23440297479686,1.873020245145297,0.7987880457237296
E84024,2.33384556281214,3.034959661928544,0.8595850941221667,15.58778332693046,1.824817518248175,0.3121398386477142
E84025,1.343570057581574,1.592571458214452,0.7262540851792292,12.01950510971624,1.348757586761425,0.3579395134097629
E84028,0.969176993962504,2.065459167461074,1.159834763266603,17.73117254528122,1.715919923736892,0.4766444232602479
E84030,0.8630227926532419,2.83248506306705,0.8187652135428192,13.10024341668511,1.1728258464262,0.2434166851073246
E84031,1.152315105803478,1.812277393672743,0.6704378797402053,13.98491514770584,1.665619107479573,0.4294992667085691
E84032,1.127662536544619,2.561603786718641,1.169427815675901,14.35333426145065,2.130029235695392,0.3898092718919671
E84033,0.8377112026125231,2.016186284253869,0.6815277580576459,10.57787874485305,1.079085616924606,0.1987789294334801
E84036,1.220538720538721,2.11489898989899,1.115319865319865,14.30976430976431,1.473063973063973,0.4734848484848485
E84039,1.112572618656144,2.822536446344404,0.696042968321824,13.60846212868574,1.276992217472323,0.4713361832730461
E84040,0.93804537521815,2.290575916230366,0.8944153577661431,11.93280977312391,1.112565445026178,0.6762652705061082
E84042,1.01202698738633,1.818715165737753,0.5280140803754767,13.46435904957466,1.686711645643884,0.5720152537400996
E84044,1.46423216018347,2.125782834965158,0.8820675663755844,12.33130457793067,1.340742700890888,0.2734409455764311
E84048,1.248029427220179,3.625853914871256,1.03783499737257,16.99947451392538,2.049395691014188,0.4729374671571204
E84049,0.5835255801329896,2.035554349301127,0.6785181164337087,8.97000949925363,1.017777174650563,0.1357036232867417
E84051,0.9654313298037996,2.460292743693553,0.7630021800062287,15.85175957645593,1.323575210214886,0.4827156649018998
E84053,2.04142900030021,4.293005103572501,0.8405884118883218,17.59231462023417,1.441008706094266,0.6004202942059442
E84057,1.952057468571875,3.420004684937925,1.179042711017412,15.72577496681502,1.639728273600375,0.3904114937143749
E84058,0.8093558566920364,2.038240207907926,0.5791720809355857,11.52775199554483,1.065528123259699,0.252459625023204
E84059,1.356993736951983,2.505219206680585,0.9603340292275574,15.80375782881002,1.711899791231733,0.3131524008350731
E84061,2.758741873133017,3.839395536812511,1.21244069583553,17.70339131962748,2.047091899490423,0.4744333157617291
E84062,1.349892008639309,2.30381569474442,0.7199424046076314,14.29085673146148,1.565874730021598,0.6479481641468683
E84063,0.3798779785886958,1.45044319097502,0.3568550707954414,8.932888223782664,0.6906872337976286,0.16116035455278
E84066,0.127999281407543,0.3177526020906549,0.1302448828357455,2.181601787498737,0.1616833028305806,0.0392980249935438
E84067,0.6606606606606606,2.162162162162162,0.4804804804804805,13.9039039039039,0.8708708708708709,0.1901901901901902
E84068,1.662123529020677,2.918688916960309,1.017219599760654,15.83671298450901,1.682069011368925,0.5518250116348647
E84069,1.277091834031053,2.63896984791479,0.9803402045466588,13.63467754755975,1.224100471623125,0.3762386730962853
E84070,1.39649991161393,2.616227682517235,0.7954746331978081,13.31094219550999,1.378822697542867,0.3358670673501856
E84074,0.6243496357960457,1.256703754102297,0.5282958456735772,11.95869687024734,0.9365244536940688,0.2001120627551429
E84075,0.4167361226871145,1.300216702783797,0.4917486247707951,8.351391898649775,0.5250875145857643,0.2667111185197533
E84076,0.3789026977872083,2.243103970900273,0.9396786905122764,12.62503789026978,1.303425280387996,1.682327978175205
E84078,1.350261991132608,4.091092301491335,1.531640467553406,20.9391374445788,1.47118097541314,0.3426037887948408
E84080,1.490260502229524,1.865759211452711,0.6453884064773527,11.546585308613,1.232105139638582,0.3754987092231871
E84083,1.520976098947016,4.11164967407655,1.119839545378573,18.2851412334949,1.704830352665887,0.4512786227644994
E84086,1.220562894887995,1.6082711085583,0.5025847214244687,10.02297530155083,1.163124641010913,0.3589890867317634
E84601,1.020659124446631,2.385636989670437,0.7747171667486473,12.56763403836695,1.131333005410723,0.1967535661583866
E84617,0.5958154357766385,1.648884578079534,0.526534571151448,8.452265484273244,0.8313703755022862,0.1662740751004572
E84620,0.738120867292019,2.706443180070737,0.568968168537598,12.70182992465016,0.7534983853606028,0.1383976626172536
E84626,0.6169031462060457,2.508739461237919,0.987045033929673,13.42792514908493,1.069298786757146,0.329015011309891
E84635,0.5997530428647028,1.975657082377845,0.6879520197565708,14.95854648086082,1.146586699594285,0.1587581584053625
E84637,0.4784688995215311,1.435406698564593,0.817384370015949,9.86842105263158,0.777511961722488,0.2791068580542265
E84638,0.6231027320658252,2.22080204505512,0.5751717526761463,12.66975555200511,1.182297491612079,0.2556318900782872
E84645,0.705186533212011,1.546860782529572,0.6710646041856233,12.17015468607825,1.29663330300273,0.329845313921747
E84646,0.4446188047600367,1.595396887668367,0.575389041454165,7.6369818229371,0.4838498757682752,0.2353864260494312
E84647,1.146193771626298,2.573529411764706,0.3460207612456748,13.79757785467128,1.124567474048443,0.259515570934256
E84653,0.6446520194711222,2.552295750559137,0.7762136560978818,10.63018023944218,1.118273911327457,2.012893040389423
E84656,0.9950248756218906,2.072968490878939,0.5638474295190713,12.85240464344942,1.09452736318408,0.4975124378109453
E84658,1.255707762557078,2.492389649923896,0.8751902587519025,15.73439878234399,1.5220700152207,0.5517503805175038
E84663,1.164114893078578,2.948247500949007,1.037580665570037,12.43831456408959,1.429836770846514,0.835125901556371
E84665,1.108957795004307,2.347114556416882,0.7536606373815676,15.36391042204996,1.388888888888889,0.4414298018949182
E84674,0.9127986016702272,2.078073412313071,0.6603223926976112,11.82753932802486,0.951641095358322,0.1553699747523791
E84676,1.158301158301158,2.496782496782497,0.5405405405405406,15.26383526383526,1.184041184041184,0.102960102960103
E84678,0.8727117922520221,2.788420604512559,0.3618561089825458,15.00638569604087,1.170710940825883,0.4044274159216688
E84680,0.544959128065395,1.762034514078111,0.7811080835603996,10.04541326067212,1.053587647593097,0.1998183469573115
E84684,0.9094583670169764,2.202910266774454,0.5254648342764754,12.42926434923201,1.172190784155214,0.3839935327405012
E84685,1.501766784452297,2.713276123170116,0.7067137809187279,15.35840484603735,1.552246340232206,0.4038364462392731
E84693,1.12781954887218,1.6053647632595,0.5893111156269051,9.896362527941475,0.9754115017272912,0.203210729526519
E84699,0.7447864945382324,2.184707050645482,0.7696127110228401,16.01290963257199,0.99304865938431,0.3227408142999007
E84701,0.54358377014172,1.45602795573675,0.62123859444768,12.69656377402446,0.8542030673655601,0.07765482430596
E84702,0.6894984088498257,1.591150174268829,0.4394605243218669,7.516290347022276,0.6970753144415821,0.2348840733444461
E84704,1.383238405207486,3.132628152969894,0.6916192026037429,23.51505288852726,1.790073230268511,0.5695687550854354
E84709,0.6643796951669634,1.259281775153068,0.5384515176516567,7.147509661730861,0.7381996612966261,0.2127751964913804
E85001,1.441985244802146,2.570981444220881,0.7042253521126761,13.0449362843729,1.598479767493852,0.3018108651911469
E85003,0.8706205149852259,1.693752638243985,0.5804136766568172,10.52659349936682,0.9972562262558042,0.5329252849303504
E85004,1.469387755102041,2.73469387755102,0.7891156462585034,11.91836734693878,1.755102040816326,0.3809523809523809
E85005,1.194144838212635,1.887519260400616,0.6548536209553159,10.67026194144838,0.9822804314329738,0.7318952234206472
E85006,0.8388256440982624,2.716197323746754,0.579189135210705,11.74355901737567,1.258238466147394,0.3195526263231476
E85007,1.702954898911353,2.169517884914463,0.7776049766718507,11.99844479004665,1.438569206842924,0.3265940902021773
E85008,1.841424440724395,2.526251712068178,1.004413331304215,13.01171815553188,1.917516359762593,0.7913559579972607
E85012,1.707957957957958,5.105105105105105,1.032282282282282,18.18693693693694,1.989489489489489,1.764264264264264
E85013,1.251877816725088,1.902854281422133,0.7511266900350526,10.0317142380237,0.9013520280420632,0.4840594224670339
E85014,1.653282947567312,2.184695323571091,0.6258856872933397,13.08455361360416,1.334435521965045,0.3188474256022674
E85015,0.7985066887897957,3.34958000622213,0.891838639427564,14.75681841750493,1.337757959141346,0.2074043347505963
E85016,1.305437883634477,1.919253047462609,0.7607849917869802,11.47229186478776,1.625313391544912,0.7694302757845596
E85019,1.643489254108723,2.195149982760602,1.022870934375359,12.9180553959315,1.735432708884036,0.2873232961728537
E85020,1.271266839542091,1.524255265321612,0.417430902536209,9.765353235089496,1.347163367275947,0.3858073493137689
E85021,1.152737752161383,1.628242074927954,0.6628242074927954,14.61095100864553,0.8357348703170028,0.2305475504322767
E85023,1.872659176029963,4.766768811712632,1.702417432754512,18.96493020088526,2.587674497786857,0.4766768811712632
E85024,2.185896217449154,2.889184565671925,0.8173351073940316,15.43432807451055,1.615662421592853,0.3611480707089907
E85025,0.647167591191797,1.059001512859304,0.4370482434022525,5.984199025046226,0.5883341738107245,0.2773575390821987
E85026,1.553360197582218,2.157805797478227,0.7864292213700768,11.01650851423372,1.12439880410763,0.2989730924216821
E85028,1.475248606709649,2.087203584307726,0.5791716752267512,10.16282373511092,0.9616435362255492,0.3278330237132554
E85029,1.13893653516295,1.825042881646655,0.7066895368782161,14.0926243567753,1.173241852487136,0.7204116638078902
E85030,1.39797739440809,1.903628792385485,0.4907792980368828,10.96073765615705,1.39797739440809,0.3271861986912552
E85032,1.763937282229965,2.155923344947735,1.067073170731707,12.93554006968641,1.872822299651568,0.7186411149825784
E85033,1.375634081334365,1.478806637434442,0.5158627805003869,10.97068179864156,1.238070673200929,0.5244604935087267
E85034,2.188582892577057,2.918110523436075,1.094291446288528,17.27156666058727,1.73262812329017,0.4194783877439358
E85035,1.216814159292035,2.488938053097345,0.4839601769911504,12.36172566371681,1.216814159292035,0.2765486725663717
E85038,1.44040331292762,1.458408354339215,0.4321209938782859,9.68671227943824,1.09830752610731,0.3601008282319049
E85040,2.519944282638977,2.633911612004559,0.74711915917437,13.28352538938838,1.810814233253134,0.4432062808661517
E85041,1.294804989736302,2.415916627190905,0.7579346281383231,11.13216485078162,0.947418285172904,0.3158060950576346
E85042,1.132075471698113,1.805929919137466,0.5256064690026955,8.89487870619946,1.037735849056604,0.9433962264150944
E85045,2.820665083135392,3.473871733966746,1.276722090261283,16.6270783847981,2.137767220902613,0.5938242280285035
E85046,1.646828631990869,3.505625305723137,1.173976846567748,14.73993151801728,1.467471058209685,0.2934942116419371
E85048,0.7158379138437939,1.559504026588265,0.4729643359325068,10.83983126677745,1.188802249776301,0.4346158762623034
E85049,0.7074924611459058,2.957550452331246,0.6495012758060774,14.47459986082115,0.9162607283692878,0.3363488749710044
E85050,1.146058831019992,2.954284986629314,1.158792818031326,14.56768114096524,1.286132688144658,0.203743792181332
E85051,2.015316404675534,2.801289802498992,1.350261991132608,18.01692865779928,1.531640467553406,0.4030632809351068
E85052,0.7912028966072148,2.76250502883197,0.7777926780206518,13.15542443341826,1.18009923561754,0.2547941531446963
E85053,1.331754957087896,3.048239124001184,0.8878366380585972,14.97484462858834,1.538916839301569,0.6214856466410181
E85054,1.573211460713658,2.698189488486553,1.063455791879065,14.17648092810687,1.107400246088944,0.1669889259975391
E85055,1.362786140554022,1.950654671773403,0.7481963124610315,12.62135922330097,1.523113921795671,0.632404026008729
E85056,1.288795370857443,2.19621251972646,0.6838506049447659,13.00631246712257,1.209889531825355,0.7364544976328248
E85057,2.579478393299067,2.998286693318104,1.085094231867504,14.3061107938321,1.694269940986103,0.2474776318294308
E85058,1.685927940176751,3.344663494221618,1.101291638341265,17.30795377294358,2.025832766825289,0.3263086335825969
E85059,0.9217141489107016,2.920756523820924,0.5386641129997606,14.84318889154896,1.125209480488389,0.2034953315776873
E85060,1.32501948558067,2.992985190958691,0.7950116913484021,15.60405300077942,1.745908028059236,0.4988308651597818
E85061,0.6249023590064052,2.093422902671458,0.5467895641306046,10.59209498515857,0.7342602718325262,0.1718481487267615
E85062,0.4343734163469196,1.295880692101643,0.289582277564613,7.442264533410555,0.6805183522768407,0.1013537971476146
E85064,1.363179796240494,2.425025111206773,0.4017793083656191,13.58875017936576,1.104893098005453,0.3587315253264457
E85066,1.493999510164095,2.179769777124664,0.5633112907176097,8.351702179769777,1.004163605192261,0.1469507714915503
E85069,1.663652802893309,2.7124773960217,1.301989150090416,14.05063291139241,1.030741410488246,0.3435804701627486
E85071,2.008407286314806,2.055114432508174,1.027557216254087,16.95469406819243,1.401214385801028,0.2335357309668379
E85074,1.052285432423545,1.381124630055903,0.2795133179875041,6.132851035843472,0.8220979940808945,0.2301874383426504
E85075,1.268817204301075,2.10752688172043,0.5161290322580645,13.0752688172043,1.247311827956989,0.1720430107526882
E85077,1.340782122905028,2.094972067039106,0.5307262569832402,11.73184357541899,1.368715083798883,0.5307262569832402
E85083,1.000151538111835,3.212607970904682,0.8637672374602213,18.00272768601303,1.03045916047886,0.3636914684043037
E85088,1.60411150911073,2.663136583086747,1.04345117582931,14.2501168042361,0.9655816850957796,0.2803301666407101
E85090,1.00340440781222,2.902705608313922,0.752553305859165,14.63895359254614,1.236337573911485,0.447948396344741
E85091,0.7447125409591897,2.710753649091451,0.5361930294906166,12.45159368483765,0.6851355376824545,0.2085195114685731
E85096,0.9548896937767534,2.930523542970036,0.4609812314784327,12.72637471188673,1.152453078696082,0.2140270003292723
E85098,0.6943372936275266,1.419534022527388,0.5246103996296868,12.65236846165715,0.7560561641721957,0.1542971763616726
E85099,0.7888349514563107,1.456310679611651,0.3337378640776699,6.856796116504854,0.6067961165048543,0.1365291262135922
E85103,1.08695652173913,4.285714285714286,0.9937888198757764,22.01863354037267,1.428571428571429,0.3726708074534161
E85107,1.022682575062279,2.150255670643766,0.8522354792185657,10.93483676412744,1.2980201914252,0.5637865477907433
E85108,1.425081433224756,2.890879478827361,0.6921824104234527,14.90228013029316,1.486156351791531,0.3257328990228013
E85109,0.6323185011709602,1.662763466042155,0.4918032786885246,9.414519906323186,1.217798594847775,0.1639344262295082
E85111,1.036077705827937,2.312673450508788,0.7215541165587419,13.30249768732655,0.8695652173913043,0.2035152636447734
E85112,0.7392007392007391,1.697851697851698,0.6352506352506352,11.88496188496189,0.7161007161007161,0.2079002079002079
E85113,1.638655462184874,3.025210084033613,0.9103641456582634,14.64985994397759,1.470588235294118,0.5602240896358543
E85114,1.295472389426852,3.991101805809997,0.615022245485475,16.82805548285789,1.570269562941638,0.3402250719706883
E85115,1.998501124156882,2.747939045715713,0.7994004496627529,14.01448913315014,1.274044466650012,0.4496627529352986
E85116,1.665816760156383,2.600713921468639,0.7309195988441272,13.46251912289648,1.342852286248513,0.271970083290838
E85118,2.021681804863756,2.109581013770876,0.7910928801640784,10.91415177263405,1.83123351889833,0.6152944623498389
E85119,0.7753623188405797,2.72463768115942,0.7391304347826086,15.05072463768116,0.9927536231884058,0.1666666666666667
E85120,1.309370988446727,2.323491655969191,0.5776636713735559,12.47753530166881,1.501925545571245,0.2439024390243902
E85121,0.6985344473359814,2.759895904670593,0.5821120394466511,13.40227366114231,1.2464046021093,0.1575126694973291
E85122,1.297244232522264,2.349063880513288,0.659140312741042,10.8828272912138,1.220110791669588,0.2314003225580254
E85123,1.153969441179613,1.698899455069986,0.4273960893257827,7.53285607436692,0.8013676674858425,0.1389037290308794
E85124,0.1863812143682972,0.2940238408483833,0.0687716780289439,2.516644739464976,0.1704341585934697,0.0428577123948491
E85125,0.9849570200573066,1.30730659025788,0.3402578796561605,8.810888252148997,0.9133237822349572,0.3044412607449857
E85126,0.7236544549977386,1.917684305744007,0.4703753957485301,12.56445047489824,0.9317051108095884,0.1537765716870194
E85127,1.201756413219321,2.126184423388028,0.6817656574994222,13.61220244973423,1.282643864109082,0.2542177027963947
E85128,1.348440118088247,1.763344769807708,0.6542727200191495,10.90720497885582,1.388334796138195,0.5186308146493258
E85129,1.612090680100756,3.912678421494543,1.427371956339211,17.39714525608732,1.46095717884131,0.470193115029387
E85130,1.266948210713492,2.156034674372083,0.4000889086463659,11.00244498777506,1.066903756390309,0.3334074238719716
E85600,1.022095295355479,2.660453930557643,0.9168796031865324,13.45257778445814,1.217495866526379,0.315647076506839
E85605,1.747875014964683,3.016880162815755,1.376750867951634,15.65904465461511,1.61618580150844,0.5507003471806536
E85623,0.8535336292249914,2.287470126322977,0.6145442130419939,11.26664390576989,0.7852509388869922,0.1365653806759986
E85624,1.040494938132734,2.474690663667042,0.6889763779527559,14.38413948256468,1.152980877390326,0.3655793025871766
E85628,1.362007168458781,2.160778289810548,0.7987711213517665,11.80747567844342,1.146953405017921,0.1638504864311316
E85633,0.4416144603060491,1.622676389031529,0.4826948752182397,10.57820683988908,0.6572866385950499,0.1129711410085242
E85635,1.062322946175637,1.434135977337111,0.4957507082152974,8.79957507082153,0.9383852691218132,0.1239376770538244
E85636,1.32607481853713,1.577331099944165,0.530429927414852,8.410106085985483,1.409826912339475,0.4187604690117253
E85640,0.8967312698871854,0.9835117153601388,0.5206826728377205,8.475556841191786,0.9256580850448364,0.1446340757882557
E85643,0.6566184151619161,2.954782868228623,0.4029249365766304,17.2362333980003,1.074466497537681,0.164154603790479
E85649,0.7762253271235307,1.197604790419162,0.5766245287203371,6.475937014859171,0.6875138611665558,0.5100909292526059
E85656,0.5357472750785147,3.842601145390726,0.7574358026972104,11.93423240347312,1.219286901902827,0.0738961758728985
E85657,1.281835048068814,1.829988193624557,0.758981278461798,10.271546635183,0.927643784786642,0.1855287569573284
E85658,1.619718309859155,2.417840375586854,0.5633802816901409,12.48826291079812,1.549295774647887,0.3051643192488263
E85659,1.06951871657754,2.094474153297683,0.6238859180035651,11.58645276292335,1.158645276292335,0.4010695187165776
E85663,0.4361016306408798,2.815699658703072,0.6731133864239667,16.48653773227152,0.881683731513083,0.1042851725445582
E85677,0.4658189600906458,0.9819967266775778,0.2140249276092157,6.269671408787612,0.5035880649628603,0.1510764194888581
E85680,1.13156885308784,1.572688914461067,0.4602991944764097,8.093594169543536,0.7671653241273495,0.2685078634445723
E85681,0.961030731861865,2.502904213750132,0.6019643045728166,12.59900728693632,1.151124722779597,0.1478508818249023
E85682,0.8210742387957578,2.771125555935682,0.5644885391720835,11.78583646938077,0.9921313718782072,0.1368457064659596
E85683,1.728821931341072,1.95109903679921,0.5186465794023215,12.00296369473944,1.531242282044949,0.1975796492961225
E85685,1.770502755971271,1.753799899782863,0.768331384666778,8.627025221312845,1.519959913145148,0.4426256889928178
E85687,0.3713330857779428,0.6683995544002971,0.2970664686223543,4.883030077979948,0.4641663572224285,0.0556999628666914
E85693,1.473396998635743,1.509777171441564,0.4729422464756707,9.71350613915416,1.041382446566621,0.218281036834925
E85694,0.9550561797752808,2.209737827715356,0.7490636704119851,10.97378277153558,1.123595505617978,0.2808988764044944
E85696,0.5315293549166465,1.763711041314327,0.3986470161874849,12.30973665136506,0.5556897801401305,0.0966417008939357
E85697,1.005105296745373,1.914486279514997,0.4786215698787492,13.86407147415444,1.116783663050415,0.2871729419272495
E85699,2.164762477450391,3.20204449789537,1.247745039085989,15.40889957907396,2.465423932651834,0.3156945279615154
E85707,0.9455263900649168,3.612757550098786,1.00197572678521,13.33615580016935,1.495907423087779,0.8326277166243297
E85708,1.121330477510394,1.864684389567847,0.7307546932090211,12.49842509764395,1.159128134055688,0.2771828146654908
E85712,0.6488691138301816,1.974416017797553,0.5932517612161661,10.81757508342603,0.7508342602892102,0.2131998516870597
E85713,0.7603972687771571,2.762259466170081,0.6052141527001862,11.60769708255742,1.055245189323402,0.186219739292365
E85715,1.322584708401562,2.204307847335937,0.7431666456732586,12.78498551454843,1.272200529033883,0.3023050762060713
E85716,0.6987335454488739,2.245929253228523,1.197828935055212,14.37394722066255,1.041861625803232,0.3992763116850708
E85718,0.8201640328065612,2.340468093618723,0.580116023204641,14.48289657931586,1.160232046409282,0.2200440088017603
E85719,1.009446193739582,1.629931468790517,0.3796999444341544,6.973513613632154,0.8612706056677163,0.259307279125764
E85721,0.3125,1.205357142857143,0.2232142857142857,14.64285714285714,0.2678571428571428,0.1339285714285714
E85725,1.155378486055777,2.058432934926959,0.5710491367861886,12.89508632138114,1.248339973439575,0.2124833997343958
E85726,1.268956979263386,1.887960383782111,0.4333023831631074,15.41318477251625,1.083255957907769,0.2166511915815537
E85734,1.096024865041714,2.14297398985768,0.8670047439882218,13.33224276132832,0.9815148045149682,0.2944544413544904
E85735,1.324104724646404,1.519711104423713,0.7523322299127295,8.441167619620824,1.08335841107433,0.1203731567860367
E85736,1.205308775731311,2.261646803900325,0.7583965330444203,13.71885157096425,1.218851570964247,0.2979414951245937
E85739,0.921482050297562,2.438087924745632,0.6719139950086389,13.19831061624112,0.9790746784411596,0.4223459397197158
E85743,0.9259259259259258,1.915708812260536,0.8939974457215836,12.19667943805875,0.9897828863346104,0.1277139208173691
E85744,1.112122131230411,2.254574866039834,0.778485491861288,12.59731068648266,1.011020119300374,0.1920938226670711
E85745,0.8165829145728644,3.42964824120603,0.7788944723618091,20.15075376884422,1.005025125628141,0.464824120603015
E85746,0.8044243338360985,1.131221719457014,0.2765208647561589,8.195072900955253,0.6787330316742082,0.0754147812971342
E85748,0.4596191726854892,1.362442547603414,0.3447143795141169,7.682206172028891,0.9356533158240316,0.3775443204202232
E85750,0.994167550371156,3.088547189819725,0.9146341463414632,13.99787910922587,1.299045599151644,0.1193001060445387
E86001,2.556512378902045,4.332615715823466,0.8342303552206674,18.07499102978113,1.731252242554719,0.3767491926803014
E86004,1.466486729644624,2.204228520017994,0.5847953216374269,12.61358524516419,1.052631578947368,0.3418803418803419
E86005,1.834731901578723,2.744986488408477,0.8960318589105389,15.44588252026739,1.422272791921491,0.2417863746266534
E86006,2.795698924731183,3.369175627240143,0.7885304659498209,16.00955794504182,2.043010752688172,0.3942652329749105
E86007,3.105866636980964,3.450962929978849,1.102081709896471,15.66291884671045,2.048313481019704,0.6122676166091506
E86009,1.686008320560543,2.288154149332166,0.4269761331289687,13.10488285526604,1.083862491788921,0.3612874972629735
E86010,1.078942636216508,2.277767787568183,1.228795780135467,17.39495294611281,1.150872145297608,0.3356710423784691
E86011,2.354278291930508,3.03620717648969,0.9092385127455757,15.55447312875467,1.932131839584348,0.4708556583861016
E86012,2.727594757350337,2.87814381863266,1.018420120439249,15.06376195536663,1.797732908253631,0.549061282323769
E86014,1.25586530499586,1.876897598675131,0.593430858404637,11.56500138007176,0.8556444935136628,0.2484129174717085
E86015,2.25447623579799,3.06347034679674,1.017191124858724,13.95514841472845,1.546606388674083,0.5115698054845041
E86016,1.272184702371604,2.685723260562274,0.7067692790953354,14.1510915658866,1.2878906863515,0.4868855033767865
E86017,0.6234171050068186,1.495226962789791,0.3360607831677382,9.253847652444964,0.6088057666082213,0.1948178453146308
E86018,1.393601551139118,2.556955889481338,0.4604944255937954,16.62627241880756,1.369365002423655,0.605913717886573
E86019,1.75772667350227,3.281089790537572,1.025340559542991,18.35359601581954,1.508715394756115,0.5712611688882379
E86020,1.034028952810679,2.331265275427712,0.4324121075390111,13.36717428087987,0.9400263207369806,0.3572100018800526
E86022,2.800269905533063,3.643724696356275,0.99527665317139,18.25236167341431,2.597840755735493,0.4723346828609987
E86024,2.531934306569343,4.219890510948905,0.7299270072992701,18.75,2.007299270072993,0.5246350364963503
E86026,1.247451121506537,2.123065851025549,0.5037783375314862,12.59445843828715,1.331414177761785,0.347846947343169
E86027,1.869941389896735,3.111917387663969,0.8372871895060006,14.41529444599498,1.730393524979068,0.5861010326542004
E86028,2.493438320209974,3.304700548795037,1.037938439513243,16.76210928179432,1.741827726079695,0.3340491529467908
E86029,1.582815149802148,2.289429055963822,0.5652911249293386,14.13227812323347,1.253061993593367,0.4804974561899378
E86030,0.4543577034283354,0.553490293267245,0.1652209830648493,4.42792234613796,0.3056588186699711,0.2643535729037588
E86033,2.10676382068747,2.772057658799303,0.7128148265483922,15.30175827657215,1.330587676223665,0.3801679074924758
E86034,1.55440414507772,2.442635085122132,0.4071058475203553,13.10140636565507,1.147298297557365,0.4811250925240563
E86036,2.021578648495173,2.896081771720613,0.7836456558773424,15.30948324815446,1.590005678591709,0.3975014196479273
E86038,1.279021270679828,3.559015709717781,1.028777978590296,15.77922980675657,1.348533296260253,0.3614625330182121
E86041,1.654929577464789,2.869718309859155,0.7042253521126761,14.7887323943662,1.126760563380282,0.3169014084507042
E86042,0.946611132146914,2.170894863056923,0.5048592704783541,12.81080398838824,0.9844755774327906,0.3912659346207245
E86605,2.142310635042081,3.06044376434583,0.7268553940321346,15.91430757459832,1.530221882172915,0.4208110175975516
E86609,0.5039306591413021,1.642813948800645,0.2822011691191292,8.163676678089095,0.5946381777867366,0.0907075186454343
E86610,1.213592233009709,2.760922330097087,0.7281553398058253,13.80461165048544,1.031553398058253,0.3337378640776699
E86612,0.6476457202870646,2.275511990197794,0.437598459653422,12.72536320672151,0.875196919306844,0.2450551374059163
E86615,1.215343714394227,2.582605393087733,1.139384732244588,15.64755032282567,1.405241169768325,0.3418154196733764
E86618,1.845819761129208,2.117263843648209,0.6514657980456027,13.38219326818675,1.194353963083605,0.2714440825190011
E86620,1.048951048951049,1.729849098270151,0.368052999631947,10.72874493927126,0.8649245491350755,0.1472211998527788
E86625,1.699029126213592,2.877947295423024,0.901525658807212,15.42995839112344,1.282940360610263,0.2773925104022191
E86626,1.911667765326302,2.373104812129202,0.7251153592617008,14.55174686882004,1.549110085695451,1.400791034937376
E86629,1.251664447403462,1.51797603195739,0.4527296937416778,9.454061251664449,0.7723035952063915,0.1597869507323569
E86632,1.204197488388096,2.305178049200069,0.5504902804059866,13.07414415964218,1.23860313091347,0.4472733528298641
E86637,1.247182569496619,2.870022539444027,1.187077385424493,16.73929376408715,1.457550713749061,0.3906836964688205
E86640,1.714785651793526,2.274715660542432,0.5074365704286964,12.98337707786527,1.609798775153106,0.4199475065616798
E87002,1.353666895133653,2.330363262508568,0.7139593328763993,8.841672378341329,1.427918665752799,0.6568425862462873
E87003,1.68986083499006,1.530815109343936,0.8946322067594433,13.41948310139165,1.172962226640159,4.254473161033797
E87004,1.96078431372549,2.500710429099176,0.6535947712418301,11.13005588708914,1.468220138296865,0.5399261153736857
E87005,1.868094315981319,2.312336256976876,0.5923225879940768,9.739150244902609,1.412461555985875,0.6948399589930516
E87008,1.105651105651106,1.877851877851878,0.6318006318006317,9.924534924534925,1.210951210951211,0.5791505791505791
E87009,1.567317574511819,1.644398766700925,0.6680369989722508,11.97327852004111,1.515930113052415,0.6423432682425488
E87010,1.147653305926687,2.124015073655361,0.6337786913326482,10.14045906132237,1.3189448441247,0.39397053785543
E87011,1.382144191258872,2.577512140455734,0.8467189640144441,11.492964761549,1.743244925912091,0.5603287261860291
E87013,1.414054848188051,1.909892262487757,0.6182664054848188,8.006856023506366,1.248775710088149,0.2632223310479921
E87016,1.725067385444744,2.110127069695803,0.4620716211012707,9.179822872545245,1.378513669618791,0.2541393916056989
E87021,1.737220447284345,2.07667731629393,1.317891373801917,17.51198083067093,2.016773162939297,1.078274760383386
E87024,1.129842180774749,1.757532281205165,0.6814921090387375,15.88952654232425,1.237446197991392,0.7532281205164992
E87026,1.594140456699698,2.326583369237398,0.8186126669538992,17.92330891856958,1.680310211115898,0.990952175786299
E87029,1.981287837094111,1.926252063841497,0.616400660429279,10.39075399009356,1.441937259218492,0.3742432581177765
E87034,1.474723917964195,1.989162493998216,0.7750874545579257,10.6728856574525,1.172919953357569,0.6379038342821868
E87037,1.152560267464367,1.85641386591589,0.5278901988386416,8.89494985043111,0.8974133380256907,0.343128629245117
E87038,1.488673139158576,2.955771305285869,0.7982740021574973,12.01725997842503,2.049622437971953,0.668824163969795
E87043,1.209851649143022,1.742762494598877,0.4897018579864612,8.80023044793317,0.7921647702722165,0.2448509289932306
E87045,1.073619631901841,1.802147239263804,0.5751533742331288,11.44555214723926,1.284509202453988,0.4409509202453987
E87046,0.7143942848457212,1.253989968080255,0.3951968384252926,5.851953184374524,0.8207934336525308,0.326797385620915
E87047,0.7854545454545454,1.425454545454545,0.5090909090909091,9.250909090909092,0.8581818181818182,0.3054545454545455
E87048,1.119507416736636,1.959137979289113,0.4757906521130702,8.060453400503778,1.09151973131822,0.279876854184159
E87052,1.087890065845978,3.435442313197824,0.9733753220727168,12.19582021185228,1.574577726882336,0.5439450329229888
E87061,1.327653532126376,1.107561235356763,0.3549875754348598,8.235711750088747,0.7880724174653887,0.3549875754348598
E87063,0.6904046538387778,0.958895352553858,0.3452023269193889,5.702231029853609,0.5817298472160072,0.2365275202966183
E87065,1.609010458567981,1.823545186377045,0.6972378653794583,11.4507910968088,2.172164119066774,0.7508715473317243
E87066,1.094937524153034,1.42985959036455,0.5023830993172743,8.10253767873245,0.9145948731160634,0.3606853020739405
E87067,1.394959546173161,1.90644471310332,0.7346786943178648,11.72695991816237,1.525155770482656,0.5765832790849066
E87070,0.7982383704927056,1.045967519955959,0.2752546105147262,6.041838700798238,0.5092210294522433,0.0825763831544178
E87609,1.322656109411553,1.876012236818427,0.4498830304120929,7.917941335252834,1.048227460860176,0.2159438545978046
E87637,1.022553516819572,1.715405198776758,0.6068425076452599,12.40443425076453,1.161123853211009,0.4634938837920489
E87648,1.220703125,2.0751953125,0.4150390625,9.47265625,0.9765625,0.244140625
E87663,0.6652555185969156,2.993649833686121,0.6047777441790142,10.13002721499849,1.239794375566979,0.2721499848805564
E87665,1.789538085041297,1.758947690425207,0.4435607219333129,9.483022330988067,1.238910981951667,0.3517895380850413
E87677,0.2240366424375187,0.243951010654187,0.0896146569750074,1.105247436025092,0.1543363536791795,0.0398287364333366
E87681,0.8201093479130551,1.326843579143886,0.5600746766235498,6.57420989465262,1.000133351113482,0.4733964528603813
E87701,1.991805144548145,2.651946278169815,0.5918506715228773,11.00614614158889,1.183701343045755,0.3528340541770999
E87702,1.572024382418993,1.63618864292589,0.4491498235482836,6.57683670195701,0.9624639076034648,0.2887391722810395
E87706,0.944700460829493,1.866359447004608,0.7142857142857143,13.11059907834101,1.612903225806452,0.9216589861751152
E87714,0.467741935483871,0.903225806451613,0.2903225806451613,6.709677419354838,0.6290322580645161,0.1612903225806452
E87715,1.410090556274256,2.043984476067271,0.6985769728331177,7.580853816300129,1.073738680465718,0.3104786545924967
E87720,0.9384548232213008,1.735050196420777,0.447402880838062,7.976865997381057,1.003928415539066,0.1964207769532955
E87722,0.7998836532867947,1.236183827806864,0.3635834787667248,5.78824898196626,0.5671902268760907,0.2908667830133799
E87733,1.534113847396044,2.341542188130803,0.8276140492531288,15.28058134840533,1.574485264432782,0.7468712151796528
E87737,1.329923273657289,1.473145780051151,0.3478260869565217,7.979539641943734,1.023017902813299,0.2148337595907928
E87738,1.605504587155963,1.743119266055046,0.5635648754914809,8.774574049803407,1.199213630406291,0.1965923984272608
E87739,1.36662556514591,1.829017673653925,0.5754212905877518,8.004521167283189,0.9658857377722976,0.3801890669954788
E87740,0.6890611541774333,2.239448751076658,0.9474590869939706,7.493540051679587,1.07665805340224,0.4737295434969853
E87741,1.483762597984323,1.67973124300112,0.6159014557670772,11.17021276595745,1.651735722284434,0.6718924972004479
E87742,0.6533812479581836,1.731460307089187,0.5553740607644561,13.59032995753022,1.470107807905913,0.5227049983665468
E87745,1.257263602746963,1.489698890649762,0.4965662968832541,8.14580031695721,0.9191759112519812,0.2535657686212361
E87746,0.6907761072734661,1.44250304754165,0.4876066639577408,6.867127184071515,0.5079236082893133,0.1828524989841528
E87750,1.282344859171056,1.923517288756583,0.4350812915044653,9.663384474467598,0.9388596290359515,0.3434852301351042
E87751,1.005265677357587,3.159406414552417,1.148875059837243,15.94064145524174,2.010531354715175,0.8137865007180469
E87753,1.276335343998601,1.678468397587202,0.5944575574788006,9.79106565259201,1.040300725587901,0.4021330535886004
E87755,0.5948653725735754,1.659361302442079,0.720100187852223,12.33562930494678,1.064495929868503,0.5948653725735754
E87762,1.649295613331806,2.21051425953499,0.7902874813881572,9.609437636009622,1.328599244072844,0.5726720879624326
F81001,2.839543269230769,3.673377403846154,1.547475961538462,16.97716346153846,2.366286057692307,0.6234975961538461
F81003,1.353503184713376,2.229299363057325,1.146496815286624,13.82165605095541,1.369426751592357,0.2388535031847134
F81004,2.461736059081665,3.61768168682436,1.081023225944557,18.17403403617682,2.097827250347854,0.5993792143851011
F81007,2.501114357882225,3.34307364667426,1.302560546778268,16.16066564310832,1.896884750631469,0.3367837155168144
F81009,2.982519372859975,3.171742656334474,1.045233375382952,15.43521355199135,1.946296630023428,0.4775635249594521
F81010,1.75325199967682,2.351135170073523,0.6948371980286014,14.3653550941262,1.543184939807708,0.5009291427648057
F81011,2.589442081561171,3.052289216912684,0.8756567425569177,16.17463097322992,1.77633224918689,0.3377533149862397
F81012,4.837830471518125,4.483510493322431,1.689833742164077,25.15671845189425,3.175252112292178,0.8857999454892341
F81013,2.662885054754589,2.820452217757819,1.229023871425195,15.24462302056251,2.30048057984716,0.4017962656582368
F81014,1.957369163141743,2.587708385170441,0.6883967819523928,14.51438998092394,1.691963174919134,0.4810483536534793
F81015,2.89614898989899,2.880366161616162,1.207386363636364,13.96780303030303,1.949179292929293,0.5129419191919192
F81017,4.623018274234539,5.59118964056638,2.093670579692606,26.27375045383033,3.703255476219291,1.198112065835653
F81019,2.951005380911923,3.726989521382044,1.761540640045313,18.56697819314642,2.429906542056075,0.725007080147267
F81020,3.436383791107279,3.510284517797758,1.083877324793694,18.9309028205444,2.26628895184136,0.6651065402143121
F81021,3.595640607568867,4.428044280442804,1.287222174547327,21.09328070024886,2.402814725821677,0.7036814554192053
F81022,2.91166512773161,3.594952293013235,1.120344721452755,18.20867959372114,2.308402585410896,0.4493690366266544
F81023,1.658609148382298,1.926366679062848,0.6173298624023801,12.10115284492376,1.390851617701748,0.3123837857939754
F81025,1.743295019157088,2.279693486590038,0.8045977011494253,14.71264367816092,1.685823754789272,0.2873563218390804
F81026,5.120727866557798,5.703954275049574,1.936311676192698,25.72028461448734,3.487693922780823,0.9564913099265137
F81027,1.876994902577295,2.358153494354724,0.8051069505978753,15.90681720737459,1.333905006907722,0.4716306988709447
F81028,2.715724923346474,2.956636005256242,1.500219010074463,15.81252737625931,1.741130091984231,0.328515111695138
F81030,2.747641509433962,3.360849056603774,0.9257075471698112,18.13089622641509,1.869103773584906,0.5719339622641509
F81031,1.484325015994882,3.058221369161868,1.26679462571977,14.99680102367242,2.060140754958413,0.8445297504798465
F81032,2.354048964218456,4.300062774639046,1.098556183301946,16.19585687382298,1.789077212806026,0.4708097928436911
F81034,3.448994477440867,3.459414400333437,0.7502344482650828,16.68229655100552,1.948525580910701,0.4688965301656768
F81036,2.02728617609994,2.673826091721001,0.734206344857816,15.86214454002521,1.79716179935346,0.3944989315653936
F81037,2.808203216033558,4.066651130272664,1.945933348869727,20.36821253786996,2.598461896993708,0.7107900256350501
F81038,2.813222893813895,3.04454891426013,1.111857324080292,17.14797403178867,2.313260204462354,0.507424819043355
F81040,3.376239713019624,3.629457691496096,0.7596539354294155,19.26566786241823,2.679890272209327,0.4642329605401984
F81041,2.770940291159716,3.389830508474576,1.399535832337014,18.7284619171531,2.482593712638019,0.4922990365004571
F81042,2.003003293935284,2.460763417942259,1.145611315636505,13.83210618097268,1.402344506878512,0.4117419104824646
F81043,2.927891156462585,2.906122448979592,1.012244897959184,16.39183673469388,2.138775510204082,0.4136054421768708
F81044,3.036002149382053,3.076303062869425,1.450832885545406,15.85169263836647,2.444922084900591,0.5239118753358409
F81045,2.662205411696247,2.691300552807681,1.061972650567355,19.23188827465813,2.065755018911842,0.4364271166715158
F81046,3.252932064616065,4.16021243637973,1.83668953308254,23.50077450763443,2.544810798849303,0.5089621597698606
F81047,2.440561959654179,3.043948126801153,1.314841498559078,16.57060518731988,1.990273775216138,0.6304034582132565
F81048,3.014573767219006,3.333998802156119,1.127969654621681,17.04931123976842,1.836693950888401,0.4591734877221003
F81049,3.136889510055128,3.626057923751844,2.515723270440252,18.59616429847038,2.484664958459508,0.4425809457255998
F81051,2.696109898574913,3.710360765181667,1.823083836179227,19.10386442418796,2.118372063166003,0.7446398767492618
F81052,4.47956975142651,4.79438578080934,2.046304190988391,25.80179707483439,3.135042959270677,1.442906801337968
F81053,2.240434508510742,2.56534600649823,1.178410358372533,14.09243004703943,1.479074729644537,0.4170505795063285
F81055,2.144992526158445,2.384155455904335,0.7473841554559043,14.36472346786248,1.666666666666667,0.1270553064275037
F81056,2.347855568740465,2.65299203254789,0.9493134429564332,15.18053907441939,1.712154602474996,0.3644685539922021
F81057,1.857688954463148,2.193011870431225,0.7108845818523237,12.8696935148548,1.723559788075917,0.2749647910938234
F81060,1.181984919502751,1.671082127572855,1.018952516812716,15.63073160790707,1.569186875891583,0.3260648053800693
F81061,3.391372141372141,3.807172557172557,1.429313929313929,21.88149688149688,2.351871101871102,0.4807692307692308
F81062,1.856353591160221,2.685082872928177,0.6850828729281767,12.9060773480663,1.502762430939226,0.3867403314917127
F81065,1.506024096385542,2.571825764596849,1.39017608897127,13.32252085264133,1.088971269694161,0.2316960148285449
F81066,3.232928560164012,3.690269673553068,1.419334489828103,19.85491247437313,2.617883614571834,0.6465857120328024
F81067,2.816802472604664,3.294464737285754,1.166057881427367,16.57066591739253,2.205675751615622,0.3652711435796572
F81068,2.9569252736792,3.492384578772013,0.9459781056639696,13.79105188005711,2.361970490242741,0.4105188005711566
F81069,2.273262661955242,2.555948174322733,0.9893992932862192,15.02944640753828,1.27208480565371,0.4004711425206125
F81071,1.709697515055029,1.986571606561916,0.4360766941233474,11.07496366027549,1.218246002630304,0.3530144666712812
F81072,2.1500122159785,2.516491570974835,0.8429025164915709,14.02394331785976,1.563645247984364,0.3298314194967017
F81075,3.118057759441447,3.340209457315138,1.412250079339892,19.50967946683592,2.68168835290384,0.4919073310060298
F81076,2.656953074780373,2.721234197557317,0.9213627598028712,17.78444396828798,1.864152560531391,0.2999785729590743
F81078,1.597633136094674,1.994928148774302,0.650887573964497,14.74218089602705,1.115807269653423,0.3465765004226543
F81080,2.937505200965299,3.14554381293168,1.04851460431056,16.46833652325872,2.346675542980777,0.4160772239327619
F81081,2.039985525601592,3.039623665641397,1.397684096254749,16.27465170978831,1.85905554550389,0.6649176768590556
F81082,2.29988726042841,3.201803833145434,1.89402480270575,23.63021420518602,2.051860202931229,0.5186020293122886
F81083,2.405668149612787,2.603394298896029,1.153402537485583,15.84280771131982,1.927829955511616,0.535508320975449
F81085,2.703878216745198,2.348677056904676,1.101848495831823,13.62812613265676,2.000724900326205,0.326205146792316
F81086,2.182004877422667,3.144654088050315,1.168014375561546,14.83763316647414,1.655756642279553,0.3850596842510589
F81087,2.136627906976744,3.095930232558139,0.9302325581395348,16.64970930232558,2.114825581395349,0.4651162790697674
F81088,2.581369248035915,2.731013842124953,1.159745604190048,20.31425364758698,1.982790871679761,0.6734006734006733
F81089,2.44355390479914,3.518717622910762,1.25109959925716,18.14094418922882,2.101456358127261,0.2834522529567002
F81090,2.607797572940873,2.332386608141837,0.8004131164471986,14.60538772699888,1.557793269644548,0.2495911868491264
F81091,2.173683655165136,2.469135802469136,1.276775350849425,14.66708874116281,1.70940170940171,0.5275931201857128
F81092,1.785714285714286,3.235294117647059,1.050420168067227,14.74789915966387,2.121848739495798,0.5672268907563025
F81095,1.680518768837337,2.31527993424057,1.064024111791031,11.80929765275368,1.388254635126495,0.5479952507078273
F81096,2.860834256183094,3.469915097822075,1.818014027316353,21.33628645256552,2.094868955334072,0.5537098560354374
F81097,2.030655627657194,2.741105392705303,0.9286193779368986,17.24099351085254,1.801297829492056,0.3859923920340121
F81098,3.489653483531284,3.80800783641484,1.224439818782907,18.03599853067222,2.350924452063181,0.6734419003305988
F81099,2.551679586563307,3.133074935400517,0.9286175710594315,18.39470284237726,1.776485788113695,0.4441214470284238
F81100,2.866902525314139,2.744906673173112,0.8539709649871904,16.55890366394209,2.004798503517547,0.4229189540888943
F81101,2.499550440568243,2.76928609962237,1.276748786189534,15.51879158424744,2.014026254270814,0.3236827908649523
F81102,2.689052689052689,2.716352716352716,1.105651105651106,15.06961506961507,2.115752115752116,0.3003003003003003
F81104,2.463651050080775,2.948303715670436,1.898222940226171,23.08158319870759,1.595315024232633,0.5048465266558966
F81105,2.109080498162905,2.395381018275517,0.7968697809801022,15.08326573459942,1.574652860619364,0.2863005201126115
F81106,1.868467301822218,2.81195079086116,0.8787346221441126,14.18000184996762,1.479974100453242,0.5827398020534641
F81108,2.386210611365473,2.967950444384595,1.195798545650417,16.58497172098034,2.267708052787504,0.716401831403178
F81110,1.329940070601757,2.372547409900665,0.96051227321238,14.75248337574912,1.48592069616616,0.4433133568672523
F81112,2.914552187628583,3.134000822932383,1.200109724317652,14.86078727197915,2.379646139075573,0.3223151831024551
F81113,1.00219659527732,1.359143327841845,0.6933003844041735,12.19110378912685,1.015925315760571,0.1235584843492586
F81114,2.886172875865116,3.20276836990134,1.178029745251068,19.05463112943602,2.4959505227507,0.5669268149020763
F81115,3.128037147690868,3.541989129261006,1.429034232029085,16.586875922393,1.950973687052302,0.557935279507577
F81116,4.187373458494386,4.325418737345849,1.905024848150193,21.67310877967973,3.239462543714338,0.8834897846493651
F81117,2.259600770088155,2.411591853277941,0.9322119768973554,14.35809099199514,1.530043570777181,0.506636943965954
F81118,2.465129125811352,3.0451595083552,0.7664687197900842,15.32937439580168,2.133683192929153,0.4419279105095981
F81119,3.019323671497585,3.272946859903382,0.6884057971014492,15.02415458937198,2.004830917874396,0.5676328502415459
F81120,1.763397991259679,2.783102047075059,0.9200337345702676,14.57486774515066,1.663727670014567,0.5213524495898183
F81121,2.711690969557432,3.057047838321822,1.240726528523919,16.70503965208493,1.73317984139166,0.3581478639038117
F81122,2.270410527291261,2.68742470577333,0.7660704908411331,13.55141630370988,2.03564698977543,0.4015692089086585
F81123,2.819092057937203,2.833673568581705,1.103334305434043,14.60095265869544,2.172645086030913,0.3256537377272286
F81125,3.017001114827202,2.954292084726867,1.414437012263099,18.91722408026756,1.721014492753623,0.4738015607580825
F81126,3.269172013443324,3.758020164986251,1.334148080252572,20.90844281495061,2.495162440167023,0.804562582747734
F81128,2.842148309705562,3.203380588876772,1.492639040348964,17.0324427480916,2.201472191930207,0.4021264994547438
F81131,2.843190450352686,3.320672816060771,0.9875203472599025,17.29788388497016,2.148670645686381,0.6511123168746609
F81132,2.356331581624004,2.949652483471775,0.9662654687235124,15.2963779171611,1.909928236424253,0.5876702265920778
F81133,3.2090414123082,3.176043557168784,1.385909915855469,19.54297970631909,2.128361656492328,0.3794753341032833
F81134,2.223094023800183,2.419249378841376,0.902314633189486,17.73244409572381,1.883091408395449,0.405387733751798
F81136,1.611911754661567,1.830476060378389,0.6352025134895157,9.698791066184004,1.05867085581586,0.3005259203606311
F81137,2.805392891188887,3.173090017703935,1.457170093967044,18.41209314993872,2.21980117118344,0.5311180716328476
F81141,0.8990701397869326,1.077652564813104,0.4433770552373915,5.197364369727199,0.6589075682000123,0.1231602931214976
F81142,3.399746995572422,3.38393421884883,1.470588235294118,20.08222643896268,2.340290955091714,0.3004427577482606
F81144,2.509617145997435,2.688221285949808,1.062465653050009,15.64389082249496,2.033339439457776,0.3572082799047445
F81147,2.941757156959526,3.257650542941757,1.520236920039487,18.46001974333662,2.566633761105627,0.5923000987166831
F81149,2.56702295426669,3.224110741195024,0.9987734361310672,17.81145961100403,2.479411249342912,0.3942526721570002
F81150,1.461230261607353,1.924738785450546,0.7306151308036767,11.65056170948228,1.194123654646869,0.2435383769345589
F81152,2.237808951235805,2.379759519038076,0.8517034068136272,13.63560454241817,1.57815631262525,0.3423513694054776
F81153,2.656911821332307,2.911051212938006,1.255294570658452,19.28378898729303,2.371967654986523,0.5313823642664613
F81155,1.624087591240876,2.262773722627737,1.003649635036496,16.04014598540146,1.824817518248175,0.2737226277372263
F81156,2.972308350261948,3.581738479632204,1.454078905164119,17.91938415481664,2.67293916390463,0.7270394525820593
F81158,2.193211488250653,3.550913838120104,1.383812010443864,14.59530026109661,2.454308093994778,1.096605744125327
F81159,0.984009840098401,1.749350826841602,0.6423397567309006,9.143091430914309,1.052343856771901,0.5466721333880005
F81163,2.800110895481009,3.077349598003881,1.136678680343776,16.75907956750762,2.176323814804547,0.4435819240365955
F81164,1.850119530194367,2.702421785677165,1.455150192287704,14.99844091050826,1.954058829643488,0.4677268475210477
F81165,2.175317682532845,2.132242084858927,0.8184363558044367,12.9872926986862,1.270730131380573,0.3230669825543829
F81169,2.649668791401075,2.712160979877515,0.9498812648418948,14.273215848019,1.662292213473316,0.4124484439445069
F81170,2.500729075532225,2.763196267133275,0.5176436278798484,14.45027704870225,1.545640128317294,0.2478856809565471
F81173,1.358863495985176,2.038295243977764,0.8184064237183446,14.14453366275479,1.358863495985176,0.6022235948116121
F81176,2.070913084405397,2.165045497332915,1.129588955130217,14.52776906181362,1.631628490743646,0.4079071226859115
F81177,2.351345240786796,2.283517974225639,0.926972643002487,17.63508930590097,1.786118019443816,0.3843545105132263
F81181,1.084057472253291,2.34879118988213,0.5721414436892369,12.95276606728039,1.393788178611374,0.4086724597780264
F81183,3.310225303292894,3.65684575389948,1.403812824956672,23.22357019064125,2.980935875216638,0.5892547660311959
F81184,2.776448061273336,3.470560076591671,0.861656294877932,18.02297750119674,2.082336045955003,0.3350885591191958
F81186,1.385584324702589,1.973407977606718,0.6717984604618614,11.33659902029391,1.679496151154654,0.3358992302309307
F81192,2.711401541012387,3.413635033648688,1.531259143665269,20.14044669852726,2.643128840339413,0.8192724080756851
F81193,1.665725578769057,2.35742518351214,0.8610954263128177,15.45736871823829,1.792772444946358,0.4376058723884811
F81197,1.516875237011756,2.199469093667046,1.251422070534699,16.30640879787637,1.137656427758817,0.3412969283276451
F81198,2.596913812570568,3.12382386149793,1.467820850583365,17.80203236733158,2.333458788106888,0.4892736168611215
F81205,2.849557522123894,3.982300884955752,1.575221238938053,19.61061946902655,2.194690265486726,0.6548672566371682
F81206,1.203409660705332,2.356677252214608,0.9359852916597023,13.12050810630119,1.387263914424202,0.4679926458298512
F81207,1.081081081081081,2.046332046332046,0.5791505791505791,11.15830115830116,1.11969111969112,0.1158301158301158
F81211,1.654482493266641,2.327818391689111,0.6156213928434013,12.83185840707965,1.19276644863409,0.2308580223162755
F81212,2.473462847987182,4.045663929501302,1.872621670338474,17.33426797516523,2.433406769477268,0.6709393150410575
F81213,3.308628904182107,4.129168872419269,1.495500264690312,21.06934886183166,2.514557967178401,0.6749602964531498
F81215,3.155758498224252,3.21664129883308,1.075596144089295,18.0314561136479,2.15119228817859,0.2638254693049213
F81216,2.504432624113475,3.368794326241135,1.285460992907801,15.0709219858156,1.99468085106383,0.6427304964539007
F81219,2.742772424017791,2.965159377316531,1.797627872498147,19.05114899925871,2.446256486286138,0.5930318754633062
F81221,1.736385161799527,2.841357537490134,0.6906077348066298,16.08129439621152,1.637726913970008,0.4735595895816891
F81222,2.235732496567954,2.451461070798196,0.9413610511865071,16.49343008433026,1.843498725240243,0.3530103941949402
F81223,2.5970058050718,3.208065994500458,1.497097464100214,18.14848762603117,2.199816681943171,0.3360831041857623
F81606,3.519668737060042,3.761214630779848,1.104209799861974,19.66873706004141,2.657004830917874,0.759144237405107
F81613,2.483974358974359,3.399725274725275,1.179029304029304,17.17032967032967,2.174908424908425,0.2976190476190476
F81618,2.201834862385321,3.302752293577982,1.559633027522936,16.51376146788991,2.385321100917431,0.5963302752293578
F81619,1.209982354423998,1.86538946307033,0.5293672800604992,13.18376607007815,0.9074867658179984,0.2520796571716662
F81623,1.908713692946058,2.282157676348548,0.8713692946058091,17.75933609958506,1.410788381742739,0.3319502074688797
F81632,1.295064753237662,1.750087504375219,0.9975498774938746,12.65313265663283,1.505075253762688,0.280014000700035
F81633,2.584780810587263,2.729528535980149,0.6823821339950372,13.66832092638544,1.654259718775848,0.3515301902398677
F81635,1.512214036448236,2.44280728964715,0.9693679720822024,14.61806901899961,1.938735944164405,0.3489724699495929
F81636,1.500772456411388,1.771132200397263,0.5903774001324211,11.73581990730523,1.05385124696535,0.2703597439858751
F81640,1.332741003998223,2.421146157263439,0.7330075521990226,12.63882718791648,1.510439804531319,0.5330964015992893
F81641,1.425582003662045,2.014125032696835,0.6931729008631964,13.82422181532828,0.9416688464556632,0.2877321475281193
F81645,1.950313443231948,2.902252147666589,1.068028790341305,18.17970745298351,2.089621546319944,0.7197585326213141
F81649,2.795980777632154,2.468326780253386,0.873743993010048,15.50895587592835,2.162516382699869,0.2621231979030144
F81652,2.926280247608328,3.489026449071469,1.838304258112924,20.27762145938848,2.813731007315701,0.6002626148940161
F81656,2.015558698727015,3.147100424328147,1.44978783592645,17.53889674681754,1.44978783592645,0.388967468175389
F81665,1.563110590074248,2.422821414615084,0.5275498241500586,12.13364595545135,1.328644001563111,0.2735443532629933
F81666,1.930835734870317,2.536023054755043,0.9221902017291068,15.21613832853026,1.930835734870317,0.3746397694524495
F81669,0.975609756097561,1.825783972125436,0.6689895470383276,11.13588850174216,1.226480836236934,0.2787456445993031
F81674,2.184680700513002,2.688837785246772,0.9552450026534584,16.44259685122944,1.54785069874403,0.3537944454272068
F81675,1.793478260869565,2.047101449275362,0.7608695652173914,14.42028985507246,1.159420289855073,0.3079710144927537
F81679,1.571684129823665,2.300025555839509,0.7411193457705085,13.25070278558651,1.81446460516228,0.3577817531305904
F81681,4.220494167816381,6.283707512855889,1.969145867302145,28.33312429449392,3.631004640662235,1.79982440737489
F81683,1.536245799327892,2.765242438790206,0.6625060009601536,12.8468554968795,1.4210273643783,0.3552568410945751
F81690,2.466990965948575,3.283530229325921,1.372480889506602,18.10284920083391,2.136900625434329,0.3474635163307853
F81696,2.098674521354933,2.614138438880707,0.9572901325478644,16.01620029455081,1.730486008836524,0.3681885125184094
F81697,2.5,2.804054054054054,1.047297297297297,19.12162162162162,2.432432432432432,0.5405405405405406
F81700,2.450113665066936,3.763576660772922,1.237686284415257,19.72720383935337,1.74286435968679,0.3283657489264966
F81704,1.67342799188641,2.155172413793104,0.8620689655172413,11.10547667342799,1.191683569979716,0.2281947261663286
F81707,0.7811113083614416,1.473459968045447,0.639091070477543,9.568613527427658,0.9408840759808274,0.3195455352387715
F81708,1.313559322033898,1.949152542372881,0.7966101694915253,14.28813559322034,1.279661016949152,0.3050847457627119
F81711,1.353965183752418,2.127659574468085,0.8565902182923459,11.68831168831169,1.409229068803537,0.4697430229345123
F81713,1.801456496742047,2.29973169796857,1.188194710617095,17.97623610578766,1.456496742046761,0.3449597546952856
F81716,1.517673553314403,1.968079898169,0.5385293253696269,11.73993929305787,1.380593361402135,0.205620287868403
F81725,2.10896309314587,3.308177401013129,1.106171818463765,16.251421482477,1.912540059960715,0.5169027189083014
F81729,1.489182354593987,1.685866816521495,0.8148356279853891,14.58274796291093,1.657769036246137,0.3933689238550154
F81730,3.218390804597701,4.066091954022989,1.163793103448276,16.04885057471265,2.241379310344827,0.5747126436781609
F81732,2.120600115406809,3.015002885170225,1.182919792267744,18.40738603577611,2.23600692440854,0.3029428736295441
F81737,1.322751322751323,2.1494708994709,0.5952380952380952,11.27645502645503,0.7605820105820106,0.1653439153439153
F81739,3.606653908435154,4.283821581039305,1.516266745178861,26.17400264978654,2.267039599587811,0.6477255998822317
F81740,3.886925795053004,4.54754954678138,2.243048087263789,23.96681517898295,2.872945152865264,0.7374404670456292
F81741,3.488691511766322,5.292555626774105,2.041937551506272,24.26517718157678,2.847724567347313,1.034703781704972
F81744,2.886750555144337,2.923760177646188,1.443375277572169,16.98741672834937,2.553663952627683,0.7772020725388601
F81746,0.8075370121130552,1.480484522207268,0.4037685060565276,10.04037685060565,0.4845222072678331,0.1884253028263795
F81749,2.164885288310981,2.872898087003881,1.218598951596433,15.69882224794064,1.722377289127919,0.4901627067873919
F81751,2.355605889014722,3.420158550396376,1.177802944507361,16.53454133635334,1.993204983012458,0.6342015855039638
F81757,2.548435171385991,2.995529061102832,1.222056631892698,18.45007451564829,2.220566318926974,0.5216095380029807
F82001,0.9972008397480756,1.382085374387684,0.4548635409377187,13.64590622813156,0.8047585724282715,0.2099370188943317
F82002,2.611259300856381,2.737610557349432,1.109083251439001,17.32416116804717,2.049698160887266,0.4352098834760634
F82003,0.9906542056074767,1.719626168224299,0.3364485981308411,12.74766355140187,1.065420560747663,0.2803738317757009
F82005,1.083333333333333,1.236111111111111,0.5694444444444444,12.25,1.013888888888889,0.25
F82006,3.51288056206089,3.08226939638891,1.382488479262673,18.10833270378485,2.613885321447458,0.566593639042079
F82007,3.038963513384776,2.962751262265409,0.9812327331618558,16.12841764313614,2.162522625512051,0.4382204439363628
F82008,3.031483790523691,3.467892768079801,1.371571072319202,20.79177057356608,2.579488778054863,0.6935785536159601
F82009,1.803588290840415,2.32766761095373,0.7223796033994334,12.5590179414542,1.378659112370161,0.3257790368271954
F82010,1.390659404334222,2.340943330629274,1.054583381620118,15.74921775408506,1.726735427048325,0.7185073589060146
F82011,2.008905457181319,2.319560940250596,0.6213109661385523,15.55348451900176,1.832867350108729,0.3003003003003003
F82013,2.069233329634971,2.219016975479863,0.8265838233662488,12.78708532120271,1.653167646732498,0.2551869521801842
F82014,1.702462022001048,1.990570979570456,0.5762179151388162,12.45416448402305,1.506024096385542,0.3273965426925092
F82015,1.012029788046592,1.642161542868054,0.6110368531602063,14.20660683597479,0.8592705747565399,0.2482337215963338
F82016,1.732435033686237,2.213666987487969,0.8180943214629451,14.61341033044594,1.507860121912095,0.465190888675008
F82017,1.468702645996037,1.830050122391887,0.6177876209348409,16.38885651008276,0.8975405058864669,0.3380347359832148
F82018,0.961133125368856,1.913835258409915,0.3793946547508641,11.57575246606526,1.205631902874968,0.1939128235393306
F82019,1.514919663351186,2.34123947972456,0.7192042846212701,14.50650344299924,1.407804131599082,0.4743687834736037
F82021,2.029254223320972,2.15286361763494,0.7725587144622992,15.62628759785744,1.751133086114545,0.5047383601153688
F82022,2.203007518796992,2.676691729323308,0.894736842105263,18.73684210526316,1.503759398496241,0.4962406015037594
F82023,2.243043725156161,2.782509937535491,0.7950028392958546,17.43327654741624,1.249290176036343,0.3975014196479273
F82025,1.03329506314581,1.59094636706577,0.5412497949811382,12.43234377562736,1.000492045268165,0.3444316877152698
F82028,1.96360153256705,2.241379310344827,1.187739463601533,15.94827586206897,1.772030651340996,0.6226053639846743
F82030,2.004995611962466,2.315533652872477,0.9113616418011208,13.93370687909269,1.593195166407885,0.5130628501991494
F82031,2.576112412177986,2.482435597189696,0.8430913348946136,15.94847775175644,1.358313817330211,0.4449648711943794
F82033,2.915704387990762,3.55080831408776,1.299076212471132,17.81177829099307,2.424942263279446,0.4330254041570438
F82034,0.7120686507211977,1.223297425597955,0.3469052400949425,10.59886799342706,0.693810480189885,0.2373562169070659
F82038,1.32317562149158,1.643945469125902,0.3809141940657578,10.92622293504411,0.7217321571772253,0.3608660785886126
F82039,1.10938540048813,1.908142888839583,0.5768804082538274,13.73419125804304,1.175948524517417,0.2662524961171511
F82040,0.6460544531610521,1.153668666359022,0.2307337332718043,9.6677434240886,0.5999077065066913,0.161513613290263
F82042,0.7047045101088647,1.307348367029549,0.3547822706065319,10.74066874027994,0.8505054432348367,0.1992612752721618
F82045,2.303878681831438,2.887139107611548,0.758238553514144,14.02741324001166,1.983085447652377,0.4374453193350831
F82051,1.357383620296985,1.858431265373053,0.6103671312744829,14.57593149312198,1.384713491846588,0.4281679876104582
F82055,1.640105214296766,1.887668265511373,0.8742070246015782,13.83258548661612,1.338387745628965,0.208881324462324
F82604,0.8083529808016167,1.700909397103402,0.5220613001010441,11.16537554732233,1.162007409902324,0.2694509936005389
F82609,2.510279160354902,2.791603549015365,0.9305345163384549,21.22917117507033,2.034191733391041,0.4111664141960614
F82610,1.877133105802048,2.423208191126279,0.614334470989761,13.95904436860068,1.74061433447099,0.5119453924914675
F82612,0.8785664578983995,2.235560194850382,0.6089074460681976,12.06506610995129,1.061238691718859,0.2957550452331246
F82619,2.401331431288635,2.520209224916786,1.283880171184023,16.31003328578221,1.664289110794104,0.4041844983357109
F82624,2.4349750968456,2.324294410625346,0.6640841173215274,18.17007932115846,1.457295701900018,0.3689356207341819
F82625,0.5368289637952559,1.685393258426966,0.5368289637952559,11.54806491885144,0.8364544319600499,0.0998751560549313
F82627,1.048909840895698,1.520329994107248,0.6246317030053035,9.475545079552152,0.8249852681202121,0.4242781378903948
F82630,1.718258132214061,2.452780692549843,0.6164742917103883,14.20514165792235,1.639559286463799,0.1836306400839454
F82634,0.976781425140112,1.377101681345076,0.5124099279423538,12.2818254603683,0.8807045636509208,0.3522818254603683
F82638,1.148818169813812,1.558167172850918,0.7262643602271227,10.69589330516308,1.148818169813812,0.264096130991681
F82642,1.115137998327293,1.867856147198216,0.96180652355729,11.87621968218567,1.254530248118205,0.2509060496236409
F82647,0.3510825043885313,1.501852935439828,0.3900916715428125,11.05909888823874,0.7606787595084844,0.156036668617125
F82648,1.178318931657502,1.780570830060225,0.3404032469232783,12.01885310290652,0.9950248756218906,0.4189578423671119
F82649,2.47589833479404,2.826468010517091,1.205083260297984,18.42681858019281,1.818580192813322,0.5915863277826467
F82650,0.5879470847623713,1.685448309652131,0.3331700146986771,9.6031357177854,0.6957373836354728,0.13718765311122
F82660,1.126439063120286,1.925367209210004,0.6500595474394602,15.56669313219532,1.270345375148868,0.258038904327114
F82661,0.7228315054835494,1.021934197407777,0.3240279162512463,10.84247258225324,0.7477567298105683,0.0
F82663,1.43832276938079,1.243295953193564,0.4388103364212579,11.65285226718674,1.389566065333983,0.1950268161872257
F82670,0.6174068910575582,1.155148376817367,0.2987452698665604,8.185620394343756,1.035650268870743,0.1792471619199363
F82671,2.10121337673868,2.426753477360166,1.124593074874223,15.47795205682154,2.042024267534774,0.7102693104468778
F82674,2.514640027557699,2.290733723734068,1.153978642783328,17.0685497760937,2.290733723734068,0.4478126076472614
F82675,2.648063781321185,2.733485193621868,0.7118451025056948,15.60364464692483,2.107061503416856,0.2277904328018223
F82677,0.944165986711738,1.573609977852897,0.4662548082527102,11.69133931693671,0.944165986711738,0.3730038466021681
F82678,2.077649527806925,2.518363064008394,1.112277019937041,18.80377754459601,2.497376705141658,0.2938090241343127
F82679,1.175004450774435,1.655688089727612,0.605305323126224,13.70838525903507,1.157201353035428,0.3204557593021186
F82680,1.356891839125342,2.459976571651699,1.29832096837173,17.42483404919953,1.454509957048028,0.7028504490433425
F82686,0.4274374109505393,1.424791369835131,0.366374923671891,10.90983106045186,1.119478933441889,0.3460207612456748
F83002,1.125581395348837,1.693023255813954,0.5767441860465117,9.246511627906976,1.2,0.3627906976744186
F83003,2.373477332663569,2.210222278035916,0.8413914353886726,11.60366695968856,1.456737410523672,0.4269747582569383
F83004,0.2406626035318018,0.3844350679793718,0.1593999062353493,2.594155336771371,0.2937959056102516,0.0906391623691201
F83005,0.1919186679807044,0.1763576949011878,0.0570569012915607,1.68058509258779,0.1452357487421547,0.0311219461590331
F83006,1.099320073711635,2.224057952595794,0.7371163500031772,11.95272288237911,1.264535807333037,0.4384571392260279
F83008,1.370083816892327,2.071244358478401,0.8462282398452611,10.23533204384268,1.434558349451966,0.4513217279174726
F83011,1.305302067690886,1.582534365253552,0.7392861268337761,9.518308882984869,0.9818643872011088,0.2425782603673328
F83012,2.01199200532978,2.491672218520986,0.9993337774816788,11.97868087941372,1.865423051299134,0.7861425716189206
F83015,1.428790904900906,1.76678445229682,0.6452604086649255,10.49316331233677,1.328929174988478,0.6375787371332001
F83017,1.623846068290513,1.90746301857413,0.9175842509175842,11.35023912801691,1.512623734845957,0.4059615170726282
F83018,1.50102893112214,1.827865875801961,1.016826050114998,11.99612637695194,1.307347778719283,0.5689383851833919
F83019,1.457357424343817,2.007584207004238,0.9591791211242472,13.44337868986542,1.561454383225519,0.3271618707710611
F83020,1.61682892906815,2.268776077885953,0.6606397774687065,12.08275382475661,1.503824756606398,0.4346314325452016
F83021,1.062907977586506,1.37484836231298,0.3870371440124776,7.977586505690024,1.051354630004044,0.3985904915949396
F83022,1.35968852949985,1.68313866427074,0.7726864330637916,10.29050613956274,1.503444144953579,0.419287211740042
F83023,1.265380923291736,1.740989615149664,0.7025045815516188,10.685923728074,1.182476655903657,0.3796142769875207
F83032,1.017260068373218,1.500875510714583,0.5753356124405904,7.320937213374469,1.067289252063704,0.2834987075794213
F83033,0.732421875,1.448567708333333,0.5696614583333333,7.682291666666667,0.7975260416666666,0.439453125
F83034,1.882693700217234,2.027516292541637,0.5068790731354091,11.87545257060101,0.7965242577842143,0.5068790731354091
F83039,1.550227366680446,2.025630425795784,0.7234394377842084,13.02190988011575,1.83960314179413,0.3720545680033072
F83042,0.6495766152418513,1.020763252522909,0.2551908131307273,7.319336503885861,0.6727757800719174,0.197192901055562
F83043,0.1789460693570283,0.2344810563988646,0.0925583117363939,1.289645810193755,0.1604344070097495,0.0123411082315191
F83044,0.6573727756998753,0.94072311005327,0.260682307605123,6.131701235407458,0.6347047489516038,0.2946843477275303
F83045,1.647109484336312,1.453331897943804,0.4306168586500162,8.289374529012811,1.238023468618797,0.3229626439875121
F83048,0.5526036131774709,1.190223166843783,0.4994686503719447,6.950053134962805,0.6695005313496281,0.1168969181721573
F83050,0.91015854374633,2.348796241926013,0.5284791544333529,13.74045801526718,0.7927187316500294,0.6459189665296535
F83052,1.641907740422205,2.163148292937191,0.7297367735209799,12.14490487359917,1.224915298410216,0.4691164972634871
F83053,1.049398515485027,1.548502687484003,0.6782697722037369,8.971077553109803,1.228564115689788,0.3327361146659841
F83055,0.722932797193823,0.9838730376010608,0.3037173289985884,6.463618086153057,0.5946015314197716,0.179663772083672
F83056,0.5786802030456852,0.7208121827411168,0.3147208121827411,5.380710659898477,0.5482233502538072,0.2030456852791878
F83057,1.417341591233921,1.500714626012387,0.4406860409718913,10.73130061934254,0.857551214864221,0.2977608384945212
F83058,0.7885876306928938,0.9923799397483608,0.4430267588162325,6.415027467659047,0.5670742512847776,0.2480949849370902
F83059,0.8556660730573774,1.80254528080615,0.8643530382660818,10.87608044129783,1.107588064109803,0.3778829865786387
F83060,1.23725356900068,1.849082256968049,0.7477906186267845,10.65941536369816,1.50917743031951,0.4894629503738954
F83061,1.329601119664101,2.029391182645206,0.6997900629811057,11.52904128761372,1.102169349195241,0.2974107767669699
F83063,0.9397661684179368,1.30235311528785,0.6437768240343348,8.13970697054906,1.087760840609738,0.3551872132603227
F83064,1.032992516074628,1.170022135553916,0.6429851375566565,7.810688310319384,0.9486665963950668,0.4216295983978076
F83615,1.282827060389689,1.234418492073097,0.6051071039574004,9.802735084109887,0.7624349509863246,0.1573278470289241
F83623,1.722072476789458,2.148846960167715,0.7562144354597184,10.19766397124888,1.22042527702905,0.209643605870021
F83624,0.5781710914454277,0.7846607669616519,0.4070796460176991,5.185840707964602,0.5486725663716814,0.2359882005899705
F83632,1.282807431436155,2.167502211736951,1.046888823355942,12.07608375110587,1.474491300501327,0.6930109112356237
F83633,1.031950783885692,1.567771383210954,0.396904147648343,7.005358205993252,0.7541178805318516,0.1984520738241715
F83635,0.2395619438740589,0.7186858316221766,0.2053388090349076,3.639060004563085,0.3992699064567648,0.1026694045174538
F83652,0.9712837837837838,1.5625,0.481418918918919,6.047297297297297,0.8530405405405405,0.3378378378378378
F83658,0.9412528399870173,1.493021746186303,0.8114248620577734,11.24634858812074,1.071080817916261,0.3245699448231094
F83660,0.9169304661063202,1.484554087981661,0.5130444274642506,8.809081977950004,1.026088854928501,0.4257177164065059
F83664,0.5181773317979931,1.093929922684652,0.4112518506333278,6.563579536107913,0.7073531830893239,0.1562757032406646
F83665,0.7514382998708465,1.197604790419162,0.7162146295644006,7.109310790184336,0.6046730069273218,0.2524363038628625
F83666,0.8641797493878728,1.656344519660089,0.7633587786259541,9.534783234912862,1.123433674204235,0.3600748955782803
F83671,1.192660550458716,1.498470948012232,0.6422018348623854,9.44954128440367,1.131498470948012,0.4281345565749236
F83672,0.1552120196187993,0.217296827466319,0.0248339231390078,1.160985906748619,0.1055441733407835,0.0372508847085118
F83673,0.7774075836903062,1.15817864508964,0.5235602094240838,11.80390290337934,0.967793114389973,0.2221164524829446
F83674,1.215673504830131,1.649842613698036,0.7489417127971344,11.89623358298057,1.389341148377293,0.4558775643112993
F83678,2.060889929742389,2.576112412177986,1.26463700234192,15.31615925058548,1.545667447306792,0.6088992974238876
F83680,0.390304026294166,1.232539030402629,0.4313886606409202,10.23007395234182,0.7189811010682005,0.390304026294166
F83681,0.9623992837958818,1.477170993733214,0.5707251566696508,9.892569382273948,0.7609668755595345,0.3245299910474486
F83683,0.6282216494845361,1.401417525773196,0.3060567010309279,8.038015463917526,0.9503865979381444,0.2899484536082474
F83686,0.6801339965485738,0.730890264947721,0.3552938787940311,5.816668358542279,0.5278651913511319,0.131966297837783
F84003,1.181050409078912,2.804169965690156,1.293217207706519,13.38083927157562,1.689100026392188,0.6993929796780154
F84004,1.029543419874664,2.141151894956729,0.7236645777379886,14.99552372426141,1.24589674723963,0.3357206803939122
F84006,0.550900952599564,2.146218294502467,0.5336852978308275,13.41673361643521,0.6656719843911396,0.1664179960977849
F84008,1.303911735205617,2.357071213640923,1.003009027081244,12.23671013039117,1.3707790036777,0.434637245068539
F84009,0.519044347759713,1.190748797801694,0.3663842454774445,8.113884436302572,0.6182734142431876,0.106862071597588
F84010,0.9853168469860896,1.912673879443586,0.5795981452859351,11.07032457496136,0.8017774343122102,0.0772797527047913
F84012,0.4524410774410775,1.92550505050505,0.484006734006734,8.67003367003367,0.8207070707070708,0.1578282828282828
F84013,0.6876444053251183,1.353284189679833,0.5886236109583012,5.957751127736825,0.5996259214435031,0.2530531411596435
F84014,0.5147155866437905,2.349214728784479,0.4355285733139765,13.51458360828824,0.9502441599577668,0.0791870133298139
F84015,0.7571455612341473,2.347151239825856,0.946431951542684,16.41113003975014,1.43857656634488,0.3407155025553663
F84016,0.9673313534153584,1.747984726347051,0.7127704709376326,9.537547730165464,0.975816716164616,0.4072974119643614
F84017,0.8832898928467999,1.583164398107926,0.5743797663867168,10.84564147118448,1.013611352447147,0.3620040544454098
F84018,0.8758537565287263,2.049015668943351,0.9883487344314986,10.4218561671354,1.157091201285657,0.4098031337886702
F84021,0.7248970825129766,1.807768032933596,0.787542509396814,9.432611419366388,0.92178270986218,0.4027206013960981
F84022,0.5430650591940914,1.30335614206582,0.3910068426197458,7.287933094384708,0.7059845769523189,0.0977517106549364
F84025,0.6431673905780154,1.879385232208487,0.4844637487470765,8.803875709989976,0.9355162044771134,0.2171734046107584
F84030,0.8952080042127435,1.974723538704581,0.5529225908372828,9.136387572406528,1.105845181674566,0.3686150605581885
F84031,0.8752871065863803,2.005090322180148,0.7511329070705817,9.330188093612266,1.266372835061146,0.360047178595816
F84033,0.8576329331046313,2.289879931389366,1.183533447684391,11.80960548885077,1.123499142367067,0.5403087478559176
F84034,0.9914375844975214,2.215712783536127,0.7360672975814931,10.47018176355716,1.171698963497071,0.3980772119573381
F84035,0.2539252613314148,0.5120826103516865,0.2369969105759871,3.182529942020398,0.338567015108553,0.0846417537771382
F84036,0.5625717566016073,1.641791044776119,0.6888633754305395,9.39150401836969,0.8955223880597015,0.2066590126291619
F84038,0.8958566629339306,1.931690929451288,1.035834266517357,12.03807390817469,1.063829787234043,0.1959686450167973
F84039,0.193708564101165,1.064032957738793,0.2291763293591248,6.18503260306114,0.4474395001773389,0.0982184268681963
F84044,0.4372115618168569,1.165897498178285,0.3157639057566189,7.66334709740102,0.801554529997571,0.2064610153024047
F84047,0.7575040242401289,1.638102452419278,0.6344096203011079,11.57087397026797,0.994224031815169,0.2840640090900483
F84050,0.5190701873166328,1.722711201384187,0.3310012788685774,9.313172346347702,0.699616339426766,0.0977958323929887
F84051,0.4405286343612335,1.174743024963289,0.4195510803440319,6.293266205160478,0.4929725194042374,0.0943989930774071
F84052,0.7390896292820273,1.941576724542468,0.6511027686532145,11.96034725480995,1.008916001877053,0.2229000469263257
F84053,0.696584058941728,2.304085733422639,0.5626255860683188,13.20830542531815,1.219022103148024,0.2143335565974548
F84054,0.563265306122449,1.689795918367347,0.3510204081632653,9.151020408163266,0.7183673469387755,0.2857142857142857
F84055,0.7694280584765324,1.231084893562452,0.4103616311874839,7.950756604257501,0.7694280584765324,0.1538856116953065
F84060,0.6335379132844982,1.682835082161948,0.6731340328647792,12.37378736883785,1.168085527618294,0.3563650762225302
F84062,0.6961340902946742,1.939713436063801,0.6015139226818059,9.360638010273046,1.088131927547986,0.3108948364422817
F84069,1.101967799642218,1.688729874776386,1.008944543828265,10.33273703041145,0.9445438282647584,0.3434704830053667
F84070,0.4655975168132436,1.758923952405587,0.6104500775995861,11.28815312984997,0.900155199172271,0.16554578375582
F84072,0.5510052122114669,0.7892777364110201,0.4244229337304543,5.97915115413254,0.6105733432613553,0.0744601638123603
F84074,0.9125976103114122,3.377551980430896,0.9031893875246966,13.89594505597893,1.27951829899332,0.2822466836014677
F84077,0.7693086344771738,1.204575361878733,0.4858791375645309,10.58811620609373,0.7794311165097682,0.1720821945541047
F84079,0.8823781375824553,1.524886490191039,0.3169707872869014,8.258374025529,0.7024757988520518,0.2484365630086524
F84080,0.9561015729412974,1.922483807957233,0.7299270072992701,13.30317672458106,0.9149789246427472,0.3084198622391282
F84081,0.4740027710931233,2.260628600597973,0.4594180704441042,7.941369503390942,0.9334208415372276,0.1968934587617589
F84083,0.8435816648033337,2.002235999593455,0.7012907815834942,10.01117999796727,1.107836162211607,0.3150726699867873
F84086,0.93009300930093,1.995199519951995,0.6900690069006901,14.43144314431443,1.095109510951095,0.24002400240024
F84087,0.5855763303883296,1.818368604890076,0.513663447709061,9.810971851243066,0.9143209369221288,0.2568317238545305
F84088,0.6156667539952843,1.729106628242075,0.6287660466334818,10.1126539166885,0.8383547288446425,0.1309929263819753
F84092,0.7473074950545827,1.721737856253205,0.5348377170488681,12.99728917869441,1.098981610374386,0.3223679390431534
F84093,0.836635843240863,1.920959929546455,0.5449141347424042,10.38639365918098,0.9962571554381328,0.214663143989432
F84096,0.8569388240895025,1.928112354201381,0.8688407522018567,9.878600333253988,1.154487026898358,0.4522732682694597
F84105,0.6695652173913044,1.321739130434783,0.6347826086956522,10.26086956521739,0.8869565217391304,0.2521739130434782
F84111,0.7472695918758382,1.944817014753784,0.7185284537267675,11.7072236060548,1.044261352749569,0.3065721402567542
F84114,0.6286013619696176,1.728653745416449,0.3492229788720098,10.98306268552471,0.8294045748210231,0.2444560852104068
F84115,0.8917758449851371,1.871628316635473,0.7816800616536387,7.365407904877243,0.8917758449851371,0.4403831333259937
F84117,0.99009900990099,2.091331582137806,0.7072135785007072,9.37563144069509,1.232572236815518,0.4243281471004243
F84118,0.5068128946493852,1.312728481222998,0.4320372216683284,6.655034895314057,0.5400465270854105,0.2243270189431705
F84119,0.8434205388520108,1.632174931667317,0.749707145646232,9.64467005076142,0.9137055837563453,0.3514252245216712
F84121,0.6561173292165187,2.07770487585231,0.6175221922037823,10.93528882027531,1.164286633217548,0.1608130708864016
F84122,0.7250927776191836,1.946902654867257,0.5024264915786469,9.07222380816443,0.9991435912075364,0.2797602055381102
F84123,0.3584985238296077,0.7328131590046394,0.2003374103753691,4.006748207507381,0.4006748207507381,0.0843525938422606
F84124,0.3925417075564279,1.099116781157998,0.3336604514229637,9.538763493621197,0.7262021589793916,0.2158979391560353
F84601,0.8057179987004549,1.780376868096166,0.649772579597141,10.26640675763483,0.870695256660169,0.3898635477582846
F84619,0.6670478368591576,2.229845626072041,0.6670478368591576,10.36782923575376,1.143510577472842,0.1334095673718315
F84620,0.9079903147699756,2.239709443099274,0.9927360774818402,12.46973365617433,1.113801452784504,0.5690072639225181
F84621,0.6011163589523401,1.610133104336625,0.9660798626019752,11.22799484757407,1.223701159295835,0.17174753112924
F84635,0.8204382594246548,1.267005919617821,0.5400353100010385,8.76518849309378,0.7788970817322671,0.3115588326929069
F84636,0.4296296296296296,0.9925925925925928,0.6518518518518518,6.800000000000001,0.6518518518518518,0.1777777777777778
F84640,1.462861852271557,2.060368806016277,0.6799217059853714,9.735242608426908,1.050788091068301,0.2575461007520346
F84641,0.8287292817679558,3.806015960712093,1.350521792510743,16.97360343769184,1.718845917740945,0.2762430939226519
F84642,0.3124334303770503,1.391748917134133,0.2911311510331605,7.285379535610311,0.4331463466590925,0.0639068380316693
F84647,0.3537174341881504,0.7550506768247058,0.1292429086456704,5.013264403782055,0.5781919597306306,0.1020338752465819
F84656,0.5732005262168766,1.165194512309716,0.3100920879533922,6.897199774478481,0.5919939860928397,0.0939672993798158
F84658,0.5354200988467875,3.161037891268534,0.7310543657331137,16.09349258649094,1.276771004942339,0.1647446457990115
F84666,0.551858464534978,1.249797110858627,0.3895471514364551,9.592598604122706,0.8602499594221716,0.3246226261970459
F84668,0.6221624348410963,1.059357659324029,0.4876408273078863,9.349251723558098,0.6221624348410963,0.2522280141247688
F84669,0.4427826429203975,1.918724785988389,0.5116599429302372,11.70914100167274,0.8462068286923153,0.0983961428711994
F84670,0.3058571647040832,2.033950145282153,0.2446857317632666,11.74491512463679,0.672885762348983,0.1529285823520416
F84672,0.9548938308832768,1.633371026510868,0.7036059806508356,11.45872597059932,0.9674582233948988,0.2638522427440633
F84677,0.7608695652173914,2.432065217391304,0.5978260869565217,15.16304347826087,1.182065217391304,0.1222826086956522
F84681,0.5251312828207052,0.9966777408637874,0.503697352909656,9.688136319794234,0.5787161075983281,0.1178866145107706
F84686,0.5408450704225352,0.8225352112676056,0.1352112676056338,4.28169014084507,0.3267605633802817,0.0676056338028169
F84692,0.5445808862786973,1.185264281900694,0.5232247730912974,6.577682861719166,0.6406833956219967,0.2455953016550988
F84694,0.3367712060618817,1.368133024626395,0.5472532098505577,7.135339928436118,0.3788676068196169,0.1262892022732056
F84696,0.7926023778071334,1.420079260237781,0.5284015852047557,7.959048877146631,1.007265521796565,0.214663143989432
F84698,0.2772306120960094,0.941124972641716,0.2991172393667469,4.807762457138688,0.4669147151090683,0.0729554242357919
F84710,0.7863321180927871,1.386803917363643,0.3788691114447065,7.791836442919436,0.7648866966902567,0.1715633712202445
F84716,0.9803921568627452,1.470588235294118,0.6127450980392157,7.195378151260504,0.9453781512605042,0.2100840336134454
F84717,0.4522694233564852,1.421418187691811,0.4441931836536909,9.126150864157648,0.8318526893878211,0.2907446293005976
F84718,0.5016482728966604,1.619607281066361,0.3583201949261861,6.980077397162105,0.8169700444317042,0.2078257130571879
F84719,1.164537941397445,2.047332832456799,0.9015777610818932,12.9038317054846,1.615326821938392,0.4132231404958678
F84720,1.275797373358349,2.926829268292683,1.069418386491557,13.32082551594747,1.594746716697936,0.5628517823639775
F84724,0.4166435198044554,1.722126548525082,0.4499750013888117,8.58285650797178,0.7999555580245541,0.15554691406033
F84729,0.3640040444893832,2.527805864509606,0.5055611729019212,11.28412537917088,0.8493427704752275,0.2831142568250758
F84730,0.5556137959953873,1.572491875458644,0.5975469126742845,10.11636439878394,0.649963308522906,0.1782157458853129
F84731,1.498637602179836,1.226158038147139,0.6811989100817438,11.71662125340599,0.9536784741144414,0.4087193460490463
F84735,0.3889216263995286,2.121390689451974,0.5421331761932823,11.17265763111373,0.7896287566293458,0.1649970536240424
F84739,0.1741149158444573,1.895917972528536,0.4836525440123816,12.51692783904043,0.522344747533372,0.1160766105629716
F84740,0.4484304932735426,2.053339627094642,0.542836912910078,12.93367949020533,0.8260561718196837,0.3068208638187397
F84741,0.6395614435815441,2.649611694837826,0.7766103243490179,16.26313385107355,0.7766103243490179,0.3654636820465966
F84747,0.3683039784122816,1.002807862013638,0.2443204609269591,5.714181526455895,0.4011231448054553,0.0911643510921489
F84749,0.2434966113388255,0.8684712471084778,0.2921959336065906,6.188872204861815,0.4464104541211801,0.1014569213911773
F85002,1.380906173023811,2.063361733437123,0.7709615159044136,14.52883907911153,1.180434852152401,0.3220337175700317
F85004,1.410920685532084,3.180550019928258,1.139896373056995,19.05141490633719,1.626145874850538,0.5420486249501794
F85007,0.9932387961467122,1.866810267456471,0.8436546401005206,14.66523065876862,1.112906120983665,0.3709687069945551
F85008,1.305548581471253,2.234496610595029,0.9624236337768852,13.23960164030463,1.40597539543058,0.3096493430412587
F85010,1.48921982662814,2.089353189597688,0.7334963325183375,18.42631695932429,1.111358079573239,0.2667259390975772
F85013,0.6881948120698782,1.259925886712546,0.6776071995764955,13.0651138168343,1.228163049232398,0.2541026998411858
F85014,2.069958600827984,1.751964960700786,0.5579888402231955,9.299814003719924,1.325973480530389,0.2879942401151977
F85016,2.35261167903655,3.206833776781963,0.8402184567987676,15.44601596415068,1.428371376557905,0.2660691779862764
F85017,0.949414033526183,1.88399347277852,1.038421599169263,16.70375315235128,1.290609701824655,0.4450378282153983
F85019,1.172506738544475,2.102425876010782,0.889487870619946,12.99865229110512,1.314016172506739,0.3301886792452831
F85020,2.028497922026519,2.345141500098951,0.8905600633287156,13.12091826637641,1.15772808232733,0.2869582426281417
F85023,0.6434316353887399,1.309842972041364,0.6510915358100344,10.69322098812715,0.7506702412868633,0.2374569130601302
F85025,1.947400120457739,2.148163019474001,1.144348524392692,13.6786455196413,1.53918222579134,0.4751388610051529
F85028,1.017811704834606,1.540853830930167,0.8057675996607293,14.6169069833192,1.15917444161719,0.1979078314956177
F85029,2.671944581890153,2.993567540821376,1.311232063334983,16.46874484578592,2.185386772224971,0.4205838693715982
F85030,1.308704756207,1.93688303918636,0.9572240502542626,17.02811845647622,1.854621597367634,0.4860903380197427
F85031,0.9164807140580172,1.769206248007651,0.5339496334077144,12.73509722664967,0.9961746891934968,0.2390819254064392
F85032,1.377042441681225,2.589661905251259,0.6885212208406125,12.54752851711027,0.9968143047990956,0.2980166478265338
F85033,2.046547046785018,2.850887630288896,1.023273523392509,16.10108990528771,1.775260577792585,0.2284517633620484
F85034,0.9118176364727054,1.787642471505699,0.7678464307138573,10.17396520695861,0.9238152369526096,0.2399520095980804
F85035,1.808114888831214,2.880872047754996,0.7440089973181071,13.40946448654728,1.392854053118782,0.1989791504455403
F85039,0.6740027510316369,1.56808803301238,0.5777166437414031,11.23796423658872,0.9353507565337,0.1925722145804677
F85044,0.9681093394077448,1.822323462414579,0.6121867881548975,13.05523917995444,1.039293849658314,0.270501138952164
F85046,0.4677182685253118,0.834556126192223,0.2567865003668379,7.162509170946442,0.4952311078503301,0.2659574468085106
F85058,1.135091926458833,1.902478017585931,0.7993605115907274,14.22861710631495,1.007194244604317,0.2238209432454037
F85060,0.953603520997616,1.980561158995048,0.8068952869979826,12.47019988996882,1.210342930496974,0.366770584999083
F85061,1.644398766700925,1.473107228502912,0.513874614594039,11.8876327509421,1.370332305584104,0.4110996916752312
F85063,1.634174311926605,1.295871559633028,0.430045871559633,8.830275229357799,1.055045871559633,0.2064220183486239
F85064,0.8376114563631452,1.67522291272629,0.4998649013780059,8.740880843015402,1.134828424750068,0.1756282085922724
F85065,0.9079524107701942,2.003757044458359,0.6887914840325611,11.7407639323732,1.283656856606137,0.3757044458359424
F85066,1.129347195102644,1.535701092405932,0.5541189508681197,10.01108237901736,0.9551955248298064,0.1794289936144388
F85067,1.142355008787346,1.911247803163445,0.8128295254833041,15.13620386643234,1.164323374340949,0.3295254833040422
F85069,1.250297689926173,1.690878780662062,0.5120266730173851,9.454632055251247,1.238390092879257,0.2024291497975708
F85071,0.7232982399742827,1.390339950172788,0.6750783573093305,9.4109137667765,1.044764124407297,0.2732460017680624
F85072,1.29644752960392,2.368313597386688,0.6839526337280523,13.02572478562679,1.214781543487138,0.3572886892609228
F85615,0.6912830888551678,1.770359129994942,0.6912830888551678,14.58438711852976,1.197099983139437,0.3203506997133704
F85623,0.6478082487583675,1.66270783847981,0.4102785575469661,13.12891384150291,0.885337939969769,0.4318721658389117
F85625,2.432983682983683,2.797202797202797,0.641025641025641,14.8018648018648,1.354895104895105,0.2039627039627039
F85628,0.537903427570678,1.025769326995247,0.4628471353515137,9.156867650738054,0.8506379784838629,0.2001501125844383
F85634,0.6906811178408245,1.721389862926363,0.3825310806503028,10.6152374880459,0.8713207948145787,0.2443948570821379
F85640,1.525347689546882,2.302975923433528,0.6729475100942126,11.33542694780918,1.226259907282788,0.5084492298489607
F85642,1.727019498607242,2.551532033426184,0.9693593314763232,12.71309192200557,1.392757660167131,0.3342618384401114
F85650,1.202003338898164,2.437395659432387,0.8347245409015025,15.19198664440735,1.435726210350584,0.317195325542571
F85663,1.104033970276008,2.144373673036093,0.9554140127388536,14.28874734607219,1.380042462845011,0.445859872611465
F85666,1.02748522989982,2.440277421012073,0.8990495761623427,16.05445671718469,1.566914975597226,0.3082455689699461
F85669,0.3508178705777928,1.014413119743015,0.2451498372712287,7.777167251363118,0.49452639587472,0.0887611479775138
F85675,1.519262072707542,2.134201483089166,0.6511123168746609,11.55724362452523,1.085187194791101,0.2351238922047387
F85676,0.851214754389076,2.110303245256251,0.6916119879411242,15.05586096825678,0.9221493172548324,0.3192055328959035
F85678,0.6741050674105067,1.906090190609019,0.3951650395165039,11.90144119014412,1.04602510460251,0.2324500232450023
F85682,0.8716707021791767,1.95318805488297,0.9523809523809524,16.80387409200969,1.000807102502018,0.4519774011299435
F85687,1.822269553898947,2.67423973494261,0.6153117974204236,12.51922849366939,1.266122352384333,0.3076558987102118
F85688,1.370380871373216,1.965787732728476,0.5859559587940649,10.23532747377375,1.030148379170211,0.2835270768358378
F85697,1.429388221841052,2.458547741566609,0.8576329331046313,17.72441395082905,1.0863350485992,0.4002287021154946
F85700,0.5811138014527845,1.464891041162228,0.387409200968523,8.886198547215496,0.8353510895883777,0.2542372881355932
F85701,1.175554690541067,2.693655118723238,0.9497859089139744,12.6274815103153,1.401323472168159,0.3581159984429739
F85705,0.8734655335221907,1.69184765502046,0.6452628265659427,11.63046899590809,0.9600251809883538,0.2675480012590494
F86001,0.9650079718049844,1.535621381220106,0.5286565410757741,9.784341696735757,0.7720063774439876,0.2601325837039524
F86004,1.902601902601903,2.236502236502237,0.7497007497007496,13.29301329301329,1.20960120960121,0.3528003528003528
F86005,0.7987960175966659,0.9145635563787912,0.5209539245195647,8.90252373234545,0.6714517249363279,0.2199583236860384
F86006,0.9774755631109222,1.303300750814563,0.4108230627567644,12.69301600793314,1.104972375690608,0.2124946876328092
F86007,1.459591601955709,2.085130859936727,0.6183491515674432,13.48863963186655,1.287029048029911,0.3235547886108714
F86008,0.9800202326757714,2.269853313100658,0.5121396054628224,12.67071320182094,1.100151745068285,0.2529084471421346
F86009,1.027349715396363,2.276829098986533,0.6247396917950854,13.57767596834652,0.9579341940857976,0.2360127724559211
F86010,1.146465575378579,2.139660351909754,0.5027282202194838,11.20102997976825,1.066764759977929,0.1594016308012997
F86011,1.122534620226605,2.549307595467897,1.405791019723038,12.46328157784306,2.423415862358372,0.346202266051196
F86012,2.401929934969583,2.590727921124397,0.6607929515418502,14.36962450178309,1.395007342143906,0.2831969792322215
F86013,1.244947453516572,2.101859337105902,0.7437348423605497,11.83508488278092,1.244947453516572,0.3718674211802748
F86018,1.264044943820225,2.508025682182986,0.7524077046548957,14.30577849117175,1.454654895666132,0.5417335473515248
F86020,2.16275089466314,2.209428971526373,0.8090866656293761,14.22125408433173,1.198070639489653,0.1711529484985219
F86022,0.7787767506648094,2.235025959225022,0.7787767506648094,11.80195010763581,1.221983031530961,0.1519564391541092
F86023,2.045842015533245,1.998484561469975,0.7766622466376207,13.49687440803183,1.648039401401781,0.3315021784428869
F86025,0.603749602796314,1.673551530558203,0.3283550471348374,8.616671962715813,0.8632560110157823,0.2330261624827878
F86026,1.04479748103621,2.23271790468012,0.80148847860312,9.94704451123515,1.17360812938314,0.21468441391155
F86028,0.8043614264009294,1.626597551166324,0.3038698721959067,11.10018768433283,0.9562963624988828,0.1608722852801859
F86030,0.4880429477794046,2.037579306979014,0.317227916056613,10.33430941922889,0.6588579795021963,0.109809663250366
F86032,2.076956711849585,2.623524267599475,0.8526453869698294,14.32006996064714,1.541320507214692,0.1639702667249672
F86034,0.6565449322938038,2.174805088223225,0.3693065244152647,11.91355491724798,0.8343591847900425,0.1231021748050882
F86036,0.8875537652761658,1.645388134088892,0.5734962791015226,11.84542909810883,0.914863111900048,0.1365467331194101
F86038,0.6225481835237934,2.276991301381545,0.6651884700665188,10.70271192222412,1.168343851270681,0.2899539484905339
F86040,0.6142728093947606,1.589882565492321,0.2710027100271002,9.95483288166215,1.047877145438121,0.1084010840108401
F86042,0.5355404089581305,1.460564751703992,0.275884453099643,10.88932164881532,0.6815968841285297,0.0649139889646218
F86044,0.5270218474511307,0.9773859716366424,0.4982752012265236,9.31391337677271,0.6707550785741663,0.1149865848984285
F86045,0.7629704984740591,2.187182095625636,0.5595116988809765,13.63173957273652,1.119023397761953,0.1525940996948118
F86057,1.431980906921241,2.411757316919985,0.7662353975631202,12.85014445421429,1.067705062178118,0.2763471925637483
F86058,0.6923127163477238,1.423812944941545,0.548625171445366,9.48990921559663,0.7641564887989027,0.2416563255176017
F86060,0.9131806889142552,2.235949775062109,0.4095883972335997,12.0660713086685,0.9534680722487074,0.1275767138924327
F86062,1.088477686207433,2.161405691183331,0.9018815114290156,11.97325454828176,1.119577048670502,0.2332452184730213
F86064,1.893214209742608,2.084662837694108,1.084875558391831,14.72027228249308,1.318868325888109,0.2552648372686663
F86066,1.816984858459513,2.146148782093483,1.724818959842001,12.75839368005266,1.395655036208032,0.3686635944700461
F86074,0.7455926416277612,1.895338303950944,0.6480384642185213,10.61946902654867,0.8849557522123894,1.721134415720159
F86078,2.942961165048544,2.639563106796116,0.9708737864077668,16.92961165048544,1.532160194174757,0.3033980582524272
F86081,0.7405256279947728,2.410338318571221,0.319442427762451,14.69435167707275,1.030927835051546,0.2178016552925802
F86082,0.744301442084044,2.512017367033649,0.6047449216932858,13.21135059699178,1.256008683516824,0.3256318809117693
F86083,1.094890510948905,3.538559187559505,0.4125674389082831,16.56616947000952,1.190098381466201,0.2221516978736909
F86085,0.5907172995780591,2.334739803094233,0.2812939521800281,11.89873417721519,0.9282700421940928,0.1687763713080169
F86086,0.7147498375568551,1.608187134502924,0.2923976608187134,8.983105912930474,0.7959714100064976,0.1461988304093567
F86087,0.7554296506137866,1.956023202482126,0.4451639012545529,12.16781330095778,0.8093889113719142,0.1214083367057871
F86088,0.8552108194112968,1.869530628480509,0.9745425616547334,13.62370723945903,0.954653937947494,0.258552108194113
F86607,0.8346230378067655,1.354189697103692,0.5803670130444395,9.540128233473355,0.8788414768958654,0.2542560247623259
F86612,1.381304208159332,2.858978477353036,0.7388371345968519,15.74044330228076,1.509797622871828,0.16061676839062
F86616,1.879149319230336,2.317992573421852,0.9902104197141892,11.78125351637223,1.260267806908968,0.371328907392821
F86621,0.8099508244142319,1.706682094301417,0.5640728955741973,8.793751807925949,0.7954874168354064,0.2603413364188603
F86624,1.225204200700117,2.65460910151692,0.5834305717619603,12.22287047841307,1.021003500583431,0.2333722287047841
F86625,1.188858695652174,2.479619565217391,1.036005434782609,11.68478260869565,1.103940217391304,0.3736413043478261
F86626,0.5135554759345515,1.313746566344202,0.4418965723157769,7.834706795652694,0.5493849277439389,0.1433178072375492
F86627,1.978901418697708,2.560931247726446,0.9239723535831212,14.7180793015642,1.615132775554747,0.4292469989086941
F86637,1.104009296920395,2.595390276970754,0.5423203563819484,12.88010846407128,1.820646910710827,0.2517915940344761
F86638,1.507990096781454,2.655863155525546,1.057843799234751,16.79045689849201,1.102858428989422,0.3601170380373621
F86641,1.277693119212284,1.67623959676474,0.6564294924393389,10.77247684913844,1.090141835658188,0.2109951939983589
F86644,1.207701948273898,2.005240970718924,0.6266378033496639,12.74923094451407,1.230488777486613,0.2506551213398656
F86650,0.6838993856497044,1.356207256288397,0.4057030253854179,8.044511417642287,0.9157296858699432,0.1275066651211313
F86652,0.75177304964539,2.893617021276596,0.5957446808510638,12.93617021276596,1.219858156028369,0.2836879432624114
F86657,0.5756776205325018,1.607100023986567,0.3118253777884384,9.558647157591748,0.7195970256656272,0.0719597025665627
F86658,1.031572366364489,1.609878086902157,0.5157861831822445,10.47202250703345,0.8440137542982182,0.1250390747108471
F86666,0.7171005878932748,1.29853349699593,0.5039085212223012,13.19852703663027,0.99489631113121,0.1808902383874927
F86679,0.5739314302975381,0.95151789759855,0.2567587977646881,7.868901978553088,0.6041383476816191,0.2265518803806071
F86689,0.6700915791824883,1.13915568461023,0.2680366316729953,7.080634353361626,0.7147643511279875,0.1786910877819969
F86691,1.341081805990165,2.556995976754582,0.8404112650871703,15.3956191327671,1.198033080017881,0.2771569065713009
F86692,0.4979991107158737,2.205424633170298,0.4090706980880391,10.84926634059582,0.8537127612272121,0.097821253890618
F86696,0.5568505568505568,1.372701372701373,0.4403004403004402,7.964257964257965,0.7122507122507122,0.0777000777000777
F86698,0.649456080532554,2.273096281863939,0.3734372463062186,13.16772203279753,0.6981652865724955,0.1461276181198246
F86700,2.168021680216802,2.574525745257453,1.327913279132791,19.62059620596206,2.384823848238482,0.894308943089431
F86701,0.7351077313054499,1.520912547528517,0.3802281368821293,13.18124207858048,1.166032953105197,0.2788339670468948
F86702,1.288713365204739,2.577426730409478,0.4572853876532945,13.36520473913947,1.309499064643525,0.2494283932654334
F86705,0.6993006993006993,1.631701631701632,0.5536130536130536,11.13053613053613,0.6993006993006993,0.2622377622377622
F86707,1.067669172932331,2.150375939849624,0.5563909774436091,9.74436090225564,0.7218045112781954,0.2857142857142857
F86708,0.979706088173548,2.134359692092372,0.874737578726382,14.41567529741078,1.18964310706788,0.1399580125962211
F86712,0.7225433526011561,1.242774566473988,0.6358381502890174,10.69364161849711,0.838150289017341,0.1445086705202312
F86731,1.510512349459073,1.918758930393958,0.5919575423555827,11.26760563380282,1.388038375178608,0.3878342518881404
G81001,2.575907048120136,2.849939712813767,1.096130658774526,14.85257042639483,2.005919105557382,0.5699879425627534
G81002,3.048387096774194,3.435483870967742,1.274193548387097,14.37096774193548,2.129032258064516,0.564516129032258
G81003,3.528380451457375,3.58864781941705,1.106728029804953,18.03637957484111,2.832566294104756,0.6903353057199211
G81004,5.275660694843116,4.96882114223498,1.751954864891616,21.92418093635554,3.296050678016431,0.7423537563100069
G81006,1.608910891089109,2.939356435643564,1.392326732673267,12.59282178217822,1.840965346534653,0.6497524752475248
G81008,3.376534788540245,3.615279672578445,0.9276944065484312,16.78035470668486,2.312414733969987,0.4706684856753069
G81011,1.768214742224116,2.51917341286749,0.8574776310183213,10.0926714955262,1.427354069024287,0.5752023860247124
G81012,3.520071899340923,3.924505692031156,0.9137207908927504,18.75374475733972,2.56141402037148,0.9436788496105452
G81014,2.181901699586587,2.434542949012402,0.9301791456132292,11.56407900780891,1.469912723932016,0.5512172714745062
G81016,2.391578947368421,2.863157894736842,0.6484210526315789,15.14947368421053,1.877894736842105,0.5978947368421053
G81017,3.053694121638816,2.977351768597845,1.357197387395029,15.768937144796,2.23089320553058,0.763423530409704
G81018,1.568441064638783,1.592205323193916,0.594106463878327,9.141318124207858,1.053548795944233,0.3326996197718631
G81019,3.395889186773905,2.716711349419124,0.9204647006255586,17.22966934763182,2.180518319928508,0.4468275245755138
G81021,3.001154290111581,3.130574696561614,0.8534751128056245,14.50557906887264,2.200146909650565,0.5771450557906888
G81022,2.902860379495893,3.646275842537525,1.047861795525347,18.60662701784197,2.421410365335599,0.7221750212404418
G81023,4.13203514604607,3.775825219662788,1.50795535502256,21.25385894086915,2.74281643315127,0.759914509617668
G81024,2.932633748711702,2.745245010774853,0.8245104469221399,15.69380680221119,2.192448233861145,0.505949592429495
G81028,1.366055118735605,1.906123421491541,0.6274322929076325,9.927726153601778,1.223095862123739,0.3256294178381384
G81029,4.82888470483996,4.474471148521431,1.711152951600399,21.8075091372245,3.527522427732861,1.00232583896334
G81030,3.048006096012192,2.984505969011938,1.079502159004318,17.29743459486919,2.514605029210058,0.5842011684023368
G81031,3.613129541468304,4.384865948383863,1.663743422701077,20.48108243547983,2.936607366574793,0.7967927837634678
G81032,3.346604971483912,2.908999605437784,1.165751999713046,14.88216937479823,2.460633451701998,0.5703217475519208
G81034,1.565439183803603,2.011796588554121,0.5770763589988841,8.965407301131835,1.262553802008608,0.2901323130878368
G81036,3.246822599594147,2.638043362170245,1.217558474847805,17.04581864786928,1.997223112250347,0.4912955249385881
G81037,2.869734549554166,3.248949472173824,0.8506713129035565,17.54637696013119,2.234293327867172,0.3894639745823511
G81038,1.363341268123783,1.606795066003029,0.4273966673880113,9.121402293875784,1.060376541874053,0.3624756546202121
G81039,5.694918872758326,6.036507258753202,2.353757472245944,26.25426985482494,4.195132365499573,1.296968403074296
G81040,3.830010493179433,3.226652675760756,0.7607555089192025,16.23819517313746,1.967471143756558,0.5508919202518363
G81041,4.116415107965624,4.304181411135986,1.357694807539539,18.62497291832166,3.22813605835199,0.8955008305048026
G81042,2.109521745412513,2.586331454992053,0.6501950585175552,12.03583297211386,1.365409622886866,0.281751192024274
G81043,2.800482379740051,2.787082942516415,0.7637679217472866,16.06592523114029,2.13051051855822,0.6431729867345571
G81044,1.347477064220184,1.648509174311926,0.6020642201834863,7.55447247706422,0.8744266055045871,0.1290137614678899
G81046,2.232142857142857,2.871148459383754,0.7177871148459384,14.80217086834734,1.882002801120448,0.6740196078431373
G81047,1.354401805869075,1.763544018058691,0.6207674943566591,10.44018058690745,1.142776523702032,0.3527088036117382
G81048,3.330987567440769,3.60075064508562,1.161154116819141,17.06544686840254,3.119868637110017,0.9148486980999296
G81049,3.19614711033275,3.517221249270286,0.9194395796847636,18.25744308231173,2.466433158201985,0.6567425569176882
G81050,5.083022704168079,4.117248390376144,1.668925787868519,22.14503558115893,2.973568281938326,0.957302609284988
G81051,5.119311875693674,4.633740288568258,1.401220865704772,24.8196448390677,3.024417314095449,0.8879023307436182
G81052,4.162702188392007,4.162702188392007,0.7611798287345386,22.52616555661275,3.18744053282588,0.6184586108468125
G81054,1.862992431593247,2.047351057636329,0.8150591888220454,12.57519891325441,1.66893071996895,0.5336697069668155
G81055,3.766556291390728,3.021523178807947,0.9519867549668874,20.67466887417219,2.493791390728477,0.4759933774834437
G81057,4.390553177999683,5.087969567284832,1.378982406086543,24.10841654778887,3.518782691393248,0.9985734664764622
G81059,3.518778518778519,3.755703755703756,1.456651456651457,21.5952965952966,2.755352755352756,0.8511758511758512
G81061,2.344336084021005,3.563390847711928,1.237809452363091,16.22280570142535,2.081770442610653,0.86271567891973
G81065,3.109396277802996,3.858374943259192,1.645483431684067,17.79391738538357,2.439854743531548,0.7943713118474808
G81070,1.928836707799209,2.008705722614911,0.7268080348228905,10.2471946008546,1.529491633720698,0.355417115929875
G81073,2.019506597819851,2.948938611589214,1.067125645438898,16.60355708548479,1.74411933448078,0.7458405048766494
G81074,2.998340204529635,4.069175991861648,1.215398618621834,17.3207688600953,2.52717245810355,0.8406060930556298
G81075,1.58653067832281,3.05973773676542,0.8903998704872915,12.27132912417031,1.505585235551238,0.582807187955318
G81076,3.521677883862889,3.999060885897637,1.056503365158867,16.20754421662232,3.044294881828142,0.4930349037408045
G81077,4.12601859290715,4.694135200275451,1.652702857798692,22.20819465166992,3.305405715597383,0.7402731550556639
G81082,2.94304804327076,2.879414572064906,1.320394527521476,17.70601336302895,2.258988227807827,0.4613426662424435
G81083,1.694242223692919,2.42223692918597,0.5559232296492389,10.53606882859034,1.733951025810722,0.4765056254136334
G81085,4.288649203903441,3.852080123266564,1.438109912686184,20.03081664098613,2.619414483821263,0.8217770929635336
G81086,2.482634422433753,2.52122459480319,0.7332132750192951,13.53228711088243,1.749421147414458,0.3601749421147414
G81087,3.945061367621274,3.652834599649328,0.8620689655172413,17.57744009351257,3.229105786090006,0.7451782583284629
G81088,3.567533175786221,2.963097618614797,0.9680058171241592,16.7469550990729,2.413197600436284,0.3817487729503727
G81089,1.832235900372173,2.776982536501575,0.9161179501860864,15.74577726882336,1.860864586315488,0.71571714858288
G81095,2.861862323294407,3.441917639827905,1.175476336816226,16.84081130915796,2.358635525507068,0.7260295021511984
G81096,2.70174191254888,2.55954496978315,0.7465339495200853,18.30785638108781,1.990757198720227,0.4621400639886242
G81098,3.314789058878071,3.492505022407665,1.174470715499923,17.09163962293309,2.318034306907742,0.5022407664966775
G81099,5.36135535063264,5.307741797126313,1.876474372721424,23.36478661805705,3.785116877546644,1.115161912931589
G81100,3.179295679684663,3.905399097557181,1.332918417094549,19.78631813702609,2.515429697629791,0.6897982469788911
G81102,3.855681890363971,3.163310677761545,0.781299625230261,18.50981388553643,2.401067140951534,0.6669630947087595
G81104,3.177244874801422,3.661396474771163,1.407065587412059,19.22233149254861,2.655268931084046,0.9002193811937363
G81613,1.615127043529644,2.580263935394918,0.6499901516643687,10.73468583809336,1.536340358479417,0.6105968091392555
G81614,3.227601558152476,2.87516230754962,0.8903728436282694,15.17343721016509,2.355778148766463,0.4266369875718791
G81634,3.683492496589359,3.32537517053206,1.210777626193724,16.43929058663029,2.762619372442019,0.6139154160982265
G81638,1.141950832672482,1.431403647898493,0.5233941316415542,8.235527359238699,0.7811260904044409,0.2973830293417922
G81641,1.78202479338843,3.409090909090909,0.9039256198347106,16.29648760330578,2.246900826446281,0.387396694214876
G81646,1.599107474897731,1.710673112681294,0.5206396429899591,9.52026775753068,1.004090740052064,0.4834510970621049
G81656,1.771793054571226,1.771793054571226,0.6555634301913537,10.04606661941885,1.32884479092842,0.3543586109142452
G81658,2.068927366266526,2.826796481717099,1.051059357194225,15.36206228909664,1.731481993693644,0.8408474857553798
G81663,2.120848339335734,2.701080432172869,1.020408163265306,15.48619447779112,1.780712284913966,0.5802320928371348
G81669,1.593806921675774,3.734061930783243,0.8652094717668488,21.26593806921676,1.366120218579235,0.7741347905282332
G81689,0.9427609427609428,1.818181818181818,0.5387205387205387,7.676767676767676,1.144781144781145,0.7407407407407408
G81694,1.13674356402541,1.705115346038114,0.6352390504847877,7.087930458040789,1.036442661317285,0.2674690738883316
G82002,2.570747382605992,3.223800145122836,0.7567119311703121,14.62630869700425,1.979890121281227,0.4457344252099098
G82006,1.553013357193072,2.070684476257429,0.6966191602224069,15.95193966894612,1.50827634690356,0.3259410749664473
G82007,4.862085086489014,5.095839177185601,2.166121240455041,22.48714352501169,3.537478572541687,0.9194327567399097
G82013,2.951184399947651,2.473498233215548,0.7590629498756708,15.78981808663787,1.910744666928412,0.3860751210574532
G82014,1.764532888932458,2.436035682776198,0.8234486815018136,13.54769140280365,1.259680423487893,0.3283991765513185
G82015,2.11440747418456,2.647107031634159,1.122766759547615,13.78462547123423,1.778396984100967,0.5326995574495984
G82016,2.661462029808375,2.315471965933286,0.9581263307310148,13.84847409510291,1.77430801987225,0.3814762242725337
G82018,5.099202670127943,4.042277025774152,0.9456703133691824,18.3942147227888,2.744298164287039,0.6860745410717597
G82019,3.206323167549027,2.803668630228916,1.327268660055179,16.05398553426292,2.222056520766535,0.4623070613675341
G82020,2.946563669666322,3.655331687504977,1.290117066178227,17.73512781715378,2.325396193358286,0.9317512144620532
G82021,2.034254983340154,2.384988601157421,0.8125328812766704,12.50949903548255,1.473081194832525,0.3741158590050856
G82022,2.438258685642528,2.459187944746756,0.8267057346169946,14.35747174550021,1.611552951025534,0.4081205525324404
G82023,1.944523877609379,3.031169573920503,1.301115241635688,14.85559050614813,1.715756362596511,0.7291964541035173
G82024,2.928691046461814,2.815749503446664,1.121626358219418,16.84386805312147,1.97842427074814,0.4167153483662421
G82025,1.964367291000457,1.93898786863611,0.8324450535505812,12.83691183188671,1.644586569209685,0.3603877975737272
G82026,2.130575629205083,2.529279840518316,0.946922501868926,18.21579865437329,1.756790431098929,0.4859207575380015
G82027,3.19470832453733,3.251002744352966,1.273661248328759,17.30349729083105,2.406586447118429,0.520723383294631
G82028,2.957000121354314,2.928684114720278,1.391529468872618,19.56636058411877,2.261235386918005,0.5744104202904413
G82031,2.691568250480637,3.021148036253777,0.97042936922091,17.54096859837041,2.114803625377644,0.4211297262656779
G82032,1.973252917267602,2.753376163629212,0.9177920545430708,16.33014291333421,1.770027533761636,0.4851186574013374
G82035,2.461074836765444,3.505775991963837,1.125062782521346,18.4028126569563,1.868407835258664,0.5424409844299347
G82036,3.592090493048959,3.557551161385027,1.131163111993783,18.2626716173042,2.46956221397116,0.6994214661946292
G82037,3.26395173453997,2.739064856711916,1.170437405731523,17.61085972850679,2.147812971342383,0.5007541478129713
G82038,3.65795269558556,3.686680072776022,1.034185578856651,19.86976922340324,2.767404002681222,0.6894570525711002
G82039,2.818805908050759,2.798002912419388,1.612232161431246,17.46411483253588,2.054295818597878,0.7177033492822966
G82041,2.189373866964161,2.252126621112815,0.8297308604099847,12.82945195928044,1.87561009622089,0.4880769767117557
G82042,2.260489118240969,2.086605339914741,0.9311195871662552,14.55575499214719,1.82297509535562,0.5553062598160198
G82044,1.281649114945104,1.832847860183733,0.8738516692807529,12.94196728657854,1.308536858615281,0.3226529240421241
G82046,3.02928870292887,3.832635983263598,1.255230125523012,20.61924686192469,2.694560669456067,1.087866108786611
G82048,2.037584459459459,2.512668918918919,0.7918074324324325,26.76309121621622,1.889780405405405,0.5278716216216216
G82050,2.041567793142951,2.913018574584731,1.305130513051305,13.66500286392276,1.628344652647083,0.4664102773913755
G82051,1.829363225906897,2.545539467538533,1.144325081737506,15.44449634127355,1.276661995952047,0.5682702786859722
G82052,1.910606762389995,2.460629921259843,0.8163501621120889,15.47012505789717,1.667438628994905,0.6542380731820288
G82053,4.788633573057358,4.279950885809507,1.613751973338011,21.2769689528153,2.806525171022628,0.7016312927556569
G82055,3.056546102903719,2.883341823739175,0.957717778909832,17.1777890983189,2.17014773306164,0.5501782985226694
G82056,2.151485759633189,2.768715280839432,1.084560444405255,18.26999382770479,1.948681774093995,0.3791552773124063
G82057,2.994505494505495,3.745421245421245,1.703296703296703,18.61721611721612,2.445054945054945,0.7783882783882784
G82058,2.493624256163219,2.323604420515727,1.005950694247662,17.27118163785775,1.586851799376594,0.3967129498441485
G82059,2.733657482441923,2.64721772015127,0.9994597514856832,15.28363047001621,2.009724473257699,0.5834683954619124
G82060,2.112842863233692,2.453929603486664,0.7958690605902695,13.64346961011891,1.591738121180539,0.4879435311952248
G82062,0.9441087613293052,2.416918429003021,0.6042296072507553,13.8595166163142,1.132930513595166,0.3398791540785498
G82063,4.012486675803259,4.042941982640476,0.951728338663012,21.51667428049338,2.664839348256434,0.8679762448606669
G82066,2.676175139943256,3.067249444061038,1.364926002607162,16.8238632006748,2.538148914960509,0.7284717429644966
G82067,2.432090966519267,2.305748578648136,0.82122552116235,15.92966940408507,1.389766266582438,0.4316698252263634
G82069,2.426372155287818,2.443105756358768,0.7781124497991967,13.62115127175368,1.589692101740295,0.3430388219544846
G82071,3.545098039215686,3.347899159663866,1.073389355742297,17.74341736694678,2.301400560224089,0.7058823529411765
G82073,3.4648135460507,3.161397670549085,1.458353724185182,16.26700597044142,2.515415483997259,0.3915043554859548
G82074,2.934465711750539,2.99150716187096,0.6718215236405121,17.91101533781215,2.021802509823805,0.2788693116998352
G82076,2.202291978076731,2.381664175386148,1.076233183856502,16.0039860488291,1.704035874439462,0.3886397608370702
G82077,2.442931517821386,3.075690828994794,1.065278334000801,18.79054865839007,1.674008810572687,0.3364036844213056
G82079,3.374865103502404,3.983125674482488,1.020308054547238,20.31786520160895,2.609634062591975,0.9908760914352986
G82080,1.587893643096925,2.048809079767677,0.7086907870197687,11.86391005488357,1.420045825118559,0.3703308999840145
G82082,1.646876305268811,1.670744077808938,0.2446446685363088,10.89563816456829,1.420132466137598,0.3281818724267557
G82083,2.628209448076016,2.682121436754498,1.13889076083294,17.62248129927893,1.880180605162073,0.4919468966911517
G82085,2.463947259991759,2.760609806345282,1.145447053976102,15.45941491553358,1.854140914709518,0.7004532344458179
G82086,2.294473735598516,2.58738527631322,0.868970904120289,12.7709431751611,1.513376293692638,0.6932239796914665
G82087,2.420691942080248,2.746766884049961,0.961644744114071,18.00044213551454,1.912236100364762,0.5747761688957665
G82089,2.541089965397924,2.951989619377163,1.038062283737024,16.63062283737024,2.086937716262976,0.5514705882352942
G82090,3.992618688139574,4.221886708046748,1.403567634065872,24.1234692165744,3.288038919644355,0.8387854386847844
G82091,2.097971301335972,2.820385947550717,1.44482929242949,16.04156358238496,1.919841662543295,0.752102919346858
G82092,3.327727054300817,3.075444497837578,1.141278231619414,17.03507928880346,2.018260451705911,0.5165785679961556
G82094,3.255150272005708,3.915098546330153,1.409078747881923,19.24551859448854,2.577365557834656,0.865067332560421
G82095,2.15140081881673,3.130769848278077,1.517219234165529,17.35570362045436,1.774102914024243,0.4977121297262583
G82097,3.463981012252229,3.393418436076721,1.507473218294952,18.03836038232087,2.469690166142793,0.564500609404067
G82098,2.472787505915759,2.721249408424042,1.171320397539044,18.38618078561288,1.893043066729768,0.5915759583530525
G82099,1.824047274481428,2.074288470815243,0.8049927641099855,13.07284129281235,1.407983598649301,0.3075253256150506
G82100,2.896932273533469,3.245089666951324,1.38606056624844,19.43112395717007,1.885305130394797,0.3941404453787033
G82105,2.640177065767285,3.067032040472175,1.18570826306914,18.66568296795953,2.334527824620573,0.7483136593591905
G82106,2.018247166159801,2.115012441249654,0.9123583079900468,16.69892175836328,1.396184683439314,0.4008847110865358
G82107,3.779133086473535,3.593988237856676,1.099978218253104,22.11936397299063,2.635591374428229,0.7514702679154869
G82108,1.874414245548266,2.842861605748204,1.12464854732896,18.05685723211496,1.452671040299906,0.5935645110902843
G82110,1.827174062371205,1.909602967440582,0.7006456930897101,12.59788432476989,1.593625498007968,0.2335485643632367
G82111,4.081267340911126,3.973865568781885,1.279871117873445,21.2297502908798,2.90879799516692,0.6444106327754408
G82113,2.019583843329253,2.509179926560587,1.150550795593635,16.41370869033048,1.505507955936352,0.4039167686658507
G82114,4.464055655758825,4.315897964442154,0.8696212316413295,20.9095593919093,2.65395516619428,0.5861891265137851
G82115,2.721669037458511,3.015647226173542,0.8250355618776671,15.22048364153627,2.541488857278331,0.4551920341394026
G82117,2.368703108252947,2.883172561629153,0.7931404072883173,15.90568060021436,2.047159699892819,0.67524115755627
G82118,2.753024704774325,2.78924871404767,0.9418242411070056,16.32978338042454,2.079258132290082,0.5143809316815185
G82119,3.482607448682755,3.814479452616053,1.499569795550457,21.35862662350965,2.962264923997214,0.6842299340353177
G82120,3.280688238315357,3.152285567539804,1.438109912686184,17.36004108885465,2.060862865947612,0.5842321520287622
G82121,3.322809786898185,3.788476716653513,1.412786108918705,19.0370955011839,2.683504340962905,0.8366219415943174
G82122,1.340797378481704,1.728563626433643,0.5871108683779356,13.39158929546696,1.116876024030584,0.2921900600764609
G82125,3.6598117811084,2.971418612757058,1.254792610665737,16.68699895433949,2.335308469850122,0.6535378180550715
G82126,3.181343088581134,3.625555265220799,1.07786778155213,18.80715965508231,2.221060883198328,0.5879278808466161
G82129,2.192003247412218,2.618226101075706,0.8118530545971179,20.29632636492795,1.298964887355389,0.4871118327582707
G82135,2.005798754693664,2.238699557963782,0.7129616426636247,11.55948476638624,1.354627121060887,0.3659869765673274
G82137,2.458932761963065,2.101826344250587,0.693806754412815,15.13110907050301,1.897765534129171,0.3469033772064075
G82138,3.682842287694974,3.682842287694974,0.9748700173310224,21.81542461005199,2.079722703639515,0.4766031195840554
G82139,1.866883116883117,2.342300556586271,1.101576994434137,14.79591836734694,1.565398886827458,0.4522263450834879
G82140,0.6522342492367472,0.527338329170136,0.0902026089369969,3.844018873161255,0.3608104357479878,0.0485706355814599
G82141,2.864029490996739,3.246845314050759,1.120090741528428,17.35431731178222,2.027506025804622,0.6947398270239614
G82142,2.678655939422622,2.584003786086133,0.6247042120208235,16.56412683388547,2.148603880738287,0.3218173213440606
G82143,1.793234614862111,2.323053932889553,0.8830321967124032,15.52778155141965,1.521532400489064,0.4075533215595707
G82147,4.323114019979331,5.35652772993455,1.119531519118154,24.78470547709266,2.945229073372373,0.7406131588012401
G82150,2.090387163256293,2.546739290446047,0.7360518180479906,16.32562932430443,1.442661563374062,0.7654938907699101
G82152,2.468772961058046,2.792064658339456,0.911094783247612,16.85525349008082,2.483468038207201,0.6318883174136665
G82154,2.691857548904865,3.577996990469821,0.8694198294599566,19.37803042969403,1.9896338404949,0.4012706905199799
G82155,3.072148952676494,3.227307990690457,1.986035686578743,19.10007757951901,2.420480993017843,0.6516679596586501
G82158,3.07461567304087,2.755905511811024,1.218597675290589,16.6854143232096,2.212223472065992,0.5061867266591676
G82160,4.919388176932617,4.762298470442332,1.322860686233981,22.86068623398099,2.98470442331542,0.7441091360066143
G82161,1.994782387375923,2.726520743191652,1.23122932043777,16.41320946805803,1.50801730720285,0.486765080173072
G82162,2.938424106307318,3.593486805165638,1.778027325472581,21.16788321167883,2.227213176118286,0.4866180048661801
G82164,1.774840338630625,1.990197534531412,0.7723154611614437,13.745729986633,1.544630922322887,0.3713055101737709
G82165,3.203797092850786,2.897260951250865,0.9987145258578068,19.00524077919509,2.125976465934935,0.5043013942450312
G82170,2.802197802197802,2.884615384615385,0.8791208791208791,16.48351648351648,1.813186813186813,0.467032967032967
G82180,2.615062761506276,2.803347280334728,1.297071129707113,22.09205020920502,1.736401673640168,0.3765690376569037
G82184,2.921840759678598,4.821037253469686,1.533966398831264,22.86340394448503,0.9495982468955442,1.022644265887509
G82185,2.38759343969653,2.8561865446837,1.015285060805534,20.29454423742051,2.086355015061921,0.6359477853397301
G82186,3.316035944817112,3.505885330970763,1.164409568409062,20.65561321351728,2.176939627895203,0.4556385267687635
G82200,2.350527003078071,2.69564406305382,0.7648540248111184,14.93330846003171,1.921462550135249,0.5596492864471597
G82203,1.722211878607336,2.392478123254515,0.8657605660026065,15.00651647737851,1.266058462111339,0.4747719232917521
G82205,2.053990610328638,1.913145539906103,0.6103286384976526,10.24647887323944,1.549295774647887,0.3403755868544601
G82211,1.950023353573096,2.393741242410089,1.132648295189164,15.53012610929472,1.471275105091079,0.5254553946753854
G82212,1.218201361519169,1.719813686850591,0.6688164337752299,11.65651498865401,0.9673951988534576,0.3821808193001314
G82215,2.647791322584873,2.490496788569931,0.812688425743872,16.81740726176432,1.677808362826058,0.3014811901953074
G82217,1.965601965601966,3.221403221403221,0.9009009009009008,15.17881517881518,1.528801528801529,0.3276003276003276
G82218,3.063248948496151,3.031505436076502,1.214189350051583,20.92691056265376,2.364891675263868,0.4523450519800016
G82219,3.689320388349514,4.099244875943906,1.121898597626753,23.40884573894283,2.524271844660194,0.6040992448759439
G82224,2.911620716310229,1.855191960834836,0.8245297603710384,14.2746714764236,1.752125740788457,0.3864983251739242
G82226,2.733617681271811,3.043815432338116,1.143854207056999,20.55060100814269,1.647925552539744,0.1938735944164405
G82227,3.954802259887006,4.297209381955144,1.677794898133881,21.46892655367231,2.259887005649718,0.7361753124464989
G82228,2.525521708827026,2.648517895945226,0.6723791562461564,14.85383953097454,1.83264318806117,0.3812881800664179
G82229,2.256040582031772,2.362835402482979,0.6674676278200506,13.99012147910826,1.668669069550127,0.3470831664664264
G82231,1.872498570611778,3.230417381360778,1.057747284162379,17.59576901086335,1.64379645511721,0.5145797598627788
G82232,2.412008281573499,2.722567287784679,1.004140786749482,16.48033126293996,1.884057971014493,0.5900621118012422
G82233,1.550220691140058,2.583701151900097,0.8719991387662827,13.74744321240177,1.07654214662504,0.5275056518462697
G82234,2.169160921473011,2.690432150664201,0.5044560282495376,14.12476879098705,1.496552883806961,0.4708256263662351
G82235,3.067700987306065,3.10296191819464,1.357545839210155,16.83709449929478,2.468265162200282,0.7228490832157969
G82600,2.380952380952381,3.376623376623376,1.385281385281385,20.38961038961039,1.341991341991342,0.2597402597402597
G82604,2.420487929492911,2.503512581428024,0.9707497764720908,17.1477838804445,2.037297228253927,0.4342827947375144
G82631,1.190622314962563,1.59567939118694,0.6137228427642077,14.88891616545968,0.9451331778568798,0.3805081625138088
G82634,2.084230471104987,2.764619757126862,0.7923520799242098,15.09775213159935,1.524416501593317,0.447851175609336
G82635,2.831940575673166,3.714020427112349,1.857010213556174,18.84865366759517,1.624883936861653,0.510677808727948
G82641,1.137480690914197,1.404297149276787,0.5476758882179469,12.65271731498385,1.221738519870805,0.435332116275804
G82647,1.016858442601017,1.645705111051646,0.5574881812505575,12.55909374721256,1.248773526001249,0.3211131924003211
G82648,0.9519038076152304,3.406813627254509,0.7765531062124248,14.30360721442886,1.177354709418838,0.2254509018036072
G82650,3.860752629866609,4.045114412753498,1.030257022014966,18.50124715323718,2.754581932545277,0.8458952391280772
G82652,4.292421193829645,3.755868544600939,0.7377598926894702,22.97116029510396,3.655264922870557,0.7712944332662642
G82658,3.373168851195066,2.968388589051658,0.7710100231303008,17.32845026985351,1.869699306090979,0.5011565150346955
G82665,5.464881716486338,6.051714652484871,2.310654685494224,26.37080506143407,3.57601320374106,1.063634696497341
G82666,4.962876123485736,4.947245017584994,2.024228214146151,24.48612739351309,3.563892145369285,1.148886283704572
G82679,1.591511936339522,2.498952952673461,0.9632835404160268,15.3287728605333,1.270417422867514,0.3908976685746196
G82682,1.852115685995156,2.892149878900128,0.9972930616896992,14.68870209431543,1.367716198888731,0.3561760934606069
G82684,3.912947900637503,2.923719498790943,0.9012969883490876,19.58672235656188,2.747856671795999,0.3297428006155199
G82687,1.97320594038841,2.855955966351646,0.8412088482708484,18.30927406791983,1.422785335964275,0.4777235434624572
G82691,2.899824253075571,3.251318101933216,0.8787346221441126,17.39894551845343,2.255418863503222,0.4100761570005858
G82693,2.180845006263523,2.71609156132559,0.8598109554720419,16.65527844209088,1.508939756291994,0.4156701970162852
G82697,1.754735792622133,2.642073778664008,1.116650049850449,14.80558325024925,1.415752741774676,0.4287138584247259
G82698,2.178702570379437,2.619339045287638,0.5385556915544676,14.88372093023256,1.689106487148103,0.2203182374541004
G82700,3.040540540540541,3.503861003861004,0.916988416988417,18.33011583011583,2.277992277992278,0.6274131274131274
G82702,1.246182040317654,1.612706169822847,0.708613317043372,14.57544288332315,1.075137446548564,0.2932193036041539
G82708,1.189088365586384,1.935183026346468,1.072511074842621,12.66029377477267,1.095826532991373,0.5362555374213103
G82711,2.365097588978186,2.686567164179104,1.285878300803674,14.8564867967853,1.40068886337543,0.4822043628013777
G82719,1.97869101978691,2.593607305936073,1.053272450532725,16.02435312024353,1.375951293759513,0.3957382039573821
G82721,2.951019166413143,3.589899604502586,1.490721022208701,20.5050197748707,1.186492242166109,0.4867660480681472
G82729,2.738203496008891,3.202990805294534,1.141760129332121,17.80337476002829,2.101646963726382,0.7982216833383854
G82730,2.128833872112276,2.168256721595837,0.8121106993613498,15.55625640621304,1.482299140581881,0.2996136560750611
G82733,2.475831171893421,1.603395425607168,0.6602216458382457,11.48314076868663,1.626974770101391,0.3065314784248998
G82737,1.821381434227893,2.410910690717114,0.906291245050594,15.43334799824021,1.311042674879014,0.2199736031676199
G82741,1.18921425732079,1.626474095667153,0.6095137140585664,11.16337617596396,1.08983702133298,0.3113820060951371
G82744,1.545886033993583,2.113329621085567,0.8935910693925171,12.58982313791001,1.19852570731578,0.3367539044891682
G82753,0.798760133524082,1.573676680972818,0.5364806866952789,10.08583690987124,0.7510729613733905,0.2026704816404387
G82754,2.711011738401341,2.96254891000559,1.089994410285075,16.9927333705981,2.319731693683622,0.5030743432084964
G82763,2.218597063621533,2.055464926590538,1.370309951060359,13.08319738988581,1.076672104404568,0.3588907014681892
G82768,2.881578947368421,2.25,1.092105263157895,12.43421052631579,2.539473684210526,0.4210526315789473
G82780,1.105912377711612,1.986996414899435,0.7777845293795953,11.90982560612505,1.233517652062952,0.5894148386704745
G82790,1.646419437340153,2.285805626598465,0.4475703324808184,12.6118925831202,1.758312020460358,0.5115089514066496
G82796,2.884485779754684,3.086669362447769,0.7278608976951072,19.78703329289662,2.34532955923979,0.5256773150020219
G82799,2.364365632256702,3.053972274998241,1.19625642108226,18.59123214411371,1.604390964745619,0.4855393709098586
G82802,1.076903585455467,1.152920309134676,0.3800836183960471,8.209806157354619,0.9628784999366526,0.2787279868237679
G82808,1.939418174547636,2.169349195241427,0.619814055783265,14.52564230730781,1.879436169149255,0.4298710386883934
G82809,2.599578111428217,2.884973321752078,0.9120238242958184,14.93361459238119,2.047400421888572,0.2667824792157836
G82888,2.606830556013859,2.128361656492328,0.9569377990430622,11.91222570532915,1.666391684540505,0.3134796238244514
G83001,1.714606201426168,2.499799695537217,0.6730229949523275,16.26472237801458,1.586411345244772,0.4727185321688967
G83002,1.841432225063939,2.424552429667519,0.9411764705882352,15.05882352941176,1.70843989769821,0.4194373401534526
G83004,3.150997570492527,3.1730840020614,1.229478024000589,19.53176765073989,2.017227416623721,0.5227122137966576
G83006,2.73972602739726,3.181617322138754,1.142604633545862,17.0696294425857,1.855943437914273,0.4671422258695789
G83009,2.434199208670222,2.804059865817994,0.989162222604507,16.36848443144676,1.892310338895579,0.3440564252537416
G83010,1.868770764119601,2.851605758582503,0.9551495016611296,16.32059800664452,1.813399778516057,0.436046511627907
G83012,1.088952200063311,1.817030705919595,0.8483697372586262,17.46755302310858,1.500474833808167,0.4685026907249129
G83013,1.412213740458015,2.073791348600509,0.4961832061068702,13.98218829516539,1.450381679389313,0.267175572519084
G83015,1.495207667731629,2.453674121405751,0.5878594249201278,13.49520766773163,1.661341853035144,0.4472843450479234
G83016,0.9822670375521556,1.503824756606398,0.5650208623087621,11.96974965229485,0.9648817802503478,0.5650208623087621
G83018,1.009361435071388,1.626483970503635,0.7164897233408294,12.16463574080854,1.417289890696093,0.3817791956487631
G83019,1.25858123569794,2.580727180269514,0.9026188660055936,14.64530892448513,1.442918891431477,0.3051106025934401
G83021,1.087541724991924,1.297512652094325,0.4145579842790998,8.829546678152255,0.8344998384839023,0.2207386669538064
G83025,2.553870710295291,3.201205994502084,0.9488339097277644,17.80615411900328,1.817859359758801,0.3990422984836393
G83026,0.7683995677752431,1.536799135550486,0.5042622163525033,13.38696121983432,1.24864929763477,0.3962060271341097
G83027,1.398601398601399,1.921819188006238,0.6137747144941389,13.35211551038889,1.116868742768023,0.4376918045982794
G83028,1.442888620371028,2.374013789181889,0.7463217001919112,15.87177482408131,1.144359940294264,0.2345582486317436
G83029,2.904281428961003,2.699754567766567,0.9544586855740388,13.73056994818653,1.540769020998091,0.327242977911099
G83030,0.9210327646081836,1.675977653631285,0.6643515023403291,13.33232674014797,1.04182394685188,0.3774724445115507
G83031,1.372306847811171,2.648552216275559,0.9880609304240427,16.94798957046796,1.893783449979416,0.6449842184712502
G83033,2.755763688760807,3.638328530259366,1.188760806916427,18.22766570605187,2.34149855907781,0.5943804034582133
G83039,0.9891196834817012,2.156280909990109,0.8407517309594461,13.53115727002967,0.9594460929772504,0.4846686449060336
G83044,1.208886097809875,1.923227882879347,0.6829421461653191,12.88955177015464,1.350184472878562,0.3218462987675642
G83046,2.175940317065589,2.62667081131489,1.010258004351881,16.50606154802611,1.647497668635375,0.27976375505129
G83049,2.682054616384915,3.153446033810143,1.194733420026008,17.44148244473342,2.243172951885566,0.5364109232769831
G83052,1.42309188948802,2.156873645005281,0.6726332758908221,14.73678358997165,1.489799321807771,0.3113013508255045
G83053,1.749326272989457,2.141742707200605,0.8084724126518841,14.62814996926859,1.451468015696657,0.2600349865254598
G83057,2.272138228941685,2.643628509719222,0.5442764578833693,12.39740820734341,1.995680345572354,0.4060475161987041
G83058,0.8721188929429562,1.503960131707751,0.5072528254872297,12.07617691554685,0.8543205481890184,0.2669751713090683
G83060,0.5823186871360508,1.561672842773955,0.4235044997353097,15.03440974060349,0.8999470619375332,0.277924827951297
G83062,0.6474447513812155,1.087707182320442,0.4143646408839779,11.25690607734807,1.053176795580111,0.2935082872928177
G83065,0.8073744437380801,1.239669421487603,0.336935791481246,7.202797202797202,0.7883026064844246,0.1271455816910362
G83066,2.542619139868268,3.094730724525378,1.220457187136769,16.62630763270051,2.116427741185587,0.4310344827586207
G83067,0.6368239570066168,1.348202913857911,0.4504364573949241,11.44108601783107,0.9785343729613868,0.3013264577055699
G83628,1.37743628185907,1.789730134932534,0.5341079460269865,11.96589205397301,1.058845577211394,0.2717391304347826
G83630,1.216796564339113,2.099570542389057,0.9145856529346272,13.233656752028,1.431525369810721,0.3499284237315095
G83631,0.7087889833940867,1.680842446334548,0.4860267314702308,11.96840826245444,1.235317942486837,0.2430133657351154
G83633,0.6780250347705146,1.651599443671766,0.3998609179415856,12.23922114047288,0.764951321279555,0.1912378303198888
G83635,1.377597109304426,2.642276422764228,0.7000903342366757,20.3026196928636,1.174345076784101,0.3161698283649503
G83641,0.4415660877244628,1.707388872534589,0.3826906093612011,12.95260523991758,1.03032087135708,0.1177509567265234
G83642,1.13141862489121,1.730973793636979,0.7832898172323759,12.5519775650324,1.073397156948071,0.396480030944783
G83647,0.8778530223225482,1.99398043641836,0.6646601454727866,15.28718334587409,1.429646350639579,0.3135189365437672
G83651,1.025037808771635,1.865232733994286,0.487313056629138,12.21643421273735,0.9914300117627288,0.4032935641068728
G83654,0.6714876033057852,1.377410468319559,0.7403581267217632,13.68801652892562,1.291322314049587,0.6714876033057852
G83673,0.948316737790422,1.928244033507191,0.5373794847479058,13.26062905010273,1.296032874980243,0.474158368895211
G83680,2.172575559486273,2.60324540490656,1.034376682304084,14.51203568407291,1.565023456125509,0.4498961778051219
G84001,2.084714548802947,2.386740331491712,0.8176795580110496,12.47145488029466,1.458563535911602,0.3314917127071823
G84002,1.698771424237828,1.949036857272865,0.652206886091309,10.57181859548005,1.251327165175186,0.2806006370392841
G84003,1.296720061022121,2.203576574285957,0.644122383252818,12.30612763793542,1.372997711670481,0.3135858971099246
G84004,3.742312102574794,4.221828416553737,1.428124674241634,19.034712811425,2.470551443761076,0.6150317940164703
G84005,2.830372828420847,3.357407768885419,1.268787819636932,15.86960765176654,2.283818075346477,0.8588717548311536
G84006,2.713298256473744,3.518002682348086,1.196739915402868,16.52739090064996,2.145878468998246,0.3920354895285257
G84007,2.187729161574187,2.83549254461012,0.8433145930090442,15.69298460034221,1.637741383524811,0.4644341236861403
G84008,2.06929740134745,1.844722489573308,0.2726981071543151,10.3144048764838,1.251203079884504,0.2406159769008662
G84009,3.066761028544468,3.845246520405756,1.085161594715735,15.09790044821892,2.05237084217976,0.5189903279075253
G84010,2.787470920571618,3.074111000332337,0.843303423064141,14.62695247590562,1.944167497507478,0.448654037886341
G84011,2.039122703023118,2.382928275044458,0.7350326022525192,15.77949021932424,1.790160047421458,0.4030823947836397
G84013,1.907169117647059,2.734375,0.9191176470588236,16.06158088235294,1.631433823529412,0.8042279411764706
G84015,3.16331305568554,3.434721572297614,0.7767898923724847,15.06785212915302,2.058961160505381,0.3743565746373421
G84016,2.09427958262414,2.634500111004218,0.6586250277510545,14.50455117294457,1.361651742766225,0.3478132169022423
G84017,2.921707372745948,3.092901164117781,0.7760785208856426,16.89112074868751,1.70052499429354,0.570645971239443
G84018,2.890695573622403,2.877790682668731,1.419538004903859,15.64072783584979,2.000258097819073,0.4258614014711576
G84019,1.759267570236065,2.719684049905753,0.7539718158154564,15.42051880441612,1.525895341531281,0.6103581366125124
G84020,2.520290474156343,2.808628791114908,0.6727894062366511,14.78000854335754,1.932934643314823,0.373771892353695
G84023,2.435129740518962,3.373253493013972,1.007984031936128,15.39920159680639,1.926147704590818,0.4091816367265469
G84024,1.922114325758334,2.272499749724697,0.9510461507658424,11.6528180999099,1.341475623185504,0.350385423966363
G84025,0.9504041948874808,1.638627922219795,0.4588158182215425,11.37207778020537,1.103342800961328,0.305877212147695
G84027,1.869652984715948,2.210900701720658,0.6296260694030568,11.86676920119196,1.350571950398923,0.302797270018264
G84028,2.286032896570951,2.536938946194591,0.9060496236409256,16.64343462503485,1.658767772511848,0.2927237245609144
G84029,1.388161341016239,2.750130958617077,0.6024096385542169,15.89837611314825,1.388161341016239,0.3143006809848088
G84030,2.403124061279664,2.538299789726644,1.246620606788825,14.73415440072094,1.757284469810754,0.2703514568939622
G84032,2.718199193034615,3.093367310823246,0.9485382600693708,15.0916684363276,1.918312451334324,0.4671904863028243
G84033,1.805012646585422,2.149919521729133,0.4023913543343297,12.77305127615544,1.138192687974247,0.1149689583812371
G84035,2.054875875994774,2.042997980757809,0.5345052856633804,13.00629528447559,1.104644257037653,0.1900463237914241
G84039,1.704694466299502,2.334120115394702,0.8916863362182009,15.39470233412012,1.232625229478101,0.4458431681091005
G84040,2.243974512882076,2.714932126696833,0.7572259673100009,11.70006464124111,1.597562101763782,0.3509095946070736
G84041,0.755608028335301,2.148760330578512,0.8028335301062574,11.68831168831169,0.8500590318772138,0.4250295159386069
G84604,1.050395373539478,1.664109524371533,0.4366812227074235,10.14988787914552,0.790747078956686,0.1652307329163225
G84607,2.353780313837375,2.656918687589158,0.6241084165477888,14.60413694721826,1.729671897289586,0.5706134094151213
G84609,2.982554867754643,3.460889138998312,0.9285312324141812,16.71356218345526,1.828925154755205,0.4783342712436691
G84621,1.345291479820628,1.958933207458107,0.4484304932735426,12.41444418220439,0.8496577767288176,0.3068208638187397
G84624,0.7169811320754716,1.056603773584906,0.5283018867924528,11.35849056603774,0.7547169811320755,0.3396226415094339
G84625,0.6670224119530417,1.000533617929562,0.4402347918890074,8.044290288153682,0.8804695837780149,0.2001067235859125
G84627,3.173036243125088,3.187138626427866,0.8743477647722465,13.70751657030038,1.593569313213933,0.3243548159638979
G84629,1.220070154033857,1.982614000305017,0.5795333231660821,11.77367698642672,1.250571907884703,0.2745157846576178
G84630,1.517706576728499,2.192242833052277,0.7419898819561552,12.88364249578415,1.315345699831366,0.2698145025295109
G85001,1.848464426687205,1.896601521132184,0.7220564166746896,12.53489939347261,1.174545104457495,0.2118032155579089
G85002,0.4286939125464418,0.7389866492467235,0.2939615400318458,6.320173110684685,0.5103498958886212,0.134732372514596
G85004,1.391000732105649,2.244185391676522,0.7968688404572843,14.2647969814721,1.720448273920144,0.56315819113589
G85006,0.5772791634898159,1.045637730094761,0.6970918200631739,15.51029299640562,0.9911774316523254,0.2831935519006644
G85011,0.6506433600388444,0.7040543821315853,0.3107550376304928,7.055110463704782,0.7040543821315853,0.1747997086671522
G85013,1.433049708911778,1.791312136139722,0.9516345723242275,14.9910434393193,1.321092700403045,0.5261979399910435
G85014,1.152959262106072,1.810573063455462,0.8455034588777863,11.98223588692459,1.016312238449056,0.256213169356905
G85015,1.04643557880968,1.71135818617833,0.8611292783954654,13.00414214083279,1.656856333115326,0.4142140832788315
G85016,1.046810191586016,1.428665481598525,0.6847060372638093,10.25742313516361,1.237737836592271,0.3094344591480677
G85019,0.952899537163082,1.334059352028315,0.6534168254832562,12.90498230329431,1.089028042472094,0.2994827116798258
G85020,0.4354759568204121,0.7666830225711482,0.3066732090284593,7.856967615309126,0.7360157016683023,0.263738959764475
G85021,1.43884892086331,2.094794752433347,1.43884892086331,15.91197630131189,1.883199322894626,0.5078290308929327
G85022,1.161683488859265,1.663175268202882,0.7554116676188662,14.82257347806767,1.472735351996445,0.387227829619755
G85023,0.6361237057589497,1.238411044190296,0.4331055017933275,8.76361913784936,0.8797455505176963,0.2165527508966638
G85024,1.730218939242697,2.655220602914753,1.291009516204166,14.4340187662208,1.597125174685566,0.6455047581020829
G85025,0.7865431041196169,0.9422942138462737,0.4672533291799704,8.106845261272486,0.9189315473872752,0.2102639981309867
G85026,1.042611060743427,1.881233000906618,0.9519492293744334,18.67633726201269,1.903898458748867,0.2946509519492294
G85028,1.151750972762646,1.688715953307393,0.5914396887159533,13.96887159533074,1.478599221789883,0.443579766536965
G85029,0.5260389268805892,1.128061254310597,0.432520895435151,7.358700099362908,0.678005727979426,0.2337950786135952
G85030,0.5741626794258373,1.036682615629984,0.5901116427432217,10.86124401913876,0.9090909090909092,0.3189792663476874
G85031,0.960978450786255,1.22306348281887,0.7425742574257426,11.95398951659872,1.426907396622015,0.3057658707047175
G85032,1.237582084526014,1.995285401582758,0.9176629062131672,15.35612055901667,1.321771341976764,0.5388112476847954
G85034,1.07466889836475,1.499754247532512,0.7890646793926592,12.2650407152061,1.305809056974721,0.3852335976832849
G85038,0.9062410943288688,1.694689845160065,0.6383585066970646,11.71083879547829,1.141825781324214,0.3856749311294766
G85039,1.269759004923555,1.694739569836745,0.7463073335060897,11.77507126198497,1.451153148484063,0.2850479398807981
G85040,0.6006642640096106,0.8126634160130026,0.5935976256094976,9.151296728146422,0.8126634160130026,0.3321320048053141
G85041,1.260037059913527,1.408276714021001,0.4817788758492897,13.32921556516368,1.383570105003088,0.4447189623224213
G85042,0.6751798033171877,1.027447526787025,0.4550124761485396,10.71480992220754,0.9247027741083224,0.278878614413621
G85044,1.438344150149097,1.701455884932468,0.7717944220312226,12.13822136467286,1.298017891597965,0.3858972110156113
G85045,1.177929324240546,1.38871667699938,0.6819590824550528,11.60570365778053,1.698698078115313,0.4711717296962182
G85046,1.501210653753027,2.074253430185633,0.5165456012913641,10.62953995157385,1.396287328490718,0.4761904761904762
G85047,0.7578983224048369,1.03040109001107,0.5279741122370775,8.745635697862557,1.098526781912629,0.2299242101677595
G85051,1.649983500164998,1.605983940160598,0.6489935100648994,10.24089759102409,1.220987790122099,0.2309976900230998
G85052,0.4639712148470788,1.079443234542183,0.3976896127260676,10.45355553451378,0.7196288230281224,0.2840640090900483
G85053,0.8310486634681289,1.113776559287183,0.3855380397532557,7.959218642906101,0.8010623714873201,0.2698766278272789
G85054,1.685531496062992,1.796259842519685,0.7381889763779528,14.0255905511811,1.956200787401575,0.4921259842519685
G85057,1.29669651126891,1.705773386847793,0.6792219820932387,15.00463105896882,1.234949058351343,0.3241741278172275
G85061,1.263971586754413,1.754935756816045,0.7207771858351614,11.9293847278805,1.201295309725269,0.3760576621748668
G85073,0.8346374543557642,1.304121022430881,0.5998956703182056,10.08085550339072,1.447574334898279,0.4434011476264998
G85076,0.7426246185147508,0.9867751780264497,0.590030518819939,10.80366225839268,0.8850457782299084,0.417090539165819
G85083,0.7430242668563749,1.264722156351277,0.6560746186072247,14.88419887755908,0.9485416172634576,0.4268437277685558
G85084,0.6456061175880657,1.046759433370941,0.4262253980193055,8.254983076344491,0.8461827754795035,0.2945969662780494
G85085,0.6099444101297097,1.104076590487956,0.4555281037677579,7.689932056825201,0.6639901173563928,0.2393452748610253
G85086,0.4669260700389105,0.953307392996109,0.3696498054474708,8.852140077821012,0.8949416342412451,0.2626459143968872
G85087,0.568930410827644,0.8623787279913762,0.3952569169960474,7.827284704755061,0.6467840459935321,0.2096059408312373
G85091,0.7007299270072992,0.8905109489051094,0.5109489051094891,8.175182481751825,0.656934306569343,0.1313868613138686
G85096,0.7904061052057783,1.580812210411557,0.7358953393295176,13.01898791678023,0.8449168710820387,0.2452984464431725
G85100,0.5520504731861199,0.9238395673726904,0.4393871113114015,8.47228481297882,0.9689049121225778,0.202794051374493
G85102,0.4949973670352817,0.9162717219589256,0.4423380726698263,7.740916271721959,0.7582938388625593,0.2422327540810953
G85104,1.336658354114713,2.214463840399003,0.827930174563591,15.96009975062344,1.476309226932668,0.6184538653366584
G85105,0.7379518072289156,1.159638554216867,0.4066265060240963,9.33734939759036,1.234939759036145,0.1355421686746988
G85109,0.6903677264828817,0.976846851077819,0.3522284318790213,7.692668952237824,0.8359554783262104,0.1972479218522519
G85114,1.008002462296091,1.931363496460449,0.6540473991997537,12.14989227454602,1.238842720837181,0.4539858417974761
G85119,0.7204610951008645,1.16874799871918,0.7684918347742555,10.85494716618636,0.9926352865834136,0.2881844380403458
G85120,0.9059338668277216,1.630680960289899,0.7851426845840254,13.42292012683074,1.524988675826665,0.588857013438019
G85121,0.6852075775896815,1.330108827085852,0.6045949214026602,10.98347440548166,1.178960096735187,0.2720677146311971
G85123,0.6609828527636746,1.111217549573714,0.5077114666155762,8.889740396589712,0.7280390842034677,0.2969633106619408
G85125,1.124485270826734,1.853025023756731,0.8235666772252138,14.34906556857776,1.393728222996516,0.5701615457713018
G85127,0.611807892321811,1.040073416947079,0.4435607219333129,10.12542061792597,0.8565310492505354,0.2753135515448149
G85129,0.6579849211788896,1.028101439342015,0.4797806716929404,8.416723783413296,0.9321453050034272,0.1782042494859493
G85130,1.035841965349711,1.521679347327894,0.5683380694839124,9.735081125676048,1.191676597304978,0.4308369236410303
G85132,0.707395498392283,0.977491961414791,0.4630225080385852,8.263665594855306,0.6559485530546624,0.1929260450160772
G85134,0.55286800276434,0.9790370882285188,0.4492052522460263,14.53582123934577,0.82930200414651,0.1958074176457038
G85135,0.7728894173602854,1.460845931713946,0.4416510956344488,14.09886189909971,1.265500254798709,0.4161712247324614
G85136,0.8109751976752044,1.013718997094005,0.4257619787794823,7.663715618030682,0.7433939312022708,0.236534432655268
G85137,0.7349714787187364,1.064063185607723,0.4278192189556824,6.888986397542782,0.9872751206669592,0.1096972356296621
G85138,1.041192165028958,1.750504327454936,0.6767749072688228,10.05401184356088,0.8719984382117525,0.3904470618858593
G85623,1.011652063950863,1.327793333935507,0.5600216782585132,9.547466353536263,1.065847710233945,0.3522717008400325
G85632,0.7788328176677691,1.088232156193321,0.6401365624666595,10.17817134321989,0.7148191614211031,0.3414061666488851
G85633,0.9993400584519656,1.579145847082115,0.6316583388328462,12.25605732063731,1.301027623267653,0.4053926652210804
G85642,0.8004926108374385,1.169950738916256,0.4618226600985222,7.55336617405583,0.8004926108374385,0.3489326765188834
G85644,1.394984326018809,1.191222570532915,0.6426332288401254,10.98746081504702,1.191222570532915,0.329153605015674
G85647,0.8817635270541082,1.496325985303941,0.7882431529726119,11.19572478289913,0.9619238476953909,0.2271209084836339
G85651,0.8750537942906327,1.319753263520298,0.6168411992540525,11.51915076746521,1.133266389327213,0.4446994692296657
G85662,1.124933827421916,2.024880889359449,0.7278983589200636,14.00211752249868,0.8470089994706195,0.2911593435680254
G85673,0.4545454545454545,1.036931818181818,0.3125,10.08522727272727,0.7528409090909091,0.15625
G85674,0.5266237565827969,1.038619075482738,0.3071971913399649,6.056173200702164,0.5997659449970743,0.1170275014628438
G85681,0.6128904705417161,1.166468960063266,0.6524317912218268,9.905100830367736,0.7908264136022143,0.059311981020166
G85685,1.070617497566779,1.17876067913918,0.6596734075916514,10.97653292959879,1.16794636098194,0.3568724991889262
G85690,0.5391953546246371,1.092216231162726,0.5253698327111849,9.484308032628231,0.9816120558551084,0.2903359601824969
G85695,0.3537568982595161,0.6650629687278902,0.2971557945379935,7.994905900665063,0.7358143483797934,0.3396066223291354
G85696,0.6129857763494614,0.7379634589061477,0.3154198655002083,7.474855680533238,0.7617687317740879,0.1487829554246266
G85698,0.5059237912263849,0.9221902017291068,0.3586295228946526,7.307076528978547,0.6532180595581172,0.1729106628242075
G85705,0.8814754542988881,1.030648223487931,0.2983455383780851,7.62137238947654,0.7458638459452129,0.2441008950366151
G85706,1.375082836315441,1.722995361166336,0.513585155732273,10.10603048376408,1.159708416169649,0.2485089463220676
G85708,0.7916550246810097,0.8941044984632579,0.4097978951289932,7.534693117258079,0.8941044984632579,0.2700940672441092
G85711,0.2466293982242684,0.5754685958566261,0.1973035185794147,5.310753041762578,0.4274909569220651,0.1068727392305163
G85715,0.6128430588862244,0.9947597477573498,0.6394884092725819,13.34932054356515,1.10134114930278,0.3019806377120526
G85716,0.921443073559269,1.311885053880993,0.5310010932375449,10.2139622052163,1.155708261752304,0.4060596595345932
G85721,1.186813186813187,1.289377289377289,0.8498168498168498,14.68131868131868,1.010989010989011,0.4102564102564102
G85722,0.6019700839109814,1.970083910981394,0.5746078073695732,12.34038672017512,0.994162714337833,0.4925209777453484
G85724,0.4491748852651108,0.825114734889171,0.3271164925300263,8.768674934088468,0.7030563421540865,0.219705106923152
G85726,0.7295466388744137,1.003126628452319,0.3778009379885357,12.46743095362168,0.9640437727983324,0.1563314226159458
G85727,1.066436085891339,1.570831531921026,0.5620406398616515,9.799682951433924,0.8070327136474996,0.3458711629917856
G85736,0.8804448563484708,2.641334569045413,0.6950880444856349,11.8628359592215,1.181649675625579,0.3243744207599629
H81002,1.685328408172688,1.985455384970564,0.6348839893801224,12.97472007387741,1.235137942975874,0.6810573704259495
H81003,2.671457584752382,3.145341873665573,1.010258813727022,15.53403114096756,1.895537155652762,0.5051294068635109
H81004,3.701639866263334,3.757363477153319,1.345327177201083,19.65451361248209,2.42795733163509,0.6209202356312689
H81005,2.768113749810921,2.934503100892452,1.104220238995614,15.64059900166389,1.633640901527757,0.3781576160943881
H81006,2.245614035087719,2.315789473684211,0.7368421052631579,11.53216374269006,1.333333333333333,0.2923976608187134
H81009,2.87660862982589,3.356043401463538,1.621246530406258,17.84002018672723,2.188998233661368,0.5299015897047691
H81010,1.429966790388748,1.418245751123266,0.6212150810705216,9.150224653252588,1.050986520804845,0.3633522172299277
H81011,2.480692721741165,2.316873391060145,0.3510414228879007,13.64380996957641,1.567985022232623,0.3159372805991107
H81013,2.450170492494815,2.949344394839526,0.90694976623194,15.47439097268605,1.680317783949098,0.4183217914015538
H81015,2.692560277699597,2.645651562060231,0.9287925696594428,13.07814992025518,1.829439909935266,0.2533070644525753
H81016,4.274661508704062,3.704061895551257,1.760154738878143,18.45261121856867,2.707930367504836,0.6576402321083172
H81019,1.960352422907489,2.004405286343613,0.6681350954478708,11.65198237885462,1.402349486049927,0.3524229074889868
H81020,2.366951991068106,2.061778935615929,0.8708596948269446,12.75027912169706,1.577967994045404,0.394491998511351
H81021,2.347445600756859,2.152317880794702,0.6918164616840113,15.11944181646168,1.425023651844844,0.2424314096499527
H81022,3.585196607555898,3.296067848882035,1.792598303777949,19.27525057825752,2.197378565921357,0.4626060138781804
H81023,2.976827094474154,3.021390374331551,1.24777183600713,15.07130124777184,2.005347593582888,0.4456327985739751
H81024,2.1099304334531,2.752083174069261,1.009097163825396,14.30318782967663,1.735341334760339,0.3975231251433377
H81025,3.082919914953933,3.260099220411056,1.063075832742736,17.70021261516655,2.276754075124026,0.407512402551382
H81026,3.325518798298168,3.230007814535035,1.085352088217418,14.41347573152731,1.875488408439698,0.5383346357558392
H81027,2.820576540755467,2.882703777335984,1.000248508946322,15.37649105367793,1.863817097415507,0.459741550695825
H81028,3.270192994996426,3.62759113652609,1.268763402430307,18.09328091493924,2.421372408863474,0.6611865618298786
H81029,1.687175915176844,1.927095426050615,0.6965405154399814,10.98986146583082,1.184118876247968,0.2786162061759926
H81030,1.930475167226978,2.530066197622431,0.6654420684157627,12.10965930752435,1.455654524659481,0.4748206425674973
H81032,1.9666069027342,2.375616315553563,1.15979381443299,12.76333482743164,1.260645450470641,0.5826983415508741
H81033,2.171864482835988,2.167377159524344,0.7404083464213597,13.43953331837559,1.768005384787974,0.4173210679829482
H81034,2.743764172335601,2.947845804988662,0.6802721088435374,15.12471655328798,1.927437641723356,0.3968253968253968
H81035,2.137223305911288,2.272920023746926,0.7293698583665508,15.06233567975574,1.416334492409465,0.228988211347638
H81036,2.396294804671768,2.305678614579138,0.8658880386629079,12.27345952476843,1.862666129681836,0.3926701570680628
H81038,2.44794597636466,2.72931907709623,0.4501969611705121,12.32414181204277,1.631963984243106,0.196961170512099
H81039,2.821220484513953,2.821220484513953,1.134621281815394,16.32934682612695,1.916590003066544,0.3526525605642441
H81040,2.373626373626374,2.351648351648352,0.8021978021978022,15.82417582417582,1.56043956043956,0.5164835164835165
H81041,1.937269372693727,2.029520295202952,1.273062730627306,14.78782287822878,1.651291512915129,0.5166051660516605
H81042,2.243211334120425,2.556080283353011,1.192443919716647,14.84061393152302,1.735537190082645,0.5430932703659976
H81043,3.36254524671366,3.124404648504477,0.8668317774814251,15.00285768717851,1.705086683177748,0.523909316060202
H81044,4.202542025420255,3.772037720377204,1.435014350143502,17.81467814678147,2.419024190241902,0.6765067650676507
H81045,2.603628160541404,2.866810790487828,0.8177460287621017,12.76435755240154,1.898674687470627,0.3195789077920858
H81046,1.913393756294058,1.740756725650985,0.906344410876133,10.99122428427564,1.237232052942023,0.2445691267443533
H81047,2.620014924135644,2.835585772324019,1.086145427410662,13.94577564049415,1.82406102313241,0.522344747533372
H81048,1.335699607696619,1.728002988978143,0.3549411544928078,10.36801793386886,1.092845133569961,0.2988978143097328
H81050,2.711259030765484,2.548908190599886,1.014692751034987,13.4426495657115,1.818329409854696,0.5519928565630327
H81051,2.199930819785541,1.999308197855413,0.6087858872362504,13.05430646835005,1.535800760982359,0.3666551366309236
H81052,3.582139286904365,3.543263356658891,1.071864933910919,16.69443518827057,2.199266911029657,0.5053870931911585
H81053,2.847096188747731,2.756352087114338,0.9754990925589836,16.37931034482759,1.735480943738657,0.3856624319419238
H81055,2.67480577136515,3.018867924528302,0.9433962264150944,15.37180910099889,2.241953385127636,0.3995560488346283
H81056,3.274159416882201,4.003056665882906,1.481307312485304,16.87632259581472,2.474723724429814,0.5114037150246884
H81057,2.220558882235529,2.445109780439122,0.7235528942115769,14.75798403193613,1.808882235528942,0.436626746506986
H81058,2.235975244559792,3.02455579956079,0.9682571371531244,14.33419844280295,1.627071271710921,0.4591734877221003
H81061,1.896125309150866,2.086371995687742,0.6785465153148582,11.24992073054728,1.407825480372884,0.3107362546768977
H81062,3.242275909258382,3.689667877256698,1.515869256276646,16.17453550186852,2.031685878204116,0.4842360124217064
H81064,2.66496562477851,3.132752144021547,1.041888156495854,16.06067049401091,1.757743284428379,0.5386632645828904
H81065,2.707309736287978,2.797553394164244,1.3235736488519,14.80998696480497,2.36638925097764,0.59159731274441
H81066,1.858638743455497,2.558900523560209,0.7722513089005236,13.69764397905759,1.655759162303665,0.5497382198952879
H81067,2.841944181301464,2.46301829046127,0.8671573271150623,11.31676747066968,1.938351672374845,0.342490709028638
H81068,3.84932410154962,3.074513682822288,1.153972964061985,19.55159907682163,2.357401912298055,0.6017144741180349
H81069,2.433736006017965,2.694809504845347,0.8672950130536751,14.61126598522058,2.013363423160317,0.5796716668879154
H81070,3.112120447472454,2.826141811758768,0.7149465892842123,16.77180587097317,2.119606358819076,0.3280343174362856
H81071,1.846990436902306,2.52203262703919,0.6937933620851303,13.48209263078942,1.687605475342209,0.4781548846802925
H81072,2.410241739379202,2.875125160921184,0.9726791589186096,14.01802317265055,1.759404949220426,0.4291231583464454
H81073,2.374616997258507,2.366553781648121,0.7337526205450734,11.69972585066925,1.536042573778423,0.4233188195452346
H81074,3.046218487394958,3.091236494597839,0.4651860744297719,14.36074429771909,2.32593037214886,0.2551020408163265
H81075,2.595366660860477,2.961156592928061,0.8099634210067933,14.88416652151193,1.785403239853684,0.435464204842362
H81076,4.375606599805888,4.286638628275639,1.318343578130055,18.86120996441281,2.628599158848269,0.5257198317696539
H81077,2.947955841319908,2.814509280601722,0.8006793643091108,13.84204779813175,1.807594322455417,0.4973917263132355
H81078,2.445523448602558,2.593557555660824,0.7164850781620085,14.60800568450971,1.806016106110848,0.2960682141165324
H81080,3.98764120884426,3.64005020758907,0.9558752534517716,20.40166071256155,2.674519648546876,0.7434585304624892
H81081,2.89694155647522,3.149288381952155,1.150701524174826,16.33188654486727,2.351872413445039,0.7368527303926516
H81082,2.119853240929474,2.833265389319201,0.805136567468406,13.02486750917244,1.426824296779454,0.2649816551161843
H81084,3.47006129184347,3.536067892503536,0.9806694955209808,14.27628477133428,1.98019801980198,0.33003300330033
H81085,2.219687664502545,2.47411826636252,0.64923670819442,12.51096683628707,1.570450956308124,0.2544306018599754
H81086,2.825428859737639,2.764883955600403,0.9889001009081736,12.97679112008073,1.77598385469223,0.3229061553985873
H81087,1.404985432178699,2.628682421495629,0.9517643250242795,13.97215927484623,1.528002589834898,0.3431531239883457
H81088,3.005369221114288,2.86590893243149,1.080817237291681,14.01575901262116,1.785091695139809,0.6066522557701695
H81089,2.023391292746921,1.907768933161382,0.7470983234757861,12.1314537288211,1.436385467158803,0.2979499266242718
H81090,1.429706115965052,1.680210179018757,0.5926559540538889,10.66169731777357,0.745402333964685,0.2688336286430011
H81091,2.128093554528148,2.148490617351102,0.4623334239869459,13.52325265161817,1.42099537666576,0.3603481098721784
H81094,1.978604563097605,2.272081794944618,0.6532235160465777,11.8905613935435,1.495787181671874,0.2650762094102054
H81095,2.040253653156879,2.42624758753791,0.7719878687620623,17.4524400330852,1.350978770333609,0.413564929693962
H81099,1.940341731827397,1.824500434404865,0.4561251086012163,11.41036779611932,1.629018245004344,0.260642919200695
H81103,3.204272363150868,3.022211433426387,1.03167860177206,14.4556378201238,2.257555528583566,0.3883966500788931
H81104,1.953519703603907,2.368923318738071,0.6062647356012125,13.49500392949366,1.49320758953632,0.4715392388009431
H81107,2.422577422577422,2.322677322677323,0.9865134865134866,11.4010989010989,1.723276723276723,0.3746253746253747
H81109,3.33505021890291,2.626834921452485,0.9013649240278137,13.54622714396085,1.828483131599279,0.2189029101210405
H81110,3.186504217432053,3.124023742580444,1.062168072477351,15.74507966260544,2.030615432677288,0.6248047485160888
H81111,2.80437756497948,3.163474692202462,0.8036935704514364,16.29616963064295,1.761285909712722,0.4445964432284542
H81113,3.265458157437298,2.756394338217035,0.6208095356344674,16.74944127141793,1.874844797616091,0.2855723863918549
H81116,3.392677191803829,3.997312730937185,1.41081625797783,17.36647631844139,2.40174672489083,0.4870675176352032
H81119,2.360704493703239,2.583763186021655,0.8318230401040941,14.56852084204657,1.640410799758353,0.5018820577164366
H81122,1.765799256505576,2.242100371747212,0.6157063197026023,11.67518587360595,1.312732342007435,0.3601301115241636
H81123,1.111436092424686,2.018133957297455,0.8774495466510676,12.40128692600175,1.228429365311495,0.233986545773618
H81126,3.099593495934959,2.883638211382114,1.486280487804878,17.28912601626016,2.235772357723577,0.2921747967479675
H81128,2.608384945212006,2.822772748928061,0.9885659838018104,14.23296808003811,1.905669366364936,0.4168651738923296
H81129,2.05421431596781,2.16010165184244,0.8259212198221092,12.15586615840746,1.33418043202033,0.3811944091486658
H81130,2.876318312559923,2.556727388942154,0.5880472994566954,15.0143815915628,1.534036433365292,0.33237456056248
H81133,2.404606720242992,2.575460355628678,0.7340378409162818,16.60127823830918,1.762323609441245,0.4840853002594444
H81615,2.293297039809459,2.388567539979585,1.150051037767948,12.46682545083362,1.524328002722014,0.3606668935011909
H81618,2.616327206491141,2.831594634873324,0.8445106805762544,15.51581387646961,2.318264613346581,0.5961251862891207
H81632,2.628984554715741,3.713440683535985,1.150180742688137,14.7551758133421,1.938876109102859,0.5915215248110417
H81638,2.637196709361658,3.095386858273456,1.020514422576278,15.25825262938665,2.061855670103093,0.577944392377382
H81641,0.6072874493927125,2.682186234817814,0.5819838056680162,10.70344129554656,0.7591093117408907,0.2783400809716599
H81642,1.889763779527559,2.564679415073116,0.6299212598425197,15.25309336332958,1.732283464566929,0.6524184476940382
H81643,0.3767897513187641,2.135141924139663,0.6531022356191912,8.540567696558654,0.6531022356191912,0.1507159005275057
H81644,2.798507462686567,3.148320895522388,0.7229477611940298,14.35401119402985,2.203824626865671,0.3264925373134328
H81656,2.877596855699045,2.989893318360472,0.5895564289724873,18.82369455362156,1.993262212240314,0.5895564289724873
H81658,3.022835551174635,3.564974535896173,1.100706423525546,17.05273533760473,2.004271398061442,0.7064235255462461
H81663,1.385869565217391,1.059782608695652,0.3260869565217391,7.418478260869565,0.9239130434782608,0.2717391304347826
H81672,2.58920113672245,2.273444900536786,0.7262393432270287,12.25134196400379,1.626144616356173,0.1894537417113988
H82003,2.536335138216016,3.524270922390044,0.7979481333713309,15.37950033247839,2.023368481048732,0.4464709793863398
H82004,3.137951450562463,3.177422537990922,0.8880994671403196,16.83441878823761,2.013025458851391,0.1776198934280639
H82005,2.370229912301493,2.449237576044876,0.8453820020541992,13.83424192146638,1.619657106739354,0.4424429169629454
H82006,4.330512692882031,4.479840716774515,2.239920358387257,20.17587522814004,3.019744483159117,0.5641280902604944
H82007,4.161538461538462,4.684615384615384,1.446153846153846,23.11538461538462,3.053846153846154,0.8
H82009,2.805490053812201,3.204546828707903,1.330189249652337,18.1449906282121,2.225043835782091,0.6469556805127276
H82011,2.551570929863535,3.256109171691526,0.8632180260234845,15.47445255474453,2.018406854966677,0.4379562043795621
H82012,1.207056638811514,2.778883141000133,0.815758058097891,12.00424459477384,1.293274970155193,0.3780342220453641
H82013,3.232982352068812,3.240397449206585,0.8304908794305205,16.75070443422809,2.239359335607296,0.4597360225418953
H82014,3.795136330140015,4.340456890198968,1.0759027266028,19.240972733972,2.711864406779661,0.6484893146647015
H82016,2.791974979022046,3.669234876802197,1.052711877336181,18.46822793500649,2.174078877107331,0.8620032039057136
H82017,3.492573263749498,3.758530710558009,1.269570453633079,16.71517462866319,2.468887996788439,0.602167804094741
H82020,2.045877247365158,2.603843769373838,0.6819590824550528,11.62430254184749,1.715230419508163,0.4546393883033685
H82021,4.137931034482759,4.659003831417625,1.241379310344828,21.47126436781609,3.126436781609195,0.5517241379310345
H82022,3.605135617719581,4.064280248278208,0.8672731910551824,18.35728254400136,2.644332964883938,0.6717115891505824
H82023,3.139730407696337,3.746175262563056,1.223915979821926,17.52901287317033,2.219036855307771,0.7911348788488574
H82025,2.031615590937625,2.756377332648519,0.7875363807567197,12.57775495063631,1.666381327398277,0.3538206928037436
H82026,1.29923273657289,2.347826086956522,1.150895140664962,15.67263427109974,1.048593350383632,0.2608695652173914
H82027,2.851425712856428,2.601300650325163,1.150575287643822,15.35767883941971,1.700850425212606,0.575287643821911
H82028,1.624843161856964,2.107904642409034,0.5583437892095358,12.27101631116687,1.29861982434128,0.2885821831869511
H82030,3.912199492309989,3.6807525757802,1.097506346125131,17.62729580409138,2.725100791399134,0.3135732417500373
H82031,3.400467016929364,3.47343841214244,1.503210741389375,16.38937536485697,1.751313485113835,0.4086398131932283
H82032,3.498052394409226,3.818834491713129,0.9547086229282824,18.22347819445505,2.360039715878714,0.4506224700221492
H82033,1.612903225806452,2.867383512544803,0.9511993382961124,15.64653984008823,1.695616211745244,0.5514199062586159
H82034,3.848365073661517,4.43406395975566,1.135465325188645,18.29320876751707,2.5799496945742,0.7006827164929932
H82035,3.778083447959651,3.301237964236588,1.357175607519487,18.42274186153141,2.485098578633655,0.3668042182485098
H82036,3.840970350404313,3.852201257861635,1.168014375561546,18.09299191374663,2.998652291105121,0.4492362982929021
H82037,4.64161667192927,4.823176507736028,1.665614145879381,23.39753710135775,3.623302810230502,1.034101673508052
H82038,4.20674912200336,4.321270422965338,1.4506031455184,21.57581310123683,3.023362345396244,0.6260497785921515
H82039,3.149111788982595,3.866858065673785,1.202225013457743,18.19486811412166,2.180154315449489,0.69083079131527
H82040,3.220084595442762,3.441806522035749,1.26210942829854,18.4029199072179,2.336607995633784,0.5594214763269205
H82041,2.449300199942873,2.94201656669523,0.7569265924021709,17.95201371036847,1.920879748643245,0.5784061696658097
H82042,2.487421160796542,3.252781517964708,1.204733895542485,15.10169371412374,2.345687761320955,0.6874069874565941
H82043,5.583756345177665,5.629079042784626,2.275199419869471,22.38941261783901,3.734590282813633,0.9608411892675852
H82044,2.90310650887574,2.884615384615385,0.9060650887573964,14.0625,2.117233727810651,0.5085059171597633
H82045,3.458668197474168,4.200153080750096,1.860887868350555,17.11155759663222,3.358208955223881,1.02372751626483
H82046,2.675191385547237,3.533271641288803,1.245057625977959,15.42020694876756,1.85917388744006,0.496340540085808
H82047,1.820728291316527,2.677541604877245,0.8073817762399077,14.11270390509145,1.244027022573735,0.3295435821387379
H82048,3.959659419690832,4.339918988178888,1.363974539141936,21.55079771844259,2.521286269322973,0.7935851864098536
H82049,2.951857714871031,2.886674736940125,0.9684328149734612,11.5466989477605,2.393146475463265,0.5121519694571189
H82050,1.484196060467247,3.85707741639945,0.787906550618415,13.11039853412735,1.401740723774622,0.5497022446174988
H82051,2.840593509481869,3.245259065301912,0.9600888677299056,14.3457906847576,2.348647147504562,0.3887963183369039
H82052,2.371426914825767,3.078796312402157,0.7363599466573897,13.59076940917261,1.762625384124775,0.3884733576853946
H82053,2.470969484201998,3.173102889549014,1.75533351336754,16.17607345395625,2.362948960302457,0.351066702673508
H82055,2.688557499283052,3.025523372526527,0.9750501864066532,16.31775164898193,2.007456266131345,0.5018640665328362
H82056,3.099419296158959,2.875533477926258,1.245364863919401,14.06282795774155,2.18988315958861,0.3498215909885958
H82057,3.096031782273163,3.178227316315813,0.8721859445636786,15.88200374446322,1.908762957212658,0.4566418557925019
H82058,2.8046800649387,3.414879919386441,1.024463975815932,16.69932262217992,2.37362145216369,0.6046016906454682
H82059,4.877620843933679,5.281165014474954,1.447495394332836,23.68628827090096,3.052899377138345,0.7281340468462145
H82060,3.706252457727094,4.011010617381046,1.219032638615808,20.01572945340149,2.467558002359418,0.6291781360597719
H82061,2.785393135212194,3.224037723434587,1.008882552911503,17.27163066125672,2.050663449939687,0.5812040793946704
H82063,2.892659361376222,3.888299752562743,1.531754447979262,19.33545422410746,2.886767998114764,0.5655708731000354
H82064,1.410135885821725,2.204939748739424,0.7349799162464746,12.23827023331339,1.512691222972395,0.3418511238355696
H82065,3.826273746391891,4.826475129220649,1.3626904745922,22.02456870510841,2.49043431563402,0.9532120561186816
H82066,2.784950202877167,3.946883068978237,1.352514447313414,16.78347473257101,2.471412762818148,0.8422476330997173
H82067,2.349963846710051,3.627380091588334,1.518438177874186,18.99252832007713,1.940226560617016,0.7712701855868884
H82070,4.435909022443139,4.481096550685344,0.9715318572074108,22.7745142340714,2.869408043380027,0.6476879048049405
H82072,2.41168227745409,2.52968508002065,0.8481451434471569,13.40806844162549,1.674164761413083,0.3097573567372225
H82076,3.283208020050125,3.93483709273183,1.177944862155389,22.43107769423559,2.556390977443609,0.5263157894736842
H82077,2.778619018776499,3.467595396729255,1.059963658388855,17.25469412477286,2.559055118110236,0.3937007874015748
H82078,3.204879938032533,3.534082106893881,1.239349341595662,16.95391169635941,2.469016266460109,0.6487219209914794
H82084,3.297129557796742,3.814326351176623,1.965347814843548,20.02844582363589,3.322989397465736,0.7240755107318334
H82087,5.571391552215601,7.100285047939881,2.33221041720653,34.05027209121534,4.66442083441306,1.192018657683338
H82088,0.8245533669262484,2.03084440372576,0.8856313941059704,14.13956329210566,1.145213009619789,0.3359291494884715
H82089,1.708428246013667,2.242859646048712,0.481864377080778,14.42088663045383,1.244086209917645,0.324163308217978
H82091,2.979214780600462,3.648960739030023,0.9468822170900691,20.68129330254041,2.228637413394919,0.5080831408775982
H82092,2.396553271699129,2.567094515752625,0.5654788618615924,15.16919486581097,1.768243425186249,0.2782515034557042
H82095,4.230474732006126,4.220903522205207,1.761102603369066,21.2385145482389,3.139356814701378,0.6986983154670751
H82096,3.213576457844376,4.585665282541975,1.58873442859722,20.67160137208882,2.545585845820545,0.667990612023831
H82098,1.202749140893471,2.147766323024055,0.6681939671630394,13.21114929362352,1.135929744177167,0.3245513554791906
H82099,3.65778053316801,4.562926224426534,1.301921884686919,23.74457532548047,3.508989460632362,0.805951642901426
H82100,2.402874466651695,2.313047383786211,0.9880979115203234,12.72176061082416,1.459690096564114,0.2919380193128228
H82615,2.381434941224159,2.888123226591001,0.7904337251722741,13.59951357924605,1.86461289014998,0.3445480340494528
H82640,2.247053794956341,2.448555901569274,0.5373389509678207,15.27752335592599,1.392196372962081,0.2442449777126458
H83001,1.193537751401253,1.707879986811738,0.8572370590174745,12.58160237388724,1.246290801186944,0.3824596109462579
H83004,2.471269333794176,2.851464615916357,1.175149053832196,16.56441717791411,1.987384429275037,0.3197096690572885
H83005,0.7849397991086277,1.177409698662941,0.4190780283376571,10.44369054746225,0.8315040244794785,0.2860373844209406
H83006,1.203409660705332,2.248036102289821,0.7772020725388601,12.95336787564767,1.487548052816313,0.3677085074377403
H83007,1.070364854802681,1.749813849590469,0.381608339538347,11.67163067758749,1.303052866716307,0.2792256142963515
H83008,1.097530556248441,1.820902968321277,0.2993265153404839,11.97306061361936,1.072586679970067,0.1746071339486156
H83009,1.501445491000653,2.583232304392427,0.7833628648699058,12.22605614100532,1.389536510304952,0.2238179613914017
H83010,1.11873508353222,1.327565632458234,0.8502386634844868,14.94630071599045,0.8949880668257757,0.1939140811455847
H83011,0.6000750093761721,1.550193774221778,0.4625578197274659,11.55144393049131,1.275159394924366,0.3375421927740968
H83012,1.097435897435897,2.369230769230769,0.9435897435897436,12.9025641025641,1.261538461538461,0.3282051282051282
H83013,2.205689736469849,2.273798920731388,0.7911143710378791,13.02981086603447,1.550793733955048,0.3405459213076963
H83014,2.722270489429481,2.780191138140747,1.172893136403128,17.52099623515783,1.708659136982334,0.3185635679119606
H83015,1.67264895908112,2.404881550610194,0.7250538406317301,12.21105527638191,1.363962670495334,0.2871500358937545
H83016,1.771269755672626,2.43082921972871,0.7425229186543327,13.78437798149915,1.57630563736674,0.2447421910648359
H83017,0.8173598553345389,1.851717902350814,0.6003616636528029,13.98915009041591,1.598553345388789,0.4846292947558771
H83018,2.248256624825663,2.582984658298466,0.8256624825662483,13.76847977684798,1.623430962343096,0.3570432357043236
H83019,1.530612244897959,2.067669172932331,0.5907626208378088,11.96294307196563,0.8995703544575726,0.2685284640171858
H83020,0.970779535967382,2.33957868168139,0.6212989030191244,14.40636831375595,1.407630327152704,0.3688962236676051
H83021,1.168641454309366,2.97029702970297,0.876481090732024,16.6369095925986,1.541957474435968,0.3570848888167505
H83022,1.266033649841746,1.949025487256372,0.8662335498917209,16.97484591037814,1.499250374812594,0.4830917874396135
H83023,1.349916578188988,2.942514788411952,0.7583801001061733,16.01698771424238,1.804944638252692,0.4246928560594571
H83024,2.061564529793844,2.880542219711946,1.174809375882519,15.26687376447331,1.64360350183564,0.5026828579497317
H83028,1.591162460727678,2.837741968176751,1.064153238066281,13.59075706901794,1.621566838958143,0.486470051687443
H83029,2.619729840360213,3.131395824805567,1.187065083913222,18.56324191567744,2.026197298403602,0.4707327056897258
H83030,1.28166915052161,2.205663189269747,0.8941877794336811,15.35022354694486,1.609538002980626,0.5365126676602087
H83031,1.077005923532579,1.80398492191707,0.7539041464728056,11.28163704900377,1.400107700592353,0.2961766289714593
H83033,1.122359154929577,2.15669014084507,0.5721830985915494,14.7887323943662,1.100352112676056,0.4401408450704226
H83034,0.965845464725644,2.057670772676372,0.6298992161254199,13.43784994400896,1.357782754759238,0.377939529675252
H83037,1.507731958762887,2.010309278350515,0.6185567010309279,12.44845360824742,1.63659793814433,0.2319587628865979
H83039,1.698999879503555,2.277382817206893,0.8434751174840343,14.79696348957706,1.482106277864803,0.5904325822388239
H83042,0.9632034632034632,2.261904761904762,0.6493506493506493,14.56709956709957,1.233766233766234,0.2272727272727273
H83043,2.950331573961294,3.004466098254162,1.299228583028827,20.65232101772905,1.881174719177155,0.4872107186358099
H83044,0.931713645477061,1.368085859181507,0.5071352753862484,9.155953925384283,0.868813146204348,0.1887014978181389
H83049,1.642475171886936,2.215431627196333,0.9167303284950344,15.92818945760122,1.413292589763178,0.4583651642475172
H83051,0.3032261271561366,0.9892131033454292,0.3579062484465875,7.650246060545807,0.4821792513794303,0.1093602425809017
H83052,2.233856893542757,2.792321116928447,0.7678883071553229,17.83595113438045,1.710296684118674,0.4188481675392671
H83053,1.014889497229085,2.203378513721039,0.7544902183347799,16.09134005475062,1.52901115043066,0.3872604660479402
H83608,0.499124343257443,1.663747810858144,0.7530647985989491,12.0753064798599,1.033274956217163,0.2276707530647986
H83609,0.7518796992481203,1.760981400870598,0.6925207756232686,14.9188761377127,1.385041551246537,0.1582904629996043
H83611,0.5891526598509791,1.264945416738867,0.4505285045919251,9.5823947322821,0.8490729509617051,0.1559521746664356
H83624,0.9541540609727718,1.617407493600186,0.6167093320921574,12.47381894344892,1.233418664184315,0.2094484524086572
H83627,1.516469857054071,1.49160969546302,0.6712243629583592,9.869484151646986,1.280298321939093,0.2486016159105034
H83631,0.5213856486390951,1.661364439731354,0.5478967833156593,11.37327677624602,1.04277129727819,0.176740897843761
H84005,2.01765447667087,2.255849796833403,0.574471066274345,9.948157489141096,1.176965111391341,0.2872355331371725
H84006,2.077656675749319,1.867620345140781,0.5222524977293369,10.29745685740236,1.373751135331517,0.2157129881925522
H84007,1.89446916719644,2.17418944691672,0.9663064208518752,11.49396058486968,1.462174189446917,0.2797202797202797
H84010,1.996136509980682,2.554196179437648,0.7405022537025112,10.81777205408886,1.641983258209916,0.4400085855333763
H84012,1.527385277889921,1.74942807159198,0.6055712555510698,8.646211815368053,1.238056789126632,0.248957071726551
H84014,1.313171508157581,1.870274572224433,0.4775169120573021,9.590131317150815,1.034619976124154,0.2785515320334262
H84015,1.618087110717056,1.717832206583176,0.8866230743655104,11.63692785104732,1.274520669400421,0.3324836528870664
H84016,2.360527716973318,2.455185470034905,0.8045909010234868,13.03318937466722,1.603265692480625,0.3313021357155534
H84017,2.151639344262295,2.222572509457755,0.457124842370744,11.80643127364439,1.82061790668348,0.2522068095838588
H84018,2.133712660028449,2.503556187766714,0.8108108108108109,11.42247510668563,1.522048364153627,0.2844950213371266
H84020,0.9291372297152644,1.126097195461357,0.2440590879897238,5.604795546992078,0.6636694497966175,0.1070434596446157
H84025,2.0344500203445,2.07513902075139,1.15285501152855,11.78624711786247,1.20710701207107,0.42045300420453
H84027,1.426924976675265,1.591570166291641,0.5488172987212557,9.988474836726851,0.9220130618517096,0.2579441303989902
H84030,3.07370703004026,3.36791576339424,1.370393310622484,15.70919789408486,2.051718798389594,0.6503561474140601
H84031,1.934931506849315,2.602739726027397,0.6335616438356164,15.46232876712329,1.335616438356164,0.3767123287671233
H84032,1.949860724233983,2.161559888579387,0.5013927576601671,10.05013927576602,1.559888579387187,0.2562674094707521
H84033,2.643376101406709,2.550626062760859,0.7420003091667955,15.7520482300201,1.484000618333591,0.4328335136806307
H84034,2.190706791191053,2.536607863484377,0.8301625735039779,15.46177793151159,1.614205004035512,0.4381413582382105
H84039,2.381559921748746,2.424087777494259,0.705962405375521,10.51288594029089,1.607552947180403,0.3317172748150038
H84040,2.725829216654905,2.637614678899083,0.7674664784756529,12.87932251235004,1.843683839096683,0.326393789696542
H84041,0.8653326122228232,0.9464575446187128,0.3380205516495403,6.395348837209303,0.5543537047052461,0.0946457544618712
H84042,1.807053337219469,2.484698338676771,1.216846400466336,13.8006412124745,1.36986301369863,0.4517633343048674
H84044,1.62037037037037,1.985867446393762,0.6578947368421052,11.33040935672515,1.206140350877193,0.3776803118908382
H84048,1.971830985915493,2.124413145539906,1.197183098591549,11.71361502347418,1.525821596244131,0.2934272300469483
H84050,1.879052534074368,2.448061400026465,0.8865952097393146,13.32539367473865,1.548233425962684,0.1984914648670107
H84051,1.405998928762721,2.544188537761114,0.7632565613283343,12.61381896089984,1.071237279057311,0.1472951258703803
H84053,2.558398220244717,2.39154616240267,0.9084167593622544,11.47571375602521,1.149425287356322,0.389321468298109
H84054,0.91792656587473,1.808855291576674,0.5129589632829373,12.23002159827214,1.376889848812095,0.2699784017278617
H84055,1.584732043963534,1.542131720201074,0.4600834966345745,8.622305529522025,1.235409389111357,0.1704012950498424
H84057,1.106719367588933,1.976284584980237,0.6060606060606061,9.881422924901186,1.027667984189723,0.2371541501976285
H84059,1.559150263106607,1.364256480218281,0.4872344572208147,8.010134476710192,1.227830832196453,0.233872539465991
H84060,1.950838860710105,1.989855637924308,0.5202236961893614,11.66601638704643,1.105475354402393,0.2210950708804786
H84061,0.7505983029951411,1.040684603669592,0.2320690405395605,6.309377039669302,0.5910508376241932,0.0652694176517514
H84062,1.921764839663407,2.14919263133955,0.9551967250398,11.87173072549466,1.444166477143507,0.409370025017057
H84618,1.003904071388734,2.528350994608663,0.9481316229782488,15.48614984197806,0.9667224391150772,0.1487265290946272
H84619,1.256945076965115,1.16586210037344,0.4554148829583751,7.150013662446489,0.9836961471900902,0.1730576555241825
H84623,1.996307408262174,2.365566582044773,0.7269789983844911,12.56635125778906,1.569351488576044,0.276944380336949
H84625,1.666336044435628,2.559016068240429,0.5951200158698671,13.37036302320968,1.289426701051379,0.1785360047609601
H84630,0.7391763463569165,1.16156282998944,0.3431890179514255,10.66525871172122,0.7127771911298838,0.0263991552270327
H84635,2.034321372854914,2.502340093603745,0.8798751950078003,13.39157566302652,1.273010920436817,0.3494539781591264
H84639,0.7749434937035841,0.823377462060058,0.193735873425896,5.84436551501453,0.7103648692282855,0.0161446561188246
H85001,0.5755395683453237,0.91983556012333,0.3442959917780062,6.217882836587873,0.6063720452209661,0.0873586844809866
H85002,0.7705779334500876,1.155866900175131,0.4903677758318739,7.933450087565674,0.9632224168126094,0.2014010507880911
H85003,1.392951664577239,1.741189580721549,0.8497005153921159,11.39434461624182,1.365092631285694,0.6546872823513024
H85006,1.240401653868872,1.831069108092144,0.6497341996455995,11.85764914353219,1.22563496751329,0.383933845245127
H85007,2.053162236480294,1.613198900091659,0.7149404216315307,12.04399633363886,1.191567369385885,0.2841429880843263
H85008,2.237102419723025,3.134987064373763,0.8370111094201795,11.55075330999848,2.237102419723025,0.5935169684979454
H85009,1.186547777855789,1.551639401811416,0.6459313346907253,8.516464228041846,0.8706031032788035,0.3650916239556273
H85011,1.307989084407641,2.013738590382987,0.8657193939964243,12.26122141714501,1.176249176625576,0.4140397101722029
H85012,1.372103226835786,1.27238642255993,0.5105500378923856,7.769933389174744,0.8575645167723664,0.2632523632882613
H85018,1.681245030103374,2.306032034533682,0.4657503123935022,15.57423605589004,1.329092354879019,0.2158355106213791
H85020,1.533313051414664,1.801034377852145,0.7362336477030728,10.96440523273502,0.994828110739276,0.2646790386370551
H85021,1.892897589386831,2.410613169390066,0.8736450412554603,13.31499757320822,1.779647306261123,0.5824300275036401
H85022,1.339187705817783,2.107574094401756,0.6586169045005488,12.22832052689352,1.163556531284303,0.1756311745334797
H85023,1.475573280159521,2.193419740777667,0.7776669990029911,14.59621136590229,1.196410767696909,0.3589232303090728
H85024,1.270036991368681,2.256473489519112,0.8631319358816275,16.63378545006165,1.418002466091245,0.345252774352651
H85025,1.789990421455939,2.412595785440613,0.6166187739463601,12.41020114942529,1.478687739463602,0.3951149425287357
H85026,1.223468973908341,1.24374746518859,0.3379748546708125,7.753143166148438,0.784101662836285,0.1757469244288225
H85027,2.451199523170913,1.996721800029802,0.6630904485173595,10.63179853971092,1.504991804500075,0.3278199970198182
H85028,1.016072418252356,1.006835396268243,0.5080362091261778,6.512100498799186,0.7297247367448735,0.1477923517457972
H85029,1.020803721411035,1.873627083602532,0.8011370978162553,15.38312443468148,1.35676443985011,0.3682646336736012
H85030,2.122291481151677,2.63431285247848,0.9424161472246956,16.09528049866429,1.669634906500445,0.5342831700801425
H85031,1.735322737593253,2.30295167045086,0.6973726889393448,12.50405449237755,1.57314304249108,0.4459941615309764
H85033,1.385467980295567,2.504105090311987,0.9339080459770116,14.24466338259442,1.467569786535304,0.5336617405582923
H85037,1.535057391785368,2.302586087678053,0.8989074816761167,11.3193195961831,1.306873184898354,0.3595629926704467
H85038,1.475080736667539,1.94640830933054,0.8728288382648162,13.93907654708912,1.649646504320503,0.541153879724186
H85041,0.7167057597081053,0.9317174876205369,0.3127443315089914,7.746937711753975,0.6450351837372947,0.2801667969768048
H85045,1.84182776801406,1.855887521968365,0.6115992970123022,11.29701230228471,1.23725834797891,0.3936731107205624
H85047,1.216074736248691,1.449625513409036,0.6442780059595716,10.0748973181928,1.038898284609809,0.3785133285012483
H85048,1.201034737620104,1.435082532643508,0.4742547425474254,9.873121458487311,1.01010101010101,0.2894801675289481
H85049,1.195793113384239,0.8932430485520818,0.345771502665322,5.777265523699755,0.6771358593862556,0.0432214378331652
H85051,1.377877412652414,1.558313740499754,0.4264858658209853,8.22352233583028,0.978730384384056,0.2569850729946963
H85052,1.432664756446991,2.40246859158034,0.9477628388803174,17.50055102490633,1.873484681507604,0.5289839100727353
H85053,1.158371040723982,1.972850678733032,0.6696832579185521,12.34389140271493,0.7239819004524887,0.1990950226244344
H85055,2.061572292468389,2.886201209455745,0.7971412864211105,13.84002199010445,1.594282572842221,0.2748763056624519
H85057,0.9715812484819044,0.9230021860578091,0.3157639057566189,7.05610881709983,0.6679621083313092,0.1093028904542142
H85061,0.9769287801474116,1.194993240001744,0.4274063413144925,6.153779057089276,0.7588643202930787,0.1482838327009464
H85063,2.857142857142857,2.700699876492384,1.926718814326884,17.97447509263071,1.531494442157266,0.354055166735282
H85065,0.7039249146757679,1.685153583617748,0.6612627986348123,10.40955631399317,0.938566552901024,0.2559726962457338
H85066,1.196808510638298,1.24113475177305,0.5072892040977148,7.79649330181245,0.8421985815602837,0.2019306540583136
H85067,0.9657009657009658,1.698301698301698,0.3996003996003996,12.88711288711289,1.198801198801199,0.2331002331002331
H85069,0.8281037717538979,1.002781911108236,0.4011127644432944,6.75422138836773,0.905738500355826,0.2329041858057838
H85070,0.8969996906897618,2.629137024435509,0.9794824208681308,13.97051242396124,1.154758222497165,0.2371378492628106
H85075,0.7727432384966632,1.088865472427116,0.45662100456621,7.674745345978224,0.5268703898840885,0.1053740779768177
H85076,2.324649298597194,2.985971943887776,1.24248496993988,16.52304609218437,1.783567134268537,0.5511022044088176
H85077,0.9557576691845228,1.572375520271312,0.7091105287498073,10.14336365037768,1.186989363342069,0.3083089255433945
H85078,0.8938547486033519,1.564245810055866,0.8938547486033519,11.70949720670391,1.072625698324022,0.3575418994413408
H85082,0.6568863586599518,1.948762864024524,0.3503393912853077,10.57587037442522,0.9415371140792644,0.3284431793299759
H85087,1.022395326192794,2.784810126582278,1.041869522882181,17.41966893865628,1.207400194741967,0.3797468354430379
H85088,0.9270455461507456,1.813784764207981,0.8867392180572351,14.10721483272874,1.128577186618299,0.3224506247480854
H85090,0.6989198511391486,1.497685395298176,0.5899972769356449,12.04502133067078,1.016610692566034,0.2995370790596351
H85092,0.8338783518639634,2.616088947024199,0.6376716808371484,10.72596468279921,1.111837802485285,0.4905166775670373
H85095,1.152533642392634,2.189170047002769,0.4829051574270813,10.43719013585732,1.139656171527912,0.2382332109973601
H85100,0.996216897856242,1.336696090794452,0.3909205548549811,8.221941992433795,0.9079445145018916,0.1639344262295082
H85101,1.491724738675958,2.036149825783972,0.8710801393728222,12.94642857142857,0.9146341463414632,0.3593205574912892
H85103,1.03508536093561,1.559349374915983,0.4704933458798226,9.490522919747278,0.887216023659094,0.1478693372765157
H85105,1.974063400576369,2.312680115273775,0.7853025936599425,13.96974063400577,1.736311239193083,0.345821325648415
H85110,1.252723311546841,2.106027596223675,0.5265068990559186,14.05228758169935,1.016702977487291,0.2723311546840959
H85111,0.9463286592526076,1.374594183877875,0.8427160323271395,8.275195137114043,1.250259031567314,0.2970228638530082
H85112,1.082251082251082,1.065601065601065,0.2497502497502498,6.110556110556111,0.5328005328005327,0.0832500832500832
H85113,1.740812379110251,2.45003223726628,0.7522028798624544,13.17429615301956,1.074575542660649,0.2793896410917688
H85114,1.240263177796264,1.225138017091432,0.3025032140966498,7.146638433033351,0.7411328745367919,0.1361264463434924
H85115,2.716069401653965,3.072806875304038,1.216150478352521,17.40716718015242,1.840441057240149,0.5918598994648938
H85116,1.173574066475174,2.018875666803447,0.7468198604842019,10.94788674599918,1.345917111202298,0.4513746409519901
H85618,1.636056575891915,2.512138484272747,0.5910914080641756,11.95904580958413,1.2982900569981,0.2744352966012244
H85634,0.6859953404090086,1.087237898006731,0.5695055656225732,7.973077918716023,0.6859953404090086,0.1294330830960393
H85637,1.428571428571429,3.174603174603174,1.111111111111111,14.12698412698413,1.111111111111111,0.1587301587301587
H85649,0.9019467762100376,1.741382389712449,0.9019467762100376,10.60010716199321,1.089480264332917,0.3929273084479371
H85653,2.109343536045107,2.426500201369311,0.6645187273459524,14.6496173983085,1.590817559403947,0.3876359242851389
H85656,0.6783788484953905,2.296051487215168,0.4522525656635937,9.619064185075665,0.991476778570186,0.2261262828317968
H85659,0.5561440677966102,0.5208333333333333,0.1942090395480226,4.449152542372881,0.5031779661016949,0.0882768361581921
H85662,2.398989898989899,2.362914862914863,0.6493506493506493,12.51803751803752,1.298701298701299,0.2344877344877345
H85680,0.5946481665014867,1.466798810703667,0.5649157581764123,11.18929633300297,0.6739345887016849,0.267591674925669
H85682,0.6901628784393117,1.665593079966872,0.469310757338732,10.51808226741511,0.9294193429649396,0.2760651513757247
H85686,1.411326113971241,1.970530800639091,0.514823362329132,13.27001597727676,1.180543227409906,0.3106692703710279
H85693,1.052834927074278,1.951125277697286,0.5892011977204675,11.70675166618371,1.130107215299913,0.3284072249589491
J81002,5.489923558026407,6.613388927495946,2.339587676627287,24.28769979152189,3.775770210794533,0.7065091498725967
J81006,3.258429800005044,4.476557968273184,2.274848049229528,17.0739703916673,2.713676830344758,0.7263372928803813
J81009,3.394487998060292,4.808857997252082,1.907378970338641,20.17295724561545,2.691344055604946,0.977935828012608
J81010,5.060577819198509,5.787511649580615,1.966449207828518,20.72693383038211,3.755824790307549,0.8387698042870456
J81011,4.619364375461936,5.530918945553092,1.810790835181079,23.20768662232077,3.559990145355999,0.8622813500862282
J81012,2.962925013234968,3.789470088973137,1.799955598818246,15.69411001246649,2.414741192342504,0.6096623802448896
J81013,2.588311899723262,4.061533452710402,1.391828097021,16.1240436268924,2.449943024580824,0.4313853166205437
J81014,3.636880238670265,4.209878297106597,1.851588767343846,16.68797651181513,3.035469053369323,0.5682625372922291
J81016,3.20264417597447,3.647139275131069,1.105539092774105,14.41759744700251,2.815135627991794,0.444495099156599
J81017,3.597430406852248,3.618843683083512,0.8565310492505354,18.77944325481799,1.734475374732334,0.3426124197002141
J81018,2.879691041894048,3.794811518764168,1.981361766434388,15.45630089832927,2.392746200990681,0.5205272437242885
J81019,3.751578947368421,4.412631578947368,1.486315789473684,18.51789473684211,2.682105263157895,0.5178947368421053
J81020,3.658850811646483,4.612213347075496,1.339860860602937,18.01082195310487,2.422056171089925,0.4637979902087091
J81021,1.564712018478504,2.589225840101334,0.8419640861336711,11.07965129275017,1.724908725132255,0.4358840622904404
J81022,4.802364240857037,6.741780568895456,2.290358330254894,24.25193941632804,3.546361285555967,0.8681196896933875
J81025,3.128527656829544,3.773584905660377,1.128850185453959,15.75552330269311,2.322206095791001,0.6773101112723754
J81027,3.997147575439123,4.882900465395586,1.899114247110044,21.02912475604263,2.728569283891308,0.7206125206425462
J81028,4.853671282989287,5.964201724588451,2.234125947217142,23.02717533315913,3.736608309380716,0.9210870133263652
J81029,4.658840792369773,4.842259721203228,1.779163609684519,21.60674981658107,2.879677182685253,1.063829787234043
J81030,3.512762193580996,4.561536517563811,1.945918625221127,19.13065453626485,3.146322971948446,0.6696992671215567
J81033,1.839333438138658,2.719698160666562,1.14761829900959,10.29319289419903,1.831473038830373,0.3576481685269612
J81034,3.832829254880396,3.843827330217212,1.660709375859225,16.70057739895518,2.716524608193566,0.4784162771514984
J81035,3.658787255909558,4.06988694758479,1.171634121274409,16.99897225077081,1.952723535457348,0.3905447070914697
J81036,2.534051314539119,3.758842783233027,1.689367543026079,15.63720832013515,2.407348748812164,0.4856931686199979
J81039,2.059291683247115,3.233187425387982,2.238360525268603,15.6983684838838,2.029446876243534,0.9152407481098288
J81041,3.581508515815085,4.150851581508515,1.527980535279805,19.7712895377129,2.681265206812652,0.5401459854014599
J81042,2.066298342541437,3.093922651933702,1.07182320441989,13.46961325966851,1.878453038674033,0.4419889502762431
J81045,2.528433123413854,4.126327662374283,1.221919353322681,16.04474104709089,2.556631262336686,0.6391578155841715
J81046,3.943011166730844,4.397381594147093,1.940700808625337,19.06815556411244,3.326915671929149,0.8009241432422025
J81047,2.581208799936463,3.478675244222063,1.000714796283059,13.09665634183147,2.485902628861886,0.3415137796839012
J81049,3.692368447033271,4.077401520387007,1.757330437358081,19.21216309606082,2.823575871260736,0.562740645670846
J81051,3.348248727048295,5.014658231754359,1.596975775343311,20.35179756210461,2.893072056781361,0.8023453170806975
J81053,4.101326899879373,4.849215922798552,1.230398069963812,21.64053075995175,3.256936067551266,0.916767189384801
J81056,4.195546831871435,5.379378028583696,1.778813715267129,18.84929154143409,3.269336931853033,0.7299270072992701
J81057,3.688799463447351,4.694835680751173,1.47551978537894,17.01877934272301,3.286384976525822,0.7712944332662642
J81058,2.521386762719496,4.097253489419181,0.9455200360198108,12.38180999549752,2.446345490019511,0.3827104907699235
J81059,3.095290736237011,3.692239663939863,1.60291841697988,15.06743311961088,2.531505637850984,0.4311297811187265
J81061,6.133083912346339,7.055050774986638,2.418492784607162,23.95777659005879,4.690005344735436,1.042223409941208
J81062,2.73972602739726,3.821196827685652,1.41492429704398,13.93294881038212,2.514419610670512,0.414563806777217
J81064,3.065721402567541,3.94711630580571,2.184326499329373,17.66621958229546,2.701666986012646,0.5365012454493198
J81066,3.519281168101834,4.211905653313366,1.759640584050917,19.5900411830775,3.060651441407713,0.8704605016847623
J81067,2.317666126418152,3.792544570502431,1.361426256077796,13.27390599675851,1.604538087520259,0.3403565640194489
J81068,3.934811334605785,4.301864630744384,1.659080898546469,17.7947437967993,3.039201292027602,0.9543385699603584
J81070,2.241186104646151,3.275579691405913,0.9137143349711232,13.66261529178519,1.818808723385915,0.4396172743728989
J81072,1.439972241498959,2.070321535970391,0.7344436733749711,7.963219986120749,1.312745778394633,0.3469812630117973
J81073,3.458769825013168,5.138409317024639,1.714753906478609,19.51190963890677,2.774038742903962,0.795926727921812
J81074,4.975024975024975,6.213786213786214,2.437562437562438,24.49550449550449,3.176823176823177,0.8791208791208791
J81075,3.597122302158273,4.568976397829106,1.426227439101351,19.79048340275148,2.612646724725483,0.6436955698599016
J81076,4.476632062697469,5.157769480119814,2.342948586434697,19.48217143326084,3.056911903491855,0.6852406548766977
J81077,3.111506223012446,4.025908051816104,1.143002286004572,18.59283718567437,3.048006096012192,0.5461010922021844
J81078,4.492217599013715,4.361226691323779,1.90322083525967,18.89351209739559,2.858683926645091,0.6318384959161658
J81081,3.721280602636535,4.851224105461394,2.455743879472693,19.05084745762712,2.975517890772128,0.8135593220338984
J81082,3.897067920326611,3.822838055177533,1.261907707534331,15.71198812322158,2.499072126685636,0.4206359025114438
J81086,2.678341488539789,3.347926860674736,1.120267834148854,12.67061550347669,2.227659026525882,0.4635591037857327
J81087,2.327800038160656,3.873306620873879,1.345163136805953,16.10379698530815,2.06067544361763,0.9540164090822362
J81609,4.38015687073444,4.970968727717225,1.456656819802383,22.17581745950902,3.188346745441581,0.5908118569827849
J81612,4.872681546683433,5.532851304621189,2.106255894372838,24.08047783715813,3.017918893429739,1.00597296447658
J81616,3.718428437792329,4.139382600561272,0.8185219831618336,21.35173058933583,2.689429373246024,0.5378858746492049
J81620,3.974988834301027,4.603989876432931,1.987494417150514,22.21229715646866,2.906803632574066,0.8411493226142622
J81621,3.431030472202838,4.780181437543614,1.895789718539195,20.10932775063968,3.26820190742033,0.7559897650616422
J81625,2.13408496074089,3.147439769143011,1.160995906315012,14.86477417622978,2.201194550701295,0.489900006710959
J81626,4.037504783773441,4.611557596632224,1.932644469957903,21.48871029468044,2.774588595484118,0.8610792192881744
J81631,3.306181121226641,6.037374221370388,2.827024436990896,22.71202683277432,2.827024436990896,1.149976042165788
J81633,2.459749552772809,3.726893261776983,1.401311866428145,21.66070363744782,2.66845557543232,0.6708407871198568
J81634,1.274195794457596,1.838184096922434,1.016571508146498,9.908090795153878,1.190641971870213,0.5570254839158892
J81646,4.361132364192808,5.003825554705433,2.188217291507268,20.48967100229533,3.320581484315225,0.7498087222647284
J81647,5.131698455949137,5.881017257039056,2.475022706630336,22.54768392370572,3.440054495912807,0.7720254314259765
J81648,2.979651162790698,4.106104651162791,1.707848837209302,15.27979651162791,2.507267441860465,0.5087209302325582
J82001,1.328442549816595,2.071973827699018,1.130167542381283,11.68831168831169,1.417666303162486,0.3073262615247348
J82002,2.557931650966101,3.224919205115864,1.430241353228357,15.20319053840335,2.406656123220793,0.7701299594306539
J82005,3.427331887201735,3.51409978308026,1.149674620390456,17.9826464208243,3.210412147505423,0.6290672451193058
J82007,4.687032940754468,5.804985950857895,2.827763496143959,28.21486219884019,3.870987026962396,1.031266814132839
J82009,3.977828496902511,3.853928920769482,1.728073035539615,19.62830127160091,2.830127160091295,0.4695141832409521
J82010,2.634324465310381,3.448095983307251,1.533646322378717,16.13980177360459,2.180490349504434,0.6990088680229526
J82012,3.297287714944159,3.873426697394079,2.153873426697394,19.81918099627725,2.269101223187378,0.8331856053891153
J82015,1.932417071406427,2.945127622196962,1.343391546967035,15.95535806551617,1.477730701663739,0.4753539320037202
J82016,3.967816598699438,3.615121789926155,2.292516257026342,18.00947867298578,2.744406480767111,0.5510856387082552
J82017,2.789667896678967,2.996309963099631,0.988929889298893,17.67527675276753,2.280442804428044,0.4797047970479705
J82018,2.955981578665524,3.170183142336939,1.499410945699904,18.28210345935525,2.522223412230909,0.4605333618935418
J82019,3.272916938323119,3.325074977180858,1.538662146303299,16.66449341504759,2.523145129743122,0.6063372017212153
J82020,1.993653421633554,2.359271523178808,0.7105408388520971,13.9969646799117,1.669426048565121,0.4415011037527594
J82021,5.372093023255814,5.069767441860465,3.22093023255814,24.86046511627907,3.465116279069767,1.232558139534884
J82024,0.9129801967097428,1.825960393419486,0.736558902659551,8.737264587835753,0.996780311383584,0.282274070480307
J82025,2.341223645065321,2.548182641314189,0.8278359849954727,14.03440693312637,1.933773121200362,0.4074505238649592
J82026,3.51780092031969,4.038508113344635,1.725599418745459,17.58900460159845,2.506660208282877,0.7628965851295714
J82028,2.259232440260681,2.541636495293266,1.12599565532223,12.46922519913107,1.904417089065894,0.4598117306299783
J82033,2.773383950226721,3.490456606559106,1.72941052409575,18.21153643361805,2.488663924918275,0.6221659812295688
J82034,3.128302684421898,3.219897132389206,1.134362009441274,20.094412738674,2.310998379482843,0.3522863383357994
J82035,2.843039240189952,2.936765808547863,1.418395401149713,14.56510872281929,2.630592351912022,0.6498375406148462
J82036,3.234011627906977,3.597383720930233,0.7994186046511629,17.40552325581395,2.79796511627907,0.6540697674418605
J82039,4.454061851952034,5.644216031016139,2.470471553511857,19.88098458209359,3.236858714272834,0.7122892435307907
J82040,1.728422955264347,2.32150926344329,0.824672390420244,12.83325802078626,1.451649344780841,0.5478987799367374
J82042,2.46751698652998,3.003933722732149,1.120514960066754,15.76469185838598,1.674812254142329,0.4708546906663488
J82049,2.893394199785177,3.433807733619763,0.8257250268528464,17.36707841031149,1.822636949516649,0.550483351235231
J82050,1.817366855466362,1.536204718634123,0.6519701723646143,10.20740801108349,1.515830650747728,0.3748828491096532
J82051,2.80460019529131,3.03244005641749,1.491808614516654,15.85114462406423,2.018010198546165,0.4285559292611479
J82053,2.374429223744292,2.602739726027397,1.132420091324201,17.40639269406393,2.328767123287671,0.8584474885844748
J82054,3.231879510511452,2.991318899696684,1.004079071226859,17.8328626712687,2.029076456437611,0.4915803786214831
J82055,2.593711138745781,3.028957186001066,1.17249955587138,14.54077100728371,2.247290815420146,0.5596020607567952
J82056,3.638844666818285,4.007277689333637,3.329542870138731,21.48282920172845,2.861041619285877,0.7869001591994542
J82058,1.806572955850327,2.27182736091863,0.7374777271827361,14.02197584636706,1.400712730152445,0.5889922787566819
J82059,3.736295441431044,3.59203693017888,0.8222735141373341,17.90248124639354,2.510098095787652,0.6635891517599538
J82060,2.106795372711254,2.757986669731096,1.447943001608825,11.8670037539263,1.524553742434689,0.4060369263770781
J82061,2.751946775534891,2.683904135480457,0.7257881605806306,16.11098510622212,1.912754214863537,0.4460573070235125
J82062,1.855287569573284,2.725353464269721,1.381869362164929,14.01061992194997,2.085599129934105,0.5565862708719851
J82064,3.410151482518486,3.237849091822816,1.407136190681312,18.64455452652739,2.570177327877091,0.4953693732500539
J82066,1.817694609441294,2.367022464383011,1.053994908668662,17.04702782367916,1.39788307802242,0.5046670537269439
J82067,2.062221321443048,2.746250506688285,0.825901905147953,14.35447912444264,1.692338873125253,0.4712201053911634
J82069,1.94573435161377,2.600069079326093,0.6197950646659247,16.5713627815942,1.878573895690218,0.4758798019725985
J82071,1.741054961268905,2.065658428624124,0.7746219107340465,12.71117668756916,1.6599040944301,0.2729620066396163
J82072,3.109698479512069,3.290095352632935,1.700884803711021,19.07911691435444,2.388110987028606,0.6099132376943561
J82073,2.092007718086727,2.711485731694932,1.38113130902813,15.09089062658678,1.797501777191023,0.5483903727023459
J82074,3.57436578730942,3.308660719934206,1.271588536724236,16.35984057695957,2.739292718415892,0.4112102233187828
J82075,4.267425320056899,4.22475106685633,1.635846372688478,20.72546230440967,3.115220483641536,1.024182076813656
J82076,2.454209149147343,2.788053776053415,1.407561129658035,16.01100784986015,2.115853108364161,0.6902463231976902
J82079,2.947447635770726,2.721685689201053,1.266775366863163,17.77248212717923,2.207450144236799,0.4766085538693089
J82080,0.2955588395426616,0.3111145679396438,0.1037048559798813,2.356692852142801,0.2981514609421586,0.0544450493894376
J82081,1.12195832726213,1.606440332216232,0.8378260236048376,9.511146728835786,1.209383651464374,0.4553402302200204
J82082,1.629496132762634,1.922354884733799,0.8560486596080198,11.33138094165353,1.546894946309229,0.3529323421190959
J82083,2.975465819284815,3.677031962528114,2.020097806574088,18.75245032292677,2.335802571033572,0.8294987928935478
J82084,3.49157206742346,4.695562435500515,2.012383900928793,20.76023391812866,2.700378396972824,0.9631922944616444
J82085,1.752693359060942,2.551321219917457,1.334619713780351,12.25277375783888,1.650854907005413,0.6190705901270301
J82087,1.912350597609562,2.841965471447543,1.00929614873838,15.31208499335989,2.164674634794157,0.7835325365205844
J82088,2.210503503575814,2.781189048616629,1.256952972621542,14.97507765657733,1.892653326591057,0.6212526186520263
J82092,2.325306893295562,2.632200188857412,1.499055712936733,14.81350330500472,1.546270066100095,0.483947119924457
J82094,2.869082199459818,2.925138867655303,0.6777760790908628,19.06945930795495,2.104673087703206,0.4025887988584824
J82098,3.048275493574844,3.253987336699527,1.325104859608346,17.00996500227084,2.166653308754776,0.5236301461355561
J82099,2.295448566166798,2.551960010523546,0.8550381478558274,15.92344119968429,1.512759800052618,0.3222836095764273
J82101,2.39917801181608,3.072180837400462,1.423067043411251,14.67248908296943,2.003596198304649,0.7808887747238633
J82102,2.676641729010806,2.98836242726517,1.591853699085619,16.4380714879468,1.932668329177057,0.4821280133000831
J82103,2.52442360296991,2.782336850332161,0.5939820242282141,15.70144587729582,2.250879249706917,0.6486908948808128
J82104,4.426591052299937,4.694391934467549,2.197542533081286,24.66918714555765,3.394770006301198,1.039697542533081
J82106,3.337025754638604,2.838548878427028,0.8446413735807256,15.88202713929659,2.367765162004985,0.3323179174743838
J82110,2.61671021964828,2.779151069990819,0.8510488028815594,15.37891094003814,1.659721731760717,0.3637262518539445
J82112,3.320121041640029,3.294548864169117,1.653667476452287,19.91646422026169,2.463453096364489,0.6947108212930998
J82115,1.342281879194631,1.858544140423335,0.6367234555154019,9.172259507829978,1.135776974703149,0.5506797453106178
J82116,3.559455728653126,2.948136462236245,1.538158154210215,16.90987970814435,2.573456911851705,0.4929994084007099
J82119,4.027231757599003,4.420366286317001,2.291686643014671,20.29916578770736,2.684821171732668,0.6903825870169719
J82120,2.582324091682514,2.952657391652487,1.581423280952858,17.67590831748574,1.841657491742568,0.5905314783304975
J82121,2.80037063729023,2.995984762689179,1.431071759497581,16.87429218573046,2.666529393596211,0.5044785339236075
J82122,1.329354313619099,2.08898534997287,1.039971061674805,10.82474226804124,1.446916259721469,0.4431181045396998
J82124,3.666732555841075,3.449298280292548,1.215655267839494,17.32555841075311,2.638861435066219,0.3755682941292746
J82125,2.810392205845615,2.860354733949538,1.21159130652011,18.56107919060704,1.423932050961779,0.5246065450911817
J82126,2.37741456166419,2.674591381872214,1.485884101040119,14.51921035873488,2.929314370621948,0.5094459774994693
J82128,2.698301930681554,2.74482437776227,1.151430565247732,16.7597115608281,2.116771342172598,0.535008141428239
J82129,4.642525533890436,3.966043241809258,1.313171508157581,19.93633107839236,3.38241146040589,0.5173099880620772
J82130,2.929089443996777,2.449637389202256,1.172441579371475,14.29492344883159,2.17566478646253,0.40290088638195
J82131,4.238052299368801,5.67259611443561,2.13132223952783,21.40339372079679,3.270759898352324,0.6557914583162554
J82132,3.16012260983798,3.466647204787622,1.525324770106554,17.56677857247117,2.225952415705736,0.6057509852576266
J82134,3.12463152930079,3.702393585662068,2.098809102700153,18.18181818181818,2.480053452816099,0.8371654286051173
J82136,3.24376878203995,3.005126392080608,0.839667668375464,15.67968888103235,2.28036061516705,0.4684461728831536
J82138,2.896459882365997,3.190544889579403,1.13749861280657,17.42314948396404,2.241704583287094,0.4605482188436355
J82139,5.34755941732686,4.657551750575006,1.737797086634296,22.97469971888577,3.788653207257858,0.7602862254025045
J82142,1.854529987239473,2.084219481071885,0.8336877924287537,13.29646958740961,1.233517652062952,0.289238621863037
J82143,2.920412719483497,2.793700597357147,1.954987027092258,15.66403185904785,2.208411271344959,0.2896277077173716
J82144,1.886039679373255,2.165318631895833,0.7761778680497624,13.92405063291139,1.708316709586159,0.449747923542853
J82145,3.446680545917187,2.99560490400185,1.492019430950729,19.02035623409669,2.417302798982188,0.5146888734674994
J82146,4.754330151997173,4.100388829975256,1.838105337575115,19.12336514669494,3.464121597737717,0.6185931424531637
J82147,3.045557513214196,3.750314623710043,1.610873395419079,17.93355147243896,2.252705763906368,0.4656430908633275
J82149,1.930593390974772,2.505033755774014,1.172568992064432,13.47269927750799,1.717399028781239,0.4737652493189625
J82150,4.271714548957199,4.916659686740934,1.499288047575174,18.48563531284027,3.400619817405143,0.5695619398609599
J82151,4.467417389699095,4.578179804319734,1.495292597378623,19.14343732693373,3.175189219124977,0.3507476462986893
J82152,2.610872675250357,3.862660944206009,1.740581783500238,21.30424415832141,2.503576537911302,0.8464473056747736
J82154,2.663232594459819,3.057785571416829,1.60835137134559,16.92741869194728,1.983724689700523,0.4109926843302189
J82155,2.130677290836653,3.107569721115538,1.778486055776892,15.31155378486056,2.266135458167331,1.470916334661355
J82156,3.888182973316391,4.104193138500635,1.67725540025413,21.99491740787802,2.89707750952986,0.9021601016518423
J82157,3.232370211034242,3.232370211034242,1.081332480669728,18.16754839834893,2.744026510086623,1.069705249694785
J82161,3.566634707574305,4.055608820709492,2.86673058485139,19.53978906999041,2.205177372962608,0.4985618408437201
J82163,3.22293974761538,3.987203033355057,1.872148823982463,19.09473310030215,2.523846199419397,0.5628295515137153
J82169,1.627339300244101,1.917935603859119,0.499825642217831,12.79786121120539,1.359990700918284,0.3835871207718238
J82174,2.655059847660501,3.097569822270584,1.523394994559304,19.5139644541168,2.16177003989844,0.3119332607907145
J82178,1.755779772781441,1.978231508699452,1.398268054341781,17.16056248510368,1.406212759195996,0.4369587669818066
J82181,1.89553042541734,2.412493268712978,1.173936456650511,18.10446957458266,1.572428648357566,0.4415724286483576
J82184,1.449932034435886,1.857725419120979,0.9741730856366106,15.08835523334844,1.314000906207522,0.475758948799275
J82194,2.345021452877645,2.85545198993934,1.893771267939044,15.71238348868176,1.790205651723628,0.6731765054002071
J82196,2.734451478170071,3.752528878157019,2.218886640997193,15.30379168570123,2.186255955100176,0.8745023820400705
J82198,1.557482337829159,2.087347463070007,0.9152215799614644,15.49454078355813,1.685934489402698,0.3050738599871547
J82199,0.4472547809993831,0.5860579888957435,0.2621838371375694,3.233600658030023,0.3958461854822126,0.107958050586058
J82201,2.73660205245154,3.053338401114912,1.3429621183327,15.0259723805904,2.255162802483213,0.4180919802356519
J82207,1.598392872739977,1.685736745567298,0.7773604681631584,10.11442047340379,1.449908288933531,0.445453751419338
J82208,1.568407786024366,2.296597115249965,0.6861784063856602,12.25318582831536,1.610418708864305,0.5041310740792606
J82210,4.519713644620152,4.893685222780212,2.446842611390106,25.51554653274922,3.675606368201731,1.303558072443637
J82213,1.312668037324055,1.945279139648901,0.9805472086035112,10.91254151510359,1.423374980230903,0.4270124940692709
J82214,2.580124974803467,2.832090304374118,0.91715379963717,16.7204192703084,2.176980447490425,0.5240878855069542
J82215,3.986888245159323,4.078365604512883,2.225949077603293,22.48056106113737,2.668089647812167,0.7470651013874066
J82216,3.267925091397449,3.491755577109602,1.372826979034544,18.09296426173245,2.447213310452883,0.4998880847571439
J82218,1.403586944413501,1.481563996880918,0.395455051799042,11.48490587055809,1.381307786565668,0.2339311574022502
J82605,0.8624316365166175,1.262095077829196,0.7572570466975179,7.677745056794278,0.9255363904080774,0.2734539335296592
J82622,2.108472263676289,2.573231569522023,1.221592120411035,15.2730993902699,1.83984991259114,0.8335820577324862
J82625,3.391249738329496,2.658572325727444,1.235084781243458,18.50533807829181,2.700439606447561,0.2930709650408206
J82628,3.356152947069627,3.139088328602438,1.435965937552179,17.03122391050259,2.037067957922858,0.6011020203706796
J82630,1.141799105076377,1.496682610708224,0.5246103996296868,10.09103533405339,1.033791081623206,0.3548835056318469
J82639,3.276114716349173,3.181913334728909,0.7065103621519783,18.90831065522294,2.423068871676785,0.5652082897215827
J82640,2.691867124856816,3.021191294387171,1.116838487972509,15.82187857961054,2.290950744558992,0.5870561282932417
J82646,2.321990617020013,3.604727121563038,1.490587327038423,15.34532929508878,2.013183680741137,0.7838945305540709
J82669,1.992246392418695,2.627611458108981,1.335343527891449,15.78720654749084,1.432263622657764,0.624596166271807
J83001,3.390456492834983,3.885359728172551,2.703501255724627,20.90412173142266,2.430196483971045,0.6943418525631555
J83002,1.86685667752443,2.44299674267101,1.156351791530945,15.16083061889251,1.557410423452769,0.4641693811074919
J83003,3.67315769377625,4.833906071019474,1.77930507827415,18.77052310042001,3.405880106911035,0.8400152730049638
J83004,3.540856031128405,4.267185473411154,1.491569390402075,19.33852140077821,3.268482490272374,0.648508430609598
J83005,2.726191565273077,3.805690238770469,1.491171896441314,15.84484493641936,2.415149574604337,0.6220839813374806
J83006,3.504415011037528,3.237674760853569,1.766004415011037,14.41317144959529,2.271891096394408,0.4874908020603385
J83007,2.478967311026909,2.90925438314816,1.220217070194592,15.14995825573181,1.791792434654165,0.4752424378652624
J83008,2.689397865063737,3.373406570629081,0.912011607420458,15.76329153280133,2.124572494559022,0.6840087055653435
J83009,3.248322147651007,3.456375838926175,2.322147651006711,18.79194630872483,2.543624161073825,0.5167785234899328
J83010,3.321693211821821,3.577208074269653,0.928370666893791,16.1570564687846,2.308150924112086,0.6217528319563921
J83011,3.340277777777778,4.270833333333333,1.819444444444444,21.32638888888889,2.604166666666667,1.215277777777778
J83013,4.066187788609543,3.937916880451513,1.269881990764494,17.47049769112365,2.41149307337096,0.3976398152898923
J83014,2.085859810817366,2.93475624545234,1.12781954887218,13.40650012127092,1.758428328886733,0.5578462284744118
J83016,2.284152318713083,2.689455825059696,0.8357421138620083,14.72916928490637,1.951112228226719,0.4587155963302753
J83018,3.85507566552524,4.617253948967194,1.993814205235834,19.62885231415001,3.197834971832542,0.8560698111123385
J83019,3.959671518009594,4.984145052443288,1.837547768111229,19.18855191478982,3.39051955443532,0.8130742336775347
J83021,2.502960271120004,3.356334980196807,1.188191580580622,14.09497366379486,2.253889183781797,0.6083867543179128
J83022,1.719718008972442,2.104251228370006,1.174962614825892,14.97543259987182,1.377910702841273,0.3204443494979705
J83023,2.98267752667202,4.439600780084891,1.617528966387519,16.53091659974762,2.2828954915682,0.8030285648732363
J83024,2.407867962921094,2.780917929007461,1.503504408772327,19.01424372597784,2.215690707664481,1.740899841736378
J83026,3.628642307530589,4.452760375057815,1.54311903460455,18.18105369381491,3.157717697515032,0.7694571752932767
J83027,2.538809831824062,3.298835705045279,2.385187580853816,18.44275549805951,2.207309184993532,0.7519404915912031
J83029,4.088509491182747,3.549365382455352,2.976524766932495,19.89217117825452,2.369987644614175,0.5616084465910367
J83030,3.594345036256456,3.54739423026762,1.523292816526684,18.1386613803537,2.462308936303407,0.6364442589597787
J83033,1.339641200993021,2.178087966649492,0.993020750386435,14.83910253407654,1.466110824862991,0.4403016534732306
J83034,3.992395437262358,4.67973091547236,1.754899093302135,23.19391634980989,2.793214390172565,0.8189529102076631
J83035,1.723666210670315,2.305061559507524,0.9439124487004104,13.7688098495212,1.279069767441861,0.4309165526675787
J83036,1.892257192508206,2.722533307588338,1.515736628692798,18.33365514578104,1.612280363004441,0.3765205638154084
J83037,3.505178769968985,3.610509684592428,1.919363333138276,17.08701503891392,2.182690619696881,0.5090994206799696
J83038,1.033484911120298,1.763814248311975,0.8543475265261127,12.05387901336641,1.043819760231501,0.434063662670525
J83039,2.957220786678151,3.165374677002584,1.169968418030433,17.04708584553546,1.959517657192076,0.3875968992248062
J83040,2.755444224475779,3.325118177043352,1.264595369884045,16.21752656458325,2.044361843965901,0.5171508221890024
J83041,3.577196865466291,3.266136268469223,1.674941676138063,16.4622839026141,2.566249925225818,0.5323921756295986
J83042,2.420713957407691,3.130585771921761,1.072468208978091,14.24339921352331,2.017261631173076,0.4851641897758031
J83043,4.428209333532131,5.47189503503802,2.340837930520352,23.14000298195915,2.937229759952289,0.5963918294319368
J83046,2.766386773416651,3.410792162988999,1.034954110525288,16.75454012888108,1.965761895463126,0.5142224825880363
J83047,2.476596753169807,2.986135798080341,1.090176561203934,16.8858869534305,1.647114587036379,0.3910415926057589
J83048,2.765179224579371,3.16020482809071,1.170446232626189,16.29846378931968,2.04828090709583,0.4828090709583029
J83049,2.844251067601321,3.38409475465313,1.136088953347837,15.88913060994279,2.199661590524535,0.6687615824671662
J83050,2.623373101952278,2.908080260303687,1.057483731019523,15.93004338394794,1.762472885032538,0.3931670281995662
J83052,1.81803809975496,2.893051932653545,0.8774009959686981,12.52074934787764,1.620425262825073,0.561220456880879
J83053,3.046979865771812,3.355704697986577,1.167785234899329,18.83221476510067,2.268456375838926,0.6174496644295302
J83055,3.09215844785772,3.506467259498788,2.23322554567502,19.57356507679871,2.06143896523848,0.5658852061438965
J83056,3.437613677700982,3.601309567115315,1.418697708257548,17.07893779556202,1.891596944343398,0.4728992360858494
J83057,2.486464808502105,2.957689993984359,1.58411870864247,18.03188289552837,1.995187487467415,0.4862642871465812
J83058,4.697828139754486,5.335221907459868,2.195467422096317,23.11142587346553,4.461756373937677,0.9915014164305948
J83059,2.77631162250607,3.114113797107569,1.615116647313417,16.52063760160456,2.17460149899715,0.5278158978148422
J83060,4.174950298210735,5.447316103379721,1.570576540755467,21.41153081510934,3.081510934393638,0.536779324055666
J83064,1.346138061232866,2.446031355167036,1.231223836493474,15.52983665763769,1.239431995403431,0.4104079454978249
J83601,3.152069297401348,3.344562078922041,1.299326275264677,19.48989412897016,1.948989412897016,0.5293551491819056
J83603,3.261538461538461,3.282051282051282,0.7589743589743589,15.7948717948718,2.153846153846154,0.3897435897435897
J83609,3.004911875180583,2.773764807859,1.415775787344698,19.35856688818261,1.762496388327073,0.9534816527015312
J83615,3.056269637246501,3.370465581262497,1.542416452442159,17.99485861182519,2.199371608111968,0.7997714938588976
J83618,3.577661431064572,3.577661431064572,0.9016870273414777,16.72484002326934,2.036067481093659,0.3199534613147179
J83619,3.306797305572566,3.796693202694427,1.377832210655236,17.17697489283527,3.153704837721985,0.6429883649724434
J83625,2.20043051901459,2.379813441760344,0.8251614446304711,17.38818464482181,1.54269313561349,0.334848122458742
J83629,4.462738301559792,4.376083188908146,1.516464471403813,17.98093587521664,2.772963604852686,0.5199306759098787
J83630,4.66483731869855,4.704037632301058,1.960015680125441,21.36417091336731,3.253626029008232,0.7448059584476676
J83633,1.974005667937066,2.677611648587902,1.348578129580768,14.94185478354344,1.51470731945666,0.3420306850386006
J83645,1.605771468466372,2.932278333721201,0.6981615080288573,16.84896439376309,1.675587619269258,0.4654410053525715
J83646,1.18458734704504,1.757354855506378,0.6508721687060661,10.94766987763603,1.093465243426191,0.3384535277271544
J84003,3.446168886716363,4.032750824880851,1.771966271538556,21.19027251619211,3.238421116949774,1.478675302456312
J84004,3.234655389187336,3.943307806606469,0.7886615613212938,18.96216710481198,2.617441993370671,1.737341410446908
J84005,3.919075144508671,4.08092485549133,1.895953757225434,23.07514450867052,2.92485549132948,1.618497109826589
J84007,5.391782495799602,5.223766610661372,2.138383992668398,25.96609133954483,4.536428898732243,1.191385367343821
J84008,2.446709916589435,3.595922150139018,1.686746987951807,24.17052826691381,2.594995366079703,1.594068582020389
J84011,2.556749333548752,3.279747960255271,1.345019791582519,16.38662250585669,2.310364326682285,0.9895791259390904
J84012,2.306222707423581,3.55485807860262,1.501091703056769,16.81905021834061,2.081058951965066,1.337336244541485
J84013,3.579987464513513,4.435350071894701,2.352247170298271,23.88747557423589,3.097002543966375,1.906131327655495
J84015,3.096153846153846,3.173076923076923,1.641025641025641,18.44871794871795,2.506410256410256,0.8653846153846154
J84016,4.348498916744043,4.642525533890436,2.120086660476633,30.90374497059734,2.708139894769421,0.9594552770040236
J84017,3.021465235650957,4.0363975734951,1.901539897340177,20.17032197853476,3.173121791880541,1.096593560429305
J84019,4.790689281847708,4.835799350415012,2.129195236376759,23.33994947672321,3.690003608805485,1.127751714182605
K81001,2.038716316161811,2.263811177567689,0.8875168821146054,12.12296610714515,1.324844041417454,0.3087015242137758
K81002,1.64082105398623,1.724470754777685,0.8558007850202689,11.36992471526929,1.409175728717586,0.3152950260600991
K81003,2.051508647897993,2.102007322307789,0.9468501451836888,12.46054791061735,1.382401211968186,0.3219290493624543
K81004,2.865388579674294,2.810417096131382,1.607915893630179,18.85521885521885,2.006459149316292,0.5428433999862571
K81007,0.9640666082383872,1.437335670464505,0.5433829973707274,10.28921998247152,0.8413672217353199,0.2629272567922875
K81010,2.973977695167286,2.698609390059204,1.197852127220157,14.27784661985405,1.996420212033595,0.4268208729175272
K81012,3.048980933596318,2.555884286653518,0.9615384615384616,15.1051939513478,2.120315581854043,0.2547666009204471
K81014,2.232381693497398,2.232381693497398,0.8316716113029522,14.32323330577306,1.502845192354457,0.3355867905257526
K81015,2.098489087856743,2.406267487409065,1.147174034695019,18.04700615556799,1.203133743704533,0.4196978175713486
K81017,2.906775555401758,2.920617343760814,1.121184857083535,17.04616236417745,2.097030936396983,0.6782476295937435
K81018,2.813769096886482,3.432604912009282,1.131309224521369,15.49023399729259,1.914523303036163,0.3964416940630439
K81019,1.160949868073879,1.864555848724714,0.5980650835532102,10.48372911169745,1.108179419525066,0.316622691292876
K81020,2.520308269110602,2.890022911893356,1.18725265569673,12.86711101853781,1.572589043949177,0.249947927515101
K81021,2.516346344362988,3.78442639191599,1.654448187041807,17.22805627105211,1.723796314642362,0.3269268872597583
K81022,2.421456989984909,2.349430648923035,1.214158320757305,13.10193442173138,1.728632185484978,0.3155439703663054
K81024,1.042986234270754,2.660248289840385,0.8487458829490752,13.03521662021789,1.186555189595473,0.3209188413140782
K81025,2.406612953855813,2.092706916396359,0.7324474207387255,12.28418959924663,1.313173590038715,0.204038924348645
K81026,0.9580689311932312,1.430882169963917,0.7092198581560284,12.44245365186015,0.8834142092820704,0.1866368047779022
K81027,2.680156194533192,2.893148739794107,1.36670216542421,17.90912318068868,2.183173588924388,0.4259850905218318
K81028,2.923026956804157,3.085417343293277,0.8985601385731299,13.26188156327812,2.056944895528851,0.2706506441485331
K81030,2.422119724736699,2.653972325678909,0.9718077103322398,17.0855634758158,1.531707076437363,0.5031694743852206
K81034,0.9927421373154252,2.711270543088346,0.8008676065737883,13.7732543588888,1.084508217235338,0.2586134979561191
K81036,2.137982073842612,2.656031576350629,1.389688347997698,12.84433845900831,1.759723706931996,0.3206973110763917
K81040,1.290703975565299,2.108478250160106,1.069018178235381,13.9070890191635,1.093649933494261,0.3005074141583329
K81041,2.995708154506438,2.969957081545064,1.871244635193133,17.06437768240344,1.991416309012875,0.4635193133047211
K81042,3.028414755732801,4.050348953140579,1.65752741774676,15.83998005982054,2.018943170488535,0.448654037886341
K81043,1.09208648885962,2.936011414773351,1.300625617385578,13.09406212270881,1.179892437712655,0.3182965645922511
K81045,1.827434651862133,2.064538514920194,0.948415452232246,12.09229701596114,1.515151515151515,0.3238491788110109
K81046,2.499700992704222,2.786747996651119,1.339552685085516,14.01746202607344,1.865805525654826,0.5382131324004306
K81047,2.123997271930109,2.604657205027443,1.273099282257803,14.81276996524959,1.503686142054496,0.2273391575460362
K81048,1.361824623560673,1.716120460584588,0.775022143489814,11.51461470327724,1.184676705048716,0.354295837023915
K81050,2.449164030727519,2.45820153637596,1.247175779484862,17.33393583370989,1.861726163578852,0.4157252598282874
K81051,1.732260636370225,2.123650068855548,0.7392911502500543,13.48843951583678,1.326375298978039,0.2681742407769805
K81052,2.945885366634646,3.250080051232789,1.905219340377842,16.60262568043548,1.905219340377842,0.6404098623118796
K81055,3.857180088610894,3.049257232212666,1.928590044305447,17.4224654678134,2.280427417253062,0.4821475110763617
K81056,1.887721602101116,2.117531188443861,1.149047931713723,13.55876559422193,1.313197636244255,0.2790544977019042
K81057,2.865013774104683,2.851239669421488,1.446280991735537,18.00275482093664,2.314049586776859,0.4958677685950413
K81060,1.687333228692513,2.048344059017423,0.4551875686705384,11.23842410924502,1.255689844608382,0.1648092921048501
K81062,1.509570241964608,1.827374503430842,1.018418201516793,14.64788732394366,1.328999638858794,0.314192849404117
K81063,2.274653226885509,2.185451139556665,1.320190892466884,14.62468221756389,1.779581642210428,0.4370902279113331
K81066,2.172016748080949,2.686671318911375,0.9508025122121424,12.13363572923936,1.561409630146546,0.3489183531053733
K81068,2.778689421288699,3.653867191773329,1.54250082047916,15.60004375888852,1.794114429493491,0.426649163111257
K81069,2.631578947368421,2.52904989747095,0.936431989063568,17.59398496240602,1.640464798359535,0.3075871496924129
K81070,2.663951120162933,2.281059063136456,0.9205702647657842,13.80855397148676,1.588594704684318,0.2443991853360489
K81073,2.555719034385047,2.746444335458558,1.258786987085172,16.4187237752711,1.820064301672933,0.4795378998419705
K81074,1.37482814648169,1.787276590426197,0.9061367329083864,9.217597800274966,0.993625796775403,0.2187226596675416
K81075,1.244317443823873,2.421093648525783,0.9975321470320822,14.10313027665931,1.233926483958956,0.4727886738537472
K81076,3.95096858925249,4.005691145890336,1.400897449928861,19.2404509138667,2.090401663565722,0.437780453102769
K81077,2.26045575180745,2.754644458680333,1.272078338061682,16.9030841035966,1.638144046856411,0.3569140660748604
K81078,2.157807667409911,2.157807667409911,0.9997842192332592,14.79536790620729,1.70466805725383,0.4027907645831835
K81080,2.775208140610546,2.908829273306609,1.017576318223867,18.36776647137424,1.90153150375167,0.3700277520814061
K81081,0.9298393913778528,1.225697379543533,0.253592561284869,12.04564666103128,0.7185122569737954,0.0422654268808114
K81082,1.160665326265765,2.357887040760373,0.6488758910619631,10.884664595138,1.041857064522025,0.3655638822884299
K81083,0.9504337735536278,2.994971542244571,0.845443996242471,11.97436039122507,1.259877327733879,0.2983919986738133
K81084,2.674007078254031,3.211430069471752,2.005505308690523,17.47280115349325,2.136584087036309,0.4718836020448289
K81085,0.5445744251714401,2.521177894312223,0.5143202904396934,13.01936264622832,0.9076240419524002,0.2016942315449778
K81086,0.9676597911892028,4.312027841439606,1.061030472795179,14.07350819115525,1.536372124607419,0.4838298955946014
K81087,1.080535945829131,1.541564616049561,0.864428756663305,11.78504538250973,1.195793113384239,0.2449214810546031
K81092,2.077517366746738,1.915211322469649,0.805037979614361,13.31558787249237,1.395831980782964,0.2726741543855093
K81094,1.174168297455969,1.913459447706023,0.5435964340073929,10.48053924766253,0.9349858664927158,0.15220700152207
K81097,2.03804347826087,2.445652173913043,1.205842391304348,13.3491847826087,1.273777173913043,0.4415760869565217
K81100,0.6269135442484327,0.976818778247558,0.4665403119988336,7.30427175973174,0.4956990814987607,0.1749526169995626
K81102,1.903749516814844,2.328952454580595,0.8987243911867027,16.42829532276768,1.439891766524932,0.5604947816003092
K81103,2.663656884875846,2.595936794582393,0.7562076749435667,15.94808126410835,1.444695259593679,0.327313769751693
K81605,0.6653728860548933,0.9795767489141484,0.428179773896436,7.55013399870622,0.6715337461109571,0.141699781289468
K81607,0.8682634730538923,3.293413173652695,0.8383233532934131,14.88023952095808,1.586826347305389,0.2694610778443114
K81608,0.4852484472049689,3.260869565217391,0.6211180124223602,13.08229813664596,0.6599378881987578,0.15527950310559
K81610,1.794254533782699,2.628791526239769,1.014283421601669,15.58337345530412,1.572781255015246,0.4622051035146847
K81616,0.6014505572262516,3.237219175658943,0.8491066690252963,13.63877587121882,1.273660003537944,0.106138333628162
K81630,2.440735025950344,2.994809931266657,1.262449151353626,13.94304951606116,1.984850610183756,0.4839388413522233
K81633,1.336711514939717,1.59881181198672,0.8299842739821771,12.16145378298095,1.249344749257383,0.2883103267517036
K81636,0.7542983915696062,1.708264004437049,0.6544647809206877,11.23682750970605,1.00942872989462,0.1552967276760954
K81644,1.599484037407288,2.025153176394711,0.8835859400193485,11.62850693324734,1.502741051273783,0.3740728797162206
K81645,0.6572029442691903,2.03732912723449,0.4863301787592009,12.02681388012618,0.7097791798107256,0.1182965299684543
K81651,0.8633268482490273,1.532101167315175,0.6991731517509728,11.27796692607004,1.039640077821012,0.2249513618677043
K81655,1.934738665896621,2.425642506497257,0.7074790643950333,13.19665030320531,1.573779959572625,0.3898354028299162
K81656,1.258862682679786,1.403559542757922,0.6077268123281725,13.44233830125886,1.056287078570395,0.2315149761250181
K81657,0.6143118047484643,1.328241739996679,0.4648846089988378,8.26830483147933,0.5478997177486302,0.1660302174995849
K82001,3.120553922033577,3.196433652660533,0.6165228113440198,14.56890828037561,1.887508299345537,0.3035189225078251
K82003,1.22725607522286,1.886677249969471,0.7632189522530223,12.4496275491513,0.9647087556478202,0.3358163389913298
K82004,2.276039136770522,2.387065436125182,0.8535146762889458,11.51897855804594,1.394767885642912,0.3538963291929776
K82006,2.409509530948811,3.33047761833369,1.670593274791176,16.63097022917113,1.734846862283144,0.642535874919683
K82007,2.75232287110061,2.950285769021999,1.190970337494812,15.61033238609151,1.532615983907532,0.3895398959098311
K82008,3.442685485409117,4.415411024222774,1.230211710852565,18.00495899294297,2.288765973679191,0.4005340453938585
K82009,2.127867490777612,2.535851269147143,1.136002736178633,15.96755673906139,1.307013900764664,0.3322502626242885
K82010,1.449561187259639,2.396213391184301,0.5522137856227196,13.00660684350656,1.400256384971896,0.2465240114387141
K82011,2.47385358004827,2.50402252614642,0.7642799678197908,12.77152051488335,1.65929203539823,0.3218020917135961
K82012,3.352112676056338,3.788732394366197,0.8591549295774649,18.0,2.338028169014085,0.9859154929577464
K82013,3.116269073715882,3.38849487785658,2.500179095923777,17.7806433125582,1.934235976789168,0.5229600974281825
K82014,2.540956201939151,3.176195252423939,1.420929455031762,16.19859578736208,2.089602139752591,0.4847876964226012
K82015,2.161271564256639,2.752471409187827,1.279317697228145,17.57123473541384,1.550688117852297,0.6493506493506493
K82016,2.549286199864038,2.804214819850442,1.298436437797417,15.17335146159075,1.403806934058464,0.4112848402447315
K82017,1.829652996845426,2.243252716438836,0.6379249912372941,13.6347704171048,1.626358219418156,0.3434980722046968
K82019,1.322064594023544,2.161183217627528,0.6761243585873831,13.55267129489888,1.285843646242077,0.4346513733776033
K82020,1.991008349389852,2.58509955041747,0.7707129094412332,15.68721901091843,1.63776493256262,0.4656390494540783
K82021,4.025605490661915,4.355573153830925,1.841219560483073,19.99604038804197,2.487956180294331,0.6533359730746386
K82022,1.270174768407984,2.416197115843759,0.7831152707477796,13.13150606436826,1.499379237895139,0.2769554006303123
K82024,2.513940945241795,2.998445927415669,0.767894688728403,15.35789377456806,1.983727945881708,0.6124874302952739
K82025,2.275471347636296,3.074208228847404,1.133091854741339,14.618742453794,1.569610847961363,0.2972044209157611
K82026,1.994808033884411,2.58687434531129,0.9837409482169694,17.79842419274036,1.307100241380881,0.478207405383249
K82027,1.542032830376389,2.304758746476538,0.9451168960371412,15.08870834024208,1.293317857735036,0.6964019233957884
K82028,2.954269526507487,2.934034803723189,0.9915014164305948,15.41885876163497,2.043707001214083,0.3338729259409146
K82030,1.299367413233031,2.094375106855873,0.8206531030945461,12.50641135236793,1.333561292528637,0.4017780817233715
K82031,2.975811584977721,3.835136855506047,1.288987905792489,15.49968173138129,2.196053469127944,0.3978357733927435
K82032,1.920562275253351,2.182085648904871,0.8744687806472704,15.33998038574698,1.24223602484472,0.4086302713305002
K82033,2.368036720216983,3.004381389526393,1.340496557479658,14.4325057375339,1.856874608804506,0.4016273732526601
K82035,2.471732842492769,2.813568235603471,0.4207204838285564,13.72600578490665,1.630291874835656,0.3418353931107021
K82036,1.828571428571429,2.69010989010989,0.8615384615384615,13.82857142857143,1.661538461538461,0.4395604395604396
K82037,2.834157502398701,3.06295667576943,1.158757103845302,15.30740276035132,1.800870912982508,0.4206952542623071
K82038,2.140454163162321,2.977291841883936,1.286795626576955,14.87384356602187,1.753574432296047,0.5004205214465938
K82039,1.347925554937241,1.978606319173932,0.7728930934273172,12.3415569158474,1.193346936251778,0.3153403821183454
K82040,1.664285714285714,2.128571428571429,0.7785714285714286,12.38571428571429,1.171428571428571,0.4428571428571428
K82044,1.101686653017452,2.066881154333626,0.4777225309544701,10.47089792336941,1.101686653017452,0.233986545773618
K82045,3.642621540226588,3.943783163631149,1.462785027965008,17.36698694966298,2.653090491897318,0.5306180983794637
K82046,2.732711690831672,2.905190535223414,0.9863633913652778,14.25645448175497,2.096695952137121,0.3341777610090013
K82047,3.006266707568254,3.242911608747097,1.196371444848591,16.54761383057978,1.954511591217845,0.4601428634033042
K82048,2.929602098819414,2.856726424719429,0.8162075499198368,18.4812709517563,2.463197784579507,0.5684302579798863
K82049,3.805914820001647,3.871818106928083,1.15330752121262,18.62591646758382,2.232473844633001,0.420133454156026
K82051,3.145606843699875,3.430761005168419,1.176260916057744,18.18748886116557,2.120834075922295,0.4366423097487079
K82053,1.956727868287216,3.163520386173606,0.930954228083786,14.42117058874235,1.853288509611241,0.4827170071545556
K82054,1.811800417378107,3.547713906279643,1.660026560424967,16.99867197875166,1.641054828305824,0.7778410168848415
K82055,2.786348761103319,3.973819541841982,1.252921926133707,17.24170172978027,2.41234221598878,0.5890603085553997
K82057,2.943158840709953,3.325095484160863,1.055942484834869,17.53538530667266,1.853516063805887,0.4268703662098405
K82058,1.895093062605753,2.351945854483926,0.626057529610829,13.9424703891709,1.387478849407783,0.2707275803722504
K82059,1.462087725263516,2.028788393970305,0.8047149495636405,15.77694661679701,0.9520571234274056,0.3286863878499376
K82061,2.961858086511826,3.32409972299169,1.129341572554869,18.00554016620499,1.853824845514596,0.6605582782868101
K82064,0.7904096956922673,1.554472401528125,0.6718482413384271,10.92082729548149,1.001185614543538,0.3425108681333158
K82065,1.201005492970859,1.512894516339261,0.9170468299041056,11.8610930080998,0.8984265897030072,0.2979238432175775
K82066,3.642191142191142,3.591200466200466,1.580710955710956,18.13082750582751,2.090617715617716,0.7138694638694639
K82068,2.161486245087531,2.375848517327617,0.7502679528403001,15.57699178277957,1.304037156127188,0.3394069310468024
K82070,3.10785168470178,2.969383045284374,0.933381199035848,18.48812759628699,1.800092312426278,0.4461767270116416
K82073,2.922185181848215,3.339640207826531,1.222332342253056,15.52992762110701,2.060245667777878,0.432471393819263
K82078,2.961932213497664,3.160719610376702,0.655998409700825,15.80359805188351,1.649935394096014,0.4075141636020276
K82079,3.238117266103851,3.804787787672025,1.168035156701746,18.59604487105354,2.127905632011102,0.5319764080027756
K82603,1.28839590443686,3.225255972696246,0.9812286689419796,11.08361774744027,1.459044368600683,0.3754266211604095
K82610,0.7736943907156674,1.55876664011833,0.6485379451587212,11.83297303447491,0.8760951188986232,0.3527136192968484
K82615,1.107774441107775,1.608274941608275,0.5405405405405406,11.20453787120454,0.7741074407741074,0.2469135802469136
K82617,2.172024326672459,2.445078813454139,1.030160109221795,16.43291547722477,1.265979893260519,0.5336974059823756
K82618,2.091091377828703,2.320252076768834,0.5156115726152966,12.97622457748496,1.661415067315955,0.2005156115726153
K82621,2.11042421658495,2.067789383926668,0.6608399062033681,13.6005116179919,1.64144105734385,0.2558089959496909
K82631,0.98979839689094,1.493806169540928,0.6315278115132378,10.49914986640758,0.7226135535584163,0.1153752732572261
K82633,0.8086581139417524,1.355870371496322,0.4924910317991123,10.3119109868061,0.7660971605763969,0.15808354107132
K83002,2.04877418242923,3.296135119996553,1.34861476151493,14.46206213106984,1.861346891292171,0.835882631737688
K83003,2.15552805280528,3.114686468646865,0.825082508250825,15.625,1.773927392739274,0.6600660066006601
K83005,1.993582303543388,2.935754762067317,1.030927835051546,14.59001843380897,1.761452857240391,0.6895610022530211
K83006,2.14493960849646,2.748854643898376,1.103706788837984,15.07705122865473,1.957517700957934,0.426905456059975
K83007,2.540465994048051,3.462292226174058,1.408144008129491,17.69616026711185,2.163025332075198,0.7911736952892502
K83008,2.663392519833774,2.663392519833774,1.020022667170382,17.55761239138648,2.002266717038157,0.5005666792595391
K83009,1.973314606741573,2.029494382022472,0.470505617977528,11.86095505617978,1.502808988764045,0.4002808988764044
K83010,1.767019049078188,2.436034931821664,0.6179459680302334,11.9452530514274,1.440171594913437,0.5362341044890455
K83011,2.414241586733865,3.511624126158349,1.585108112502032,18.66363192976752,1.934644773207609,0.7641033978214924
K83012,2.445923460898503,2.845257903494177,1.214642262895175,16.08153078202995,1.996672212978369,0.4409317803660566
K83013,2.116262151974076,2.903247139739435,1.223464056610013,15.673566563058,1.931089213676344,0.489385622644005
K83014,1.877755401948511,2.280520328743265,0.8273009307135472,13.06264627442443,1.458662167310728,0.5116203124149568
K83015,2.644536213468869,2.763659466327827,0.8656289707750953,18.94853875476493,2.064803049555273,0.5082592121982211
K83017,3.200232040993909,3.848013148989655,1.382577588707338,20.45828096297013,2.571787682490573,0.5414289857874891
K83018,2.545857052498419,2.790955091714105,0.9803921568627452,14.82447817836812,1.858001265022138,0.4585705249841872
K83019,2.813025531264333,3.256382816083168,1.009020027518728,16.55710136064822,2.38495642868063,0.5503745604647607
K83021,3.0467697738145,3.311504342575821,1.881008778040964,19.62286935116808,2.131809948446426,0.7431145789791463
K83022,2.262799231172462,2.227852524899528,0.5242005940940067,15.28044731784029,1.502708369736153,0.3756770924340381
K83023,3.429057245418477,3.542414509729832,1.558662384281126,17.91044776119403,2.248252408841867,0.5384470054789344
K83024,2.661989269500619,3.30169211721007,1.217498968221213,18.07676434172513,2.084193148988857,0.6603384234420141
K83025,1.164992826398852,1.847919655667145,0.4246771879483501,10.37589670014347,1.004304160688666,0.4361549497847919
K83026,1.779516010755317,2.278171596186751,0.9288682473722808,14.78367147396724,1.544854558787583,0.4448790026888291
K83027,2.0723400172695,2.206658351722153,1.007387508394896,13.52777511273146,1.506284179219035,0.4797083373309028
K83028,3.021882598124349,3.968391802709274,1.684612712747482,19.24279263633206,2.292462660646057,0.8336227856894755
K83029,2.296238244514107,2.554858934169279,1.324451410658307,16.41065830721003,1.637931034482759,0.603448275862069
K83030,2.794224576711333,3.510958761815727,1.495793081956996,19.24794847823829,2.222914719019425,0.5816973096499428
K83031,3.161337209302326,3.064437984496124,2.507267441860465,18.18071705426356,1.732073643410853,0.4723837209302325
K83032,2.166755650471614,2.851930948567361,0.8231001957643709,16.43530877380317,1.801922050186866,0.6139882541377469
K83035,1.894047279977214,2.335516946738821,0.3987467957846767,13.13016234690971,1.26744517231558,0.4699515807462262
K83036,2.21832016388645,2.762657301726661,1.434006438396254,16.97980684811238,1.67398302604624,0.4975124378109453
K83037,2.427011207081162,2.998072667570848,1.056463701905918,16.6393033050182,1.798843600542508,0.6353058747947748
K83039,2.590716598854106,3.612056796479283,1.395001245536826,20.29394669102383,2.424645022004484,0.7390185169808187
K83040,1.951938127244269,2.605653254764754,1.233772212503453,15.13672774146027,1.473160850750391,0.4419482552251174
K83041,2.324397692568714,2.578893790295215,0.8525619273837801,16.4234815066169,1.840855106888361,0.4580929759077028
K83042,2.019678922837908,2.31097876747799,0.9192128430864838,14.15069911962714,1.696012428793371,0.4725530813050233
K83043,2.052048651219678,2.575253108649861,0.9173065162736972,16.98715770877217,1.732690086294761,0.4824352789291296
K83044,3.013351234429775,3.102856716640561,0.760796598791676,19.33318415752965,1.909450287163422,0.6414559558439621
K83047,1.904377499724801,2.704289436025392,1.042087109675999,16.22940593696107,1.687887572010421,0.5430594796903093
K83048,2.121262735927844,3.340571237681643,0.8184399532320027,14.76532487055287,1.653582762652413,0.7182228161015534
K83049,2.512406947890819,2.977667493796526,1.098014888337469,16.83622828784119,1.668734491315136,0.4342431761786601
K83050,1.140523796113771,1.253168121655872,1.041960011264432,12.41903689101662,1.041960011264432,0.1689664883131512
K83051,1.999586292491209,2.682203681996828,1.372129904157761,13.77990760532304,1.785837412949045,0.5240295111356271
K83052,2.336654615995062,2.702583546424477,0.648090997266555,14.67683625782559,1.692972401022837,0.4849660523763337
K83053,2.988652708965958,2.716957008150871,1.086782803260348,19.4342336583027,1.965798305897395,0.4634809013904427
K83055,2.126851500189898,2.443347259146727,0.5950120268388404,15.64755032282567,1.633118116217243,0.253196607165464
K83056,1.220614828209765,1.830922242314647,0.3842676311030741,13.76582278481013,1.175406871609403,0.6103074141048824
K83059,2.029545148399264,2.667145615374253,1.284181222217233,15.17219702752458,1.683804050110008,0.63760046697499
K83064,3.052644406531806,2.815013404825737,0.9200584937850356,19.32122836948574,1.699975627589569,0.5118206190592249
K83065,3.290495692698772,3.318740290919362,1.172150826154498,18.26013274961164,1.821776585228075,0.6072588617426917
K83066,3.712753682210005,3.224054842869748,1.296409421027625,22.39869680309509,2.233082196429783,0.6923233557320301
K83068,3.648820905035054,4.302103250478011,1.338432122370937,21.51051625239006,2.135117909496495,0.5576800509878904
K83069,2.569941444372153,3.188028627195836,1.594014313597918,21.21014964216005,2.47234873129473,0.6831489915419648
K83070,2.542451517119792,2.830101141319477,0.7144845504314744,18.16832142525749,1.939315208314002,0.4175559060963162
K83076,1.247493873914012,2.561817776787703,0.5680552461572733,14.96992648696814,1.214078859434172,0.4232568500779683
K83077,2.640402347024309,2.881391450125733,0.7439228834870076,16.05196982397318,1.592623637887678,0.4610226320201173
K83080,2.293741109530583,2.507112375533428,0.9246088193456616,17.78093883357041,1.653627311522048,0.42674253200569
K83081,1.426220515633571,2.578167855183763,0.9873834339001646,16.23697202413604,1.70049369171695,0.9873834339001646
K83601,2.182539682539682,2.661064425770308,0.665266106442577,15.72128851540616,1.598972922502334,0.4668534080298786
K83610,1.545857290979357,1.941747572815534,0.5467056272975775,13.01724950513715,1.027429540955792,0.3110566500141389
K83616,2.422655099034212,3.404812571615649,1.32591258798494,16.94221640202979,2.029792110001637,0.5729251923391717
K83618,1.057401812688822,1.605978692955955,0.3895690888853554,13.81777707107648,0.906344410876133,0.2703132453490221
K83620,2.860322760155815,2.871452420701169,1.146355036171397,16.40511964385086,1.969949916527546,0.5342237061769616
K83621,0.4241219350563287,1.033797216699801,0.2783300198807157,6.580516898608351,0.6958250497017893,0.1921802518223989
K83622,1.573019161056447,2.783531848783014,0.8674262040393578,13.38037286380114,1.527705851890212,0.5696530295183843
K84001,3.199772123053552,2.506646410938094,1.053930877326244,14.48917584504368,2.259779718951766,0.3418154196733764
K84002,1.928545576754046,2.466263378315496,0.9668579701152992,14.90615790290057,1.871671578511969,0.5635696189442119
K84003,3.246284807387102,3.00100995527341,1.197518395613908,16.44784302409465,2.221901601500505,0.3751262444091762
K84004,1.842222552369633,2.243351656514634,0.8765413757242608,13.02183925122567,1.753082751448522,0.3937007874015748
K84006,3.202650469353948,2.944965948831217,1.601325234676974,20.39388919565618,2.288483956070925,0.6135345726731701
K84007,2.189257088168441,2.954898911353033,1.280057423136739,12.96805838018902,1.878215097499701,0.8493838975954061
K84008,3.332912511046585,3.004671127382906,1.211968185835122,16.36157050877415,2.01994697639187,0.340866052266128
K84009,1.043438811387093,1.455521530376923,0.6086726399758043,8.899474500018902,0.979169029526294,0.4158632943934067
K84010,3.48545910031587,3.202265548415205,1.437751878880296,18.18973967977345,2.145735758631957,0.4792506262934321
K84011,1.653593385626458,1.362094551621793,0.6730973076107695,8.289166843332627,1.19249523001908,0.370998516005936
K84012,2.110333753870857,2.190618190159422,0.7684367473334097,11.28569790113545,1.296020185801124,0.1835072829452919
K84013,0.8975570252395735,1.332838439735457,0.4656498852746659,7.939667971386152,0.927925496018356,0.2665676879470913
K84014,2.679518924655111,2.644145737530951,1.353024407499116,18.39405730456314,1.918995401485674,0.3979483551467987
K84015,3.955773955773956,3.267813267813268,1.13022113022113,16.85503685503686,2.088452088452089,0.4422604422604423
K84016,1.57196728952163,1.711791873225711,0.6821744841320283,9.041989746197194,1.461802465997204,0.271174950213974
K84017,2.784656356585525,2.630472363687333,1.429706115965052,17.18450684483484,1.934308274540952,0.4064850721861422
K84019,2.549254107131617,2.876565745578146,1.271479826273054,15.93755901051174,2.102347831560396,0.497261912255303
K84020,3.561253561253561,3.123728123728124,1.251526251526252,16.80911680911681,2.126577126577127,0.5291005291005291
K84021,1.356891839125342,1.054275673565014,0.4002342834830144,6.26708317063647,0.966419367434596,0.1757126122608356
K84023,3.207607994842038,3.04642166344294,1.934235976789168,17.44036105738233,3.207607994842038,0.5802707930367506
K84024,2.282088389179561,2.181899142825336,0.801513970833797,13.58120895023934,2.003784927084493,0.5454747857063341
K84026,1.445497630331753,1.113744075829384,0.4265402843601895,9.14691943127962,1.17693522906793,0.2369668246445498
K84027,3.751480847703041,3.323680400157957,1.777017243648809,20.37646439383968,3.837040937212057,0.5989206265631171
K84028,1.980503308745049,2.24377979649439,0.939256658997652,13.21363345271697,1.546452882996134,0.5478997177486302
K84030,3.372018052869117,3.236621534493875,1.405544809800129,17.9110251450677,2.392005157962604,0.5415860735009671
K84031,1.323007421748951,2.097450790577606,1.00838980316231,12.98806066473056,1.710229106163278,0.6534365924491772
K84032,1.127229954910802,1.607527935698883,0.7155459713781611,11.47814154087434,1.764359929425603,0.3724759851009606
K84033,2.364066193853428,2.474724611438056,0.9607162617574568,13.27901011015543,2.338916553493285,0.4879030229867713
K84035,3.356939207210521,2.372850179343327,0.984089027867194,14.28308654465189,1.903798399705693,0.3954750298905546
K84037,2.896804609743321,2.619172341540073,1.906757464641173,16.36458878994238,2.14248297537978,0.6338397066526977
K84038,2.160475304567005,2.898637700294065,1.140250855188141,14.06709476084739,1.872411930624738,0.4681029826561844
K84041,2.790826195081514,2.977341807129041,1.126001657916551,17.17325227963526,2.694114396242056,0.3937551809892236
K84042,3.209109730848862,2.877846790890269,0.9109730848861284,15.73498964803313,2.194616977225673,0.4140786749482402
K84043,1.936864633493847,2.081326912787587,0.8560727661851256,12.56821829855538,1.417870518994114,0.3905831995719636
K84044,2.18680935209957,2.496995075801636,1.015858245124268,13.84979256329727,1.733162731185297,0.4536466209142724
K84045,2.99288686082405,2.536572272178231,1.046839350422762,16.01127365454301,2.147362770097974,0.40263051939337
K84046,3.437701743060039,2.872821174951582,0.9522272433828276,18.17301484828922,1.71078114912847,0.4519044544867657
K84047,3.379337030826777,2.876305946085386,0.993163936540694,16.44524700116084,2.282987230749387,0.4256416870888688
K84050,2.805803078282642,3.100375579939612,1.016275130716548,14.93482583400839,2.091464761764489,0.4786803151925768
K84051,2.570908144678637,2.73744470465782,1.26984126984127,16.31537861046058,2.008847254748894,0.5100182149362478
K84052,2.043870967741936,2.343225806451613,1.04258064516129,12.75870967741936,1.476129032258064,0.4851612903225807
K84054,2.159816185856523,2.20576972172581,0.9139647689558336,13.0712279805974,2.067909114117947,0.4391115649731938
K84055,3.019273719910662,3.110265530647696,1.141533625610059,16.92447679708826,2.10108362974605,0.4053271569195136
K84056,3.66180981595092,3.201687116564417,1.437883435582822,18.57745398773006,2.549846625766871,0.5943251533742332
K84058,3.074453636251389,2.975676009383875,1.135942708976417,17.34782071860723,1.926163723916533,0.4198049141869367
K84059,2.348178137651822,2.809716599190283,1.263157894736842,14.34008097165992,2.089068825910931,0.5263157894736842
K84060,1.215611004478567,1.615483045425464,0.7357645553422905,9.804862444017914,1.167626359564939,0.4958413307741523
K84062,1.690895968656563,2.495102587895659,0.7217238890607279,12.82606454273636,1.670275286111971,0.546448087431694
K84063,0.7259528130671506,1.072430292031018,0.3712258703184293,6.220095693779904,0.7259528130671506,0.2557333773304735
K84065,3.216826476956387,3.433343643674606,0.8042066192390969,13.73337457469842,2.443550881534179,0.278379214351995
K84071,3.200379867046534,2.687559354226021,1.054131054131054,16.11585944919278,2.155745489078822,0.3513770180436847
K84072,3.20819685899051,3.586125808348031,2.259175275048291,21.56714537666918,2.385151591500798,0.8734357940707147
K84075,2.03016241299304,1.94729864103414,1.118660921445144,13.44050381173351,1.557838912827312,0.381173351010938
K84078,0.7037970284125468,0.4952645755495699,0.269354418281345,4.13589364844904,0.521331132157442,0.1129550786341124
K84079,2.309518670407943,2.115260090654004,0.8849557522123894,14.18087632203756,1.705158644506799,0.2698035829915821
K84080,1.202226345083488,1.231910946196661,0.4749536178107606,7.109461966604824,0.8756957328385899,0.2671614100185529
K84082,2.793512842399317,2.878870179250407,1.637308915961822,16.95507100178475,3.165981221385893,0.5276635368976488
K84605,0.5756703529768217,0.5302226935312832,0.1817906377821542,3.817603393425239,0.3484320557491289,0.0
K84610,3.277494537509104,2.876911871813547,1.456664238892935,16.47851420247633,1.857246904588492,0.5462490895848506
K84613,1.709166092350103,2.058350562830232,0.6156673558465426,12.35929244199403,1.364576154376292,0.4364805881001608
K84618,2.455278849526482,2.47866245761721,1.16918040453642,17.05834210218637,1.847305039167544,0.3741377294516544
K84624,1.117734724292101,1.359910581222057,0.419150521609538,11.4381520119225,0.9966467958271236,0.2608047690014904
L81004,3.568207440811725,3.675310033821871,1.561443066516347,21.29086809470124,2.632468996617813,0.6426155580608794
L81007,1.66253798809919,2.066041831600991,1.629338304773093,10.9099267053145,1.491431927880073,0.503102893480093
L81008,2.313715140318466,4.451482361221078,1.275622415764934,16.29277733790798,2.058590657165479,1.02929532858274
L81009,3.212665493935746,3.962596055920748,1.925747615961485,18.17424312563652,2.962688639940746,1.11100823997778
L81010,2.338530066815145,3.142786439000247,1.979707993071022,17.75550606285573,1.71987131898045,0.8290027220984905
L81012,0.7414506203974579,1.271058206395642,0.6456168667406436,7.202663169575304,0.7868455563401594,0.2875012609704429
L81013,2.109511842205468,2.482674586855532,1.119488233950194,14.02025740613814,1.629731170512528,0.3731627446500647
L81014,3.326633862360524,3.520687504331554,1.697969367246517,19.09349227250676,2.515766858410146,0.5405780026335851
L81015,0.7023705004389815,2.024479677735888,0.6713835665960853,10.60786035221815,1.208490419872954,0.3615142281671229
L81016,2.997331143502361,3.931430917676042,1.354957914185999,17.52206939026894,2.668856497639088,0.7903921166084993
L81017,2.857375447736894,3.476066427873656,1.440898730055357,13.57049820905243,2.458482578964507,0.488440247476392
L81018,3.933701657458564,3.74585635359116,1.74585635359116,19.84530386740332,2.784530386740331,0.5966850828729281
L81019,1.872516466169506,2.356975668172663,0.9525883185455336,13.0586250068042,1.578574927875456,0.4082521365195145
L81020,1.928945074106365,2.212292938099389,0.8282476024411508,11.67175239755885,1.558413251961639,0.5231037489102005
L81021,4.052747252747253,3.964835164835165,1.503296703296703,17.93406593406593,2.927472527472528,0.4835164835164835
L81022,1.71078294789635,2.585678461967122,0.9250487601003065,11.84731122875453,1.610476455837281,0.5851212036779048
L81023,0.787001777100787,1.732673267326733,0.6600660066006601,9.15206905305915,1.148768723026149,0.3427265803503427
L81024,2.96689771328626,3.303750728768543,1.6130077087517,17.50340091986785,2.124765174580553,0.628360432726566
L81025,3.508492569002123,4.0552016985138,1.507430997876858,19.03397027600849,2.372611464968153,0.6475583864118897
L81026,2.562553312482229,3.291157236280921,1.97611600796133,17.58956497014501,2.171595109468297,0.597099800966733
L81027,3.139374425022999,3.012879484820607,1.368445262189512,15.14489420423183,1.966421343146274,0.2644894204231831
L81029,3.482226137423567,3.616955124883408,1.575292776453519,16.88257850554461,2.445849310809411,0.5181884133070784
L81030,3.090801538006507,3.283052351375332,1.153504880212955,16.22301094350784,2.055604850635907,0.4880212954747116
L81031,3.135354031169468,3.442140139894465,1.521659099275985,19.28457479445331,2.472696036323475,0.5706221622284944
L81033,1.908060025802947,2.756841176071162,1.161132613566918,13.58049840429144,1.846947782983635,0.6314931757995518
L81034,3.715107328550266,3.805152932291515,1.397159206436808,16.64391320765678,2.803032503558254,0.4850843814447963
L81037,2.001282873636947,3.078896728672226,1.23155869146889,13.51293564250588,1.937139191789609,0.6457130639298696
L81038,2.309417040358745,2.869955156950672,1.203288490284006,12.95964125560538,2.047832585949178,0.5754857997010463
L81039,2.50523539905375,2.753432094935236,1.016055223764834,12.94113084619561,1.954548980066703,0.4188319243000078
L81040,3.836930455635491,4.21462829736211,1.492805755395683,20.20383693045563,3.075539568345324,0.7014388489208633
L81041,1.335131490222522,2.778152393796359,1.712744436952124,11.31490222521915,1.861092380310182,0.9170600134861768
L81042,2.323142695813503,3.525046382189239,1.064773735581189,18.04468823102363,2.161813341937566,0.6130515447285634
L81044,3.313327304119049,3.905286524706076,1.668996135821755,18.15341609800214,3.272219024911617,0.517964318013648
L81045,3.840097526286382,3.657235739320364,1.462894295728145,16.99090770559252,2.692131863666379,0.8076395590999137
L81046,2.501944516463573,2.722323049001815,1.283380865957998,15.97096188747731,1.55561317085818,0.6870624837956961
L81047,3.007063572149344,3.269424823410696,1.708711738984191,16.7238479650185,2.522704339051463,0.6323578876555668
L81050,2.831594634873324,3.102560628641105,1.002574176940794,17.2876304023845,2.059341552635144,0.2709659937677821
L81051,3.193850707004275,4.007727721144361,1.409898059848734,17.22706346596514,2.700591910555738,0.7727721144360408
L81053,2.565625371184226,3.183275923506355,1.092766361800689,16.5340301698539,2.375579047392802,0.7245516094548046
L81054,1.875358283514863,3.259356318073868,1.474080746867578,14.70805011874539,1.95725165834084,0.6797150110556056
L81055,2.512680452594616,3.363246195864221,1.654311353882169,18.52516582130316,2.239563012095201,0.7491221225126804
L81058,3.368560105680317,4.52443857331572,1.937472479084104,21.37824746807574,3.280493174812857,0.726552179656539
L81059,3.274503274503274,3.219003219003219,1.121101121101121,17.61571761571762,2.12010212010212,0.4773004773004773
L81061,0.8770391159445711,1.447114541308542,0.5876162076828627,7.682862655674443,1.096298894930714,0.4385195579722855
L81062,1.76792422015352,2.429364690511187,1.147313408459905,12.96341662583701,1.706679732157439,0.5879470847623713
L81063,2.436408213300643,3.171927673919706,1.087955868832363,14.91725406068035,2.214220042905302,0.6129328838492185
L81065,2.833345198262974,2.555705844664341,0.8542749341496405,13.0704064924895,2.014665053036235,0.3701858047981775
L81066,1.796516956920257,2.630614115490376,0.9807516040329972,14.94958753437214,1.704857928505958,0.4857928505957836
L81068,2.64265668849392,2.962270034299969,1.410975990021827,13.07296538821328,1.637043966323667,0.6314312441534145
L81069,1.926086433128686,3.912363067292645,1.083423618634886,14.61418081136391,1.902010352714578,0.6861682918020947
L81070,3.168383340797134,3.067622033139275,1.052395879982087,14.26332288401254,1.981639050604568,0.335871025526198
L81071,1.934855233853007,2.331570155902004,0.8421492204899776,10.74610244988864,1.308463251670379,0.3410356347438753
L81072,3.458460365853659,3.372713414634147,1.371951219512195,17.65434451219512,2.210365853658537,0.4954268292682927
L81073,3.010858835143139,3.282329713721619,1.172260612043435,15.58489634748272,2.295162882527147,0.5429417571569595
L81075,0.8554804214499134,0.9278188394401636,0.3459663469098915,5.359333228495046,0.7328196257273156,0.1949992137128479
L81078,1.384098346157248,1.490227292827452,0.6544618377995932,9.887680198107368,1.105509861147961,0.2830105244538781
L81079,3.28316086547507,3.621825023518344,1.218250235183443,18.58889934148636,2.201317027281279,0.5832549388523048
L81081,1.692030436523829,1.651982378854626,0.5206247496996396,9.155987184621546,1.276531838205847,0.1702042450941129
L81083,1.956271576524741,2.508630609896433,1.495972382048331,13.47525891829689,1.772151898734177,0.7594936708860759
L81084,2.471399877739935,3.004104445026635,1.11780630512619,13.2826827351323,2.244345472011178,0.5501702908042966
L81085,3.691426849480187,3.781829139671538,1.642308271809553,19.30088895585355,3.133946059966852,0.7081512731655869
L81086,3.244237636619413,3.449843090574614,1.296396493885943,17.1734660751001,2.35905205064387,0.5648739313927064
L81087,1.888106476824267,2.414300085119554,1.067863499187495,13.32507931594831,1.655962237870464,0.4642884779076066
L81089,1.265822784810127,1.791096185309567,0.9127701713596832,10.54852320675105,1.291655902867476,0.378885731507793
L81090,1.659606568792433,1.642198108280624,0.6731271397899379,8.895723321534266,1.224395055997215,0.2611269076771311
L81091,2.246376811594203,2.30072463768116,0.9842995169082124,13.27294685990338,1.672705314009662,0.4770531400966184
L81095,1.552226665762896,2.806208906663052,0.8743984274384871,12.98041076391243,1.525113536229919,0.6100454144919678
L81098,2.002837352916632,2.812317449720437,1.059834765918384,13.26879746307269,1.735792372527748,0.6843027622465159
L81103,3.153906162933244,3.243062520896022,1.114454474534715,16.59422712582191,2.708124373119358,0.5460826925220105
L81106,3.354037267080745,3.833185448092281,1.57941437444543,16.0603371783496,2.59094942324756,0.6743566992014197
L81118,1.829631098770329,2.42959143197144,0.8181277270924237,12.56445854819516,1.561880206267354,0.3520428401428005
L81120,1.593923833975182,2.35344458707745,1.069747539580659,11.18955926401369,1.636713735558408,0.4599914420196833
L81122,3.147226173541963,3.751778093883357,1.369132290184922,17.7275960170697,2.311522048364154,0.4089615931721194
L81123,2.743227125575055,3.424774237519169,1.14159141250639,16.73198159822798,1.942409269040722,0.4770829783608792
L81125,1.189024390243902,1.941056910569106,0.6808943089430894,9.53252032520325,1.148373983739837,0.2947154471544716
L81127,2.940679398343756,3.329389893527125,1.047828291363867,15.90332938989353,1.875950650667568,0.4563123204326517
L81130,2.310053722179586,3.016116653875672,1.143514965464313,15.64082885648503,1.780506523407521,1.772831926323868
L81131,2.845493189901969,2.836817905786414,0.763425002168821,12.50975969463,1.873861368959833,0.242907955235534
L81132,1.436781609195402,2.509578544061303,0.6896551724137931,11.7816091954023,1.340996168582375,0.5747126436781609
L81600,2.26447709593777,2.584269662921348,0.8729472774416596,14.42523768366465,1.823681936041487,0.3975799481417459
L81632,1.318431851916528,1.50178992403737,0.5326115428272068,9.22029162664804,1.152536453331005,0.2095520824238191
L81642,2.269647696476965,3.01490514905149,0.9485094850948508,13.70257452574526,1.727642276422764,0.5589430894308943
L81644,1.937731330285217,3.418245155671674,1.099499237970825,11.60461571957326,1.807097757457,0.4245591116917048
L81669,2.230217730627794,2.777851265906505,1.211672266462076,13.80988915050663,2.179951850578058,0.6957856027937247
L81670,1.337792642140468,2.341137123745819,1.232177433550431,11.74089068825911,1.619433198380567,0.8449216687202956
L82001,2.441191845269211,3.690538421327758,1.468897020386827,15.64035546262415,2.514375326711971,0.4966021955044432
L82003,3.911192913838721,4.658920970896124,2.392729782583688,20.30369262625101,3.681122742436443,0.6326929713562637
L82004,3.945870747438978,5.286455039838118,2.225875806247629,17.87024155811307,3.262931579613001,0.682939167825977
L82006,2.28854327214983,3.040493204427631,1.368455466816123,12.74578487693242,2.227826817990752,0.429685675587315
L82007,3.109508787742226,4.221120624906114,1.802613789995493,17.26002703920685,2.70392068499324,0.6609583896650143
L82008,3.744513960220376,5.275936128490056,1.550098048370529,20.58081987113643,3.483051638808479,0.7470352040339902
L82010,3.002213036034907,4.158837529750721,2.137876320514426,18.31809261347029,2.622238924380976,0.7808259217503862
L82011,2.803588593399551,3.989106055751362,1.281640499839795,17.15796219160525,2.242870874719641,0.768984299903877
L82012,4.108216432865731,5.646587292231522,2.110102558057291,20.57055287044678,3.165153837085936,0.9312743133325474
L82013,3.952217562587368,4.485957554962511,2.058711399161266,20.34566018553819,3.532850425721184,0.5845723726013471
L82015,4.016298020954599,5.427823050058207,3.274155995343422,19.52852153667055,4.059953434225845,0.7275902211874272
L82016,3.362573099415204,4.339181286549707,1.046783625730994,18.35087719298246,2.52046783625731,0.6432748538011697
L82017,,,,,,
L82018,3.082477089697306,4.693140794223827,1.270480422104971,16.48153290752569,3.07553457372952,0.5970563732296584
L82022,4.434544902298269,6.975802369140427,2.035030879821808,24.4203705578617,4.070061759643616,1.093449427963957
L82023,3.408539543910723,4.348617176128093,1.655749636098981,19.21397379912664,2.983988355167394,0.7702571567200388
L82025,4.49855550969872,6.004952538175815,3.012794056954189,23.15311597193562,3.611225753198514,0.8047874535699545
L82026,3.358981947321693,5.652559928973068,2.337969813554306,23.33530630364013,3.329387392719739,0.6362829239419947
L82028,2.784937801187941,3.782360192760283,1.193544771937689,13.48201277597221,2.723299338787403,0.5715566513504426
L82029,3.046430537713342,3.676515568605861,1.743439163149201,16.08246161375176,3.021961216125283,0.7279623172447544
L82030,3.263903800730084,4.439553360532532,1.798368048099635,18.7030277002362,2.732445780545416,0.5099849688640755
L82036,3.409363745498199,4.201680672268908,1.520608243297319,16.27851140456183,3.481392557022809,0.7843137254901961
L82038,4.102521427977032,5.492219355912457,1.705916618124324,20.68735957393692,3.428476325205958,0.665723558292419
L82039,3.642196640875637,4.623513870541611,1.849405548216645,20.60766182298547,3.717682581619174,0.3774297037176826
L82041,2.798812422857524,4.313306868599259,2.458551556193081,15.70537412015879,2.885545584948461,0.7739266771191247
L82042,3.049252575784647,4.716812578166875,2.120183431600262,18.51587159787982,3.132630575903758,0.4645345720921922
L82043,4.694229112833765,7.278208440999139,2.885443583118002,19.01378122308355,2.756244616709733,0.6459948320413437
L82044,3.365881677197013,5.387708213670305,1.435956346927054,21.05686387133831,3.82538770821367,1.137277426766226
L82045,3.317435082140965,4.069952305246423,0.9220985691573927,17.85903550609433,3.179650238473767,0.5511393746687864
L82046,3.696115390919521,5.015571217833142,2.204556630060646,19.75086051466973,2.884772988034749,0.8031470250778562
L82047,4.627949183303085,6.390977443609022,1.788955146486907,24.34534612393052,4.420534093855328,1.335234638319938
L82048,4.153522607781283,5.362776025236593,1.261829652996845,18.32281808622503,3.31230283911672,0.7886435331230284
L82049,2.828650877361204,3.710806405216224,1.390353821075846,15.34183526704382,2.723175759900278,0.8054463515198005
L82050,3.337853343068739,4.266193804109732,1.543757171169292,18.23302388651299,2.889329300093877,0.5319703765515803
L82051,2.650056625141563,4.582861457153642,2.725556813892035,16.84409211023027,2.438656096640242,1.072102680256701
L82052,3.545966228893058,4.662288930581614,1.876172607879925,19.63414634146342,3.161350844277674,0.6754221388367729
L82054,3.407984420642649,4.197771286378881,1.806772692848642,14.9410364600238,2.964405496051066,0.3678459374661907
L82056,4.045077105575326,5.136417556346382,2.609727164887307,18.70699881376038,3.855278766310795,0.8185053380782918
L82057,4.888888888888889,5.811965811965812,1.606837606837607,20.75213675213675,3.692307692307693,0.6153846153846154
L82058,3.879040667361835,4.546402502606882,1.45985401459854,24.3169968717414,3.086548488008342,0.7716371220020856
L82059,3.341467993241975,5.631687629059509,2.966022151304674,20.5556598460672,3.24760653275765,0.8072085601651963
L82061,5.266655590629673,5.88137564379465,1.860774214985878,24.0405382953979,4.602093370991859,0.6479481641468683
L82066,3.817663817663818,5.227920227920228,1.225071225071225,16.52421652421652,2.962962962962963,0.7977207977207977
L82070,3.696468820435762,3.966942148760331,1.262208865514651,17.4755822689707,3.350864012021037,0.6160781367392938
L82620,3.187946074544012,5.804916732751784,1.157811260904045,17.90642347343378,2.997620935765266,0.6502775574940524
L82622,2.932790224032586,3.665987780040733,0.964019008825526,14.8133061778683,2.552613713509844,0.5295315682281059
L83002,4.037527223990618,4.573630423856592,1.870776791198972,20.31049310325571,2.942983190930921,0.7203886748199029
L83003,2.275621975036087,4.135178738218562,1.069881973337862,14.44340664006113,2.555829158529337,0.772692536299567
L83004,3.232218477227552,3.759398496240602,1.201279059718261,17.0685334024717,2.523550254947714,0.6481721545242416
L83005,3.858918461638576,4.431574152404503,1.353549814537646,21.97566213314245,2.850263551766773,0.7743866727402876
L83006,2.781311950764861,4.571411663757138,1.568186525431251,18.51051868509039,2.455839275675356,0.846228955232713
L83007,4.902494825144351,4.967861422812943,2.505719577296002,23.78254711842249,3.540690707048698,0.773504739078331
L83008,2.385339542363228,3.440651278099769,1.715300345070186,16.88163757579818,1.889510536366378,0.676739589265972
L83010,4.28849902534113,3.717627401837928,1.810080757449178,20.43998886104149,2.923976608187134,1.211361737677527
L83011,5.181971559411906,4.507110147023379,1.554591467823572,20.76403952759701,3.470715835140998,0.638708122439142
L83012,3.645007923930269,4.025356576862124,1.236133122028526,21.77496038034866,2.757527733755943,0.8874801901743266
L83013,3.742937853107345,3.999743194658449,1.868258859784284,18.02131484334874,3.03030303030303,0.9244992295839756
L83014,3.994140625,4.55078125,1.5185546875,20.546875,2.9638671875,0.9619140625
L83015,2.156838299463907,3.79005111582097,1.396334621618252,18.11494826081536,1.882558284503179,0.8602418651041017
L83016,1.50989543038259,1.954129127255484,0.8310664104419876,9.311437769847014,1.217899124011081,0.39431979834785
L83019,2.724878444084279,5.844813614262561,1.722042139384117,20.09724473257699,2.390599675850892,1.053484602917342
L83020,3.876272513703994,4.095536413469068,1.965544244322631,23.75880971025842,2.826938136256852,0.6186374314800314
L83021,3.919834954317713,4.489635524118283,1.247666764908144,19.82513016995776,2.878475292268396,0.7368110816386678
L83023,3.902092940759135,4.043987229514013,1.578573962398014,17.61262859169918,3.032990422135509,0.5853139411138701
L83024,2.039859320046893,2.555685814771395,0.7737397420867527,14.51348182883939,1.899179366940211,0.5041031652989448
L83025,3.786966412418038,5.352602703064365,1.257861635220126,20.00535260270306,3.064365047504349,0.6958383513983675
L83026,3.756501637449432,5.316894625313042,1.425544211134656,20.11173184357542,2.88961664419187,0.8090926603737237
L83027,2.416380516342363,2.77247869769808,1.131883505023528,15.4775530967824,2.098435711560473,1.055576751875874
L83028,2.15802297250261,3.907065784893839,1.522798468499826,14.75809258614688,2.210233205708319,0.8266620257570485
L83029,2.636557105698747,3.570584062426105,0.626625679829747,14.81437692125798,2.116339560179711,0.9103807046583116
L83030,2.105890533426046,3.446905731598292,1.648952021456243,14.2942286679249,1.847620939703983,0.8443429025528957
L83031,3.72814252721874,4.148795776971297,1.220719234576047,19.23457604750907,2.829099307159353,0.7835697789508412
L83034,3.066997518610422,3.116625310173697,1.062034739454094,18.72952853598015,2.610421836228288,0.7047146401985112
L83035,3.241850431447747,5.009587727708533,1.749760306807287,17.74328859060402,2.87032598274209,0.6052253116011506
L83036,3.385680513340088,3.360351232691658,1.705504896994259,15.91523134076326,2.811550151975684,0.3883823032759203
L83038,3.48591805545448,4.737646459500764,1.615602940106251,18.20828178444073,2.780001455498144,0.5239793319263518
L83039,2.254571276406888,3.799041363394283,1.278182140955086,14.20202378838984,1.864015622226167,0.514823362329132
L83040,2.157515252357182,2.368275097060455,0.776483638380477,12.83416528008874,1.597337770382696,0.3549639489739323
L83041,3.019731821650496,3.815545623024093,0.8721247138340783,17.09364439114793,2.420146080889567,0.4905701515316691
L83042,2.223350253807106,2.730964467005076,0.9035532994923856,13.43147208121827,1.908629441624365,0.5076142131979695
L83043,3.181538881682256,3.502423704512869,1.051409845019458,15.49122687239708,2.491977879429235,0.6690789922851096
L83044,4.045542635658915,4.227228682170542,1.732073643410853,19.88856589147287,2.592054263565891,0.7994186046511629
L83045,3.713298791018999,4.271290022585359,1.208981001727116,21.30330809087286,2.716885877507639,0.7772020725388601
L83046,2.675968346522283,3.071636817992503,0.9371095376926282,16.29529362765514,2.155351936693044,0.7600999583506872
L83048,3.386291420789832,4.775306400363141,1.833862914207898,18.2932364956877,2.841579664094417,0.7172038129822969
L83049,3.588661037394451,4.101326899879373,1.115802171290712,18.30518697225573,2.593486127864898,0.6031363088057901
L83050,4.039393706239902,5.601292605985996,1.815803646995461,20.87404785719781,4.070170039239825,0.7694083249980764
L83051,3.015949734171097,3.953600773320445,1.362977283711938,19.71000483325278,2.445625906234896,0.7829869502174964
L83052,3.041650745128009,3.737103553687429,1.589606419564387,17.86014520443256,2.338555598012992,0.596102407336645
L83054,5.817665838949982,6.314295849592054,2.749201844625754,27.31465058531394,4.558354026250443,1.77367860943597
L83055,4.517174335709657,4.841218405703176,1.587815942968244,24.62734931950745,3.188593648736228,0.8749189889825016
L83056,3.895520712494855,4.602776634359914,2.076862627698986,20.05014407065075,3.098454514837406,0.9355237061707145
L83057,4.314526423283125,5.897370436558591,1.493489915751851,20.90885882052591,3.191217768700536,0.6893030380393158
L83058,2.368997038753701,3.064246169692288,1.158748551564311,12.84923393845758,2.098622376722029,0.3991245010943736
L83059,3.694166584133901,4.318114291373675,1.733188075666039,19.26314746954541,3.000891353867485,0.7427948895711597
L83064,3.518354887942807,4.940155835810105,1.815406859988754,17.55964334484698,2.996224596353121,0.7711462768093823
L83066,2.081335664730104,2.476168988662643,0.8968356929324834,13.37920920525692,1.590614247842518,0.4512380844943313
L83067,5.851206434316354,5.616621983914209,2.218498659517426,23.76005361930295,4.061662198391422,0.6970509383378015
L83069,3.69524058235947,5.412287001371026,1.632173402102239,21.39452895475615,3.101129463994255,0.8617875563099824
L83070,3.038728897715988,3.992055610724925,1.211519364448858,17.97418073485601,2.323733862959285,0.7944389275074478
L83071,2.716049382716049,3.246913580246914,1.185185185185185,15.66666666666667,2.604938271604938,0.7777777777777778
L83072,2.014580230461707,3.072822763972721,1.215019205142275,13.52198792819629,1.889158893156698,0.619267852943482
L83073,2.951630350795859,4.460928243960232,1.411425333539381,15.48446917014372,2.905269664657704,0.8138876010920517
L83075,4.06301824212272,4.693200663349916,1.558872305140962,18.50746268656716,2.537313432835821,0.8623548922056384
L83076,1.93312434691745,2.795193312434692,0.8620689655172413,14.48972483455242,1.628352490421456,0.4702194357366771
L83077,2.113113735239279,2.349285270354257,1.093847110006215,15.40087010565569,1.740211311373524,0.509633312616532
L83079,2.914454277286136,3.657817109144543,1.43952802359882,15.51622418879056,2.206489675516224,0.6843657817109144
L83081,4.323308270676692,5.075187969924812,2.443609022556391,19.90914786967419,3.211152882205514,0.7675438596491228
L83082,3.771289537712895,3.801703163017032,1.611922141119221,20.1338199513382,2.4330900243309,0.5778588807785888
L83083,3.23785803237858,4.961656944353412,1.107688274234778,15.61250573507243,3.277184243298158,0.6882086910926132
L83084,2.605823342304869,3.42549547345241,1.162221678492782,15.87961830193296,1.859554685588451,0.6728651822852949
L83085,3.117621807254776,3.901051727838592,1.416613007083065,17.39643700364885,2.532732345996995,0.7458682120626744
L83086,4.129333852746397,4.77210751850409,1.772497078301519,17.99766264121542,3.038566419945461,0.6817296455005843
L83087,3.405511811023622,4.251968503937007,1.706036745406824,21.14173228346457,2.65748031496063,0.6299212598425197
L83088,4.076139203999231,3.633916554508748,1.07671601615074,19.07325514324168,3.134012689867333,0.8075370121130552
L83089,3.097085956948308,4.00497876702299,1.376482647532582,16.80333870259189,2.694391565382926,0.5271635671401377
L83092,3.128084896347483,3.782082922013821,1.270977295162883,17.96643632773939,2.455577492596249,0.6601678183613031
L83094,4.422457980688998,4.1125283108833,1.64501132435332,20.20503039694838,3.552270830849923,0.82250566217666
L83095,4.033379694019471,4.374762928309521,1.454039701605766,19.12378303198887,2.617271462890378,0.6701226450878746
L83096,3.084040092521203,4.686639497742042,1.084921246833352,16.17468884238352,3.221720453794471,0.9307192422072916
L83097,3.168959653733189,4.1273767197403,1.221208842170351,16.05348585561911,2.921626217344257,0.7651878188282579
L83098,3.715284164061063,3.807246643369505,1.434614677211698,18.06143093617804,2.832444362700019,0.4598123965422108
L83099,2.46522275048424,3.116745905969361,0.9156541644655748,16.11199154780771,1.884134530727241,0.5106532840288783
L83100,2.979370049732916,4.043101860379443,1.671578559587401,17.82096150303924,2.240283661816172,0.5065389574507276
L83101,4.189242764635919,5.054843398969208,2.226774150918462,19.26126602352319,3.409541429892956,0.8325624421831638
L83102,3.755745239658569,4.95075508864084,2.271831910702561,22.35062376887721,3.243598161523309,0.9061063690085358
L83103,3.55395950715126,4.309330691598044,1.38071946009535,21.67667636678843,2.817163023961364,0.9349266299300354
L83105,3.015592821418064,4.663136216534275,1.26507796410709,19.35863489261548,3.604001176816711,0.4854368932038834
L83106,3.202148538374135,5.030472058671625,1.363495506662535,17.01270529903935,2.861274661708501,0.9813035843404608
L83111,3.646808235977538,4.460078745239786,1.671722713483508,20.55121667849997,3.001355450848771,0.800361453559672
L83112,3.50076103500761,4.701505158126162,1.758836462032809,18.34939962793844,2.756637916455268,0.9639776763064434
L83113,1.690885072655218,3.751651254953765,1.413474240422721,15.85204755614267,1.862615587846763,0.8982826948480845
L83115,2.039151712887439,3.527732463295269,1.141924959216966,14.37601957585644,2.100326264274062,0.7137030995106036
L83116,4.093567251461988,4.451990190530088,2.565553669119034,18.67572156196944,2.320316921335597,0.7545746085644218
L83118,2.459697523682898,3.373774306132624,1.052573264639078,17.33421971081935,1.855852861337322,0.869757908149133
L83120,3.990637799882973,4.534815681685196,1.25804564072557,22.89643066120538,3.545933294324166,1.164423639555296
L83127,3.294851794071763,3.90015600624025,1.622464898595944,17.63494539781591,2.402496099843994,0.5304212168486739
L83129,3.406084656084656,4.894179894179894,0.958994708994709,21.0978835978836,2.81084656084656,0.5621693121693121
L83131,3.403470204914815,4.314202716495251,1.625186464630604,21.34333045458114,2.944178377953992,1.040276360210411
L83134,3.729662077596997,4.055068836045057,1.251564455569462,18.24780976220276,2.95369211514393,0.5006257822277848
L83136,3.640939597315436,4.832214765100671,2.432885906040268,23.13758389261745,3.171140939597315,1.124161073825503
L83137,3.654118758859663,5.126791620727674,1.409670814301465,20.90880453614743,3.26823121751457,0.8111513624192787
L83143,1.417048179638108,2.223675604970569,0.6540222367560496,13.97427512535426,1.43884892086331,0.4142140832788315
L83146,3.194757321318861,3.276674175711652,1.331148883882859,15.87139053860332,2.744214622158509,0.6348556215441327
L83147,1.844114680881717,2.888632761849878,1.23181097824521,13.71560293905777,1.678432502521251,0.6267108485808961
L83148,5.781584582441114,4.951820128479658,2.007494646680942,25.42826552462526,3.559957173447537,0.6423982869379015
L83607,2.469135802469136,3.286384976525822,1.356285863328117,17.77082246565815,1.930099113197705,0.9389671361502347
L83616,3.331927456769296,3.458456347532687,1.518346689160692,16.28005061155631,2.066638549135386,0.3795866722901729
L83624,2.116066903193107,3.193106943740497,0.9503294475418144,12.67105930055753,1.913329954384187,0.7095793208312215
L83628,3.262233375156838,3.717063989962359,1.474278544542033,17.4090338770389,2.478042659974906,0.7998745294855709
L83639,4.550227511375569,6.16030801540077,1.890094504725236,28.59642982149107,4.305215260763038,0.7350367518375919
L83646,1.791549295774648,3.256338028169014,1.059154929577465,13.80281690140845,1.746478873239437,0.6535211267605634
L83648,1.416383666031641,1.946492172616582,0.7454650873850741,7.417377619481487,1.259007703139236,0.3230348712001988
L83651,1.276408450704225,2.552816901408451,1.034330985915493,10.23327464788732,1.914612676056338,0.9022887323943662
L83655,1.313694267515924,1.778131634819533,0.4644373673036093,9.461252653927811,1.313694267515924,0.6236730360934183
L83663,3.749581519919651,5.657850686307332,1.90826916638768,22.86575159022431,3.414797455641112,0.6695681285570807
L83666,1.770573566084788,3.017456359102245,0.6483790523690772,15.91022443890274,1.99501246882793,0.7481296758104738
L84003,2.006512364692423,2.006512364692423,0.8184458329666461,10.49898794332483,1.399278359588137,0.2640147848279504
L84004,4.357769025536781,3.925803582772202,1.168847668657096,19.78147630542498,2.515563460805488,0.8893406174564858
L84005,3.908272716064603,3.982246332141536,1.109604241153988,22.7099001356183,3.008260387128591,0.5917889286154605
L84006,3.233289836160649,3.407278526895752,1.46440481368711,18.32680875743077,1.812382195157315,0.3189792663476874
L84007,2.508320480558487,3.190194009253998,1.006575209026707,15.54509294585599,1.777741699813297,0.308466596314636
L84008,2.530497856907352,3.371249587866799,1.829871414441147,14.8862512363996,1.879327398615233,0.4698318496538081
L84009,2.451412282974864,2.891940917336098,0.9432495465146412,16.45504016584607,1.798393366157035,0.4612593936252916
L84010,3.82474411923146,3.995331298258215,1.607110791883641,18.44137188005028,2.460046687017418,0.6554138983659543
L84011,3.341375150784077,3.655006031363088,1.399276236429433,18.98673100120627,2.460796139927623,0.482509047044632
L84012,3.121457489878543,3.044534412955465,0.97165991902834,15.65991902834008,2.125506072874494,0.465587044534413
L84014,3.586099700233152,4.341068058176973,1.798601088042634,19.35161541023648,2.331519928944155,0.5440213167536361
L84015,3.14931795294333,3.524672708962739,0.8697244346791175,16.13109951478532,2.307058500411975,1.071134303762703
L84016,3.043285566553405,3.781947111833358,1.24095139607032,16.28010045797016,2.127345250406264,0.4875166198847687
L84018,3.24867559987535,2.97600498597694,0.9426612651916484,16.07977563103771,2.337176690557806,0.4985976939856653
L84021,3.077268643306379,4.110512129380054,1.954177897574124,20.22686433063791,2.72911051212938,0.6401617250673854
L84022,2.780923618975714,2.931923996476658,1.006669183339625,14.59670315842456,1.761671070844344,0.6165848747955203
L84023,3.26822223911226,3.739454282891236,1.299688378809759,18.5984646955993,2.644979858630387,0.6840465151630312
L84024,2.904343192112977,4.609645616839861,1.705302424726885,19.3445243804956,2.611244337863043,0.6394884092725819
L84025,4.863352700667098,4.540563804605122,1.743060038734668,20.70152786744136,3.227888960619755,0.4303851947493006
L84026,2.555281018359241,3.065086166452945,1.313608357051262,16.08544709598724,1.870328089325368,0.5473368154380259
L84027,2.890780455449923,3.161618394870661,0.8069865133760777,15.96285651116516,2.155648905593633,0.4532390006632766
L84028,3.034144692359702,4.318796484110885,1.555104800540906,18.76267748478702,2.501690331304936,0.7521974306964165
L84029,3.438831405964699,3.956177723676202,1.491174680462569,17.58977480219111,2.465003043213634,0.2434570906877663
L84030,2.126819361390048,2.459663770732258,0.8969874760239197,13.60148933769604,1.624732032043326,0.3046372560081236
L84031,4.200069710700593,4.531195538515162,1.376786336702684,20.00697107005925,2.823283373997909,0.5751132798884628
L84033,2.932749908839923,3.500546960462572,1.265822784810127,16.81512736365057,2.333697973641715,0.6563525550867323
L84034,1.910360029390154,2.808392521838517,0.8408849702016491,15.07061800963344,1.796064984896726,0.4979998367213651
L84036,2.695370613459351,3.395466876695546,1.00638837840203,14.66701671479828,1.881508707447274,0.3500481316180975
L84037,3.338856669428335,3.487986743993372,0.9859154929577464,17.5973487986744,2.593206296603148,0.5550952775476388
L84038,3.655443812855269,3.401836466987319,1.294271972015741,16.58941845212068,2.588543944031482,0.5159597726278967
L84039,2.596089008766015,2.88828950325916,1.135086536300292,18.67835468644639,1.944257136435154,0.6293549112160036
L84040,3.842592592592593,4.027777777777778,1.442901234567901,17.66203703703704,2.399691358024691,0.6404320987654321
L84041,2.366412213740458,2.763358778625954,0.8015267175572519,13.09160305343511,2.053435114503817,0.4198473282442748
L84043,4.233870967741935,3.911290322580645,1.169354838709677,20.30241935483871,3.004032258064516,0.342741935483871
L84045,3.195332036676855,3.834398444012225,0.875243123089747,19.24145595998888,2.681300361211448,0.6807446512920255
L84046,3.368966634272757,5.03725299643667,2.024619371558147,16.74765144152899,2.737285390346615,0.90702947845805
L84047,2.812869500280042,3.428962598792706,1.057937643910635,15.76949405687971,2.090982637376314,0.4729603584541664
L84048,3.789695864914132,3.885637532380313,1.870862515590521,20.25328600211072,2.41773002014775,0.5468675045572292
L84049,2.249611104463324,3.147062342946033,1.830800526504726,13.82074907263372,1.663276295321288,0.5983008256551394
L84050,1.445515196441809,2.295527551272548,0.7363479120336051,12.72794662713121,1.408450704225352,0.4274771435631332
L84051,2.699110520396688,3.578366220222881,1.012166445148758,17.27839689193334,2.259482670483591,0.3782844289949903
L84052,1.728320194057004,3.052354962603598,0.939963614311704,13.67495451788963,1.778855872245805,0.6064281382656156
L84053,3.793453438213652,3.501649327581832,1.877696016239533,20.66734331387973,2.423242831768587,0.6851053032225324
L84054,2.912971375009013,3.648424543946932,0.8940803230225682,17.61482442858173,2.27125243348475,0.6056673155959333
L84058,2.468873044588698,2.830690645950836,1.628179206129616,15.11120570394807,1.989996807491753,0.6065765669894647
L84059,2.30110159118727,2.680538555691554,0.832313341493268,13.90452876376989,1.799265605875153,0.4406364749082008
L84060,3.331828442437923,3.711060948081264,1.191873589164786,19.42212189616253,2.203160270880361,0.6139954853273137
L84063,3.086041283466176,3.126916002452483,0.7153075822603719,15.43020641733088,1.941549151849581,0.3065603923973023
L84065,3.382064150120009,3.611171721579751,1.57102334715252,20.16146628845734,2.105607680558586,0.6000436395374209
L84067,2.530394385687456,2.985074626865671,1.304734605120095,15.98299891272116,1.808836611643768,0.504102006523673
L84068,3.979057591623036,4.171029668411867,0.9075043630017452,19.49389179755672,2.792321116928447,0.4363001745200698
L84072,3.304178814382896,3.848396501457726,1.049562682215744,16.96793002915452,1.982507288629737,0.6802721088435374
L84075,3.02066772655008,3.465818759936407,1.250662427133015,18.52676205617382,2.01377848436672,0.5829358770535241
L84077,2.811299130317535,3.741657115890245,1.119126272500506,18.44535832265894,2.305669790332367,0.586530034382795
L84080,2.840226531662948,3.217779303243522,0.858074480864939,16.32915737085979,1.96499056118071,0.3260683027286769
L84081,2.202742189256012,2.539896605978872,0.7642166779051472,14.78984041357609,1.97797257810744,0.6068779501011463
L84084,2.078965758211041,3.057302585604472,0.7075471698113208,13.62683438155136,1.633473095737247,0.506638714185884
L84085,3.029511621833377,3.99582136328023,1.384173413423871,19.61347610342126,2.272133716375033,0.5484460694698354
L84606,2.963647048946352,3.47577869196541,0.9906808832171942,16.22030056250525,2.434724204516833,0.3526152296196793
L84613,2.81404119524224,3.017116333043226,0.5221932114882507,20.19147084421236,2.117783579924572,0.5512039454598201
L84617,1.558332163414292,1.9654639898919,0.8142636529552155,13.19668678927418,1.50217604941738,0.19654639898919
L85001,2.993977957050335,3.221224860811271,1.312350869219407,17.40143165549369,2.136120895352801,0.5851607771844108
L85002,3.944159448322261,4.701034395761501,2.068791523000589,21.84845681607939,2.892944243545539,0.7989235556303086
L85003,4.765564950038432,5.303612605687932,2.203433256469383,21.00947988726621,3.356392518575455,0.7686395080707148
L85004,4.174038925526782,5.171304487695029,2.131253015924079,24.68232266366415,2.782692617017855,0.892713527424803
L85006,2.336763150302914,3.442638715261083,1.077026637176651,17.41513607077604,2.125204346571786,0.7981536686219828
L85007,4.200385356454721,4.778420038535645,2.20616570327553,22.33140655105973,3.198458574181118,0.8863198458574182
L85008,2.863006670087224,3.499230374551052,2.148110141953139,18.91568325637079,2.117325123995211,1.156148452197708
L85009,4.657919400187441,5.14526710402999,1.668228678537957,24.9671977507029,3.420805998125586,1.068416119962512
L85011,3.806559731864975,4.309312903998085,1.484318889154896,17.02178597079244,3.076370600909744,0.4788125448886761
L85012,3.018704858324588,4.043459472806964,1.654423112537811,18.28507932588431,2.518673992221742,0.6543613803321193
L85013,4.285372276753651,4.165669140531482,1.460378261910462,21.59444577447929,2.89681589657649,0.7182188173330141
L85014,2.12116701399226,2.835665376600179,1.272700208395356,14.57278952069068,2.046740101220601,0.7219410538850848
L85015,2.819010416666667,3.548177083333333,1.360677083333333,16.171875,2.083333333333333,0.6575520833333334
L85016,4.083423326133909,5.6627969762419,1.923596112311015,24.58828293736501,3.590712742980562,1.187904967602592
L85017,3.197259491864116,3.692073460843087,1.522504519935294,17.84184984299172,2.369397659149301,0.7517366067180512
L85018,3.207837111025739,4.37956204379562,1.094890510948905,20.20745293891664,2.631578947368421,0.6723011909335382
L85019,4.279085753565905,4.923526379102939,2.775390960646159,22.29764564358137,3.015982127513318,1.091252792576044
L85020,3.259634711177139,3.521803722799965,1.022459145329022,18.23822424189461,2.403215939875907,0.4194704185965218
L85021,3.8898333900034,4.012240734444067,1.455287317239034,18.63991839510371,2.747364841890513,0.6800408024481469
L85022,2.838747439274217,3.606965174129353,1.551068188469418,19.13959613696225,2.355867720222417,0.9364940005853089
L85023,2.289819283870243,2.75564036367718,1.161746548434168,12.84094735660568,1.964305758222022,0.6566393534627905
L85024,4.023146872416643,5.12537889225682,2.25039037384036,18.66446220262699,2.700468448608432,0.8450445485441352
L85025,2.026349706429901,2.921380495489045,0.8091078333094659,15.95302878419018,1.503651725619361,0.6301016754976371
L85026,3.547854785478548,4.108910891089109,1.386138613861386,18.99339933993399,2.425742574257426,1.105610561056106
L85027,3.405466970387244,3.838268792710706,1.822323462414579,21.35535307517084,2.24373576309795,1.036446469248292
L85029,3.358464701850582,4.059096793846622,2.193283070596299,18.11743203107151,2.497905719290229,0.9595613433858808
L85030,3.728955787486233,4.36356007762102,1.992972150836524,20.54859180783553,2.716735721403472,0.7971888603346096
L85031,3.660165642532728,4.354795618487843,3.205984504408229,21.15949772909431,2.457921453379642,0.8950040074806305
L85032,3.078699249567058,3.405811044833558,1.250721570136617,15.3742543775255,2.097363863767558,0.7696748123917645
L85033,4.550355833513047,4.873840845374165,2.293149306304363,22.52174538135289,3.220473006972899,0.6685356911796421
L85034,3.604774849308592,4.030256470866328,1.536461411180711,18.60300200921877,2.647441200803688,0.4963952251506914
L85035,2.443043008919948,3.562297596727459,1.465825805351969,18.43077097892165,2.05101982841884,0.7783648656326345
L85036,3.44427885411492,3.808577579069382,1.026660043053486,17.88375558867362,2.566650107633714,0.6789203510514986
L85037,3.610108303249097,3.826714801444044,1.131167268351384,18.79663056558363,2.647412755716005,0.6738868832731648
L85038,3.381642512077295,4.128238910847607,1.185770750988142,21.70985214463475,2.796076709120187,0.688039818474601
L85039,2.993070933638117,3.443103078791342,1.235802557325523,16.76548324880349,2.278734195299664,0.7643403100221444
L85040,3.219831884883886,3.462031628437099,1.282233936458185,18.50690981621313,2.535973785439522,0.6553640119675168
L85042,2.398127056441407,3.505441660339154,2.050113895216401,15.97064034421665,1.834978486459124,0.885851683118198
L85043,2.984007862056643,3.377110694183865,1.572411328508889,16.86768516036809,1.956580005360493,0.607522558742071
L85044,4.281745383232554,4.592253636215068,1.814021899003105,21.32701421800948,3.366563163915672,0.7680993626409544
L85046,3.557643899983218,4.547742909884208,1.963416680651116,18.30844101359289,2.248699446215808,0.6209095485819769
L85047,2.883813968994833,3.183863977329555,1.100183363893982,14.56909484914152,2.267044507417903,0.7834639106517752
L85051,2.04806116876024,3.54997269251775,0.8874931731294375,14.07700709994539,1.774986346258875,0.4778809393773894
L85052,3.650652807706934,4.094308530865763,1.825326403853467,19.71098998605654,2.940803650652808,0.7225250348586639
L85053,2.851828890266584,4.02975821450713,1.239925604463732,18.30440173589584,2.061376317420955,0.805951642901426
L85054,4.209153426606592,5.228835665164809,1.908940004742708,21.78088688641214,2.821911311358786,0.9011145364002844
L85055,3.717145056636974,3.882107115363467,1.253711646321346,18.06884416584186,2.463433410315627,0.4289013526888816
L85056,2.779679583732713,4.176365877036834,1.341914281801999,15.62371628098042,2.190880460084896,0.6572641380254689
L85061,3.070072650574174,3.280993672369346,1.617061167096321,19.85001171783454,1.945160534333255,0.9374267635340988
L85062,2.386185243328101,3.343799058084772,1.067503924646782,16.2480376766091,2.370486656200942,0.8634222919937204
L85064,1.458539659674079,2.052759521022779,0.9183397857207168,10.9390474475556,1.296479697488071,0.5852165301161429
L85065,5.160142348754448,5.948144382308083,2.058973055414337,26.00406710726996,4.206914082358923,1.054905948144382
L85066,3.499684144030323,3.891345546430827,1.617182564750474,19.64624131396083,2.539481996209728,0.8970309538850285
L85601,4.15824429685244,4.360381172393878,1.645971700837424,22.43719318509962,3.436326884204447,0.6352873231302338
L85607,1.590457256461232,2.403759262606181,0.5060545816013012,11.0609072835713,1.174769564431592,0.5964214711729622
L85609,2.882779686903398,3.684612447499046,0.8018327605956471,15.33027873234059,2.386407025582283,0.6109201985490645
L85611,2.066772655007949,2.829888712241653,0.6677265500794912,14.94435612082671,2.225755166931637,0.5723370429252782
L85624,4.10783055198973,4.471544715447155,2.203679931536157,24.56140350877193,2.738553701326487,0.94137783483098
M81001,2.19755323969189,2.871545083824196,1.353647485274128,16.39669234254644,2.072949705482555,0.5323969188944269
M81002,2.430771355569367,3.03155859401975,0.9944064636420136,16.40770665009322,1.519232097230854,0.4902976313790484
M81004,3.007854907720799,3.397407241841752,0.9195989526789704,19.50954722523788,2.126572578070119,0.5747493454243566
M81005,2.550539815955366,3.485254691689008,1.144844576479965,16.66545902470835,2.420114484457648,0.768060285486559
M81006,2.160507924907505,2.27013200566391,0.9774813867446216,14.72160051157904,1.644361211346092,0.3699812725528708
M81007,4.089943342776204,4.320113314447592,1.292492917847025,23.3356940509915,2.602691218130312,0.5488668555240793
M81008,2.081987577639751,2.469565217391304,0.924223602484472,15.24472049689441,1.918012422360248,0.506832298136646
M81009,3.026675786593708,3.146374829001368,1.470588235294118,19.37414500683995,2.308481532147743,0.6668946648426812
M81010,2.501546285478661,3.113188097038004,1.656243557143839,18.12246580990997,2.261012988798021,0.6597484708954711
M81011,3.556634766461934,3.999428653049565,1.685473503785174,22.73960862733895,2.656763319525782,0.5142122553920868
M81012,3.800475059382423,3.934085510688836,1.967042755344418,19.36609263657957,2.894893111638955,0.6532066508313539
M81015,3.319929889679348,3.258067842045572,1.587792555933601,20.1567171873389,3.247757500773275,0.5155170636148056
M81016,3.440094899169632,3.981639073701583,1.92892877404714,19.0933003249265,2.759296508329465,0.7581618443447316
M81017,1.970284237726098,2.398255813953488,0.9366925064599484,13.50129198966408,1.558462532299742,0.5490956072351421
M81018,3.994426381792847,4.489859111317542,2.183000464468184,20.3591887289054,3.142901377922279,0.758631367084688
M81019,2.227044312471448,3.694609410689813,1.062128825947921,17.07971676564641,2.124257651895843,0.7766103243490179
M81020,2.029870451357373,3.003548147536925,0.7426355309844046,15.99966993976401,1.749319250763264,0.5198448716890833
M81021,2.553649719252365,2.899776940235367,0.715329590031536,17.80632259056996,2.084455041919852,0.4153526651796016
M81022,2.372302950242184,2.719066490532805,1.387054161162483,17.17305151915456,1.590708938793483,0.5284015852047557
M81024,3.671664744329104,3.267973856209151,1.557093425605536,19.85774702037678,2.729719338715879,0.5959246443675509
M81025,2.854923286074966,3.903670615653525,0.9127986016702272,16.95474849485337,2.291707127597592,0.4078461837249951
M81026,2.258865099061961,3.108568544146721,1.007445421276238,17.40209481344382,2.164219913347075,0.6078324149244941
M81027,3.122092422206141,3.370205727282125,1.426651504186912,16.93373307143596,2.284710017574692,0.2998035769668148
M81029,4.157822449744038,4.370083655887127,1.123735797228118,23.67336746160569,3.021600699213385,0.5119240854039206
M81032,3.60502806545972,3.842200964503123,1.952723535457348,19.88299470313859,2.735394102300577,0.7668590402403352
M81033,3.461745689655173,3.380926724137931,0.8216594827586207,17.65894396551724,2.532327586206896,0.4040948275862069
M81034,3.289323924425222,3.562485772820396,1.308900523560209,19.42863646710676,2.936489870248122,0.3869792852264967
M81035,2.044701403088204,2.587604879080589,0.8954382006627654,13.77705704011845,1.73447084537827,0.4723965310583093
M81037,2.750293476438035,2.792218681871541,1.173905752138185,16.15797417407345,1.987254737548214,0.4779473419419755
M81038,4.174464968671169,4.044267230856864,1.627471722678818,26.93465701033444,3.67808609325413,0.6265766132313451
M81039,3.780528604884577,4.056540649046505,1.906992305118769,21.53730344596855,2.868852459016393,0.6691201070592171
M81040,3.752129275816031,4.134247962800976,1.975047189355923,24.28985774135629,3.600202568942498,0.9253717600478798
M81041,2.053627477356291,2.986279257465698,0.6636176127701552,16.42005201327235,1.954981615998565,0.3049053896511524
M81042,3.868710772713242,4.136228006996605,1.594814281304661,22.31711081386974,2.685461467229139,0.4012758514250437
M81043,4.361020568731034,4.169944925255704,1.29257052939193,20.96212206361695,3.282005170282118,0.6069461616275149
M81044,3.294258577907076,3.371267219988021,1.292033883802516,20.31316847779584,2.515615641310858,0.6930777787285017
M81045,3.753723932472691,3.912611717974181,1.588877855014896,22.04568023833168,3.316782522343595,0.6156901688182721
M81046,3.992332055342557,3.908984830805134,1.058509751625271,21.32855475912652,2.858809801633606,0.5500916819469912
M81047,2.799334811529933,3.288987435328899,1.367331855136733,18.53288987435329,2.208056171470806,0.729859571322986
M81048,3.854591037292385,4.502245899926878,2.005640864932623,22.59479786900658,2.904000835683694,0.7312232320066855
M81049,3.048410842643111,2.546115874253053,1.628128518229843,16.7749198926128,2.139083744695592,0.4589936780116047
M81054,4.264305177111717,4.182561307901907,1.811989100817439,20.95367847411444,3.038147138964578,0.6948228882833788
M81055,1.944782080222261,3.281819760375066,0.9897551658274004,19.82983156798055,1.82323320020837,0.6424726515019968
M81056,3.069134630596424,3.433001107419712,1.684859990507831,21.91109001740231,2.483784211358962,0.8622053472551812
M81057,4.300651015979483,4.853028210692444,2.321299401591372,25.8039060958769,3.439205628986651,0.5260735187742487
M81058,3.446929010838785,3.866809881847476,1.786934869641637,21.00380822185333,2.323991797676008,0.4784688995215311
M81061,3.410502540937324,3.907396950875212,2.269904009034444,18.67871259175607,2.857142857142857,0.7001693958215698
M81063,2.710734217583533,3.131115459882583,1.688772921649634,16.44560411683699,2.022178734507501,0.2609262883235486
M81064,3.389830508474576,3.922518159806295,1.077481840193705,19.14043583535109,2.457627118644068,0.665859564164649
M81066,2.653061224489796,3.781512605042017,1.248499399759904,18.51140456182473,2.569027611044417,0.6242496998799519
M81067,3.144654088050315,3.198562443845463,0.8984725965858041,17.5381850853549,2.803234501347709,0.431266846361186
M81068,3.041433082028481,3.473161930536761,1.591597396739481,20.47167987628069,2.590373091049681,0.8376828403892003
M81069,3.251109505624936,3.488492104448344,1.403653627825369,18.8770770977397,2.75570234286304,0.7018268139126845
M81070,2.757321459153965,3.562253810584004,1.515670491522521,16.7408802877205,2.423360164411714,0.6336701489981161
M81072,2.236975032472218,3.045172463558955,1.111271467744263,16.09178813681628,1.573098571222399,0.4762592004618271
M81074,4.060122811841261,3.922646870131061,1.319769040417927,20.46558518925855,2.685363394739254,0.6140592063055632
M81075,3.273625694873378,3.567016676961087,1.320259419394688,19.80389129092032,2.91846819024089,0.6871525633106856
M81076,4.019448946515397,3.500810372771475,0.8103727714748784,22.78768233387358,3.014586709886548,0.4213938411669368
M81077,3.351373855120733,4.163197335553705,1.061615320566195,22.87676935886761,2.706078268109909,0.5828476269775187
M81078,3.203592814371258,3.323353293413173,0.9431137724550898,17.23053892215569,2.604790419161677,0.2544910179640719
M81081,3.626473254759746,3.608340888485948,2.067089755213055,23.55394378966455,3.046237533998187,0.5802357207615594
M81082,2.414320295579055,2.745572684418397,1.153013122690788,14.54325391769652,2.019365524270608,0.6433940629379539
M81083,3.439153439153439,3.5002035002035,1.098901098901099,19.67846967846968,2.869352869352869,0.5494505494505495
M81084,2.875175315568022,2.717391304347826,1.542776998597475,17.81206171107995,2.384291725105189,0.473352033660589
M81090,4.591104734576758,3.357245337159254,0.9469153515064564,21.11908177905308,2.037302725968436,0.6025824964131995
M81091,3.049725313424426,3.415974080856458,1.39456261445274,19.12241160726863,2.338357515142978,0.5705028877306663
M81092,2.129547471162378,3.566992014196983,0.834072759538598,15.226264418811,2.005323868677906,0.4259094942324756
M81093,1.931763575204229,2.652570879384911,1.162902450744834,16.24219125420471,2.268140317155214,0.6823642479577127
M81094,2.404788935906698,2.724739395190422,0.7637527092579213,17.21539890597585,1.868097842914646,0.433481267416658
M81600,3.885685635497618,3.434444722988218,3.233893206317373,23.99097518174981,2.68237653547255,0.7269992479318125
M81604,3.484937979917307,3.67690490253987,1.786769049025398,20.126993502658,3.145304193738925,0.6349675132900177
M81605,3.088314972006502,3.034134007585335,1.37258443200289,15.53187646740112,2.18529889832039,0.4334477153693336
M81608,3.279938977879481,3.966437833714721,1.449275362318841,20.31528095601322,2.771421306890415,0.4830917874396135
M81616,2.281597117982588,2.551786250375263,0.6904833383368358,17.44220954668268,1.410987691383969,0.570399279495647
M81617,2.160493827160494,3.159041394335512,0.7625272331154684,15.45025417574437,1.833696441539579,0.5809731299927379
M81627,2.024005648387856,2.212285243586726,0.7413509060955519,13.96799246881619,1.682748882089903,0.447164038597317
M81629,2.622599200545968,2.807838549283416,0.945695622501706,16.12557277956518,2.115628351369796,0.8189529102076631
M82002,2.904771411459373,3.034537831902575,0.7586344579756438,15.94130564983031,2.235975244559792,0.4292273906967459
M82003,2.201346611297021,3.237511591339758,0.9998790468894893,16.42140063701972,2.108615893238721,0.645083256057735
M82004,3.873440008285433,4.443063538915644,2.59437626223396,19.39309202009218,3.122572627000155,0.7871161514162912
M82005,3.597197532155182,4.25598661507895,1.411690891979504,21.34267489281606,2.907037540520757,0.8992993830387954
M82006,2.361869031377899,3.461800818553888,1.330150068212824,16.43929058663029,2.489768076398363,1.074351978171896
M82007,2.414513181936831,3.295484207778648,0.9658052727747324,22.85304098146698,2.094753328112764,0.6656225528582616
M82008,5.249824067558058,5.151301900070373,1.618578465869106,28.99366643209008,4.363124560168895,0.7037297677691766
M82009,2.61913423062932,3.555838486722444,1.509639869043288,17.06984357948345,2.837395416515097,0.8366678792288106
M82010,3.070051450217674,3.448860745180076,1.181658845479731,17.11426471419687,2.566857013625827,0.6671566687397523
M82011,3.163992869875223,4.188948306595366,1.180926916221034,18.15953654188948,3.721033868092691,0.9581105169340464
M82012,1.863569988178847,3.289061956748487,0.6605938390932481,14.12280091787776,2.371184201376817,0.7509908907586399
M82013,3.705075954057059,4.112634309003335,1.2597258243794,20.41496850685439,3.223416080029641,0.4816598740274176
M82014,3.729063520488781,4.582323817549773,1.474770883809122,21.29990519330033,3.233961866638576,0.948066996734436
M82016,3.451786044789931,4.266148436054044,1.175272996483435,18.00851378863594,3.211178974643716,0.6940588561910049
M82017,3.738719381177482,4.211431027073485,1.031370863773098,20.71336484744306,3.65277180919639,0.923936398796734
M82018,3.157306510198379,4.037440625873149,1.215423302598491,17.29533389214864,2.933780385582565,1.061749091925119
M82019,3.736571695469407,4.297057449789818,1.669780476412891,20.56282111163008,3.012610929472209,0.6655768332554881
M82020,3.260608966674658,3.548309757851834,0.6713018460800768,21.16998321745385,2.445456725005994,0.6473267801486454
M82021,4.665721710370895,5.386250885896527,2.787621072525396,22.5962674226317,4.039688164422396,0.956768249468462
M82022,2.79887482419128,3.157524613220815,1.343178621659634,16.91983122362869,2.665260196905766,0.6329113924050633
M82023,2.664597076704178,3.259604190919674,0.7890311731988099,19.50588539645583,2.612857327641961,0.4785926788255077
M82024,3.471329390588841,3.70275134996143,1.054255592697352,18.66803805605554,2.339933144767292,0.7199794291591669
M82025,3.295596277463302,3.962390866353258,1.707761680898014,20.74738558956155,2.883047107358726,0.8298954235824619
M82026,2.937229759952289,3.220515878932459,1.066050395109587,19.88221261368719,2.258834053973461,0.56657223796034
M82028,3.359344002116122,3.914826081206189,1.745800819997355,19.86509720936384,2.757571749768549,0.6745139531807962
M82030,3.288090231313324,3.890269546931753,1.223475434907284,19.00210284840374,2.848403746893519,0.6404129229592812
M82032,2.0,2.988165680473373,0.7751479289940829,13.61538461538461,2.035502958579881,0.7218934911242604
M82033,3.77865329512894,4.154727793696275,1.522206303724928,20.48710601719198,3.330945558739255,0.5730659025787965
M82034,3.100088573959256,3.467037833734025,0.949006706314058,19.16993546754397,2.593951663925092,0.7718587878021005
M82035,3.219743401160415,4.118656533464084,1.438261011685871,20.89564435727711,2.811146522840565,0.9070850698700662
M82038,2.249262536873156,2.957227138643068,1.09882005899705,14.56489675516224,2.072271386430679,0.4941002949852507
M82039,2.235217673814165,2.85899935022742,1.215074723846654,18.18063677712801,2.059779077322937,0.7667316439246263
M82040,2.153453501355878,2.982931887063327,1.18041154889137,15.82389535811134,1.658956771414899,0.8294783857074493
M82041,3.512979683972912,3.851580135440181,1.735327313769752,19.22968397291196,2.97686230248307,0.5784424379232506
M82042,1.815962154738288,2.365328857012056,0.946131542804822,15.76377231802228,1.49549824507859,0.5035861437509537
M82043,3.718953380262983,4.701819630761057,2.111834240935051,21.09177845663435,3.200956302297782,0.9828662504980742
M82046,3.439680957128614,3.988035892323031,1.64506480558325,18.96809571286142,3.290129611166501,0.6979062811565304
M82047,2.897763288961333,3.30526125147152,0.9598840894684416,16.64402789097165,2.698542062845242,0.5886081680702707
M82048,3.023631293116102,3.419932482019668,0.968736239542052,16.13092617055629,2.436518420666373,0.4990459415822692
M82051,3.271722965795624,4.397705544933078,0.7010834926704907,19.20543870830678,3.250478011472276,0.5948587210537497
M82056,2.328400102066854,3.10028068384792,0.5996427660117377,15.36744067364124,2.105128859402909,0.2934422046440419
M82057,1.224489795918367,2.475312705727452,0.5529953917050692,12.33706385780119,1.290322580645161,0.8031599736668862
M82058,4.230672374716696,3.223369428355578,2.493074792243767,23.99899269705364,2.845630823470159,0.6295643414756988
M82059,2.586785431029223,3.294490879140992,0.7321090842535538,17.47300347751815,2.318345433469587,0.4209627234457934
M82060,3.183352080989876,3.295838020247469,1.226096737907762,14.57817772778403,2.395950506186727,0.7086614173228346
M82601,4.188034188034187,4.52991452991453,2.307692307692308,21.88034188034188,4.230769230769231,0.8119658119658121
M82606,1.92822710230316,2.767362970898054,0.7498660953401178,15.08659168005713,1.606855918585967,0.3570790930191037
M82616,1.799230673780866,2.742275716590147,0.6080158828638789,16.23030152624395,2.357612607023204,0.6700583198908052
M82620,4.446707399864223,4.378818737270876,1.323828920570265,21.58859470468432,3.088934147997284,0.6788866259334692
M83001,3.07794141982459,3.921893099453914,1.224557339069998,21.83518120139004,1.820287936455403,0.7612113188813503
M83004,4.039742329948685,5.360847254067038,2.325581395348837,27.49208428867781,3.046184081231575,1.015394693743858
M83005,2.922755741127348,4.194344277851584,1.973809071930158,22.49003605997343,2.600113873600304,0.8920098690453596
M83007,1.984480346011958,3.167535936903702,1.348428953059407,17.94937030912098,1.437476148072764,0.6614934486706526
M83009,3.956406264309918,3.98388130781207,1.099001740086088,21.17410019232531,2.674237567542815,0.5311841743749428
M83010,1.487666762645167,2.341875419905941,0.7294366062002112,12.16047605336405,1.161339859871389,0.1919570016316345
M83011,3.720462543991956,4.499748617395676,1.784816490698844,22.20965309200603,2.664655605832076,0.5907491201608849
M83012,3.354729320576481,3.572726171733075,1.283759234588834,18.96572605062371,2.301077873319608,0.4844374470146542
M83013,4.376743188157048,4.183651576914825,2.574554816562969,19.75970821712079,2.33855395837803,0.4290924694271616
M83014,2.518197914617352,3.305134762935275,1.760771198111351,17.74542592956915,2.065709226834547,0.6000393468424159
M83015,3.595824204150019,3.879365897667225,1.198608068050006,20.07990720453667,3.015852558319371,0.4768655754607553
M83016,3.0,4.260273972602739,0.7945205479452054,21.15068493150685,2.547945205479452,0.7123287671232876
M83017,3.932244404113733,3.367614438394838,1.12925993143779,21.93990723936277,2.641661625327687,0.6654567453115547
M83018,3.788656852676024,4.21088668264293,1.882916809311879,18.34988017802122,2.362204724409449,0.5021111491498346
M83020,3.543307086614173,3.429341069208454,1.574803149606299,19.5814338997099,2.766266058847907,0.5491089929548281
M83021,2.226997460441492,3.584684508693104,1.738620824379762,19.47646024614183,1.992576675131862,0.5079117015042001
M83022,3.954802259887006,3.992467043314501,1.079723791588199,26.42812303829253,2.623979912115505,0.6026365348399246
M83023,3.428880475932937,3.731746890210925,1.86046511627907,20.62736614386155,2.477014602487831,0.6057328285559762
M83024,2.655721873491067,2.858522452921294,0.8594881699661999,15.1907291163689,1.863833896668276,0.6663447609850314
M83025,3.481592537064801,3.931367649508579,1.81575878727303,20.33983008495752,2.848575712143928,0.566383474929202
M83026,1.523468130390949,2.330010081774392,0.9913744819088158,12.61902094768679,1.349837571412569,0.4592808334266831
M83027,2.56289456327146,3.128238952228399,1.036464713087723,16.78130594553849,1.677188353905587,0.4805427306133986
M83028,2.481609501019232,3.314721262075689,1.311707879110166,19.26792519719933,2.127093858016485,0.8065230878312506
M83030,3.121275327771156,3.866209773539928,1.728247914183552,18.09445768772348,2.152860548271752,0.4544100119189511
M83031,4.280094413847364,3.918174665617624,1.982690794649882,26.81353265145555,3.178599527930763,0.5822187254130606
M83032,3.005445159465384,3.146877872851991,0.9617424510289232,15.28180468142281,2.262923414185701,0.4172265044904887
M83033,2.597402597402597,3.196803196803197,1.255886970172684,16.69758812615956,2.154987869273584,0.5423148280291138
M83034,3.394648829431438,4.046822742474916,1.337792642140468,19.61538461538462,2.717391304347826,0.677257525083612
M83035,3.161530286928799,3.480340063761955,1.461211477151966,14.91764080765143,1.859723698193411,0.3852284803400638
M83036,2.595961837142224,3.59440869758154,1.03172842245396,14.69935655646772,1.841579764810295,0.8209451963612159
M83037,3.30326812697669,3.888953965093124,1.382218577954785,19.12849947288274,2.04990043340752,0.5388309710671196
M83038,3.468992248062015,3.914728682170543,1.763565891472868,22.00581395348837,3.023255813953488,0.9011627906976744
M83044,2.464709836432893,3.009933527522593,1.06804092912092,15.72186122936739,2.076331316752558,0.6721935917544253
M83045,3.077794561933535,3.587613293051359,1.161253776435045,17.86253776435045,2.379154078549849,0.9818731117824772
M83046,3.542374626711976,4.911955514365153,1.699104108742663,21.11008135104521,2.934816187828236,0.5972608382246937
M83047,2.765926143887009,3.413270560541416,1.456524937472414,21.58305134618214,2.206855965867295,0.6620567897601883
M83048,2.51419302514193,3.507704785077048,0.9326845093268452,17.0823195458232,1.997161394971614,0.3041362530413625
M83049,3.210815378115758,3.992395437262358,1.299112801013942,18.610054921842,2.4503591043515,0.7393324883819181
M83050,2.95217476874631,2.962015351308798,1.259594567998426,15.64652627435544,2.283015154497146,0.5904349537492619
M83051,2.764201586411345,3.605480330101755,2.78022594343402,18.91675346526721,2.139251662527041,0.616937745372967
M83052,2.605685131195335,2.610240524781341,1.052295918367347,15.28334548104956,1.831268221574344,0.432762390670554
M83054,3.082158483228002,3.344676713660671,1.895964997569276,21.24453087019932,2.634905201750122,0.7875546912980069
M83056,3.05060197338644,4.055399656015208,1.656558341631212,22.83877975921065,2.679460487010048,1.122476690504209
M83057,2.778838808250573,3.246753246753246,1.088617265087853,16.77807486631016,2.320473644003056,0.706646294881589
M83059,4.076230809952356,4.63208046585495,2.35574377977766,19.8782424563261,2.064584436209635,0.5823186871360508
M83061,4.016413827406118,4.240238746580452,1.8279035065904,21.97214623228053,3.071375279781149,0.969907983088784
M83062,3.482548129597746,4.26514321490061,1.839098450461731,18.00751291281891,2.551259978087338,0.6808577242134919
M83063,1.74025974025974,3.038961038961039,0.8051948051948051,16.80519480519481,1.376623376623377,0.5974025974025975
M83065,3.410175965079798,3.028236256990861,1.241304051289047,19.24703314691038,2.264356840812986,0.7229573045969172
M83066,2.403003754693366,2.553191489361702,1.276595744680851,18.63579474342929,1.939924906132666,0.3504380475594493
M83067,2.355757117661879,2.469135802469136,0.5920886873267825,14.4872763920383,1.713277903754094,0.5165028974552784
M83068,2.219548067923519,3.088648215002006,1.183313277176093,16.60649819494585,1.778312608637518,0.6484824174354861
M83069,2.962025316455696,5.645569620253164,1.170886075949367,20.42405063291139,2.60126582278481,0.8101265822784811
M83070,3.559443911792906,3.703259827420901,1.426174496644295,19.67881112176414,2.552732502396932,0.659156279961649
M83071,3.463351907415345,4.414916416630947,1.800257179597085,21.37162451778826,2.983283326189456,0.7543934847835405
M83072,3.979504696840307,5.064047822374039,1.870196413321947,21.76771989752348,2.46797608881298,0.7771135781383433
M83073,2.390695670902434,3.682963601119966,1.496877019168641,13.79496015507215,2.056859788929572,0.2907602842989446
M83074,2.736856803742233,3.281435453466452,1.298610626265447,17.28688123996369,1.933952384277037,0.6004328702087552
M83075,1.053044031934173,1.924866532791301,0.7542733996179655,9.492089925062448,1.342018905813783,0.2644854777881177
M83076,1.512927627864966,2.517782544879756,0.7903353279891612,13.18730947273343,1.908095291859546,0.6322682623913288
M83079,3.35059718845788,3.56199133284008,1.437480181798964,20.62149878448367,2.832681534721488,0.5601944826128316
M83084,3.416717510677242,4.042098840756559,1.647345942647956,24.19158023184869,2.73032336790726,0.5186089078706528
M83088,3.460387667490568,4.240926239104983,1.535059190841681,18.31663848055158,2.42617406010147,0.7350071549369065
M83089,3.243443610416087,4.216476693540914,1.362246316374757,23.77907515522194,2.613288851820962,0.8340283569641368
M83090,2.705749718151071,3.739195791055994,2.048102217211575,22.32243517474634,2.442690717775272,0.8455467869222096
M83092,3.983739837398374,4.425087108013937,1.509872241579559,20.8130081300813,2.752613240418119,0.5110336817653891
M83093,3.555900621118012,3.91304347826087,1.444099378881988,17.81055900621118,2.701863354037267,0.4192546583850931
M83094,2.714590062538657,3.016974778365748,1.505051199230294,17.88880489313449,2.212906329461893,0.8796646278606282
M83096,3.073770491803279,3.204172876304024,0.912816691505216,21.57228017883756,2.812965722801788,0.5588673621460507
M83097,2.825417766051011,2.913368513632366,1.022427440633245,14.0391380826737,1.912928759894459,0.5826737027264731
M83100,3.334132885584073,3.645958263372511,1.223314943631566,21.80378987766851,2.422643319740945,1.151355241065004
M83102,2.247498972180348,3.151980265862683,1.041523913937235,18.58297930656434,2.220090448129368,0.5892832670960668
M83103,3.414839797639123,3.646711635750421,1.454468802698145,23.29258010118044,2.698145025295109,0.5059021922428331
M83107,2.587745389649019,3.465199286139203,1.531826293872695,16.19571683521713,2.156454491374182,0.5353955978584176
M83108,3.403923606599974,3.429907756268676,1.507080680784721,19.60504092503573,2.793296089385475,0.4936988437053398
M83109,3.565016670941267,3.590664272890485,1.692741728648371,18.97922544242113,1.949217748140549,0.5642472428827905
M83110,1.800579638650799,2.793364987358944,0.727631497810939,13.20219522723068,1.566257630881174,0.4069803292840846
M83111,3.231151615575808,4.473902236951118,1.657000828500414,18.3927091963546,1.781275890637945,0.6213753106876554
M83113,1.772049939589207,3.060813532017721,0.7652033830044301,14.05557792992348,1.12766814337495,0.644381796214257
M83117,2.292161520190024,3.33729216152019,1.057007125890736,15.99762470308789,1.852731591448931,0.4750593824228029
M83121,4.232266802099204,4.046047062806839,1.608261384797698,24.31014051125783,2.640934484509903,0.4570848146267141
M83122,3.891432308698496,3.433616742969261,1.43884892086331,22.53106605624591,2.354480052321779,0.7521255722694572
M83123,2.015364661279058,3.043001097475805,1.526489075127207,18.22807542651901,1.885662975157139,0.7383019056170806
M83125,3.72743156668608,3.319743739079791,1.019219569015725,19.53989516598719,1.98019801980198,0.4076878276062901
M83126,2.544995987618939,3.530895334174023,1.616416370514731,19.12186174481257,2.16668577324315,0.7107646451908747
M83127,1.06928999144568,1.910464784716282,0.7984031936127743,10.23666951810664,1.169090390647277,0.2708867978329056
M83129,2.711147872438195,3.878320007352266,1.194743130227001,19.13427074717397,1.874827681279294,0.7444168734491315
M83130,2.937515558874782,4.057754543191437,1.045556385362211,19.11874533233757,2.439631565845158,0.597460791635549
M83132,2.743362831858407,2.72566371681416,0.6725663716814159,17.92920353982301,1.769911504424779,0.424778761061947
M83138,2.607049228080396,3.116807457034664,1.543839207690067,18.51150597145354,2.140984561607923,0.466064666472473
M83139,2.605606000789578,3.770232925384919,1.164626924595342,18.81168574812476,1.776549545992894,0.908014212396368
M83140,2.817484980319039,4.412678682411435,1.118707271597265,14.87466335197845,2.320281748498032,0.7043712450797597
M83141,3.263250109505037,3.131844064826982,1.401664476565922,20.90451160753394,2.803328953131844,0.6679807271134472
M83143,2.124907612712491,3.399852180339985,1.127124907612712,18.77309682187731,2.014042867701404,0.9793052475979304
M83146,2.15673240268853,3.072605066843932,1.063594061599823,16.01299948297511,2.060713494349657,0.6425880788832262
M83148,2.348363787952477,3.1404154797471,1.146390606544848,16.60529424025568,1.93844229833947,0.4516084207600917
M83601,4.823685961410512,5.306054557551564,2.312042581503659,22.72122421823021,4.1583499667332,0.8150365934797072
M83608,2.928558104831188,3.954486103338929,1.678791270285394,23.63365043835105,2.331654542063048,0.5595970900951315
M83616,1.612903225806452,3.048780487804878,0.865460267505901,13.00157356412274,1.612903225806452,0.3540519276160504
M83617,2.941919191919192,3.644781144781145,1.115319865319865,18.11868686868687,2.0496632996633,0.6397306397306397
M83619,1.910299003322259,2.270210409745293,1.024363233665559,15.14396456256921,2.131782945736434,0.4706533776301218
M83624,2.945043386799895,3.497239021824875,1.682881935314226,22.08782540099921,2.051012358664213,0.8677359978963977
M83625,1.842501550181593,2.64859597838604,1.027548941447427,16.09531402249978,1.771636105943839,0.7529453450261316
M83627,1.449616971125516,2.451384796700059,0.7071302298173248,11.70300530347672,1.626399528579847,0.4596346493812611
M83632,2.96973158195317,3.978678850180849,1.465829050066628,18.56082238720731,1.713306681896059,0.8947268227679421
M83637,1.982423870835888,2.738606172082567,0.9401185366850604,15.30758226037196,1.594114040465972,0.5109339873288371
M83638,2.635626398210291,3.299776286353468,1.13255033557047,15.42225950782998,1.985458612975392,0.5243288590604027
M83640,3.750464166357222,4.678796880802079,2.450798366134423,22.61418492387672,2.970664686223543,0.4455997029335313
M83641,3.925417075564279,3.434739941118744,1.815505397448479,21.49165848871443,3.042198233562316,0.4906771344455348
M83650,1.872278664731495,2.568940493468796,0.8490566037735849,14.73149492017417,1.393323657474601,0.3991291727140783
M83661,1.646750218595162,2.521130865636841,1.136694841154182,15.49111046342174,2.011075488195861,0.684931506849315
M83668,2.499046165585654,2.937809996184662,0.5150705837466616,15.5284242655475,1.621518504387638,0.2861503243037009
M83670,0.5981511691136487,0.8564437194127243,0.2175095160413268,4.703643284393692,0.6797172376291463,0.1223491027732463
M83680,2.49221183800623,2.732936845086378,1.359388275276126,14.0470121778533,1.770036816765789,0.6513735485698103
M83681,0.8654383026242323,1.972827098455239,0.6886283268192817,10.11539177368323,0.911967243625535,0.232644705006514
M83682,2.310286677908937,3.440134907251265,1.349072512647555,17.04890387858347,2.310286677908937,0.927487352445194
M83691,4.68497576736672,3.500269251480883,2.046311254711901,22.6709746903608,3.338718362950996,0.6462035541195477
M83693,1.31985397360292,2.064026958719461,0.5756809884863802,12.07525975849481,1.22156697556866,0.4212299915754001
M83697,2.502182135583358,2.85132382892057,1.251091067791679,13.90747745126564,2.153040442246145,0.7273785277858598
M83698,3.449357165255566,4.578237692066478,1.066164941988084,18.9401066164942,2.445907808090311,0.783944810285356
M83701,2.985399869252561,3.530180867291349,1.568969274351711,19.48136848986707,2.811069949880148,0.5447809980387884
M83703,2.861713473160327,3.57269818698898,1.155350159971561,17.22360469249911,2.204052612868824,0.728759331674369
M83709,2.770738300388579,3.716844061496875,1.43605338739652,20.03716844061497,2.365264402770738,0.5406318634904544
M83711,3.894230769230769,3.870192307692308,1.370192307692308,20.21634615384615,2.8125,0.6730769230769231
M83713,2.283974114960031,3.806623524933384,1.218119527978683,15.45489151122954,2.245907879710697,1.103920822230681
M83715,2.160306884716333,2.402584292348072,0.7470220068645266,17.36321421360791,1.918029477084595,0.4845548152634767
M83717,1.948943178698875,3.15673895141367,0.4391984628053802,14.30139994510019,1.427395004117486,0.2470491353280264
M83718,2.161490683229814,2.807453416149068,0.84472049689441,13.06832298136646,1.639751552795031,0.4720496894409938
M83723,2.526770220510433,3.339399839167054,1.375544927413552,19.27879121344225,2.357472383290304,0.8041647267956151
M83725,1.485516216885368,3.07006684822976,0.9408269373607328,13.76578360980441,1.435999009655855,0.5199306759098787
M83727,2.840773454285032,3.10336595846264,1.026497970876104,18.8350441632848,2.052995941752208,0.7400334208641681
M83738,3.431442928930366,4.077530509691313,1.392677674084709,21.98133524766691,2.354630294328787,0.8470926058865758
M84001,3.149838092434501,3.186635266411539,1.457168089490727,22.32116573447159,2.568442743597292,0.8168972622902562
M84002,2.546606555379554,3.204581454855611,0.9016693066894116,15.93761423175338,2.558791275740222,0.5117582551480444
M84003,2.620661742385915,2.903976525346554,1.426692299908935,19.62966710513002,1.983203480724476,0.5362744106040677
M84004,1.946434924022971,2.129389642730091,0.9808405752909488,12.75092747878233,1.585607562128373,0.3760735884535245
M84005,2.492522432701894,2.931206380857428,1.674975074775673,17.66699900299103,2.313060817547358,0.6580259222333
M84006,2.594182164997616,3.366714353838817,1.11587982832618,18.26418693371483,2.155460181211254,0.4768717215069146
M84007,3.069684069011875,3.204122787362761,1.486294719545896,18.61976249159758,2.083800134438718,0.5153484203450593
M84008,2.134072823727996,2.375210995900651,1.024837231733783,17.61514347721244,1.941162285989872,0.3737641668676151
M84009,3.08618742943169,2.93564170116673,1.185547610086564,18.25366955212646,2.521640948438088,0.4328189687617613
M84010,2.520209224916786,2.767475035663338,1.578697099381835,15.10223490252021,2.111269614835949,0.6371849738468854
M84011,2.489087025169499,3.208878982074859,1.221324417200706,19.77802544812854,2.623757778396953,0.7430110522894028
M84012,1.999760507723626,2.496706981199857,1.119626392048856,15.47120105376601,1.921925517902048,0.4670099389294695
M84013,3.607755880483153,3.281945327399873,2.066115702479339,18.11029879211697,2.606484424666243,0.5483153210425938
M84014,3.4365719134493,3.21383114128129,1.633432329232074,20.67246499787866,2.66228256257955,0.7318625371234619
M84015,1.789587852494577,2.447125813449024,1.355748373101952,15.66567245119306,1.843817787418655,0.7592190889370932
M84017,2.499486406902691,2.561117578579744,1.08196945833048,12.18242826816408,2.020132849414504,0.5752242689858248
M84018,3.306719423443793,3.193669186744859,1.40606231894298,19.72726630396383,2.494170847170211,0.3886101886525825
M84019,2.846131040616662,2.88170767862437,1.156240735250519,20.01778831900386,2.520011858879336,0.4684257337681589
M84020,2.207416380644727,2.267985732552662,1.110438118312134,15.32404603270745,1.938219261053907,0.4441752473248536
M84021,2.915640032852282,2.569517775431186,1.108764519535375,15.85122609409832,2.240994954828112,0.4517188783292268
M84022,2.402759605090996,2.86665873676698,0.9277982633519686,20.78030212917806,1.83180682764363,0.5947424765076721
M84023,1.794010082040131,2.214095087476525,0.5980033606800434,12.61243451616092,1.502421666501927,0.583176831076406
M84024,4.310082241851965,4.614681693572951,1.492537313432836,21.51995126408773,3.137374352726165,0.7158087115443192
M84025,3.768236765318883,3.659858274280951,2.392663609837432,19.47478115881617,3.142976240100041,0.5669028761984161
M84026,3.258458125346644,3.175263449805879,1.358846367165835,19.43982251802551,2.759290072102052,0.4991680532445923
M84028,2.728137887279264,2.648831553346727,1.263614253991752,15.72908956328646,2.278735328328223,0.43882838109337
M84029,2.700627159861769,2.918213234353001,0.9983361064891848,15.30782029950083,2.30385255343658,0.3711762447203379
M84030,3.36951605608322,3.226292778531584,1.36439017036032,18.61902608171265,2.578018995929444,0.5502789084878638
M84031,2.724177071509648,2.547610039096986,1.008954470929499,17.03871862782192,1.929625425652667,0.5675368898978433
M84032,1.378369157284203,1.75366769020812,0.7710678949164108,10.44012282497441,1.119071989082224,0.3275332650972364
M84034,1.940928270042194,1.940928270042194,0.4641350210970464,14.55696202531646,1.645569620253165,0.5907172995780591
M84035,1.972321206596503,2.220933123394381,1.035882986657827,15.41393884146847,1.765144609264937,0.6215297919946963
M84036,2.99484962166974,2.670566541616328,1.621415400267057,15.49564443314046,2.327207986265658,0.6040567177465506
M84037,2.695174899647743,2.793479151306627,1.048578684361432,19.48062587040223,2.08896534775129,0.3932170066355369
M84040,2.310944105213715,2.26397369657116,1.240018788163457,14.22263973696571,1.99154532644434,0.5354626585251291
M84041,1.779866154065214,2.691157624946604,1.466609710949736,16.54563576819023,2.434856898761213,0.5695571693008686
M84042,3.027681660899654,3.075740099961553,1.057285659361784,17.65667051134179,2.220299884659747,0.3748558246828143
M84043,2.78693155070144,2.711609076358158,1.256943790603521,16.75454288673383,2.193767065248093,0.4048582995951417
M84044,3.359481582537517,3.308321964529331,0.9890859481582538,18.99727148703956,2.165757162346521,0.4263301500682128
M84046,3.358666339789164,2.807060554057367,1.262564354008335,17.79848001961265,2.549644520715862,0.576121598430988
M84047,3.761398176291793,2.754559270516717,0.9498480243161094,17.47720364741641,2.792553191489362,0.3229483282674772
M84049,3.886625933469111,3.479293957909029,1.408689748811948,20.11201629327902,2.783435166327223,0.7467752885268161
M84050,1.466239526860522,2.291769344504682,0.6407097092163627,12.58008871365205,1.490882207984229,0.4189255791030064
M84051,1.754903406577201,2.226810204984516,0.788969178587229,15.77201002801947,1.673794425600944,0.6414983040849432
M84055,2.46747420367878,3.00583221175415,0.7178106774338268,24.22611036339165,2.063705697622252,0.5383580080753702
M84059,1.649214659685864,3.455497382198953,0.9162303664921464,16.8848167539267,1.93717277486911,0.6544502617801047
M84060,3.343598768147822,3.328933861269981,1.378501246517084,17.93518111159994,2.126411497286992,0.542601554480129
M84061,3.280067283431455,3.616484440706476,1.581160639192599,23.85197645079899,2.607232968881413,0.31959629941127
M84062,2.128240109140518,2.469304229195088,0.941336971350614,15.40245566166439,1.705320600272851,0.4911323328785812
M84063,2.484472049689441,2.111801242236025,1.47688060731539,14.21670117322291,1.628709454796411,0.3588681849551414
M84064,1.894528488618691,2.530750742259296,0.8058815212780999,13.78481549554644,1.668316131768698,0.4241481690937367
M84065,1.067222767419038,1.938174681059863,0.8341511285574091,11.87438665358194,1.005888125613346,0.3680078508341512
M84066,2.601241501625776,2.497783032811114,0.9163464380727164,15.60744900975466,2.010050251256281,0.3990540939994088
M84067,2.552263691163268,2.526612799794793,1.077337437475952,15.81377452866487,2.000769526741054,0.5514941644222137
M84069,2.450300508552936,2.666050238865773,0.9708737864077668,16.21205116350747,2.065033132994298,0.4623208506703652
M84070,1.197653576666123,1.547987616099071,0.5458693172559883,9.996741078702948,1.18135897018087,0.2688610070066808
M84609,1.807980049875312,2.28595178719867,1.226101413133832,17.33167082294264,2.098919368246051,0.2909393183707398
M84612,1.859454238106737,2.221685583192465,0.6761651774933591,13.84931176044434,1.497222893021009,0.4829751267809708
M84615,2.137478746660189,2.392518824386689,1.044449842118047,16.34685450570804,1.651688122419237,0.4372115618168569
M84616,2.919380193128228,3.054120817426454,1.324949472265888,15.96676397933977,2.066022905906131,0.6961598922075006
M84618,2.583781018163213,2.890764901509337,1.432591455615247,21.05397799948836,2.558199027884369,0.6139677666922486
M84620,3.692614770459082,3.359946773120426,0.8982035928143712,16.66666666666666,2.561543579507652,0.2661343978709248
M84621,1.232777374909355,2.320522117476432,0.5438723712835388,16.71501087744743,1.341551849166062,0.6163886874546773
M84627,2.838370565045992,3.337713534822602,1.208935611038108,19.44809461235217,2.181340341655716,1.051248357424442
M84629,2.573335675390831,2.608466537853504,0.8782715615668365,15.67714737396803,1.861935710521693,0.3952222027050765
M85001,2.273675427617856,3.608677513558615,1.022110972048394,16.45807259073842,1.981643721318314,0.7300792657488527
M85005,0.7369390709303856,2.697723384655876,0.7369390709303856,9.317015396762732,1.07908935386235,0.3553099091985787
M85006,1.543122219066553,2.612894064186311,0.7478935908359368,14.80639969705576,1.599924263940169,0.5396194262993468
M85007,2.492027872918389,3.135703318766978,1.074760836187552,15.2828628794142,2.497933152238101,0.6672965631274359
M85009,1.284958427815571,2.554799697656841,0.7558578987150416,15.19274376417234,0.90702947845805,0.36281179138322
M85011,2.116329874385582,3.099399235390497,1.10595303113053,15.40141998907701,1.706717640633534,0.5871108683779356
M85013,1.570017726006584,2.912129653076728,0.9369460622942516,17.7513294504938,1.367434793618638,0.3798429982273993
M85014,1.344656758669498,2.123142250530786,0.778485491861288,11.46496815286624,1.250294880868129,0.4010379806558151
M85016,1.746478873239437,3.305164319248826,1.164319248826291,16.4131455399061,1.727699530516432,0.7511737089201878
M85018,2.396678618607285,3.604453670503869,0.9718814870730326,17.40894508397811,2.028684657482544,0.7642951500283072
M85019,1.813301194258792,3.199298783828202,0.9039114714583104,14.41327928125343,1.731127424126219,0.3725210912676674
M85020,0.6285385279723635,2.130313789463583,0.6333365320026869,10.03742443143652,0.92121677382209,0.2590922176374628
M85021,0.6075607560756076,1.327632763276328,0.36003600360036,7.538253825382538,0.495049504950495,0.27002700270027
M85023,1.870766584238254,2.644876894957532,0.7633587786259541,15.03064186646597,1.591226749811848,0.6880980539726911
M85024,0.5723858718414072,2.177858439201452,0.6282283959234958,11.76881195030015,0.9214016473544604,0.2094094653078319
M85025,0.4869141813755326,0.967741935483871,0.2860620815581254,5.806451612903226,0.584297017650639,0.1643335362142422
M85026,3.161976067918979,4.051072932682666,1.644494952871181,20.36232368473829,2.440002673975533,0.5682198007888227
M85027,2.182539682539682,3.236607142857143,1.116071428571429,17.27430555555555,1.922123015873016,0.6696428571428571
M85028,1.9800796812749,2.800796812749004,0.649402390438247,13.78087649402391,1.52191235059761,0.3864541832669323
M85029,2.631163500499921,3.120559911592907,1.178761248223965,15.69225911698153,2.083881492395938,0.5367573541019839
M85030,1.808858334272512,2.704834892370112,0.6818437957849657,15.4119238138172,1.572185281190127,0.7494646680942184
M85031,2.414337450088216,3.630792088401894,1.355743337357229,18.34896462067044,2.349336057201226,0.7057294084873247
M85033,2.688263711281614,3.086104006820119,1.040068201193521,15.3566354077863,1.994884910485933,0.2955385052571753
M85034,0.7589339070156568,1.948129556591371,0.5736823234134099,10.30835424883471,1.075654356400144,0.2390343014222541
M85035,1.652442346104957,2.160886144906483,0.4721263846014164,14.98093335754494,1.561648810604685,0.4902850917014708
M85037,2.425472806923817,3.109306549845069,1.015065712148734,16.19831178544716,1.506571214873384,0.4273960893257827
M85041,0.4832233036139658,0.7554617845232423,0.1905669366364936,4.124412985775539,0.5308650377730892,0.2245967467501531
M85042,1.877841470646373,2.451077288001581,0.5732358173552086,12.78908875271793,1.522039928839692,0.2569677801937142
M85043,2.149554081865996,3.201463526183399,0.8232334781614453,18.93436999771324,1.875142922478848,0.8232334781614453
M85046,3.075970272502064,3.515126492005104,1.285564146835823,16.72359432475039,2.201411305457548,0.3622100442909691
M85047,2.071346375143843,2.761795166858458,0.6740095347690285,16.3899391747493,1.857636034851225,0.4767384514219957
M85048,2.656208218201265,3.092967287637044,1.060700597201176,19.38675461271058,1.987699438452625,0.5437204741955611
M85051,0.3102378490175801,2.223371251292658,0.2585315408479835,8.402275077559462,0.749741468459152,0.1680455015511892
M85053,0.7406310176270182,2.355206636053918,0.5036290919863724,10.16145756184269,0.9183824618575026,0.2073766849355651
M85055,1.136363636363636,1.73444976076555,0.3139952153110048,8.462918660287082,0.97188995215311,0.2093301435406699
M85056,1.906951582364079,2.664322423586692,0.6221260481471463,15.02569651068434,1.582364078982959,0.5545036516094131
M85058,1.29862136878385,1.784835056622354,0.4431314623338257,9.367306745445592,1.212456917774495,0.3261939931068439
M85060,2.212446629576918,3.428645361625048,1.151507310130677,15.0989778755337,1.98602665286583,0.5175313753396299
M85061,0.8746355685131195,2.332361516034986,0.5581007913369429,11.88671386922116,1.02457309454394,0.299875052061641
M85062,2.211401907080544,3.063501724487726,0.7303712720632989,14.46540880503145,1.866504361939542,0.426049908703591
M85063,1.839693730836524,2.917179136279384,0.9822093647686524,13.89990818854262,1.817173939404438,0.4590572868848199
M85065,2.594699597613431,2.823643679755793,1.144720410711808,15.97058415429444,2.254752324129319,0.6174552518384904
M85066,1.736770691994573,3.459972862957938,1.207598371777476,12.53731343283582,1.641791044776119,0.3799185888738127
M85070,1.21924509016573,1.898225888880777,0.4891582098269694,8.972767759363364,1.241147696575893,0.3285390961524421
M85071,2.834725385978234,3.897747405720071,1.29081245254366,19.12174133130853,2.113389015439129,0.5441660339154645
M85074,1.868215097197677,2.373138096440293,0.5932845241100733,12.1812673567281,1.249684423125473,0.3660691744508963
M85076,1.79137898861728,2.910990856503079,0.905019593207688,15.96379921627169,1.782048889718231,0.5691360328419481
M85077,2.751046025104602,3.556485355648536,0.9937238493723848,19.23640167364017,1.903765690376569,0.5125523012552301
M85078,0.9136858475894244,3.07153965785381,0.8262052877138413,13.39424572317263,1.0400466562986,0.2527216174183515
M85079,1.966476261822268,2.771795111901864,1.254799138496114,18.53169772450604,2.032025470549677,0.692948777975466
M85081,2.125134843581445,2.858683926645091,1.348435814455232,15.59870550161812,2.060409924487594,0.4746494066882417
M85082,0.3265602322206096,2.158925979680697,0.4716981132075472,12.71770682148041,0.9615384615384616,0.1451378809869376
M85084,0.78125,1.578125,0.4375000000000001,11.703125,1.140625,0.46875
M85086,1.737741874882585,2.254367837685515,0.7890287431899305,17.76253992109713,1.427766297200826,0.6011647567161376
M85087,2.056578356533453,2.577458464301751,1.03277952402335,15.04265828468792,1.894925909295016,0.4759766502020655
M85088,0.9976327358809604,2.034719873745914,0.5072708826513358,9.829782437154774,1.025814451583812,0.4452711081050614
M85094,0.6090597639893415,1.294251998477351,0.3045298819946707,7.955843167110772,1.065854586981347,0.0
M85097,1.728058208276489,2.592087312414734,0.5457025920873124,12.50568440200091,0.8640291041382447,0.4092769440654843
M85098,0.8921933085501859,2.063197026022305,0.5576208178438662,10.31598513011152,0.9107806691449812,0.2044609665427509
M85105,1.778202676864245,2.791586998087954,1.013384321223709,14.89483747609943,1.797323135755258,0.6692160611854685
M85107,1.379123850730124,2.028123309897242,0.7301243915630071,12.81773931855057,1.406165494862088,0.486749594375338
M85108,0.8602150537634409,2.216708023159636,0.7113316790736146,10.70306038047974,1.339950372208437,0.3308519437551696
M85110,0.4966403739409875,2.210536566364787,0.4382120946538124,9.445905151426624,0.8959002824033498,0.175284837861525
M85113,1.651287032540068,2.412174194592844,0.7770762506070907,15.50914683503319,1.618908855431439,0.5018617451837462
M85115,2.028854824165915,3.33633904418395,1.352569882777277,16.68169522091975,1.983769161406673,0.4508566275924256
M85116,0.9688338975137154,3.046574063266021,0.7003618536243726,14.41578148710167,1.248978638963465,0.3385082292517801
M85117,1.767081790642881,2.877818916189835,0.824638168966678,13.48030966004712,1.581958936385055,0.5217098619993268
M85118,2.152264696434308,2.409251525859299,0.8030838419530999,16.63989720526823,1.638291037584324,0.256986829424992
M85123,0.5036373810856184,3.368774482372692,0.4812534974818131,9.96082820369334,1.141578063794068,0.2574146614437605
M85124,0.7431745286708911,1.525463506219197,0.4928420558554329,8.925917233826175,0.8057576468747555,0.3363842603457717
M85128,1.276010993325481,3.003533568904594,1.060070671378092,13.03494307027876,1.590106007067138,0.7067137809187279
M85136,1.355463347164592,2.618718303365606,0.7837713231904103,13.48086675887506,1.36468418626095,0.4887044721069617
M85139,0.5551700208188758,3.001387925052047,0.7980569049271339,11.15544760582929,1.249132546842471,0.1214434420541291
M85141,2.18668407310705,3.753263707571802,1.044386422976501,23.79242819843342,2.643603133159269,0.7506527415143603
M85143,2.085889570552147,2.985685071574642,0.9679618268575324,17.08248125426039,1.990456714383095,0.6407634628493525
M85145,1.392183149427658,3.207177477570383,1.020934309580283,14.91182840053625,1.557182633804269,0.3815613076209137
M85146,0.5245294662141314,2.560937982104289,0.4473927800061709,9.33353903116322,1.064486269669855,0.1079913606911447
M85149,0.3953928141653774,4.022692109334709,0.5329207495272478,12.29155922296716,1.392470345538938,0.3610108303249098
M85153,0.5067139599695971,2.533569799847986,0.5827210539650367,11.35039270331898,1.064099315936154,0.177349885989359
M85154,0.4916201117318436,3.754189944134078,0.335195530726257,11.88826815642458,0.8715083798882681,0.0670391061452514
M85155,1.865008880994671,2.975133214920071,0.9177027827116636,13.60272350503256,1.820603907637655,0.4144464179988159
M85156,1.367674952580613,2.256164520315464,0.4791853848457622,10.65189178396726,1.177997404412499,0.5390835579514826
M85158,2.019274896741624,2.753556677374942,0.6424965580541533,16.10830656264341,1.92748967416246,0.3212482790270766
M85164,0.5907110684486451,2.732038691574983,0.4873366314701322,9.10433434246474,0.9820571512958725,0.1698294321789854
M85167,0.4708344232278315,0.6604760659168193,0.1831022756997123,3.786293486790478,0.3792832853779754,0.0261574679571017
M85170,0.4306309679835237,4.025463396367721,0.7489234225800412,11.40235910878113,1.198277476128066,0.3557386257255196
M85171,1.832371903630811,2.714625042416016,0.9161859518154056,11.33355955208687,0.9501187648456058,0.339328130302002
M85172,2.123538273907741,3.056173326637492,0.8967644737786069,16.14176052801492,1.664394863333094,0.4663175263648755
M85174,0.6172839506172839,1.675485008818342,0.6172839506172839,9.39153439153439,1.212522045855379,0.2204585537918871
M85175,3.290850294844969,3.309872550884535,1.131824234354194,19.51683469659502,2.111470420391858,0.3614228647517596
M85176,0.8235724743777453,3.019765739385066,0.6222547584187409,14.43997071742313,1.043191800878477,0.2562225475841874
M85177,1.854179761156505,2.357008170961659,1.005656819610308,14.69201759899434,1.61847894406034,0.518541797611565
M85178,0.7898672649093288,2.533183772667789,0.8366049728921293,12.26864834548514,1.217517292951954,0.2593942793045429
M85179,2.347512038523274,3.210272873194221,1.384430176565008,16.23194221508828,1.906099518459069,0.862760834670947
M85600,1.679578555934304,2.361326309265572,0.5825844437558103,14.44065695692594,1.30771614502634,0.4276417725441586
M85624,1.735289477835621,2.650260293421675,1.120050481148446,14.84461271493926,1.79839091339328,0.5205868433506862
M85634,0.4345629105608894,2.405255179383527,0.6164729661445174,11.14704396159676,0.7983830217281456,0.1414855987872663
M85642,0.7141612959414736,3.205016547639784,0.6967427277477791,16.54763978400975,1.393485455495558,0.2264413865180282
M85669,0.8391987005955605,1.556578234975636,0.4737412019491067,10.59826746074716,0.9068760151597184,0.1488900920411478
M85670,0.4876727174207532,2.384177729612571,0.8398807911135194,9.319967488485505,0.9753454348415064,0.1083717149823896
M85676,0.3442340791738382,2.26881552182757,0.5789391331560007,10.65560945079017,0.907526208731028,0.1721170395869191
M85679,0.5060198918164369,2.599895306229279,0.6630605478974001,9.788867562380036,1.151631477927063,0.2093875414412842
M85680,0.372300819061802,1.340282948622487,0.372300819061802,7.855547282204022,0.5584512285927029,0.3350707371556217
M85686,0.7313829787234043,2.593085106382979,0.6648936170212766,18.21808510638298,0.9973404255319148,0.3324468085106383
M85693,1.300813008130081,2.479674796747967,0.6097560975609756,11.26016260162602,1.382113821138211,0.3658536585365854
M85694,1.133966244725738,3.164556962025316,0.580168776371308,14.87341772151899,1.133966244725738,0.5010548523206751
M85697,1.301194539249147,2.581058020477816,1.002559726962457,15.42235494880546,1.386518771331058,0.5546075085324232
M85699,0.3995433789954338,2.511415525114155,0.4946727549467275,8.770928462709286,0.9703196347031964,0.1141552511415525
M85701,0.2699896157840083,2.242990654205607,0.4569055036344756,10.17653167185878,0.7684319833852544,0.1453790238836968
M85706,0.8999507839415033,2.657667158827252,0.6327778949588694,11.72045278773817,1.202278000421852,0.3796667369753217
M85711,0.4596527068437181,1.506639427987743,0.6384065372829418,12.2829417773238,0.5107252298263534,0.1276813074565883
M85713,0.6007133470996808,3.4353294537263,0.9573868969401164,12.57743570489957,1.013703773230711,0.3191289656467055
M85715,0.4835164835164835,2.338461538461539,0.5010989010989011,10.38241758241758,0.9494505494505494,0.0703296703296703
M85716,0.6975867269984918,2.130467571644042,0.603318250377074,10.46380090497738,1.074660633484163,0.5467571644042232
M85717,1.577584177066164,2.660701671768307,0.871203202260419,11.34918766187897,1.601130209559689,0.7063809748057452
M85721,0.2351876978742651,0.8231569425599276,0.1537765716870194,6.919945725915875,0.3256445047489823,0.135685210312076
M85730,0.9401554872536612,1.952630627372989,0.5604773097089134,10.59482914482011,1.030555053335744,0.5423973964924969
M85732,0.931174089068826,1.45748987854251,0.5263157894736842,8.74493927125506,0.8906882591093117,0.3643724696356275
M85733,1.395220334300318,2.748998480453101,0.870285951098218,12.07349081364829,1.381406271584473,0.5801906340654787
M85735,0.3445036016285625,2.254932665205136,0.6263701847792045,8.268086439085499,0.9708737864077668,0.1096147823363608
M85736,1.035673187571922,1.994629842731109,1.054852320675105,12.08285385500575,1.43843498273878,0.5753739930955121
M85739,0.2942799337870149,1.967997057200662,0.2758874379253265,8.53411807982343,0.7908773220526025,0.0551774875850653
M85746,1.455525606469003,2.731356693620845,0.8984725965858041,12.81221922731357,1.293800539083558,0.4851752021563343
M85749,0.2879078694817658,3.326935380678183,0.5118362124120281,9.181062060140754,0.7357645553422905,0.2559181062060141
M85756,0.6152732537097358,3.112558812884546,0.579080709373869,12.77596815056098,0.8324285197249367,0.3619254433586681
M85757,0.433630450493857,1.927246446639364,0.7949891592387376,11.90074680799807,0.6022645145748012,0.2890869669959046
M85759,0.7974050547371266,1.892147587511826,0.5676442762535477,9.960805514258682,1.297472631436681,0.5000675766995539
M85766,0.3985932004689332,2.227432590855803,0.328253223915592,8.980070339976553,0.7971864009378663,0.2110199296600234
M85770,2.156205079060853,3.881169142309535,1.533301389554384,17.77671298514614,2.252036415908002,0.6708193579300431
M85774,0.4785325003323142,1.794496876246178,0.3456068057955602,9.477602020470558,0.7310913199521467,0.1196331250830786
M85778,0.1301714867847643,0.2377044541286999,0.0565962986020714,1.94125304205105,0.0735751881826928,0.0339577791612428
M85779,2.042253521126761,3.274647887323944,1.373239436619718,16.26760563380282,2.007042253521127,0.7394366197183099
M85781,0.4735792622133599,1.819541375872383,0.3240279162512463,10.64307078763709,0.6231306081754736,0.2243270189431705
M85783,0.3153468815697267,1.629292221443588,0.2627890679747723,10.02102312543798,0.4905395935529082,0.1576734407848634
M85792,2.586206896551724,3.983353151010702,1.278240190249703,20.89774078478003,2.080856123662307,0.5053507728894174
M85794,0.4862630683199611,2.431315341599805,0.5835156819839533,8.849987843423293,1.142718210551908,0.0486263068319961
M85797,0.4158886436937702,0.7384145306399592,0.2461381768799864,6.255304702087932,0.4753013070785944,0.093362756747581
M85803,0.2407275320970043,1.488944365192582,0.2228958630527818,6.95435092724679,0.5438659058487875,0.1426533523537803
M86001,1.63013698630137,2.150684931506849,0.8904109589041096,13.31506849315069,1.465753424657534,0.821917808219178
M86002,2.094364042828568,2.753265090010589,1.023649841157783,16.61371926108954,1.788445699494058,0.953053300388281
M86003,1.36929948283968,2.203808180535966,0.9873060648801129,13.48142924306535,1.510343206393982,0.2938410907381289
M86004,1.068566340160285,1.120119979378544,0.4639827529643342,8.86722594554061,0.9279655059286684,0.2062145568730374
M86005,0.8774678784080225,1.551237856471326,0.532748354747728,10.43560012535255,0.8461297398934503,0.4230648699467252
M86006,1.995061728395062,2.182716049382716,1.214814814814815,13.42222222222222,1.590123456790123,0.5629629629629629
M86007,2.969636302969636,2.786119452786119,1.117784451117784,17.86786786786787,2.102102102102102,0.3670337003670337
M86008,1.785541936106553,4.729273236174115,1.573207219380369,16.61036579480745,1.650419843644436,0.7142167744426214
M86009,0.7393057642128568,1.249308136316913,0.4348857436546216,7.46026725705701,0.8855855143512295,0.2530244326717799
M86010,1.641883519206939,2.052354399008674,0.8674101610904585,13.21251548946716,1.843246592317224,0.5498760842627013
M86012,1.038656069364162,1.417991329479769,0.6502890173410405,9.338872832369942,0.9483381502890174,0.361271676300578
M86014,1.831225221823674,2.331508400981688,0.8164999056069473,13.63507645837266,1.415895790069851,0.6088351897300359
M86015,2.214577510212858,2.601591055686949,0.8241955135096395,17.07876442342149,1.920733892352899,0.5661864831935784
M86016,1.249652874201611,1.842080903452745,0.6572248449504767,12.82976950846987,1.180227714523743,0.4026659261316301
M86017,1.708824097316084,3.099053871403746,1.187487932033211,18.18883954431357,1.76675033790307,0.5599536590075305
M86018,1.967047747141897,2.261264290517821,1.101210490921318,16.28278412911903,1.546738399462004,0.5464021519838601
M86019,2.090106827682304,2.577798420808175,1.393404551788203,18.92707849512308,1.579191825359963,0.603808639108221
M86020,0.9155901166436724,1.567791295622727,0.4389815627743635,12.15351812366738,1.492537313432836,0.602031857519127
M86021,1.793046810840405,2.545852723788667,1.053928278127567,18.17684095264167,1.888858472488366,0.670681631535724
M86027,1.264167393199651,1.249636733507701,0.4141238012205754,8.747457134553908,0.9880848590526008,0.2106945655332752
M86028,1.085362276327369,3.021413904370783,0.792021120563215,15.16573775300675,1.496039894397184,0.3520093869169844
M86029,1.446987634832939,1.336490397263878,0.5840568271507498,8.692449355432782,1.173375427519074,0.3735858984477769
M86030,2.428137832529905,2.106766648812712,1.214068916264953,13.4261738975183,1.44617032672737,0.5891805034815212
M86032,1.477832512315271,2.375655490227237,1.128237724455744,13.37200063562689,1.851263308437947,0.6753535674559035
M86033,1.86575654152446,2.457337883959044,1.478953356086462,20.52332195676906,2.070534698521047,0.7508532423208191
M86034,2.609970674486803,2.854349951124145,1.44672531769306,18.81720430107527,2.570869990224829,0.801564027370479
M86035,1.615625753556788,2.182300458162527,0.9524957800819868,13.6966481794068,1.892934651555341,0.5425608873884735
M86037,1.504751847940866,2.79831045406547,0.8711721224920803,13.17317845828933,1.557550158394931,0.4487856388595565
M86038,3.48879911861917,3.562247521116416,1.652589056188028,21.33676092544987,2.827763496143959,0.6977598237238339
M86039,3.131480713396931,4.126918291165492,2.156781418498548,17.60680215678142,2.405640812940689,0.3732890916632103
M86040,1.7870819504723,2.50191473066122,0.8169517487873373,15.64973193770743,1.889200919070717,0.3318866479448557
M86041,1.158410246750801,1.836504049726879,0.6686758334902996,12.01732906385383,1.158410246750801,0.4049726878884913
M86044,0.979538528515455,2.002612102742708,0.5659555942533739,12.79930343926861,0.936003482803657,0.5441880713974749
M86045,0.7619548081975828,3.13977929584866,0.8801891749868628,13.22911192853389,0.9458749343142407,0.2758801891749869
M86046,1.550101494740727,2.306698652887987,0.9411330503782986,16.49750876545488,1.679276619302454,0.4982469090238051
M86048,0.8173722093448823,2.012931560326949,0.4879834085641088,11.62620470903989,1.195559350982067,0.3537879712089789
M86605,2.53539677313138,2.963450773789924,1.382943694435298,16.62825156404346,1.778070464273955,0.5926901547579849
M86610,0.2118083134763039,0.3971405877680699,0.172094254699497,4.050833995234314,0.2647603918453799,0.0264760391845379
M86612,0.5412054120541205,1.180811808118081,0.3444034440344403,8.979089790897909,0.6150061500615006,0.3444034440344403
M86617,0.8891780524831923,2.081977878985036,0.7373671654738668,11.5593146822815,0.9108653220559532,0.2602472348731295
M86622,2.226779958980369,4.014063873425139,1.142689715792558,14.21037210665104,2.021681804863756,0.4394960445355992
M86624,0.7521153243497336,2.029144468818552,0.7286117204638044,12.41773738639925,1.190849263553745,0.5562519586336572
M86627,0.6970665117629974,1.553877432471682,0.3485332558814987,12.28579726982283,0.7551553877432472,0.4937554458321232
M86633,0.5607149115121781,1.489398983704223,0.7709830033292447,12.94900998773436,0.6658489574207114,0.1226563868932889
M86638,1.961645439906309,2.151954325867369,0.9808227199531548,16.17625530669009,1.888449714536671,0.7173181086224565
M87001,3.207575989002597,4.185122957079578,0.946998625324576,20.80342141438827,1.893997250649152,0.4734993126622881
M87003,4.089416251721581,4.995232545820532,1.514990994808772,20.73842568068651,2.585019599533849,0.5032312744994173
M87005,2.824163139669103,3.870719507502886,1.031165833012697,20.03847633705271,1.854559445940747,0.5540592535590612
M87006,2.761296211775445,4.164764947512551,1.42628936558649,19.44317663167504,1.802829758101324,0.4450022820629849
M87007,3.532908704883227,3.957537154989384,1.0276008492569,19.79617834394904,2.114649681528662,0.5010615711252654
M87008,3.241924238903091,4.740878456890542,1.16198001394376,20.4276086451313,2.219381826632582,0.5345108064141296
M87009,2.482544608223429,3.544787253088261,0.7698275347615922,16.54830816972012,1.67691114161246,0.5251536671241869
M87010,1.780253385757973,3.00349497597204,0.8519003931847969,13.76146788990826,1.430755788553954,0.6989951944080385
M87011,3.326554328878559,3.994770482277746,1.583381754793724,20.85633352701917,2.095438698431145,0.5047937245787333
M87012,1.968070465180292,3.069088907239196,0.9633911368015412,14.06551059730251,1.224883016790531,0.2064409578860446
M87013,1.71990171990172,3.667953667953668,1.298701298701299,14.61038961038961,1.79010179010179,0.6142506142506142
M87014,2.555596510627841,3.80882172257034,1.118073473399681,17.23798992505222,2.100995208256542,0.3563091288856125
M87015,3.691693689199302,4.32776253429783,1.958094287852332,22.9109503616862,2.369668246445498,0.6485407832377151
M87016,2.687634024303074,4.045746962115797,1.186561829878485,17.81272337383846,2.315939957112223,0.4002859185132237
M87017,1.612717428867642,3.916599470107131,0.99066927773298,13.9730445801175,1.336251583918903,0.6220481511346618
M87018,5.481886534518114,5.974025974025974,3.089542036910458,24.25153793574846,4.415584415584416,0.9569377990430622
M87019,2.565418163160595,4.942705661022747,1.385325808106721,20.11287839917907,2.223362408072516,0.7696254489481785
M87020,2.68701633705933,3.794067067927773,1.20378331900258,17.77730008598452,2.04213241616509,0.5803955288048152
M87021,2.39252814738997,3.480040941658137,1.151484135107472,18.65404298874104,1.586489252814739,0.5629477993858751
M87023,3.099194617188297,4.251197879498419,1.529207870323173,20.45060658578856,2.324395962891222,0.7747986542970742
M87024,2.762430939226519,4.446198368850303,1.324212926422871,19.46856090502499,2.082785231956503,0.5612558098745943
M87025,2.56941566514712,4.061334438458351,0.9531703273932864,16.78408619975135,2.300041442188148,0.4973062577704103
M87026,2.136115250869349,3.245570458685213,1.126014240768339,15.49925484351714,1.705580394104984,0.546448087431694
M87027,2.740957088294765,3.999101325544822,1.932150078634015,17.70388676701865,1.932150078634015,0.4493372275893057
M87028,2.035875426433366,3.455485858919336,0.9904258831297456,14.52624628590294,1.540662484868493,0.5722460658082975
M87030,3.228679581384993,5.165887330215988,1.246938321086618,18.81540859496771,2.182142061901581,0.6680026720106881
M87034,1.60436934630483,3.208738692609661,1.382488479262673,17.54565625533368,1.570233828298345,0.2560163850486431
M87036,1.16003163722647,2.399156340627472,0.7118375955707883,12.12760348009491,1.054574215660427,0.2636435539151068
M87037,3.316035944817112,4.012150360713833,1.075813188204025,20.08606505505632,2.202252879382356,0.4429819010251867
M87041,3.159094609998372,4.152418172936004,1.18873147695815,18.49861586060902,1.628399283504315,0.5210877707213809
M87601,1.592170610575519,3.2719836400818,0.7595676307332748,12.82500730353491,1.256208004674262,0.4528191644756062
M87602,2.660049627791563,4.0,1.121588089330025,19.41439205955335,1.965260545905707,0.5062034739454094
M87605,1.124834583149537,2.602558447287163,0.5734450816056462,10.65284516982797,1.168945743273048,0.4852227613586237
M87612,2.074857607811229,4.190398698128559,1.017087062652563,15.13425549227014,1.790073230268511,0.4068348250610253
M87617,1.030274211443969,2.789665557140593,0.5864637818988746,13.8690759232842,1.204628308765256,0.4438104295450943
M87618,2.00339558573854,3.599320882852292,0.5432937181663837,19.52461799660442,1.290322580645161,0.2376910016977928
M87620,1.437340919299296,2.650097319958078,0.8384488695912561,13.86435095074113,1.362479413085791,0.4491690372810301
M87623,0.7343941248470013,2.876376988984088,0.7037943696450428,13.58629130966952,1.13219094247246,0.4283965728274173
M87628,4.756842944459208,5.554079192133936,2.365134201435025,21.87084772787669,4.783417486048366,0.77066170608557
M87638,2.567427385892116,3.993775933609958,0.9595435684647304,18.90560165975104,1.919087136929461,0.4149377593360996
M88001,2.034939527740449,4.684200422345939,0.9886734497984258,16.0491457093492,1.794970243808792,0.7679017085813016
M88002,1.340482573726542,2.831099195710455,0.8900804289544236,12.22520107238606,1.672922252010724,0.4289544235924934
M88003,2.792306394466003,4.606040155221866,1.670322254091446,18.9218829087228,2.227096338788594,0.5820819976379281
M88004,2.117647058823529,3.593808049535604,1.206191950464396,16.70588235294118,1.671826625386997,0.5919504643962848
M88006,1.03305785123967,2.793388429752066,0.7024793388429752,13.26446280991735,1.504132231404959,0.4132231404958678
M88007,2.478492421138877,4.281032363785334,1.874231872183531,17.47234739860713,2.242933224088488,0.5223269151986891
M88008,2.204176334106728,3.944315545243619,1.024748646558391,18.17478731631864,1.875483372003094,0.5220417633410672
M88009,1.24494242141301,3.164228654424733,0.944081336238199,15.56178026766262,1.400560224089636,0.5913476501711796
M88010,2.059778349938431,4.063584462106795,0.9851113847531624,16.14239337288705,1.656778237993955,0.8171946714429643
M88013,2.44915194594975,3.98339080864241,1.470898726159476,16.1939615736505,1.801674994721655,0.6685903300724892
M88014,1.460289077633736,3.144091789599166,1.519892713455521,14.88600804649084,1.251676352257488,0.5662345403069587
M88015,1.849938961404827,3.061320311766363,1.051741947600714,15.71978589538924,1.389801859329514,0.328669358625223
M88016,1.358326541700625,2.037489812550937,0.8421624558543873,12.98560173865797,1.249660418364575,0.4346644933441999
M88018,1.897524572260648,3.81780123771387,1.155806334182745,14.63414634146341,1.624499453949763,0.8691299599563159
M88019,1.081612586037365,2.064896755162242,0.950508030154048,10.52114060963618,0.7866273352999017,0.3605375286791216
M88020,2.010681746779767,2.937480364436067,0.7697141061891298,13.06157712849513,1.578699340245052,0.3770028275212064
M88021,2.096701310438319,3.967464979665612,1.292363307727067,17.39719837324898,1.888838680524175,0.2530501581563488
M88022,2.373806275579809,4.17462482946794,1.009549795361528,19.80900409276944,1.855388813096862,0.4911323328785812
M88023,1.487341772151899,3.560126582278481,0.949367088607595,13.10126582278481,1.518987341772152,0.4905063291139241
M88026,1.568111084510414,2.932726837443141,0.9456547761551352,14.10102944697151,1.639932966243715,0.5386641129997606
M88030,3.340828782524895,5.011243173787343,2.216511403790556,20.12528107934468,2.425313202698362,0.7709604882749759
M88035,1.657458563535912,2.955801104972376,0.7458563535911602,16.60220994475138,1.712707182320442,0.6077348066298343
M88038,2.000288850375505,4.708261120739457,1.444251877527441,19.76458694396303,2.050837666088966,0.6571346042749855
M88040,0.9045077105575328,3.529062870699881,1.037959667852906,14.99110320284698,1.438315539739027,0.4151838671411625
M88041,0.4523607577042691,2.572801809443031,0.8481764206955046,11.62001696352841,1.413627367825841,0.1130901894260673
M88042,1.006542526421741,1.59369233350109,0.6710283509478275,11.44103338366046,0.97299110887435,0.2348599228317396
M88043,1.998108299834476,3.156774651217782,1.217781981555923,14.93260818160322,1.44242137621187,0.2837550248285647
M88600,1.175088131609871,2.867215041128085,0.9400705052878966,14.12455934195065,1.104582843713279,0.1175088131609871
M88610,0.7270461154964687,2.326547569588699,0.8516825924387205,11.13419194017449,0.8516825924387205,0.3323639385126714
M88612,2.157525344424227,4.44502209513907,2.10553678190798,12.29529503509228,2.079542500649857,0.857811281518066
M88616,1.279279279279279,2.990990990990991,0.960960960960961,14.44444444444444,1.543543543543544,0.4804804804804805
M88618,1.117589893100097,3.109815354713314,0.6316812439261419,15.84062196307094,2.332361516034986,1.020408163265306
M88619,1.492537313432836,3.102668475802804,0.9045680687471732,16.99683401175939,1.483491632745364,0.4432383536861149
M88620,1.424832800232626,2.617039837161966,0.8432683919744113,13.78307647571969,1.134050596103519,0.5234079674323932
M88625,1.026092055115802,2.697156259161536,0.6156552330694811,13.92553503371445,0.8795074758135445,0.4397537379067722
M88626,1.27960794990471,4.6555948815682,0.8167710318540702,15.00136128505309,1.660767764769943,0.2994827116798258
M88628,0.6876790830945558,3.495702005730659,0.5444126074498568,15.07163323782235,1.404011461318052,0.4584527220630372
M88630,1.421616358325219,4.050632911392405,0.9347614410905548,15.46251217137293,1.421616358325219,0.447906523855891
M88633,0.7538740751081949,2.568756107776072,0.7259528130671506,13.59765461398855,1.102889850621248,0.3071338824514868
M88635,1.549680948040109,3.874202370100273,1.093892433910665,17.54785779398359,1.549680948040109,0.683682771194166
M88639,0.7780979827089337,3.573487031700288,0.7492795389048991,14.26512968299712,1.239193083573487,0.3746397694524495
M88640,0.853658536585366,3.780487804878049,0.6829268292682927,13.34146341463415,1.341463414634146,0.3170731707317073
M88643,1.565914056809905,4.133284777858703,1.256372906045157,16.29643117261471,1.656955571740714,0.4552075746540423
M88645,1.680034684587037,3.685237372642532,0.7587253414264037,13.7329286798179,1.57164535009755,0.4335573379579449
M88646,1.803155522163786,4.357625845229151,1.389932381667919,16.97971450037566,1.502629601803156,0.1502629601803156
M88647,0.4914004914004914,1.654381654381654,0.6224406224406225,9.762489762489762,0.7371007371007371,0.1146601146601147
M89001,2.237569060773481,3.535911602209945,1.215469613259669,21.40883977900553,1.823204419889503,0.7458563535911602
M89002,1.769636758770568,2.980440856876747,0.9003415088481838,16.00434647624961,1.66097485253027,0.5898789195901893
M89003,2.898256992298338,2.98946088366437,1.033644102148358,16.29762869882449,2.234495338467775,0.5598905553303607
M89005,2.841568081651589,2.574808629088379,0.8930642542333566,14.61377870563674,2.099280909301786,0.2899559266991417
M89007,1.793062904174015,2.660199882422105,0.6760728982951205,13.55085243974133,1.572604350382128,0.3527336860670194
M89008,2.033204124917721,3.174138813720471,1.221385211731149,15.56351934469392,2.106340963943539,0.6947999707452645
M89009,2.278209595282766,3.287769141427678,1.232913428035379,15.81345483784508,1.965514160636112,0.6253908692933083
M89010,3.176492127425851,2.883559135847675,0.8330281948004394,15.63529842548517,2.471622116440864,0.1922372757231783
M89012,2.237136465324385,3.364653243847874,1.378076062639821,16.83221476510067,1.861297539149888,0.6890380313199105
M89013,1.29094723253187,2.565757624657092,0.6293367758592867,12.941746006132,1.081168307245441,0.4841052121994514
M89015,2.408163265306122,2.718367346938776,0.7020408163265306,15.46122448979592,1.942857142857143,0.5714285714285714
M89016,2.938627590010242,3.371937288269125,1.315685811076972,18.83715433703616,2.387142519498936,0.5672417868116284
M89017,2.693768462512308,3.080602053734702,1.148192432128288,15.41004360669574,1.942959628639752,0.4466169644113096
M89019,1.926816333745802,2.72229096694361,0.9015379176241824,12.73643273820046,1.643980908608803,0.3358670673501856
M89021,2.685395579425738,3.449700475108449,1.487296013220409,19.23156372650279,2.189630241685602,0.4957653377401363
M89024,1.578687715836211,2.738036507153429,0.7153428712382831,11.86482486433152,1.504686729156389,0.5673408978786384
M89026,2.326885337818895,3.635174282777311,1.084010840108401,19.85795720026166,1.822259601906364,0.6447995514437903
M89027,1.723106377886802,2.417135335646763,0.8735192054565035,14.41904989828886,1.45985401459854,0.6581309082206533
M89030,2.586350742532955,2.25262806607709,0.6007008176205573,15.55147672284332,1.952277657266811,0.3504088102786584
M89608,2.84640171858217,2.470461868958109,1.074113856068743,16.29967776584318,2.336197636949517,0.4027926960257788
M91003,2.016472593013348,3.209315535359273,0.6106219823913661,17.09741550695825,1.860266969610906,0.3834138028969043
M91004,1.536750581336568,3.134162369831159,0.4044080477201497,10.73703366696997,1.374987362248509,0.6672732787382469
M91006,2.849264705882353,3.492647058823529,1.792279411764706,17.27941176470588,2.022058823529412,0.8272058823529412
M91007,3.757520717448064,4.336474060619821,1.260074923373822,21.94346690884323,2.531501873084346,0.7038256328754683
M91008,1.664412774368043,3.162384271299282,0.9258296057422242,14.23072922084677,1.612399875169042,0.4889212524706127
M91009,2.784588441330998,4.605954465849387,1.225919439579685,21.75131348511384,1.926444833625219,0.7530647985989491
M91010,3.728737185986256,4.720063084375352,2.241748338402614,20.45736172130224,2.388194209755548,0.6083136194660358
M91013,2.787490287490288,3.807303807303807,1.68997668997669,19.52214452214452,2.03962703962704,0.777000777000777
M91014,1.671397035635446,3.68968779564806,1.450646483759066,15.42100283822138,1.41911069063387,0.315357931251971
M91016,2.473347547974414,3.610518834399432,1.293532338308458,18.52167732764748,2.018479033404406,0.767590618336887
M91017,3.646038628301143,5.409932991722507,0.9558533701221916,21.48206543161214,3.281434765471029,1.340165549862042
M91018,1.625338612210877,2.500520941862888,0.9793707022296312,12.69014377995416,1.458637216086685,0.4584288393415295
M91019,3.25713129678333,4.56537864994268,1.840987254703621,17.95131161912469,2.468136759053207,0.5934317890619731
M91021,2.476190476190476,4.101587301587301,1.180952380952381,18.22222222222222,2.158730158730159,0.7111111111111111
M91024,4.303197789182788,4.776944334780892,1.026450848795894,24.12159494670351,1.89498618239242,0.3158310303987367
M91026,1.096033402922756,2.261656228253305,1.026443980514962,12.49130132219903,1.061238691718859,0.2609603340292276
M91028,2.463112803426939,4.2003807710614,1.689671584959543,20.3117563065207,1.844359828653023,0.6901475487862923
M91032,2.490459931713195,3.334002811809601,0.9841333601124724,17.87507531632858,1.566579634464752,0.4619401486242217
M91033,2.288786482334869,3.4715821812596,1.705069124423963,17.45007680491551,2.012288786482335,0.8602150537634409
M91034,3.903015966883501,4.573230829883698,1.833234772324069,18.86457717327026,3.035679085353834,0.5716538537354623
M91036,1.151778858459176,3.020220117737394,0.947018172510878,12.77194778602508,1.279754287176862,0.5119017148707449
M91602,1.829008932369204,3.317737133134836,1.063377286261165,15.56784347086346,1.616333475116972,0.6380263717566993
M91609,2.572202166064982,3.51985559566787,1.173285198555957,17.91516245487365,2.120938628158845,0.4061371841155234
M91611,1.761968085106383,2.859042553191489,1.196808510638298,14.22872340425532,1.595744680851064,0.7313829787234043
M91612,2.365839584535487,3.721869590305828,1.673398730525101,16.24350836699365,1.644547028274668,0.4904789382573572
M91613,0.7768361581920904,2.723970944309927,0.665859564164649,10.39144471347861,1.311541565778854,0.4035512510088781
M91614,1.968680089485459,3.456375838926175,1.856823266219239,16.89038031319911,1.845637583892618,0.5704697986577181
M91616,1.57244477723699,4.467739922625733,1.29789092724323,17.32185199051541,1.971795831773368,0.4617496568076875
M91619,1.354797577303156,3.219636595473383,0.5897354160025502,13.06981192221868,1.115715651896717,0.3028371055148231
M91621,0.4858142246404974,3.089778468713564,0.3497862417411582,10.53245239020598,1.321414691022153,0.1165954139137194
M91623,3.626943005181347,5.129533678756477,1.813471502590673,17.2538860103627,2.538860103626943,1.139896373056995
M91624,1.753919744884401,3.720435822482062,0.9301089556205157,12.19771458942333,1.753919744884401,0.8769598724422003
M91628,1.063486948114728,5.671930389945214,0.6445375443119562,18.49822752175314,1.740251369642282,0.4511762810183694
M91629,0.7702002520655371,2.240582551463381,0.5741492788124912,10.44671614619801,0.9522475843719368,0.4341128693460299
M91637,2.781226719642413,3.352371492426124,0.8194685870374968,16.24037745219767,1.936925751179538,0.248323814253787
M91639,3.210741389375365,4.786923525977817,0.8756567425569177,18.0385288966725,1.868067717454758,0.7589025102159953
M91640,1.351351351351351,3.403403403403404,0.8758758758758759,14.13913913913914,1.401401401401401,0.5005005005005005
M91641,1.645787275853599,3.021370670596905,0.908867600098256,14.68926553672316,1.449275362318841,0.5895357406042742
M91642,1.728247914183552,3.575685339690107,0.9535160905840284,15.91179976162098,1.370679380214541,0.7151370679380215
M91647,2.574257425742574,4.392439243924392,1.08010801080108,16.32763276327633,2.07020702070207,0.6480648064806481
M91650,2.826777692560535,4.809904678426646,1.446258354333297,17.09214418757533,2.246083050290347,0.7012161717979621
M91654,1.643753735803945,2.510460251046025,0.3586371787208608,14.88344291691572,1.255230125523012,0.7172743574417215
M91659,0.3207932341790609,3.557888597258676,0.4957713619130942,12.16097987751531,0.9332166812481774,0.2333041703120443
M92001,1.952900631820793,2.757036186099943,0.9764503159103964,14.33084434233199,2.039058012636416,0.6892590465249857
M92004,2.528658125421443,3.068105192178018,1.550910316925152,17.43088334457181,2.494942683749157,0.7754551584625758
M92006,2.097457627118644,3.453389830508474,0.7627118644067797,17.07627118644068,1.525423728813559,0.5720338983050848
M92008,3.023893458676068,3.642773207990599,1.707794751273012,17.10928319623972,2.27183705444575,0.4465334900117509
M92009,2.545481769858501,3.174365501235307,0.9058920416261136,18.85902523021637,2.051358838062439,0.7561578198697312
M92010,2.942209731248902,3.618478833655366,1.528192517126296,18.92675215176532,2.25715791322677,0.5445283681714386
M92011,2.341367698141224,3.457693633495081,1.315196351390767,16.83504361891125,1.972794527086151,0.5250178983374434
M92012,1.415014404338248,2.533468903575665,1.330283002880868,16.1159125571937,1.347229283172344,0.4406032875783766
M92013,1.899875190680904,3.064762168908612,1.164886978227708,15.73984190819581,1.733462765219803,0.6101788933573706
M92015,0.9191176470588236,1.930147058823529,0.7352941176470588,12.29319852941176,0.8501838235294117,0.2068014705882353
M92016,0.6342494714587738,1.661129568106313,0.5134400483237693,10.1523061655952,0.94921689606075,0.2718212020537602
M92019,2.495628675886187,3.353997774598633,0.8901605468129073,16.35670004768717,2.336671435383882,0.683516134159911
M92022,1.71919770773639,2.960840496657116,0.7640878701050621,14.13562559694365,1.552053486150907,0.4059216809933142
M92026,2.559055118110236,3.425196850393701,1.948818897637795,16.39763779527559,2.106299212598425,0.6299212598425197
M92028,1.122652397439933,1.290525653131885,0.7134613366907985,9.002203336480957,1.196096946805162,0.2518098835379289
M92029,2.922077922077922,4.049897470950103,1.349965823650034,20.69377990430622,2.392344497607656,0.5297334244702666
M92039,2.175165658311726,2.909824258138865,0.7202535292422932,17.61740132526649,1.642178046672429,0.5041774704696053
M92040,1.453061224489796,2.424489795918368,1.240816326530612,13.83673469387755,1.436734693877551,0.7918367346938775
M92041,1.630319712047428,2.201990260427694,1.18568706330722,14.37645564260004,1.545627778954055,0.4446326487402075
M92043,2.552236712943486,3.70214556163231,1.318188192399383,15.25732716309073,2.257747861450007,0.4767914738465853
M92607,0.9390183982093138,2.385761860566687,0.8680460774144237,14.194464158978,1.370311732270568,0.3603210132663646
M92609,1.710229106163278,3.081639238464021,0.5324298160696999,15.68247821878025,1.613423685059697,0.3065505001613424
M92612,1.677486367177357,2.926512594131394,1.472344845494677,15.73617242274734,1.846273695144118,0.5608932744741626
M92627,2.826510721247563,3.386939571150097,1.242690058479532,16.49610136452242,2.339181286549707,0.7553606237816763
M92629,1.191895113230036,2.050059594755662,0.7628128724672228,15.68533969010727,1.287246722288439,0.5244338498212158
M92649,1.823092505064146,2.610848525770876,1.260409633130767,15.14742291244655,1.868107134818816,0.4726536124240378
M92654,1.634451392836839,2.814098919840819,0.923820352472996,16.01762364980102,2.075042637862422,0.5827174530983513
N81001,4.367679174111575,4.665475481437364,1.925749454040103,21.75898352193766,2.958109986102839,0.4963271788763153
N81002,3.716770594026912,3.487036429274696,1.846078109616016,17.06596652445028,2.617328519855596,0.4758779127010174
N81005,3.673717235097662,4.038052828661066,1.528185406335391,19.36038862463313,2.449144823398441,0.7084303208177309
N81006,3.026947212993725,3.377630121816169,1.162790697674419,16.57438169066076,2.307124400147656,0.6644518272425249
N81007,2.996659461583808,3.821968952642955,2.063273727647868,21.96895264295539,2.426802908233445,0.8646099430143446
N81008,3.613222858119074,4.211155718800717,2.015887930298113,18.42487400700436,2.733407363116084,0.7431451268471855
N81009,2.925357470812016,3.397612488521579,1.01010101010101,16.60763478945297,1.770956316410862,0.7346189164370982
N81010,2.795440911817636,3.059388122375525,1.799640071985603,19.20815836832633,2.183563287342531,0.4559088182363527
N81011,3.168289672198601,4.004937594294335,1.645864764778494,17.96735701549856,1.961322178027705,0.6446303662049102
N81012,2.097148541114059,3.299071618037135,1.475464190981432,16.32128647214854,1.931366047745358,0.5553713527851458
N81013,3.266475644699141,3.080229226361032,1.246418338108882,18.86819484240688,2.349570200573066,0.5300859598853869
N81014,3.00832088756134,3.200341369746106,0.9280989972263708,14.88158736931939,1.866865799018562,0.4587155963302753
N81016,1.655669975951162,2.395634211013134,1.183942776099155,12.43756551766665,1.486094838749461,0.3853980390947771
N81018,3.902140672782874,4.085626911314985,1.284403669724771,18.65443425076453,2.519877675840978,0.8440366972477064
N81019,2.284721758300488,4.128532300086847,1.215846081902599,17.60304629567774,1.883893379651279,0.9753490547130736
N81020,4.364600916325054,5.071939554698175,1.631701631701632,23.61546499477534,3.054416847520296,0.948476810545776
N81022,3.628084606345476,3.845475910693303,1.615746180963572,17.54112808460635,2.643948296122209,0.6316098707403055
N81024,2.767749699157641,3.360177728408775,1.962417846894381,17.19892622419698,2.295658613348144,0.6942515967786725
N81025,2.331299517348147,2.905017757945542,1.611875056916492,15.49949913486932,1.994353883981423,0.5555049631181131
N81027,3.553954879043218,3.601522152758902,2.303615112802392,18.43571622723566,2.799673824408806,0.5979885838543082
N81028,2.039939875456302,2.512347004509341,0.977023835086966,14.6338844749839,1.631951900365042,0.4938801803736311
N81029,3.125747548042421,3.006139861255083,0.7814368870106052,18.37971453632087,2.017382983813093,0.8691491906546528
N81030,4.045861096104208,3.991836244672549,1.590731736598836,20.27732757068251,2.443123836965004,0.6242871720991656
N81031,4.570880613712642,3.883650311650951,1.59821000479463,18.37941505513825,3.404187310212562,0.5593735016781205
N81032,2.812620104119353,3.431047133223856,1.78190838894518,16.46343593864645,2.305999091576115,0.5485482687537123
N81033,3.266620657925006,3.611686220381872,1.518288474810214,15.70048309178744,2.49597423510467,0.3795721187025535
N81034,2.671583383503913,2.822095123419627,1.151414810355208,15.0737507525587,1.595424443106562,0.6321493076459964
N81035,3.47193856711053,5.187484682623968,1.878931459848052,18.96086921003186,2.369087492851891,0.767911118372682
N81036,2.576470588235294,3.635294117647059,1.235294117647059,14.74117647058824,2.211764705882353,0.611764705882353
N81037,3.140038498556304,4.331087584215592,1.720404234841193,19.57410972088547,2.165543792107796,0.926371511068335
N81038,3.63940329218107,3.960905349794239,1.723251028806585,20.0488683127572,1.877572016460906,0.5401234567901234
N81039,3.352670192799863,4.043678553147927,2.192458624808053,19.75772052550759,2.729909571745436,0.8957515782289711
N81040,1.978469595577538,2.894966540587722,1.163805644457375,13.32557462903695,1.818446319464649,0.7710212394530114
N81041,2.622418194476677,3.411464376885588,0.8470642840566256,17.48665583662103,2.053840798329079,0.5801810164771408
N81043,3.665365688104531,4.225352112676056,1.425419989818429,21.63583913117258,2.477515696589174,0.6448328525369083
N81044,2.803393581704168,3.587237181851715,1.604573957949096,17.29066765031354,2.379195868683142,0.7561785319070454
N81045,3.654071470415934,4.759812536613943,1.881956649091974,18.81956649091974,2.775336848271822,1.076449912126538
N81046,2.790057962471756,2.9865409175754,1.01188721878377,13.70468611847922,1.846939777974261,0.5206798310246585
N81047,3.192951256971951,3.944709401018511,1.608600759841565,18.64845202489694,2.748363107266996,0.8972597203136368
N81048,2.430345245305875,3.82344033918837,1.423379769836463,16.97456087219867,1.923076923076923,0.7495457298606906
N81049,3.540722544576681,3.964253949430351,3.341662784295456,22.3201050357884,3.832959213925713,1.279064842658083
N81050,3.009318193390702,3.579611996537502,1.940017312490453,18.23412597382759,2.082590763277153,0.9012678853302102
N81051,3.661294882668928,3.901611535199322,1.936669493921402,22.03845066440486,2.798982188295165,1.15917444161719
N81052,2.807071960297767,3.093982630272953,1.225186104218362,16.88895781637717,1.915322580645161,0.4652605459057071
N81053,2.242230612837642,3.438861458030787,1.702004066221319,13.91809468486785,2.097008422887017,0.7144931745570724
N81054,2.578637323552295,4.645993108814049,1.311548293875736,16.39435367344671,2.345226186506613,0.9225297321329332
N81055,3.277525539160046,4.143019296254256,1.759364358683314,20.80022701475596,2.170828603859251,0.4540295119182747
N81056,2.182741116751269,3.218274111675127,1.228426395939086,18.72081218274112,1.786802030456853,0.700507614213198
N81057,2.77289741043465,4.323581086242457,0.9319379726529676,17.61515545030937,2.329844931632419,0.985409823542892
N81059,3.299512662778621,4.106415275225693,1.533913877127107,17.41631381321403,2.356794759127586,0.479348086602221
N81060,4.377028993619165,4.242695622971007,1.477667077129744,20.03806112168364,2.843389678719356,0.7724168812269114
N81061,2.690046826741058,3.706286739065458,1.354986549765866,17.49526751021222,2.171963734183521,0.826940320812992
N81062,3.281083953241232,3.925345377258236,1.155685441020191,18.34484590860787,2.577045696068013,0.8103081827842721
N81063,1.804679389922543,2.722989698953925,1.381458117064601,13.96630200431206,1.780723468817376,0.6468098698394953
N81064,2.845469137603969,4.46519772362469,1.736465781409601,17.10199912447104,2.101269516999854,0.7879760688749453
N81065,1.750334265224261,2.443174911875532,0.8630120335480735,12.92087030509298,1.616628175519631,0.6928406466512702
N81066,2.518720217835262,4.404356705241661,1.007488087134105,18.75425459496256,2.157930565010211,0.8168822328114363
N81067,2.576137976203472,3.165593275843249,1.32081650474839,17.74915402248663,2.172251937561402,0.5567077829931231
N81068,2.18146085817229,3.517851293809368,1.919423517851294,15.94497215853259,2.030789387487717,0.8909269570913856
N81069,4.097476816907483,3.666163467759327,2.45848609014449,20.25016174250593,2.523183092516713,0.6469700237222342
N81070,3.413133352562254,3.845784059225075,1.730602826651283,19.06547447360831,2.605518700124988,0.855686953177579
N81071,3.194816800714924,4.244861483467382,1.630920464700625,24.66487935656836,2.636282394995532,0.7596067917783735
N81072,2.400202122283982,4.029813036887317,1.111672561899949,15.89186457806973,1.819100555836281,0.7200606366851946
N81074,1.85826197850246,3.552559664784114,1.421023865913646,15.37620695937329,1.87648023319366,0.9473492439424304
N81075,3.406459475929311,3.875685557586837,1.243144424131627,16.40463132236441,2.614259597806216,0.7068860450944546
N81077,3.710247349823322,3.787064065140575,2.266093101858965,18.83545859579045,2.857581809801813,0.6606237517283761
N81079,2.586637371417158,3.265754519125137,1.308299211025667,15.76949965045441,1.677818835513832,0.8888445021472087
N81080,2.286689419795222,2.878270762229806,1.103526734926052,13.83390216154721,1.547212741751991,0.6939704209328783
N81081,2.314625153625563,2.017615731257681,1.19827939369111,12.16714461286358,1.372388365424007,0.4813600983203605
N81082,3.097949886104784,4.243410348193947,1.438333875691507,16.78490074845428,2.245362837617963,1.178001952489424
N81083,1.474926253687316,2.674532940019665,0.8456243854473944,14.47394296951819,1.533923303834808,0.7669616519174041
N81084,3.181796723787943,3.587782655903319,1.926072794221782,18.51956757777463,2.511447859132323,0.580654298258037
N81085,2.869891491735118,2.869891491735118,1.440016225534936,17.49315485244904,2.352702565662712,0.8112767467802454
N81087,3.245755860953921,3.552950687146322,1.649151172190784,17.81325788197251,2.388843977364592,0.7073565076798707
N81088,2.566743246454884,2.828170799334548,0.7525944704111542,15.4400697140141,2.004277905410758,0.6971401410124376
N81089,3.30377748086967,4.129721851087089,1.664034981173327,19.81051864447953,3.024413943884368,0.8259443702174176
N81090,3.025689819219791,3.672692673644149,1.579448144624167,17.27878211227402,2.47383444338725,0.7421503330161751
N81092,2.964699393270822,3.378378378378379,1.74434638720353,15.35438499724214,2.206287920573635,0.4550468836183122
N81093,2.86425902864259,3.823163138231631,1.749688667496887,19.54545454545455,2.13574097135741,0.8405977584059776
N81096,2.734286362604947,4.322668481960518,1.758565917857953,19.40095302927162,2.167007034263671,1.077830723848423
N81097,2.119026149684401,2.592425608656447,1.330027051397656,15.44183949504058,1.75834084761046,1.014427412082958
N81100,3.289224952741021,3.201008191556395,1.172022684310019,16.32010081915564,2.041587901701323,0.4914933837429111
N81101,2.417031934877896,2.680025046963056,0.8766437069505322,12.91170945522855,1.753287413901064,0.300563556668754
N81102,6.182161396885324,5.828220858895705,4.223690420009438,22.27465785747994,6.370929683813118,1.698914582350165
N81107,2.238187344570323,2.956617850234871,0.8565902182923459,13.95413097540757,1.630284609008013,0.7736943907156674
N81108,2.905636011438059,3.173139009316484,0.6364726501245273,15.99483442486855,1.909417950373582,0.4058666174707131
N81109,2.359452374016895,3.160501019516458,1.150597145353918,16.41421497232741,1.937081270026216,0.5825808330905913
N81111,3.461381837925886,3.800732998506855,1.615311524365413,18.20279625356319,2.782679516763947,0.7058504140084159
N81113,2.427052086173984,3.245159530951732,1.445323152440687,19.88001090809926,1.922552495227707,0.6953913280610854
N81114,2.711833455076698,4.43754565376187,1.433528122717312,18.86413440467495,2.81227173119065,1.132213294375457
N81115,1.840413462750536,2.117736039329384,0.7563342997604942,12.36606580108408,1.563090886171688,0.5798562964830455
N81117,2.328410078192876,3.17984361424848,1.459600347523892,15.32580364900087,2.11989574283232,1.07732406602954
N81118,2.593360995850623,3.22729368372522,0.9220839096357768,17.20839096357768,2.005532503457815,2.47810050714615
N81119,2.000769526741054,3.751442862639477,1.173528280107734,16.33320507887649,1.86610234705656,0.9041939207387456
N81120,3.560580492743841,3.644954438069524,1.198110023624705,15.94667566655417,2.362470469119136,0.5062436719541006
N81121,2.845872076641307,3.014933784164553,1.253874330797408,13.14454775993238,1.535643843336151,0.8312200619892928
N81122,2.321360336262897,3.066488345433703,0.5063049293083683,16.1635460450898,1.872372946121513,0.4394344669468858
N81123,2.325911218266913,2.864841866401929,1.857892497518083,15.7140831087789,1.815345341086371,0.6098425755212027
N81125,4.113143895160245,4.074218243155573,1.180744777475023,17.98365122615804,2.543142597638511,0.5319839107305048
N81127,3.28986018094231,5.146281283045471,2.255904124074727,22.35929972976149,2.819880155093409,0.9517095523440254
N81607,1.450039546533087,2.610071183759557,1.212760348009491,11.38940152913261,1.186395992617981,0.6327445293962563
N81614,3.400143163922691,3.775948460987831,1.64638511095204,17.21546170365068,2.272727272727273,0.5726556907659269
N81619,1.508179959100205,2.658486707566462,0.8946830265848671,10.88957055214724,1.584867075664622,0.6390593047034765
N81623,2.307038060812248,2.689772485647459,0.7016797788645546,16.26621305549649,1.573463746544759,0.8186264086753137
N81624,4.187683284457478,3.460410557184751,1.360703812316715,18.88563049853372,2.392961876832845,0.656891495601173
N81626,2.08059570740254,3.569864213753832,1.073149364870784,13.42531756460797,2.036793692509855,0.7884362680683311
N81628,1.430134417005314,2.180368865270397,0.7736792747733667,10.65176617693029,1.21913097843076,0.7658643326039387
N81632,2.41852487135506,2.624356775300172,1.114922813036021,17.99313893653516,1.76672384219554,0.8919382504288165
N81637,1.340931947703654,2.313107609788803,0.7375125712370098,14.3479718404291,1.072745558162923,0.4358028830036876
N81642,1.67692634260242,2.717045213330503,1.082572702186372,15.3895139036298,1.867968584164721,0.4457652303120356
N81645,1.759656652360515,3.175965665236052,0.7296137339055794,13.13304721030043,1.716738197424893,0.5579399141630901
N81651,1.80671063951821,2.753082879265845,0.8029825064525381,13.33524519644394,1.405219386291942,0.3728133065672498
N82001,2.608977475287636,4.958677685950414,1.766326365256847,19.23513206935667,2.690001620482904,0.7778317938745746
N82002,2.142586272279105,5.953735305271142,1.80128934395146,24.06143344709898,2.825180128934395,1.004929844520288
N82003,2.721249408424042,4.377662091812589,1.46710837671557,19.30903928064363,2.650260293421675,0.8991954566966399
N82004,1.275585879560961,2.284188668051023,0.9789380005932956,13.88312073568674,0.9492732126965292,0.8899436369029962
N82009,2.724858561367048,3.475349266828311,0.8197667705807644,16.56852557441404,2.078281953585036,0.4272024015702575
N82011,2.351860358291227,3.932016536518145,1.607717041800643,14.81855764813964,2.067064768029398,0.8635737253100597
N82014,2.754269887675027,3.769810740113864,1.784889983074319,18.03354362209571,2.061855670103093,0.9847668872134174
N82018,2.060843964671246,3.985808107496037,1.388993734430437,14.22208801992904,1.894768626858911,0.7699856571299162
N82019,2.635201573254671,4.424778761061947,1.396263520157325,17.77777777777778,2.222222222222222,1.022615535889872
N82022,1.53739337433049,2.380480063479468,1.061297361634596,11.78337631422337,1.646498710573299,0.6447133505256893
N82024,2.928433889602054,4.926187419768935,1.757060333761232,17.36200256739409,2.053915275994865,0.7702182284980745
N82026,2.403996253512332,3.13768342179207,0.8741804558226661,16.92163596628161,1.920074929753356,0.5775835154542617
N82033,1.928934010152284,3.840947546531303,1.116751269035533,16.02368866328257,2.436548223350254,1.218274111675127
N82034,3.355704697986577,6.006711409395973,2.718120805369128,18.65771812080537,2.449664429530201,1.057046979865772
N82035,3.265585750171272,4.361726421557433,2.203699474765928,21.23772550810688,2.386389586663622,0.6850879196163508
N82036,2.466960352422908,5.080763582966226,2.290748898678414,19.88252569750367,2.49632892804699,0.7048458149779736
N82037,2.696724797958316,4.500212675457252,1.684389621437686,18.30710336027223,2.228838792003403,0.7911527009783071
N82039,2.300575143785947,2.650662665666417,0.450112528132033,17.37934483620905,1.425356339084771,0.5251312828207052
N82041,3.013741411617739,3.794503435352904,1.03841349156777,17.4422236102436,2.248594628357277,0.5465334166146159
N82046,1.659215101838053,2.394436164927968,1.073025335320417,11.03825136612022,1.520119225037258,0.5265772478887233
N82048,2.756787013713966,4.995801847187238,1.595298068849706,18.6677861740834,2.294990204310103,0.8396305625524769
N82049,2.041127189642041,3.564356435643564,1.127189642041127,15.99390708301599,1.995430312261996,0.913937547600914
N82050,2.909525707453168,4.344360302909526,0.9964129135113592,19.88840175368673,2.112395376644082,0.5181347150259068
N82053,2.995008319467554,4.153334186612057,1.702291053372584,17.2532957890695,2.20785869704339,0.7487520798668885
N82054,0.8944066212788679,2.322787344813777,0.7876118008276598,10.83967427579762,1.107996262181284,0.7609130957148579
N82058,2.127282396738167,4.165928026945577,1.240914731430597,16.36234710157773,2.375465343024286,0.8863676653075695
N82059,1.866151866151866,2.155727155727156,0.7078507078507079,13.24002574002574,1.254826254826255,0.37001287001287
N82062,2.72108843537415,3.840702947845805,1.119614512471655,16.19897959183674,2.465986394557823,0.6802721088435374
N82065,1.813281058564078,3.553050722862044,1.396716491056114,15.36388140161725,1.739769664297966,0.98015192354815
N82066,3.57298951048951,4.818618881118881,2.229020979020979,19.79895104895105,2.906468531468532,0.6993006993006993
N82067,1.196696443620428,2.309118489802798,0.9270183718186414,12.55688521827069,1.382100117984157,0.91016349233103
N82070,2.497960848287113,4.557504078303426,1.661908646003262,15.67088091353997,2.161500815660685,0.734094616639478
N82073,2.721395278905427,3.352879266275748,1.022402646218614,15.90738234851902,1.939557961208841,0.5863779882724403
N82074,2.459730082716587,3.896386591205921,1.023073574227253,16.65215498476273,2.067914671310405,0.718328254244667
N82076,1.04254719639335,2.085094392786701,0.6574621959237344,8.791208791208792,1.249178172255095,0.7232084155161078
N82077,2.318000724375227,4.020282506338283,1.267656646142702,16.95038029699384,1.557406736689605,0.7243752263672582
N82078,2.645861601085482,4.03663500678426,1.289009497964722,19.50474898236092,2.71370420624152,0.983717774762551
N82079,1.230337953589783,1.775424388724498,0.4516430462544775,9.936147017598506,1.090172870269428,0.2959040647874163
N82081,1.815126050420168,3.579831932773109,1.19327731092437,12.40336134453782,1.764705882352941,0.957983193277311
N82082,0.8428246013667425,1.309794988610478,0.3644646924829157,7.596810933940774,0.8883826879271071,0.2050113895216401
N82083,2.367442770495011,3.492467227548425,1.340246527098415,16.3960086088828,2.025044022696145,0.6163177460379574
N82084,3.754266211604096,5.693453304374806,1.675457648153894,21.14489605957183,2.963077877753646,0.7601613403661185
N82086,1.923076923076923,4.712892741061755,7.313109425785481,14.57204767063922,2.356446370530878,1.462621885157096
N82087,2.129471890971039,5.834752981260647,1.448040885860307,17.206132879046,2.342419080068143,1.10732538330494
N82089,0.8812856402280975,1.736651114567133,0.5702436495593572,9.409020217729394,1.036806635562468,0.3628823224468636
N82090,2.178198304750641,3.439779223339247,1.379854129706288,17.32702542874039,1.990932387147644,0.7490636704119851
N82091,1.436031331592689,2.132288946910357,0.6527415143603132,13.09834638816362,1.697127937336815,0.5657093124456049
N82092,3.288543140028288,4.856199905704856,1.744460160301744,20.13201320132013,2.76991984912777,0.7779349363507779
N82093,2.431042543244507,2.758298270219729,1.145395044413277,17.64843384759233,1.612903225806452,0.7947639083683964
N82094,3.060018903591683,4.253308128544423,1.181474480151229,20.36862003780718,2.847353497164461,1.063327032136106
N82095,2.518518518518519,3.661375661375661,0.8888888888888888,16.23280423280423,1.98941798941799,1.037037037037037
N82097,1.684427638363699,2.761544631603071,0.9625300790649708,16.06508536725106,1.489629884267217,0.6531454107940873
N82099,1.630181648812296,2.573358174196553,0.6287843502561714,11.88868188169539,1.595249184909175,0.8616674429436424
N82101,2.886002886002886,3.787878787878788,1.118326118326118,19.98556998556998,1.406926406926407,0.6132756132756133
N82103,1.449128496149169,3.638021888933928,0.9424402107823268,13.62991487636806,1.469396027563843,0.6282934738548845
N82104,3.004085556356645,4.734438836818073,1.177601538091805,21.12472963229993,2.307137707281903,0.91324200913242
N82106,3.404967903991069,4.66089868825007,1.646664806028468,19.56461066145688,2.511861568518002,0.7535584705554005
N82107,2.91467938526762,3.550609432962374,0.9538950715421304,17.91202967673556,2.119766825649179,0.5829358770535241
N82108,2.600243013365735,2.624544349939247,0.8019441069258809,13.49939246658566,1.749696233292831,0.2916160388821386
N82109,1.969724603319351,4.030640160496079,1.878533649461973,17.49042494984498,2.006200984862302,1.203720590917381
N82110,2.601443863579786,3.895942245456808,1.506099078914613,17.02763256161314,2.128454070201643,0.784167289021658
N82113,0.7751054371366692,2.211330217713439,0.6611193434401004,11.67217599452867,0.9460845776815228,0.9004901402028953
N82115,2.365930599369085,4.010815682739973,1.768814781433078,15.25461919783686,2.20820189274448,1.442091031996395
N82116,2.245640446618994,3.186551248274997,1.179274871408857,14.49002634550245,1.869276125956593,0.5896374357044286
N82117,0.3825045734242474,0.5088973889905205,0.1762847164476967,2.599368035922168,0.3808415100615333,0.1546648927324131
N82617,0.5629233851731705,1.011353878446713,0.4007251216486977,4.694208567884743,0.7632859459975193,0.2194447094742868
N82633,3.475427640510453,4.018463209340212,1.547651371164811,20.41813738799891,2.688026065707304,0.7330980179201738
N82641,1.547556946617979,2.799513128151626,0.7129194922622153,12.27612589114937,1.408450704225352,0.5912015301686663
N82645,1.000870322019147,1.653611836379461,0.5113141862489121,7.647954743255005,0.9464751958224544,0.5113141862489121
N82646,0.992084432717678,2.174142480211082,0.4643799472295515,9.910290237467018,1.013192612137203,0.3905013192612137
N82648,1.812323801852598,2.899718082964156,0.8860249697946033,15.54571083366895,1.812323801852598,0.4832863471606927
N82650,1.3891645167692,3.333994840246081,0.7541178805318516,12.9589204207184,1.25024806509228,0.952569954356023
N82651,2.520209224916786,4.636233951497861,0.927246790299572,15.57299096528768,2.496433666191155,1.165002377555873
N82655,3.44972654606647,4.417332772402188,1.809002944888515,16.44930584770719,3.071098022717711,0.7993268826251577
N82662,1.305257973156015,2.401182120428519,1.046669129417559,11.99359684767886,1.502278044575791,0.6649427410417437
N82663,2.010274737547465,3.506812597721689,1.206164842528479,15.45677909314273,1.831583649765468,0.6030824212642395
N82664,1.527570789865872,2.384500745156483,0.6333830104321907,14.94038748137109,1.192250372578241,0.5588673621460507
N82668,1.549942594718714,2.382319173363949,0.9184845005740528,12.94489092996556,1.03329506314581,0.5166475315729048
N82669,2.130109383995394,3.166378814047208,1.00748416810593,14.91076568796776,2.274035693724813,1.122625215889465
N82671,1.366742596810934,2.733485193621868,0.721336370539104,11.84510250569476,0.9870918754745632,0.5315110098709187
N82676,2.230843840931135,2.133850630455868,0.9456838021338506,16.77982541222114,1.406401551891368,0.2909796314258002
N82678,1.658124811576726,2.652999698522761,1.055170334639735,12.33041905336147,1.205908953873982,0.3617726861621947
N83001,2.384531292702924,3.361574200601257,1.32549877015578,18.06504509428806,1.776441650724242,0.6490844493030883
N83002,2.630915356812642,3.715222324955871,1.857611162477936,16.36547028662688,2.126586534420442,0.7985206354543162
N83003,3.606740008355382,4.915749895557721,1.044422782342292,19.94151232418883,2.353432669544631,1.197604790419162
N83005,2.666666666666667,4.521739130434783,0.9507246376811594,18.52753623188406,2.620289855072464,1.031884057971014
N83006,2.661483253588517,4.724880382775119,1.136363636363636,18.7799043062201,1.883971291866029,0.8971291866028708
N83007,2.710459183673469,5.165816326530613,1.913265306122449,22.16198979591837,1.94515306122449,0.8609693877551019
N83008,1.997563946406821,3.568818514007308,0.97442143727162,17.67356881851401,1.766138855054811,1.120584652862363
N83009,2.558139534883721,4.136212624584718,1.287375415282392,16.11295681063123,2.375415282392026,1.004983388704319
N83010,3.822585351619492,4.697986577181208,1.517362124306974,21.00962941348118,2.013422818791946,0.5106507149110009
N83012,3.427517234682979,4.932517720167007,1.738032818720264,20.56510340809787,2.495387901738033,1.000097096805515
N83013,3.016241299303944,4.97785277367644,1.476481754904029,18.51929972579624,2.467833790339591,1.160092807424594
N83014,2.517336373135746,4.293720908140971,1.244419112757671,18.39080459770115,2.19435736677116,0.9784364016338938
N83017,2.963562753036437,4.647773279352227,0.8582995951417004,19.33603238866397,2.105263157894737,0.7935222672064778
N83018,2.340717058689199,4.361726421557433,1.518611555149577,15.04909796757251,2.352135190682804,1.107558803379767
N83019,3.49007592913281,6.806980151858266,1.798321566537898,24.03090448914346,2.584254695617424,1.052351138936992
N83020,3.235394992568881,4.584428947067567,1.823482336801189,20.59563278838459,2.377958157082428,1.034640448153653
N83021,2.579743296479858,4.994281357224552,1.461430931503368,16.58406404879909,2.262040920066082,0.9785233193544288
N83023,2.946988572901452,4.75985909442392,1.64962625655125,21.04132657444798,2.328378726694733,1.07397542744222
N83024,2.783001128243701,4.099285445656261,1.241068070703272,18.553340854958,1.993230537796164,0.6142660147925285
N83025,1.80751654048155,3.621853898096992,0.8253188732010095,15.94707045904099,1.527863037991951,0.9549143987449696
N83026,4.084014002333722,4.511863088292493,1.828082458187476,23.64838584208479,2.567094515752625,1.089070400622326
N83027,3.420735382760699,4.837251356238698,1.582278481012658,18.42977697408077,2.034358047016275,0.7685352622061482
N83028,2.642501383508578,3.989116399188342,1.180593986349382,17.86109573879358,2.116768123962369,0.8808337945028593
N83030,2.396755162241888,4.148230088495575,1.050884955752212,17.40412979351033,1.91740412979351,0.6637168141592921
N83031,1.467505241090147,3.039832285115304,0.8385744234800839,14.77987421383648,1.677148846960168,0.6988120195667366
N83032,2.251590797846304,4.47870778267254,1.337901778430413,15.50008157937673,2.292380486213085,1.10947952357644
N83033,3.109656301145663,4.528096017457719,1.32751409347154,15.98472449536279,2.109474449899982,1.054737224949991
N83035,3.026890046459243,5.23722370829227,1.900605378009292,18.92158242995917,2.618611854146135,1.041813318316204
N83041,4.626485568760611,4.584040747028863,1.719015280135823,25.84889643463498,2.461799660441426,0.8276740237691002
N83043,2.305918524212144,3.638227004868051,0.7686395080707148,17.98616448885473,1.742249551626954,0.6917755572636434
N83045,1.767651968967888,2.769321418049691,1.070411470097221,13.11008543651183,1.286457821859963,0.6284984778552489
N83047,3.241273494438052,4.526275412351362,1.208285385500575,20.21480629075566,2.608362102032988,0.9397775220560032
N83049,4.139900071377587,4.496788008565311,1.213418986438259,22.19842969307637,2.950273614085177,0.8089459909588389
N83050,1.725888324873097,3.248730964467005,0.5076142131979695,13.09644670050761,1.624365482233503,0.6700507614213198
N83053,2.792862684251358,4.488529313975397,1.252355092541283,17.61055081458495,2.316302781779896,0.7425468247811149
N83054,2.805280528052805,3.983969825553984,1.060820367751061,18.01037246581801,1.720886374351721,0.7779349363507779
N83601,1.63265306122449,4.158163265306122,1.607142857142857,11.28826530612245,1.926020408163265,0.7653061224489796
N83603,2.585737615677735,3.483941208492107,1.388132825258574,17.47414262384322,1.741970604246053,0.6260206859009254
N83605,1.71919770773639,3.645335880292901,0.9073543457497611,16.0458452722063,1.400827761859281,0.6367398917542184
N83608,1.719886184002529,3.699019917799557,0.9737590894720202,15.06165033196332,1.7957635156497,0.7840657603540943
N83609,2.623783326280152,4.189589504866695,1.523487092678798,18.72619551417689,2.073635209479475,0.9098603470165044
N83610,2.411714039621017,3.488372093023256,1.119724375538329,16.79586563307494,1.981050818260121,1.248923341946598
N83614,2.294764059469942,3.232062055591468,1.018099547511312,14.67356173238526,1.664511958629606,0.6140917905623788
N83619,2.863571282470853,3.661280425444876,1.084066271221109,19.00184086725302,2.47494375127838,0.899979545919411
N83620,2.129954165543273,3.100566190347803,0.889727689404152,14.7209490428687,1.725532488541386,0.5931517929361013
N83621,2.471751412429378,4.449152542372881,1.129943502824859,16.91384180790961,1.518361581920904,0.9887005649717516
N83622,1.477449455676516,3.22706065318818,0.7776049766718507,15.24105754276827,1.866251944012442,1.205287713841368
N83633,2.521008403361344,4.017857142857143,0.8665966386554622,21.00840336134454,2.232142857142857,1.076680672268908
N83637,2.434570906877663,3.925745587340231,0.9738283627510652,16.67681071211199,1.825928180158247,0.3347534996956786
N84002,2.325581395348837,3.728949478748997,0.9623095429029672,17.00080192461909,1.724137931034483,0.8821170809943866
N84003,4.185498133228532,5.128708980153272,2.132049518569464,18.85439182550599,2.692080958931028,0.8351346040479466
N84004,2.270674751644949,3.625338665978584,0.9160108373113146,16.10114823893691,2.309379434911624,0.8515030318668558
N84005,3.052208835341366,3.630522088353414,1.526104417670683,16.43373493975904,2.698795180722891,0.642570281124498
N84006,4.65835840137516,4.228620541469703,1.684572410829394,21.43532445208423,2.758917060593038,0.6102277610657499
N84007,3.158580267014002,4.330836860957342,1.351351351351351,17.29078476066428,2.230543796808857,0.8791924454575057
N84008,3.849295487032877,4.370022462732285,1.725546252807842,20.09393506228303,2.909944864202573,0.8882989585460487
N84010,3.125554963594388,3.924702539513408,1.13656544130705,19.65903036760789,2.131060202450719,0.4972473805718345
N84011,3.513638465094776,4.361226691323779,1.618122977346278,17.90722761596548,2.511943288642318,0.8784096162736941
N84012,4.011234968840515,4.529096813833055,2.018783463530238,21.56587378214693,2.747300974282454,0.5705257614324585
N84013,3.424533429969197,4.149302409856858,1.349882225040768,18.92552998731654,2.79942018481609,0.679470918644682
N84014,3.437334743521946,4.177683765203596,1.824431517715494,19.2490745637229,2.30037017451084,1.004759386567954
N84015,2.596300695740709,4.412014254199899,2.019344985576107,16.64686916680808,2.239945698286102,1.018157135584592
N84016,3.055848261327713,4.759395855286266,1.580611169652266,17.6852827537759,2.423603793466807,0.9834913944502984
N84017,4.353017802865828,4.960920538428137,2.019105514546244,23.20885801128962,3.126356925749023,0.7707338254450716
N84018,4.111261872455902,4.26729986431479,1.580732700135685,19.35549525101764,2.761194029850746,0.6309362279511533
N84019,2.181540808543097,3.585049580472922,1.708619374523265,17.4370709382151,2.151029748283753,0.8085430968726163
N84020,3.5311004784689,6.028708133971292,1.779904306220096,20.92822966507177,2.813397129186603,0.6220095693779905
N84021,2.915090243751163,4.000496185573405,1.562984556224028,17.54016001984742,2.778639211064938,0.948954909136017
N84023,2.397690183278935,4.142606075822244,0.9917147878483554,16.04318353000251,2.32237007280944,0.815967863419533
N84024,5.096418732782369,5.3824962915872,1.462174189446917,25.66221657130748,3.401144310235219,0.7946598855689765
N84025,3.945918878317476,4.99749624436655,1.532298447671507,22.8442663995994,2.57386079118678,0.7010515773660491
N84027,1.514617823177175,2.536104262064107,0.7220852412821416,11.02500880591758,1.532229658330398,0.528355054596689
N84028,2.35861350013031,3.896273130049518,1.407349491790461,15.67630961688819,2.228303362001564,1.133698201720094
N84029,2.824177716548993,3.94351644566902,1.739280179094197,17.78887549509213,2.032030308248665,0.809368004132943
N84034,2.259812343068587,3.383110876172856,1.546187392625876,15.527950310559,2.088013743887934,0.6739791198625611
N84035,3.298800436205016,4.85278080697928,1.33587786259542,22.90076335877863,2.480916030534351,0.9541984732824428
N84038,2.425597798038878,3.646998107689661,1.634268019955273,16.60072251849303,2.201961121623946,1.152589024600034
N84041,2.557108762359359,2.659393112853734,0.6989430617115582,15.47903170814865,1.892260484145926,0.7159904534606205
N84605,1.683773497866451,3.171491177488179,1.337792642140468,13.45865528774075,1.545381155576058,0.5651020643524391
N84613,3.929359823399559,5.143487858719647,2.60485651214128,23.84105960264901,3.465783664459162,0.6622516556291391
N84614,4.221388367729831,5.409631019387117,1.813633520950594,21.13821138211382,3.064415259537211,0.9380863039399624
N84615,1.797136765153823,4.325312214438013,1.340237587572342,13.9811148339933,2.010356381358513,0.9137983551629608
N84617,2.481389578163772,3.32124451231151,1.355220461920214,14.48749761404848,1.58427180759687,0.477190303493033
N84621,2.842850170815032,4.465592972181552,1.683748169838946,18.22840409956076,2.183992191312836,0.951683748169839
N84625,2.545945034564154,2.984319676277188,0.9779126622829202,15.4105547125274,1.686056314280897,0.5732591468555049
N84626,5.11147362697118,5.165851005981511,2.392604676454595,21.85970636215334,2.664491571506253,0.8700380641653072
N85002,4.525929806181247,3.850183342063908,1.712938711367208,18.06181246726035,3.038239916186485,0.6233630172865374
N85005,3.875550759823756,3.686718820249978,2.553727182807302,17.80415430267063,2.670623145400593,0.6654077870695082
N85006,3.752782783843952,4.44185306901304,2.385243294816071,19.83462313155942,3.328739531432206,0.7102724477896745
N85007,4.692383040253743,4.580437520406735,1.865758664116797,22.13722654974579,2.835953169457531,0.7836186389290545
N85008,4.76260365450943,4.703896675717326,2.531738460409481,20.67219490716959,3.060101269538416,0.7631907242973509
N85012,3.62341940282648,4.239719477207523,1.710763999574965,18.29773669110615,2.603336521092339,0.8925725215173733
N85013,4.096761607491222,4.734035635323189,1.924827675900637,20.57484718428924,2.90024710625569,0.8193523214982443
N85015,2.451481103166496,3.39632277834525,1.787538304392237,15.37282941777324,2.08120531154239,0.6001021450459653
N85016,2.421586715867159,3.690036900369003,2.075645756457565,16.30535055350553,2.179428044280443,1.026291512915129
N85017,2.476394085159451,3.616604311419918,1.639052200249421,18.76002137894174,2.120078389453055,0.8195261001247105
N85018,4.1343669250646,4.489664082687338,2.018733850129199,20.20348837209302,2.374031007751938,0.6136950904392765
N85019,2.006501513283264,3.1162425737025,1.210626611366439,13.45140679296043,1.446026230243246,0.5604752830400179
N85020,2.897521941146102,3.452503871966959,2.129581827568404,16.10092927207021,2.090862157976252,0.6066081569437274
N85021,3.193612774451097,3.792415169660679,1.596806387225549,17.63140385894877,2.49500998003992,1.197604790419162
N85022,2.861130495464062,3.907885554780181,1.814375436147941,18.21353803210049,2.326122354035822,0.9769713886950452
N85023,3.038722000347283,3.75065115471436,1.441222434450425,16.84320194478208,2.239972217398854,0.7813856572321584
N85024,2.553734837199404,3.266652479250905,1.75569270057459,17.15258565652266,2.011066184294531,0.7341987656948287
N85025,3.343568747867622,3.633572159672466,1.842374616171955,18.03138860457182,1.995905834186285,0.7847151142954623
N85027,2.314663172835462,3.461076536739819,1.321104924118354,16.45376132765586,1.965280052407468,0.742439130909488
N85028,3.51288056206089,4.298557074865906,2.001964191282013,19.93654151242729,2.742313212963662,1.080305205106897
N85031,2.067717756526234,3.7477384337038,2.11941070043939,16.07650555699147,1.9901783406565,0.9046265184802272
N85032,4.956798544793087,4.653630438077914,2.046384720327422,21.20660906472639,2.895255419129907,0.6366530241018644
N85037,2.171204840718989,3.452571631962983,1.210179747285994,14.71792133831643,1.95764370884499,1.014415376401495
N85038,2.394235239423524,4.579265457926546,2.952115295211529,15.01627150162715,2.510460251046025,1.069270106927011
N85044,3.094777562862669,3.70889748549323,1.571566731141199,18.2495164410058,2.098646034816248,0.8462282398452611
N85046,3.517091483896463,4.406243825330963,1.481920569057498,19.85773562537048,2.232760324046631,0.6520450503852994
N85047,3.798931099234436,3.538928210313448,2.094467716307959,15.26794742163802,2.166690741008233,0.7366748519427994
N85048,3.28584995251662,4.482431149097816,1.861348528015195,20.17094017094017,2.488129154795821,1.063627730294397
N85051,3.007983807489036,3.75576295963117,2.024063870459913,16.63668053525245,2.063420667941077,0.7534015517823006
N85052,3.398580339858034,3.527640352764035,2.409120240912024,19.8537319853732,2.667240266724027,0.795870079587008
N85054,3.474526644544213,3.786843646300996,1.093109506148741,18.32910404060121,2.40093695100527,0.6441538161233652
N85057,3.695991671004685,5.674128058302967,3.019260801665799,22.64445601249349,2.602811035918792,1.24934929724102
N85059,3.616837427478089,3.900752993457598,1.394889519812369,18.03481051722009,2.789779039624738,0.5307986668312554
N85616,2.427921092564492,2.883156297420334,0.9755040104053762,15.47799696509863,2.016041621504444,0.6720138738348146
N85617,4.192482445270549,4.027261462205701,2.044609665427509,19.10367616687319,2.870714580751756,0.9706732755059893
N85620,3.460528348524641,4.263865286575004,1.112312683454349,20.85586281476904,2.718986559555075,0.5407075544569752
N85625,2.106155056587787,3.310536827452642,1.295164316407432,16.64951885250862,2.021424680748048,0.8896689463172548
N85629,1.714530647235319,2.636090870124304,0.8358336905272181,13.90912987569653,1.928846978139734,0.8572653236176597
N85633,2.228127555192151,2.596075224856909,1.185609157808667,15.73998364677024,1.51267375306623,0.5110384300899428
N85634,2.875399361022364,3.567625133120341,2.396166134185303,18.58359957401491,2.342917997870074,1.118210862619808
N85640,1.431564245810056,3.35195530726257,1.047486033519553,11.38268156424581,1.57122905027933,1.466480446927374
N85643,2.297998517420312,2.718062762540153,0.914257474672597,15.71534469977761,1.65554731900173,0.3953545836422041
N85648,2.672223584211817,3.775435155675411,1.912233390536896,22.79970581024761,2.451581269919098,1.078695758764403
P81002,1.785469238392925,2.442631699321491,0.8767248608675764,11.49348174125181,1.616223221773271,0.7212014942441107
P81005,2.035810645082168,3.9081023628485,1.062873027552939,16.29466110702314,1.945875235058458,0.8502984220423514
P81006,4.024213075060532,4.101694915254237,1.210653753026634,19.73849878934625,3.181598062953995,0.774818401937046
P81008,2.672176308539945,3.829201101928375,1.019283746556474,17.46556473829201,2.038567493112947,1.074380165289256
P81010,2.723038337513436,3.224650662844859,1.361519168756718,18.11178788964529,1.737728412755285,0.4836975994267288
P81013,2.398489140698772,3.317595215612213,1.284230406043437,14.26502990242367,2.259993704752912,0.7239534151715455
P81014,2.888384567773881,3.992160099030328,1.619558489787498,18.13492882195172,2.527336496802146,0.5673612543841552
P81015,2.741367687813647,3.55778593363793,1.902479215040072,19.39180585723916,2.291963148827803,0.6291663545801813
P81016,2.106027596223675,3.905430484951182,1.484709109981441,16.38828370854515,2.356168804970548,0.8149761962398129
P81017,3.17663721588993,3.264315100829568,1.416335064409523,18.41910029001146,2.11775814392662,0.7149119848924259
P81018,2.932875199410971,3.583261749907964,1.98797398453798,17.24137931034483,2.675174868081973,0.6135722174499938
P81020,2.119811932555123,3.574902723735408,1.167315175097276,16.21271076523995,2.127918287937743,1.021400778210117
P81022,2.210351814330448,3.508933505249586,0.8380917296002948,14.80014735678762,2.422177196537115,0.6723153435255111
P81025,2.42832523891587,4.002819990600031,1.276829077236409,14.84411718627605,1.926993576688078,1.127996240012533
P81027,2.381889763779528,3.582677165354331,1.010498687664042,19.7244094488189,2.34251968503937,1.095800524934383
P81029,3.760474146740241,4.63519313304721,1.520539546290619,20.19211117923564,3.073778867770284,1.05456774984672
P81031,3.629389200354087,4.868692829743288,1.888462673354972,21.82059604603128,2.788433166125701,0.7524343464148716
P81032,2.257975417759978,3.625189890899047,1.346499102333932,15.05316945173319,2.368457395387378,0.9252865626294712
P81033,3.7521815008726,4.350536025928696,2.405883819496385,20.69309399152331,2.617801047120419,1.421091997008227
P81035,0.7734677135825618,2.613383335286535,0.4922067268252666,11.59029649595687,1.253955232626274,0.4922067268252666
P81036,2.300884955752212,4.596060519554667,1.598629745932058,18.4870111333143,2.226662860405367,1.147587781901227
P81037,4.6474486944023,5.613670845644015,2.315739040166094,25.01796694082887,3.393755489898587,1.006148686416993
P81038,2.351065949392309,3.616258218768679,1.364813707909942,18.8483761705519,2.151823072325164,0.7571229328551504
P81039,1.879432624113475,2.960992907801419,0.7092198581560284,13.52836879432624,1.365248226950355,0.7801418439716312
P81040,4.165868607546447,4.338249377513886,3.083700440528634,21.69124688756943,2.691055353380579,0.7852901742961118
P81041,3.270097474059323,3.972329944450268,1.016664919819725,17.46148202494497,2.295356880830102,0.4402054292002935
P81042,2.170064905264538,4.136891103389497,1.750475316331214,16.76391529535173,2.222513603881203,0.9768570117353962
P81043,2.102594691321205,3.66835669549657,1.31225767968983,15.95586042350134,2.087682672233821,0.9245451834178348
P81044,3.191868758915835,4.356871136471707,2.169519733713742,18.39039467427484,2.442938659058488,1.182834046600095
P81045,3.71778622729193,4.816223067173637,1.182931981411069,18.52555978031263,2.661596958174905,0.8238276299112801
P81046,1.016229334142272,2.593659942363113,1.167905354163507,11.17852267556499,1.365084180191112,0.5005308660700744
P81047,2.544716946339664,3.534329092138423,1.057225397996189,17.70237875714549,2.31729055258467,1.106398672321593
P81051,2.625165378455539,3.781073741382912,1.594596476568484,19.51117610194276,2.179513961423299,0.9052294408467376
P81053,2.285992217898833,3.392509727626459,1.155155642023346,16.40321011673152,1.994163424124513,0.936284046692607
P81054,2.155675905277689,3.769778060953594,1.454815758734204,18.64712753530848,1.996389508335988,0.8601465434851864
P81055,2.843933875035024,3.495376856262258,1.674138414121603,19.57130848977305,2.30456710563183,0.5813953488372093
P81057,3.074847322823462,3.650049708848175,1.512569237324244,17.32708422099134,2.073569095298963,0.7030251384746485
P81058,1.859361091880131,3.728612402334091,0.9395707645138958,14.16279299772525,2.284640490554841,0.781327267332608
P81059,3.812090874085483,4.530868951354126,1.373379540495443,21.5633423180593,2.374534719548197,0.7316134000770119
P81061,2.84231897135123,4.263478457026844,1.556508008120912,19.26460636138055,2.594180013534852,0.9699977441912928
P81062,3.175436294449548,4.343262039102481,1.745177798189214,20.67970082666317,2.401259677207716,0.905392993045532
P81063,2.447583910735175,4.130297849365608,1.952668046432106,19.70664986952218,2.654548726716458,1.052821020426527
P81065,2.541641781140089,3.908686707810737,1.187869135310903,18.11666334859646,2.216470900524255,0.9688765014267702
P81066,1.931667270312689,3.875407461064832,1.8230109863576,15.88796329832186,2.173125679101775,1.062416998671979
P81067,2.652933832709114,3.558052434456929,1.607365792759051,17.68882646691635,2.512484394506866,0.8192883895131086
P81069,2.985200845665962,3.585623678646935,1.353065539112051,18.5369978858351,2.317124735729387,0.8456659619450317
P81070,2.234159443291417,4.163105847881821,1.696984495177634,15.81003540471249,2.246367964839458,0.573800512757905
P81071,1.434940094733909,2.465867929785456,1.058790749512399,13.22095291167456,1.588186124268599,0.64084703259961
P81072,3.144117228624271,4.5596813202447,2.532365912647603,21.39706928439323,2.852468345426092,1.401337316830275
P81073,4.20756296127216,5.630373582895838,2.115194400060869,25.29863805828197,3.674960054782013,1.468462299322833
P81074,3.18405765129789,4.713581881020663,1.911905287153467,19.94999632325906,2.581072137657181,0.9412456798293992
P81076,3.160040774719674,4.151607821332592,1.658789732184228,19.16411824668705,2.270410527291261,0.6301547585951256
P81077,5.021416203408366,5.504419939852364,2.497038184635013,24.84279595370455,3.162307482001276,0.9022145265652056
P81079,3.598514161894443,5.184955889181241,2.313883299798793,22.67450859000155,2.832378888716917,0.9518650363720786
P81081,3.020408163265306,4.522448979591837,1.942857142857143,20.40816326530612,2.693877551020408,0.8816326530612244
P81082,3.112767940354147,4.100652376514446,1.649580615097856,19.75768872320597,2.721342031686859,0.7082945013979497
P81083,3.054141601110597,3.759833410458122,2.128644146228598,19.87505784359093,2.302174919018972,0.6825543729754744
P81084,3.764677399830529,3.982568696283743,1.149981842391962,20.53020215470282,2.009441956179639,0.7141992494855344
P81086,3.059234164870137,4.31167231290422,2.402217431475208,20.03901036854532,2.843650549224926,0.9239297813366184
P81087,4.761493259592118,6.524369166954719,2.981334255098513,26.7801590044936,3.85413066021431,1.38264777048047
P81088,2.392550143266476,3.853868194842407,0.845272206303725,17.32091690544413,2.020057306590258,1.146131805157593
P81089,3.196457326892109,4.855072463768116,2.326892109500805,19.72624798711755,2.592592592592593,1.111111111111111
P81092,4.029733959311424,5.920709441836203,3.221178925404278,26.82576943140323,3.677621283255086,1.343244653103808
P81095,2.249014607002087,4.01112914444702,1.101321585903084,16.89079527011361,2.191050313007187,0.7767215395316486
P81096,4.223744292237443,3.58162100456621,1.327054794520548,21.70376712328767,2.325913242009133,0.670662100456621
P81099,2.554407967539653,3.578015492438215,0.8483954260420509,16.33161195130948,2.16709701217263,0.931390630763556
P81100,3.09548123563952,4.001787081950472,1.538166964513658,18.93668623946898,2.291294357926985,0.7339800868011233
P81103,2.328122373508153,3.45436207766011,2.101193477895444,16.58261892755085,2.084383930072281,0.9665489998319045
P81107,2.97029702970297,2.982520474269649,1.442366458868109,16.88057694658355,2.126879354602127,0.4155971152670823
P81112,2.479093766680506,3.582231184390013,1.4589881976158,16.87325781389004,2.271514145068501,0.7888025621256154
P81113,3.291683460970038,4.057503694746742,0.8464328899637243,19.07832863092839,2.713959424963052,0.8195620045680505
P81115,1.96124763705104,3.910680529300567,1.618620037807183,15.0992438563327,2.103024574669187,1.181474480151229
P81117,2.227453821079319,3.314016660630206,1.340094168779428,16.09923940601231,1.466859833393698,0.6157189424121695
P81118,1.944894651539709,3.221231766612641,0.8610210696920584,14.50567260940032,1.853727714748784,0.5672609400324149
P81119,1.787050898203593,2.311002994011976,1.281811377245509,12.79940119760479,1.684131736526946,0.8701347305389221
P81123,1.340523882896764,3.020030816640986,1.101694915254237,12.68104776579353,1.710323574730354,0.6856702619414484
P81125,2.308147563622016,3.689090550404419,1.055434997040836,16.45294929966463,2.140461629512724,0.5622410731899783
P81127,2.252159605100782,3.342245989304813,1.151789387083505,14.27396133278486,2.015631427396134,0.6067461949814892
P81128,2.608607389362566,3.501827040194884,0.7206658546488023,16.87982135606983,1.94884287454324,0.5684125050751117
P81129,3.11018711018711,3.301455301455301,1.255717255717256,18.51143451143451,2.41995841995842,0.8232848232848233
P81130,2.762550490478938,4.277264858626658,1.161281015579919,17.93854587420658,2.416330063473745,1.03866128101558
P81132,2.480222364763738,3.399615137908916,1.015608295916186,16.18558905281163,1.977763523626256,0.7162711139619414
P81133,3.65948901037599,4.808657815463572,2.37643646100636,22.40321320986277,3.034698203726431,1.037599018185875
P81136,2.825637491385252,4.34183321847002,1.619572708476912,23.46657477601654,2.136457615437629,0.7580978635423846
P81137,2.556237218813906,4.075372480280456,1.562956470931931,16.25766871165644,2.337131171487,1.037101957347356
P81138,3.291536050156739,4.451410658307211,2.100313479623825,20.75235109717869,3.072100313479624,0.6896551724137931
P81140,2.173913043478261,3.773706618500838,1.038575667655786,18.62340343181525,1.883627918978196,0.7031350793446007
P81143,2.759096395930333,3.483359199862045,1.155371615795827,17.61510605276772,1.819279186066563,0.5776858078979135
P81147,2.184466019417476,3.741909385113269,1.779935275080906,18.4668284789644,2.26537216828479,1.294498381877023
P81149,3.341902313624678,4.135464401475355,1.799485861182519,21.90678439700458,2.704817257181178,0.6929697105174919
P81150,4.078116025272831,5.464839583162386,2.25650283088537,22.98350701567244,3.610404529416591,1.206203331418725
P81154,3.661412436390716,4.617103140126598,1.911381407471764,20.97554921186546,2.519548218940052,0.8067518927640561
P81155,1.923393062633569,3.813907611375965,0.7562058194969588,17.08038796646392,1.890514548742397,0.4438599375308236
P81157,4.306769040684847,5.374635954461213,2.329891448239343,22.61053746359545,2.850586885535257,0.9090106786691378
P81159,3.041700735895339,4.816026165167621,2.551103843008994,21.91332788225674,2.59198691741619,1.398201144726083
P81160,1.959935699270434,3.530357363670088,1.459131940150859,15.20959564733523,1.873377024854705,0.9892419933226166
P81165,2.328966521106259,3.784570596797671,1.2372634643377,18.59534206695779,2.583697234352256,1.200873362445415
P81166,2.536997885835095,4.439746300211417,1.268498942917548,17.58985200845666,2.452431289640592,1.649048625792812
P81167,0.7096992227103751,3.295032105441027,0.7096992227103751,14.73470767151065,1.216627238932072,0.929368029739777
P81169,1.840581861362624,3.295235267923408,2.671812379397358,13.38874870120232,1.944485676116966,0.7718569096036811
P81170,0.443840579710145,2.952898550724638,0.6793478260869565,10.0,1.394927536231884,0.4257246376811594
P81171,3.186646433990895,3.836982440927813,1.300672013873835,21.04920875785822,2.12443095599393,0.4985909386516367
P81172,2.288273615635179,3.013029315960912,1.245928338762215,17.88273615635179,2.223127035830619,0.7247557003257329
P81179,2.193669696020057,3.086806643685365,1.566906925728612,18.55217800062676,2.052648072704481,0.799122532121592
P81180,2.342394447657605,3.990746096009254,1.098901098901099,16.1364950838635,2.313475997686524,0.9253903990746096
P81181,3.212396069538927,3.136810279667423,1.606198034769463,19.16099773242631,2.607709750566893,0.9259259259259258
P81182,1.100391920410009,2.622851974675912,0.7838408200180885,10.97377148025324,1.673198673500151,0.4974374434730178
P81184,1.795212765957447,2.726063829787234,1.651152482269504,14.4281914893617,1.972517730496454,0.986258865248227
P81185,2.920462015212696,3.28669358625223,2.028359470372805,19.40088271199174,2.028359470372805,0.5446520800075124
P81186,2.699283002952341,3.88021931674399,1.518346689160692,18.34668916069169,2.319696330662168,1.075495571488823
P81191,3.396766932678535,4.604051565377532,2.424800491098834,21.24002455494168,2.895436873337426,0.8594229588704727
P81196,1.330666444425924,2.530766452759952,1.225102091840987,11.86765563796983,1.575131260938412,0.4305914381754035
P81197,1.90325138778747,3.509119746233148,0.852498017446471,18.73513084853291,2.061855670103093,1.13005551149881
P81201,2.176422093981863,3.182192910140148,1.137675185490519,14.5919208573784,1.450948062654575,0.4616652926628195
P81208,2.388323750552853,3.748341441839894,1.326846528084918,16.82330827067669,2.001326846528085,0.7574082264484742
P81212,2.03916491341641,3.657549765334196,0.7930085774397152,17.62421103738469,2.34665803528079,0.7282731833630037
P81213,1.735670626225349,1.747203321416215,1.061007957559682,10.10264098719871,1.061007957559682,0.3690462461077154
P81214,1.685513121399616,3.776402816300405,0.8107531470023469,12.07595476850864,1.706848730531257,0.4693834008960956
P81218,2.11802748585287,4.058205335489086,0.8892481810832661,14.82619240097009,2.21503637833468,0.9700889248181084
P81620,2.633355840648211,4.456448345712356,0.8777852802160702,20.52667116812964,2.430790006752194,0.8777852802160702
P81622,0.424389398926035,3.048674865754374,0.5456435129049021,11.38056469773082,1.056642993244414,0.3117962930885155
P81633,2.635782747603834,3.780617678381257,1.411075612353568,21.35250266240682,2.31629392971246,0.9052183173588924
P81646,3.381414045873729,3.594230314495153,1.324190115866635,19.67368172144715,2.270040198628517,0.5438637975880822
P81647,0.6777284412245852,2.570694087403599,1.378826828698294,11.19420425333022,1.098387473708811,0.373919139985978
P81655,3.249062770354706,3.720080745938672,1.67259444391041,17.61030471979237,2.566567336345285,0.3845044698644622
P81664,1.851245085190039,2.888816076889472,1.742027086063783,13.28090869375273,1.5782000873744,0.6389252948885976
P81668,2.584864528184366,4.110868888196824,1.697290563687325,18.54562441606976,2.584864528184366,1.074431641233261
P81674,3.104718470443782,3.490615681459393,1.490966497105771,20.27714436063848,2.455709524644799,0.5086826872478513
P81681,3.129083781036736,4.595614926673443,2.30869754610135,21.56236387396544,2.715260635980834,1.030927835051546
P81683,0.3362648732540093,2.715985514743922,0.4267977237454734,9.596482152095188,1.073460941541645,0.2198654940506984
P81685,1.044267877412032,2.79228149829739,0.9534619750283768,9.78433598183882,1.112372304199773,0.4313280363223609
P81686,1.727522575579113,2.316450726344719,0.8637612877895563,15.35139379662348,1.49195131527287,0.8637612877895563
P81687,4.408241494968855,4.839482510781026,2.683277431720172,21.8016291327264,3.92908481073311,1.102060373742214
P81692,3.748782862706913,3.554040895813048,1.411879259980526,22.29795520934761,1.801363193768257,0.4868549172346641
P81694,0.7048785012057133,2.096086069374884,0.5379335930254127,7.308477091448711,0.8718234093860137,0.3895381190873679
P81695,3.216695433861604,3.860034520633925,1.349442962498039,16.97787541189393,2.306605994037345,0.5962654950572729
P81699,2.51685393258427,4.0,1.438202247191011,15.01123595505618,2.337078651685393,0.8089887640449439
P81701,2.591719959609559,4.039044092898014,1.682935038707506,19.11814203971727,2.120498148771457,1.077078424772804
P81704,1.641858367162833,3.410013531799729,0.8479927830401444,13.22507893549842,1.542625169147497,0.5322507893549843
P81707,0.7714016933207902,2.784571966133584,0.658513640639699,14.63781749764816,1.392285983066792,0.451552210724365
P81709,1.28397532099383,2.267800566950142,0.7337001834250458,11.02217775554444,1.567450391862598,0.5836251459062864
P81710,3.383233532934132,4.191616766467066,2.225548902195609,20.80838323353294,2.794411177644711,0.6686626746506986
P81714,2.683178534571723,4.747162022703819,1.805985552115583,18.45545235638115,2.597179222566219,1.117991056071551
P81721,1.439424230307877,3.598560575769692,0.5197920831667333,13.03478608556578,1.239504198320672,0.4398240703718513
P81724,0.7000736919675755,2.652910832719233,0.8843036109064112,12.30655858511422,1.105379513633014,0.4421518054532056
P81726,1.416765053128689,3.423848878394333,0.9445100354191264,13.45926800472255,2.007083825265644,1.180637544273908
P81730,2.58121940364931,3.738317757009345,1.212728081886961,19.00311526479751,2.347574543836226,0.9790832220738764
P81731,0.9837306091562618,3.102534998108211,1.097237987135831,11.91827468785471,1.513431706394249,0.3783579265985623
P81732,2.777179763186222,3.681377825618945,1.097954790096878,15.43595263724435,2.088266953713671,0.7965554359526372
P81734,1.363566722843573,2.849701240998928,0.755834737755988,14.41192993207701,1.828302946734079,0.8324396098258515
P81735,1.001472754050074,2.88659793814433,0.7069219440353461,9.60235640648012,1.237113402061856,0.7363770250368188
P81736,1.101321585903084,2.790014684287812,1.199216837983358,11.91874694077337,1.223690651003426,0.6118453255017132
P81740,2.701962574167047,4.034687357371063,1.095390232770425,17.1519853947969,2.263806481058877,0.9675947056138748
P81741,1.155115511551155,3.217821782178218,1.155115511551155,14.68646864686469,1.361386138613861,0.9075907590759076
P81742,4.003079291762894,5.542725173210162,2.232486528098537,31.37028483448806,3.579676674364896,2.617397998460354
P81748,2.383822150796839,2.852551225391724,1.647247890719164,15.02611490558457,1.78117048346056,0.5624748895138609
P81755,2.536354413256679,3.426896629466802,0.7890880396798557,17.70939014767219,2.502536354413257,1.13854131439522
P81757,2.391671356218346,3.517163759144626,1.041080472706809,17.61395610579629,1.68823860438942,0.7034327518289252
P81770,0.7940640458214008,2.06977349648529,0.5988023952095809,10.93465243426191,0.9112210361884926,0.3384535277271544
P81771,1.342563457100902,3.41934130480386,0.8076358296622614,16.43591357247745,1.384518565135305,0.5663939584644431
P81780,0.7584899155318048,2.706429925874849,0.5343906223064989,10.48095156007585,1.258403723495949,0.4654369936217894
P82001,2.129107524790978,3.441571067470348,1.341629399183356,18.73420182772701,2.974917363406572,0.8944195994555707
P82002,1.864546202358102,3.372635042500686,0.6443652316972854,15.88977241568413,2.344392651494379,0.6854949273375377
P82003,2.422442244224422,2.693069306930693,1.016501650165016,18.6006600660066,1.749174917491749,0.4554455445544554
P82004,1.161014359914452,2.943273245748039,0.6823505448620023,12.82207964151135,1.639678174966901,0.5805071799572258
P82005,2.589585666293393,2.981522956326988,0.7698768197088466,16.36338185890257,2.267637178051512,0.6019036954087346
P82006,2.212564203871987,2.63729751086527,1.224812327143421,16.35717107862505,2.02489134729356,0.7210588700118531
P82007,2.697250448296474,3.145546921697549,1.04602510460251,17.90197250448297,2.764494919306635,0.7546323968918112
P82008,1.783190902361887,3.088621223336249,0.9353340959558576,14.93842944620147,2.119642016015073,0.7940246282215193
P82009,2.111475409836066,3.606557377049181,0.918032786885246,16.55081967213115,2.334426229508197,0.9311475409836064
P82010,1.636318897637795,2.645177165354331,0.6151574803149606,13.12746062992126,1.488681102362205,0.516732283464567
P82011,2.498555748122472,3.567302137492779,0.635470826112074,14.90467937608319,2.512998266897747,0.6932409012131715
P82012,1.719620045856535,2.947920078611202,1.359318702915165,14.13363904356371,2.292826727808713,0.8516213560432362
P82013,1.066042641705668,2.96411856474259,0.858034321372855,15.6266250650026,1.534061362454498,0.4940197607904316
P82014,2.655410590943975,3.607060629316961,1.565617805065234,18.29623944742901,2.409823484267076,0.8902532617037606
P82015,2.634812957774173,3.436071375903259,1.066705992233201,17.95703681856167,2.497173474905373,0.6242933687263432
P82016,2.966348151225592,3.53967594515995,1.121728292480266,17.11674283340258,2.883257166597424,0.6647278770253428
P82018,1.811002178649237,2.791394335511983,0.6535947712418301,12.37745098039216,1.702069716775599,0.721677559912854
P82020,1.448971020579588,2.981940361192776,0.7979840403191937,17.21965560688786,1.406971860562789,0.7139857202855944
P82021,2.659422362024592,3.016871604232199,1.07234772662282,16.21389762653703,2.673720331712897,0.6148126965970833
P82022,1.445515196441809,2.668643439584878,0.5559673832468496,11.15641215715345,1.704966641957005,0.6486286137879912
P82023,3.102816578887108,3.640943439432105,0.9503091367071216,18.27341424318755,2.46164414930158,0.6182734142431876
P82025,1.978456803693119,2.835788085293471,0.5935370411079358,13.71730050560563,1.934491096944383,0.4176742141129918
P82029,1.726027397260274,2.794520547945206,0.7945205479452054,15.50684931506849,2.246575342465753,0.5205479452054794
P82030,0.8208955223880596,2.786069651741294,0.5472636815920399,11.16915422885572,1.318407960199005,0.4228855721393035
P82031,2.495576869354688,2.970481422851289,0.7728838811807431,14.90827823819723,2.160350125710029,0.4562808455163423
P82033,1.965601965601966,2.30958230958231,0.8353808353808353,15.13513513513514,2.113022113022113,0.687960687960688
P82034,2.667682926829268,3.074186991869919,0.9908536585365854,16.92073170731707,2.388211382113821,0.7621951219512195
P82036,2.674339878131347,3.385240352064996,0.9817197020988492,20.20988490182803,2.369668246445498,0.8801624915368992
P82037,1.917629113096535,3.028982349095664,1.329265635214644,15.05774678579211,2.113750272390499,0.8716495968620613
P82607,2.403361344537815,2.621848739495798,1.243697478991597,18.52100840336134,2.201680672268908,0.6386554621848739
P82609,0.267379679144385,1.509908776344763,0.298836111984901,8.414595784838,0.550487574709028,0.2201950298836112
P82613,2.028757140043333,2.718140634232815,0.6696868229269254,17.9830608627142,1.93027378373055,0.5909001378766989
P82616,0.4799191715079565,2.475372568830513,0.6314725940894165,11.11391765597373,0.9598383430159132,0.2525890376357666
P82624,1.40924464487035,2.170236753100339,0.7328072153325818,9.470124013528748,1.606538895152198,0.4227733934611048
P82625,0.2482416218452627,1.779064956557716,0.4137360364087712,7.199007033512619,1.075713694662805,0.0
P82626,1.141199226305609,2.088974854932302,0.7543520309477757,12.22437137330754,1.760154738878143,0.4448742746615087
P82627,1.279575084500242,1.690004828585224,0.4345726702076291,13.97875422501207,1.569290197971994,0.386286817962337
P82629,1.161665053242982,2.855759922555663,0.9196515004840272,12.14908034849952,1.403678606001936,0.3872216844143272
P82633,1.474103585657371,2.231075697211156,0.8366533864541833,15.89641434262948,1.952191235059761,0.5179282868525896
P82640,0.544535200311163,2.761571373006612,0.6223259432127577,10.48230260598989,0.9918319719953326,0.4472967716841696
P82643,2.040816326530612,2.577873254564984,0.8995703544575726,13.19817400644468,1.651450053705693,0.4296455424274973
P82652,1.435185185185185,3.148148148148148,0.5787037037037037,14.49074074074074,1.666666666666667,0.5555555555555556
P83001,1.883452524251221,2.549033491467819,1.040855342349359,14.26042625504496,1.756000849677831,0.4602421581816895
P83004,1.75550184454904,2.747742017555018,0.9795191451469278,12.35211805113853,1.310265869482254,0.4833990586439385
P83005,2.760869565217392,4.0,1.804347826086956,23.54347826086957,2.521739130434783,1.260869565217391
P83006,2.289982855743326,3.036982610825373,1.285819250551065,16.29928973793779,1.898114131765858,0.440852314474651
P83007,1.613494682801613,2.53025302530253,1.127612761276128,15.41070773744041,1.668500183351668,0.5500550055005501
P83009,3.032274856845393,3.565851119208745,1.236335242061426,18.23269130661114,2.303487766788131,0.5205622071837585
P83010,1.437873033098209,2.984264785675529,0.8410200759631037,17.71568095496473,1.600651112316875,0.6511123168746609
P83011,2.65986769570011,3.817530319735391,1.102535832414553,16.62072767364939,2.4393605292172,0.7855567805953694
P83012,2.581712867190732,3.442283822920976,1.55564749689698,16.44600744724866,2.412081092263136,0.7157633429871741
P83015,2.655344386035854,3.9493193152716,1.37484836231298,17.42822482814395,2.507076425394258,0.7682976142337242
P83017,2.160138248847926,2.721774193548387,0.9072580645161292,14.3721198156682,1.728110599078341,0.7056451612903225
P83021,1.951413779370769,2.907208283552369,1.373954599761051,13.26164874551971,1.66268418956591,0.6471525288729589
P83024,1.782178217821782,3.212321232123212,1.474147414741474,12.84928492849285,2.024202420242024,0.7480748074807481
P83025,1.366666666666667,1.955555555555555,1.044444444444444,10.83333333333333,0.9333333333333336,0.2555555555555556
P83027,2.308960967564596,1.594282572842221,0.3848268279274327,11.26992853216053,0.9345794392523364,0.2748763056624519
P83603,3.343760112177759,4.195879624635961,1.46693992018121,19.00550102470068,2.966238809189947,0.9384100959982742
P83605,2.061310782241015,3.316596194503171,0.872093023255814,11.39006342494715,2.061310782241015,0.6210359408033826
P83608,2.188183807439825,3.422944670209441,1.375429821819319,16.22381994373242,1.938105658018131,0.6408252578930916
P83609,1.924557351809084,2.412111880934052,0.6671798819604825,15.13985116756479,1.334359763920965,0.359250705671029
P83611,0.4349717268377556,1.739886907351022,0.3479773814702045,7.329273597216181,0.8481948673336234,0.1739886907351022
P83612,3.597390493942218,4.398881640260951,2.199440820130476,19.77632805219012,3.168685927306617,0.7642124883504193
P83620,3.06023629672671,3.466976564013171,1.278326554328879,19.07805539415069,2.266124346310285,0.5616889405384466
P83621,1.27591706539075,3.03030303030303,0.7655502392344498,14.44976076555024,2.041467304625199,0.3508771929824561
P83623,1.811520455933238,2.605332790555669,0.8345206594748626,14.53287197231834,1.628332994097293,0.5495623855078364
P84004,1.646466956322891,2.915618568488452,1.109078435856392,14.72673222044363,1.840841527555454,1.211982620626572
P84005,0.235072872590503,0.537309423064007,0.1477600913426019,2.767143528779636,0.2888038148969038,0.0873127812479011
P84009,0.6293156192640503,2.333712088104187,0.5419106721440433,10.74206800104886,0.9439734288960756,0.3583602831920287
P84010,1.358119822770179,1.955307262569832,0.5971874397996533,9.17934887304951,1.242535157002504,0.5104989404738971
P84012,2.637641096521539,3.466943100668049,0.9329647546648236,17.89910158949551,2.21147201105736,0.9329647546648236
P84014,1.605376143363823,3.210752286727646,0.4293447825275341,14.05637483666231,2.072055254806795,0.8213552361396305
P84016,1.008475485462933,2.381718699710331,1.373243214247398,11.18978650359404,1.137217036798627,0.4291385044523119
P84017,1.427791214792853,2.442069126940781,0.920652258718889,12.18693922134665,1.240539907934774,0.6709838495747835
P84018,1.264614650441422,1.717967072297781,0.381770460510618,6.633261751371988,1.002147458840372,0.381770460510618
P84020,1.303366174055829,2.452791461412151,0.708128078817734,10.95032840722496,1.457307060755337,0.8107553366174056
P84021,1.753448091521437,3.015075376884422,0.9943333689725222,14.03827648882711,1.806906874799529,0.8232652624826259
P84022,2.049245432883241,3.383637807783956,1.572676727561557,13.99523431294678,1.858617950754567,0.7466243050039714
P84023,0.8799754425457894,1.463214980047068,0.5627749923257955,6.589583546505678,0.9106722603090148,0.3478972679832191
P84024,1.922841396203307,3.049601959583588,1.212492345376607,17.35456215554195,2.167789344764238,1.298224127372933
P84025,1.220792859018115,2.231556839065372,0.6038330270412182,12.28668941979522,1.155158834339722,0.761354686269362
P84026,0.3218104432679331,2.107339354302917,0.3737153534724385,10.09031454375584,0.7889546351084813,0.2699055330634278
P84027,1.21234386480529,2.559392603477835,0.698016164584864,15.0746999755082,1.236835660053882,0.3306392358559883
P84028,1.51252408477842,2.639691714836224,1.300578034682081,12.97687861271676,1.358381502890173,0.8285163776493256
P84029,1.676814988290398,3.31615925058548,1.892271662763466,13.85480093676815,2.238875878220141,1.320843091334895
P84030,0.9183144486410426,2.11804784122047,0.555432126194179,10.39768940235503,1.229356439309783,0.3776938458120417
P84032,1.468889255652748,3.531935963030203,0.6601749463607856,15.86070308631787,1.798976728833141,0.8087143092919623
P84033,1.518585675430644,2.901178603807797,0.8159564823209429,15.59383499546691,1.541251133272892,0.5666364460562103
P84034,1.787798734410518,1.990538797075628,0.7618111445598084,9.97112490016588,1.4990477360693,0.4607728696934325
P84035,0.9663865546218487,1.908763505402161,1.188475390156063,8.475390156062424,1.128451380552221,0.4381752701080432
P84037,0.8209662140827282,1.926113040732555,0.7104515314177455,9.883170192611304,1.263024944742659,0.5841490369434796
P84038,0.954000887442686,2.21860671498299,0.5250702558793078,10.0133116402899,1.138884780357935,0.3993492086969384
P84039,0.5957582016045755,1.461593454603225,0.6116450869806974,9.071411549765669,0.7149098419254905,0.3892286917149893
P84040,1.471941122355106,2.365619660927849,1.025101853068734,14.87711920094625,1.301090813510317,0.7228282297279538
P84041,1.379310344827586,2.630906768837803,0.6641123882503193,13.26947637292465,1.328224776500639,0.7151979565772669
P84042,1.364207503141267,2.073236402800215,1.184706515885837,11.5239633817986,1.175731466523066,0.6910788009334051
P84043,1.374923045351939,2.688282372255284,1.108146932074697,13.96470346808947,1.713523496819208,0.6874615226759697
P84045,1.650227617602428,2.826251896813353,1.062215477996965,16.21775417298938,1.422610015174507,0.7207890743550834
P84046,0.5845655057228472,2.151594046274009,0.7417595912953775,9.151643169425752,0.9529891437834652,0.2554403890553618
P84047,2.007749207467418,3.628038041563931,1.197604790419162,15.48080309968299,1.990137372314195,1.162381120112716
P84048,1.934545454545454,3.330909090909091,1.658181818181818,17.93454545454546,2.138181818181818,1.352727272727273
P84049,2.042605417725958,3.401420180590865,1.165950732006662,17.09476637152626,2.629964057157886,1.21855001314982
P84050,1.012786428661856,2.025572857323712,0.6203316875553868,12.30535510824155,1.139384732244588,0.5317128750474744
P84051,1.86151704940849,2.609603340292276,0.904662491301322,15.04871259568546,1.617954070981211,1.426583159359777
P84052,1.666000266560043,2.932160469145675,1.066240170598427,15.7936825269892,1.386112221777956,0.8663201386112223
P84053,0.9787928221859704,2.258752666583009,1.141924959216966,13.43957836616891,1.568578240682645,0.5144936629439076
P84054,1.846882399368587,2.888713496448303,0.978689818468824,15.9431728492502,1.894238358326756,1.247040252565115
P84056,0.9062075215224286,2.718622564567286,0.7702763932940644,11.16900770276393,1.087449025826914,0.6343452650657001
P84059,1.259333556224228,1.83884988298228,0.5349381477766633,12.68249192020506,1.237044466733534,0.657528139975482
P84061,1.960466623460791,2.916396629941672,1.166558651976669,17.19053791315619,2.235904082955282,0.8911211924821775
P84064,0.5791346074294696,1.406469760900141,0.4219409282700421,5.799619425829404,0.7115082319847771,0.455034334408869
P84065,1.091800356506239,1.760249554367201,0.5570409982174688,12.32174688057041,1.06951871657754,0.7130124777183601
P84066,1.465393170221117,2.616773518251995,0.8766191286144185,13.64647389768415,1.556980243359937,0.7196127175192987
P84067,2.622418194476677,3.736365746112787,1.427245300533766,17.47505221629148,3.016941285681133,0.9979113483406824
P84068,1.385525961797148,2.080530894090216,0.7308761546049681,11.1873374585239,1.300331808806385,0.511164917944579
P84070,1.463990554899646,2.160566706021251,0.8972845336481701,13.09327036599764,1.369539551357733,0.5667060212514758
P84071,1.462484103433658,1.674438321322594,0.2331496396778296,11.23357354811361,1.080966511233574,0.1695633743111488
P84072,0.2951332526635776,0.764395124398666,0.2626685948705841,3.819024289466694,0.4249918838355518,0.1564206239116961
P84074,0.8526296894632921,2.827140549273021,0.9334051337282354,12.35864297253635,1.373182552504039,0.5923532579429186
P84605,1.377952755905512,2.559055118110236,0.7874015748031495,13.82874015748031,1.72244094488189,1.131889763779528
P84611,0.7086813464945584,1.645153125790939,0.8605416350291066,10.89597570235383,1.063022019741837,0.3543406732472792
P84626,0.41145208297617,2.280130293159609,0.5828904508829076,8.520486884964855,0.7200411452082977,0.205726041488085
P84630,0.3643221465003643,0.7672195791007672,0.33003300330033,4.59045904590459,0.3857528610003857,0.2828854314002829
P84635,0.510879848628193,1.494796594134343,0.3405865657521286,8.874172185430464,0.6244087038789026,0.2838221381267739
P84637,1.079387186629526,2.646239554317549,1.323119777158774,16.46935933147632,1.984679665738161,0.8704735376044569
P84639,0.4204993429697766,2.181340341655716,0.4204993429697766,7.253613666228646,0.4467805519053876,0.2628120893561104
P84644,0.3289022886117582,2.137864875976429,0.3837193367137179,9.058517198848842,0.8222557215293956,0.1096340962039194
P84645,1.25620347394541,2.946650124069479,0.9305210918114144,11.87965260545906,1.457816377171216,0.7909429280397022
P84650,1.289698532967919,3.063034015798807,0.95115266806384,13.33225858455586,1.74109301950669,0.6609704981460583
P84651,1.269344461832725,1.895322552599548,0.7476960528603721,12.79777430012172,1.304121022430881,0.7998608937576073
P84663,0.9737436967483916,2.260476438880195,0.7824726134585289,11.05894627021388,1.234567901234568,0.7303077725612936
P84665,0.4105090311986864,1.252052545155993,0.2052545155993432,8.538587848932677,0.4720853858784894,0.2463054187192118
P84669,0.4790819452955267,0.7241936382374241,0.2506824132360314,4.445434794718958,0.4902233858837948,0.2673945741184335
P84672,1.97778379842861,2.655107017068545,1.029531292332701,18.50447033324302,1.652668653481441,0.7586020048767272
P84673,0.7566852776961505,1.395827211284161,0.6464883925947693,8.521892447840141,0.9036144578313252,0.5583308845136644
P84678,1.131207657405681,1.765181179687986,0.5283112685685872,8.341102616694636,0.9447448567344148,0.2672633476288147
P84679,1.039313149570719,2.033438770899232,0.4066877541798464,11.70356981473113,1.717126073203796,0.7230004518752825
P84683,0.4519938762119997,0.5686374571699351,0.2114164904862579,3.93672085733032,0.400962309542903,0.0729022380987096
P84684,0.5555555555555556,3.0,0.7777777777777778,13.6984126984127,1.285714285714286,0.1587301587301587
P84689,0.6143494478168653,1.821107291742851,0.5558399765962115,9.9685511592189,0.8483873326994807,0.3437431434213413
P84690,1.158301158301158,2.386802386802387,0.8424008424008425,11.3022113022113,1.544401544401544,0.5967005967005967
P85002,1.93672383205204,2.882909520993495,0.9314015375517446,16.02602010644589,2.084565345949143,0.9166173861620344
P85003,0.3896103896103896,1.866883116883117,0.3733766233766234,10.63311688311688,1.168831168831169,0.2597402597402597
P85004,1.367410060231157,3.02783656194042,0.7488197948884909,14.3252482500407,1.790656031255087,0.6837050301155787
P85005,3.240247282029418,4.306118098486463,2.163717757407802,20.59262417395012,2.547431251332338,1.161799189938179
P85007,1.194326947001742,2.886290121920876,1.119681512814133,14.53097785518786,1.567554117939786,0.9455088330430456
P85010,2.510909220974319,3.390800486443952,1.416410329780385,17.29737463337864,2.403605408112168,0.7868946276557693
P85011,2.048344059017423,3.013655627060116,1.389106890598022,16.84978810233872,2.016951812902213,0.9574635065138912
P85012,1.139068344100646,1.904114246854811,0.986059163549813,11.25467528051683,0.9690581434886092,0.4080244814688881
P85013,2.999625046869141,3.473003374578178,1.710723659542557,18.71953505811774,2.418447694038245,0.9514435695538056
P85014,1.247717589774802,2.069385270846013,1.034692635423007,13.77054169202678,1.74984783931832,0.6695069993913573
P85015,1.393087133657511,2.97016690760941,0.9856748587199368,11.67039032724405,1.734787751347089,0.5388355894335655
P85017,2.96127562642369,4.393101204035145,1.160646490942619,19.03677188415229,3.134830241891745,1.030480529341577
P85018,1.943502824858757,2.757062146892655,1.19774011299435,12.13559322033898,2.440677966101695,0.903954802259887
P85019,1.950642825476577,2.807743460913255,1.21176296734151,16.83168316831683,2.009753214127383,0.8866558297620807
P85020,2.008987575997885,3.158868622786148,0.8458895056833201,15.78112609040444,2.075072693629394,0.6872852233676976
P85021,1.093372036768263,2.535074987905177,1.074020319303338,12.31736816642477,1.799709724238026,0.7547169811320755
P85022,1.5625,2.749208860759494,1.246044303797468,13.94382911392405,1.977848101265823,0.6526898734177216
P85026,2.073117745639625,3.401402768294954,1.65725280864006,17.65253553472782,2.097945503072435,0.7758674197753088
P85601,1.23574144486692,2.915082382762991,0.8871989860583016,14.89226869455006,1.932826362484157,0.7921419518377694
P85605,0.8886565603763722,2.339257710402509,0.9017250392054366,14.10088865656038,1.267642446419237,0.5096706743335077
P85606,1.528962069979418,2.072919729491326,0.7056748015289621,12.70214642752132,1.661276095266098,0.5145545427815349
P85608,1.715881883479649,2.873104549082202,1.436552274541101,18.71508379888268,2.314445331205108,1.237031125299282
P85610,1.056245048851334,2.231317665698442,0.6469500924214419,11.4074465275944,1.478743068391867,0.5281225244256668
P85612,0.4716981132075472,2.383316782522344,0.8192651439920555,11.94141012909633,0.9682224428997022,0.2979145978152929
P85614,1.826778422523103,2.471523748119493,0.9671179883945842,15.60283687943262,1.719320868257038,0.6662368364496024
P85615,0.5978947368421053,2.298947368421052,0.6484210526315789,10.51789473684211,1.136842105263158,0.3115789473684211
P85622,0.6276338204967273,2.250515556352551,0.8069577692100781,8.643414327983502,1.3807944050928,0.6276338204967273
P86001,2.519235542318193,3.623727972201539,1.451973194341028,19.02457185405808,1.96078431372549,0.9183420203524448
P86002,2.030456852791878,4.512126339537507,1.748448956570784,16.30005640157924,1.692047377326565,1.861252115059222
P86003,2.777777777777778,3.530286138981791,0.947603121516165,18.36677814938685,2.452619843924192,0.7153474544778893
P86004,2.631578947368421,3.328834907782277,1.169590643274854,15.56455240665767,2.249212775528565,0.7872244714349977
P86005,1.734939759036145,2.811244979919679,1.301204819277108,15.83935742971888,1.622489959839358,0.7871485943775101
P86006,1.925665788703541,3.107989464442493,1.071115013169447,15.6745683347966,1.913959613696225,0.7257828504536143
P86007,1.702158481819499,3.295668549905838,1.390699695784442,15.42807475010865,2.317832826307403,0.8257279443720122
P86008,1.945525291828794,2.957198443579766,0.7490272373540856,13.19066147859922,1.74124513618677,0.8657587548638133
P86009,2.471153846153846,3.663461538461538,1.528846153846154,18.73076923076923,2.548076923076923,0.8942307692307692
P86010,2.026082906380997,3.551467163483931,1.059618071727992,15.52165812761994,2.165812761993479,1.047973917093619
P86011,2.390949381852111,3.83718217867973,1.247958945649638,19.38418474457663,2.332633543270352,0.8514112432936786
P86012,2.154220061864781,2.960671674768007,1.403004860804242,13.9637649138312,2.441449403446752,1.03844454264251
P86013,1.783976646123905,3.308465780084333,0.7946805060006488,13.81771002270516,1.57314304249108,0.5027570548167369
P86014,0.6124234470691163,2.81214848143982,0.3749531308586427,11.66104236970379,0.8373953255843021,0.287464066991626
P86015,1.609623856319892,1.863774991528296,0.8302270416807861,12.86004744154524,1.3215859030837,0.6777363605557438
P86016,2.063148295907899,3.351191154679129,1.652798358600251,16.43679471104525,2.234127436452753,0.9688817964208366
P86017,0.336417157275021,2.880571909167368,0.5677039529015979,10.82842724978974,1.009251471825063,0.1892346509671993
P86018,2.643171806167401,3.501043357291908,1.252028750289822,18.87317412473916,2.909807558543937,0.8578715511245073
P86019,2.564620355411955,3.584410339256866,2.453554119547658,17.25565428109855,2.201130856219709,1.110662358642972
P86021,2.992720409813966,3.909409544351577,1.321110811539498,19.41224049609059,2.453491507144783,1.024534915071448
P86022,2.415569547796222,3.755008586147682,1.385231825987407,18.19118488838008,2.27819118488838,0.8013737836290785
P86023,1.992158524954964,3.115396842216806,1.483522305817527,18.00360283988556,2.013351700752358,0.5722157465296174
P86026,2.027295614151318,3.166821253478203,1.245528024380548,17.58314562077647,2.318802173048894,0.7685172916390618
P86602,2.042602859644004,3.85176539247155,1.313101838342574,16.16574263203968,2.451123431572804,0.8754012255617158
P86606,1.43584993052339,3.450671607225567,1.134784622510421,16.04909680407596,1.875868457619268,1.018990273274664
P86608,1.942196531791908,2.797687861271676,0.7167630057803468,17.36416184971098,2.173410404624277,0.9479768786127168
P86609,0.6446414182111201,2.09508460918614,0.4431909750201451,10.55600322320709,1.12812248186946,0.201450443190975
P86614,0.4225649693640398,3.000211282484682,0.6972321994506655,11.13458694274245,0.6127192055778576,0.8451299387280795
P86619,0.4353233830845771,2.953980099502488,0.7618159203980099,8.022388059701493,0.9017412935323385,0.2176616915422886
P86620,1.082402234636872,2.339385474860335,0.8379888268156425,13.75698324022346,1.326815642458101,0.9427374301675978
P86624,2.844381758345087,3.455571227080395,0.9167842031029618,20.38081805359661,2.679830747531735,0.8932769158439116
P87002,2.849695916594266,3.536055603822763,1.737619461337967,16.86359687228497,2.206776715899218,1.016507384882711
P87004,0.5586206896551724,1.213793103448276,0.2758620689655172,4.806896551724138,0.6137931034482759,0.3241379310344827
P87008,2.909090909090909,3.409090909090909,0.8636363636363636,16.47727272727273,2.090909090909091,0.8068181818181818
P87015,1.280724450194049,2.147477360931436,0.7244501940491591,8.913324708926261,1.448900388098318,0.6985769728331177
P87016,3.418928833455612,3.294203961848863,1.32061628760088,19.71386647101981,2.523844460748349,0.6016140865737344
P87017,2.763665921560658,4.023572444625076,1.341190814875025,18.32960780329201,2.45884982727088,1.137980085348506
P87019,2.327572785302818,3.495251440137007,1.066479838081893,17.07146193367585,2.000622761949245,0.973065545695158
P87020,1.791213625793476,3.280749167242788,0.8484696122179624,13.55665891521589,2.042612029413613,0.8987492929419898
P87022,1.803885291396855,4.810360777058279,0.971322849213691,17.25254394079556,2.127659574468085,1.341350601295097
P87024,1.452991452991453,2.649572649572649,0.9487179487179488,13.99145299145299,1.70940170940171,0.7264957264957265
P87025,2.081696779261587,2.857423409269442,0.9033778476040848,15.09230164964651,1.954045561665357,1.472898664571878
P87026,1.502822373726266,2.16992889084378,1.224250421523349,13.88461256506121,1.429513965251814,0.652444835422623
P87027,1.019007391763464,1.837381203801478,0.7074973600844773,7.951425554382261,1.114044350580781,0.6705385427666315
P87028,2.140077821011673,3.553143559287324,2.047921359819783,18.39033381118165,2.672537374564817,1.013721073110792
P87032,2.084978676354446,2.811562154477965,0.5844258410993524,14.12099194440057,1.848049281314168,0.7423787711262044
P87035,0.8741407111940932,1.8076890435373,0.4158533480437919,8.758380717983535,0.9335483323432062,0.5346685903420182
P87040,2.325850497570007,4.640129599629715,1.214996528581347,13.64267530664198,2.476278639203888,1.203425133071048
P87610,2.360836952230557,3.600473746545598,1.231741018555073,17.08645874457165,2.518752467429925,1.018555073035926
P87613,1.182541388948613,1.827563964738766,0.5805203182111374,12.40593420769727,1.354547409159321,0.7095248333691679
P87620,1.716600916942105,2.740164196609447,0.7143618722678324,11.55773536624374,1.652628211962896,0.5757543448128798
P87624,2.388878010573722,3.23085960446446,0.7049148227922459,14.99902095163501,1.74270608968083,0.5091051497943999
P87625,1.317233809001098,2.561287961946579,0.6586169045005488,12.14782290523235,1.975850713501647,1.134284668862056
P87627,2.123327515997673,2.646887725421757,0.5526468877254218,16.2303664921466,1.657940663176265,0.6108202443280977
P87630,1.63265306122449,3.014128728414442,0.5965463108320251,14.41130298273156,1.63265306122449,1.255886970172684
P87634,1.582397003745318,2.911985018726592,1.01123595505618,10.68352059925094,1.863295880149813,0.8895131086142322
P87639,0.8354606637270828,2.390345787885821,0.4873520538407983,8.145741471339058,1.090740310977025,0.6730099791134834
P87648,0.5828831390389536,0.4833665055444982,0.1705999431333523,4.037531987489337,0.3411998862667046,0.1563832812055729
P87649,2.51320633904274,3.569713462461982,1.184568592924604,15.67152233071875,2.225068032655675,0.848407235473027
P87654,1.58935821024445,2.755463418847715,1.226569923123434,11.6437764533126,1.606633842964499,1.166105208603265
P87657,2.240762812872467,3.361144219308701,0.9058402860548272,16.01907032181168,2.383790226460071,0.9773539928486292
P87658,1.418629550321199,2.141327623126338,0.6959314775160599,10.38543897216274,1.338329764453962,0.5353319057815845
P87661,1.169102296450939,2.254697286012526,0.6680584551148225,13.69519832985386,0.9603340292275574,0.7098121085594989
P88002,3.812549642573472,3.653693407466243,1.493248610007943,19.20571882446386,3.065925337569499,0.5718824463860206
P88003,2.496904663640116,4.085843995047462,1.557985967808502,17.22038794882377,2.80643829962856,1.217498968221213
P88005,2.34884732492388,3.601565898216616,1.304915180513267,15.93736407133536,2.148760330578512,0.7307525010874293
P88006,2.89425507802284,3.426030860430651,1.255339551913521,20.78284369279051,2.484526196495511,0.645105047511115
P88007,2.440691871197101,3.261092500170917,0.991317426676694,15.36883844944281,2.153551651056266,0.3965269706706775
P88008,2.278332354668232,3.053435114503817,1.315325895478567,13.84615384615385,2.055196711685261,0.4932472108044627
P88009,2.550377833753149,3.557934508816121,1.259445843828715,16.21536523929471,2.141057934508816,0.7871536523929471
P88011,1.957647058823529,3.689411764705882,1.665882352941176,14.45647058823529,2.221176470588235,0.9317647058823528
P88012,3.603146409540726,4.465871606191322,2.321745749809693,18.48515605176351,3.006851053032225,0.6851053032225324
P88013,2.841634738186463,3.496168582375478,1.732120051085568,17.4808429118774,2.378671775223499,0.6784802043422733
P88014,2.938775510204081,3.73469387755102,1.530612244897959,15.87755102040816,2.122448979591837,1.061224489795918
P88015,3.919289213651084,4.251432367350328,2.10080544714772,18.69965955326746,3.122145644772897,0.5812505189736776
P88016,2.415072379428239,3.622608569142358,1.709463883029025,14.78868116680003,2.073179602822434,0.6692369244198735
P88017,4.105263157894737,4.842105263157895,1.488721804511278,21.15789473684211,3.233082706766917,0.9774436090225564
P88018,1.729301516761665,2.985218819437736,0.985412037484301,17.16742343734905,1.82591054004444,0.7052458699642546
P88019,2.818181818181818,3.672727272727273,1.436363636363636,17.61818181818182,2.254545454545454,0.890909090909091
P88020,2.585986173935308,3.567466074933857,1.365537253563199,16.94119655201843,2.517709311257148,0.7083724502859093
P88021,3.984352361634309,4.534917415241959,1.695160822949869,18.34250941756013,3.651115618661258,0.6809620399884092
P88023,2.163812558077791,3.557679543342625,0.9823443515199788,16.47418027346342,2.150537634408602,0.4778972520908005
P88024,2.68639283628577,3.718123418337551,1.206930114853027,16.05995717344754,2.326260463305431,0.5742651352929726
P88025,2.745995423340961,3.575514874141877,1.10602593440122,15.76086956521739,2.259725400457666,0.5816170861937453
P88026,2.007935775583649,2.869797914551998,1.182984220725293,14.02233090338655,1.82891944265018,0.5185937067454093
P88031,2.206637016763599,2.582962709544988,0.6671228190215532,16.52411905576463,1.89873417721519,0.4960656859391037
P88041,2.390532544378698,2.923076923076923,0.9585798816568049,13.62130177514793,1.964497041420119,0.4970414201183432
P88042,2.631959508315257,3.788864786695589,1.720896601590745,16.21113521330441,2.357194504699928,0.7809110629067245
P88043,2.02944269190326,3.564668769716088,1.650893796004206,17.20294426919033,2.618296529968454,1.051524710830705
P88044,2.360717658168083,3.720491029272899,0.9442870632672332,17.03493862134088,1.907459867799811,0.623229461756374
P88606,2.633402633402633,3.395703395703396,0.9528759528759528,15.59251559251559,2.702702702702703,0.589050589050589
P88615,1.482127288578901,3.225806451612903,1.191514094739901,14.50159837256612,1.656495204882302,0.4649811101424005
P88623,3.085250338294993,3.856562922868741,0.7171853856562923,17.33423545331529,2.530446549391069,0.5277401894451962
P88625,2.772785622593068,4.120667522464698,1.10397946084724,18.2413350449294,2.51604621309371,0.8215661103979461
P88632,1.698525395958493,2.561441835062807,1.206990715456035,13.79574003276898,1.916985253959585,0.6608410704533042
P89002,1.672752393170828,3.409651633277411,1.312543175762361,14.68469357544656,1.564196190664167,0.6562715878811803
P89003,2.47569409642177,4.199659216197253,1.002305302195049,19.30440012027664,1.85426480906084,1.152651097524306
P89004,3.286010527994895,5.024724836497049,1.323975115648429,17.83378529271016,2.711756260966661,0.941138937629606
P89005,2.14158239143367,3.378941106484236,1.070791195716835,18.16775728732897,1.784651992861392,0.7019631171921475
P89006,2.240896358543417,2.949929971988795,0.9803921568627452,19.46778711484594,2.240896358543417,0.6390056022408963
P89007,2.755246555941805,3.810995236255955,1.10724861593923,18.28247714690357,2.162997296253379,1.029998712501609
P89008,2.01381571244585,3.553448073996019,1.21765601217656,17.53892986769699,1.890879288139562,0.6790773914061585
P89010,2.53934664726888,3.80901997090332,1.044835339240841,19.74606533527311,2.340960190450998,0.8332231186351011
P89011,0.9686609686609686,3.513770180436847,0.5128205128205128,14.37796771130105,1.215574548907882,0.5698005698005698
P89012,2.603100321731501,4.635858438139807,1.140684410646388,18.29482304767476,2.515355367066394,1.199181047089792
P89013,1.592420882886515,3.829873009473896,1.189276355573473,17.07317073170732,2.116508768393469,0.8264462809917356
P89014,2.048373119041992,3.553139525722839,1.079335066572126,17.04088867879934,2.111399984243284,0.8508626802174427
P89015,2.520364159080019,4.091998083373263,1.365596550071873,16.33924293243891,2.664111164350742,0.7570675610924772
P89016,2.288841895758179,4.465729568354273,2.251523821370817,21.14690881950492,2.500310983953228,0.970269934071402
P89018,2.554913294797688,3.757225433526012,1.433526011560694,18.13872832369942,2.404624277456647,1.07514450867052
P89020,1.756211786132431,3.590477429426305,0.780538571614414,16.54741771822558,1.821256667100299,0.8325744763887082
P89021,2.092918358141633,4.104645917907082,1.208840775823184,19.19711321605773,2.246278755074425,1.136671177266577
P89022,2.052960428443916,4.314192204700982,1.071109788753347,16.75096697411485,1.785182981255579,0.7438262421898245
P89023,2.860096485182633,4.410751206064782,1.84355616815989,19.9000689179876,2.842866988283942,1.22329427980703
P89025,1.952723535457348,3.905447070914697,1.301815690304899,21.20589242891401,1.57588215142172,0.9934909215484756
P89026,2.156586966713549,3.828723238005939,1.468979528051258,19.69057665260197,1.953430223472417,1.265822784810127
P89029,2.545011506700961,3.397861107350751,1.272505753350481,19.75091376742927,2.111818058751862,0.5956409909300121
P89030,2.114111054508406,5.399898115129903,0.967906265919511,18.33927661742231,2.317880794701987,1.146204788588894
P89602,2.590673575129534,3.471502590673575,1.476683937823834,18.05699481865285,2.642487046632124,0.9844559585492229
P89609,1.1977263499797,3.369874137231019,0.7917174177831912,19.20422249289484,1.400730816077954,0.5684125050751117
P89612,2.362906821221578,2.630405706642889,0.980829246544806,17.25367810967454,1.917075345519394,0.6687472135532769
P89613,1.168424052436592,2.935309204901681,0.6554573952693075,17.55485893416928,1.538899971501852,0.4274722143060701
P89618,1.466753585397653,3.552803129074315,1.108213820078227,14.04823989569752,2.11864406779661,0.9452411994784876
P91003,2.649507948523846,2.725208175624527,0.8074690890739339,15.31667928337118,1.955589200100934,0.5929851122886702
P91004,1.782573003400962,1.993667174856339,0.5394628826081858,11.15280872522575,1.336929752550721,0.3400961651225519
P91006,2.97955796937467,3.748962812099268,1.667043825903296,16.94953609413895,2.255412235045636,0.8750094289809157
P91007,2.75621732932045,2.502772057658799,1.013781086646602,16.5689846348804,2.170125138602883,0.5544115317598606
P91008,3.084832904884319,3.550771208226221,1.156812339331619,14.74935732647815,2.506426735218509,0.5944730077120822
P91009,3.624382207578253,4.96064433461468,1.967783269265971,20.87680761486363,2.983708585026542,1.116602599304412
P91011,2.91957728819631,3.027046390829303,0.6448146157979581,13.37990327780763,2.077735984237865,0.4656994447429698
P91012,3.11919299177064,3.278470931775949,1.340589328378019,19.5380939739846,2.455534908415185,0.7167507300238917
P91013,2.332260029588374,2.93272996257941,0.9050561308850404,15.594813332173,1.766599947785223,0.6265773213819511
P91014,2.452116628034647,3.257289252165426,1.360253751372453,13.98682444796877,2.06172990118336,0.7319751128461632
P91016,2.012350936967632,2.885434412265758,0.6068994889267462,14.00127768313458,1.714224872231686,0.4791311754684838
P91017,2.488510256697679,3.261966147292904,1.020065015132833,15.7493554534245,2.275529649142473,0.6053133056832194
P91018,1.903219275156914,2.827832894648039,0.8031315380981304,13.84220827427954,1.754741175676588,0.4926773300938112
P91019,2.285714285714286,4.136054421768708,1.795918367346939,14.47619047619048,2.503401360544218,1.034013605442177
P91020,1.266883048895404,3.172442676159565,1.07842110773741,14.58486022406031,1.696157470421945,0.5130352842634279
P91021,2.767394583251361,3.79041248606466,1.31811922093252,18.87336874549151,2.282116860121975,0.6754541281395502
P91026,1.899218869658447,3.231735334660744,0.8577117475876858,13.1413692755399,2.374023587073059,0.8423954663807628
P91029,2.543088881378844,3.033119297059817,1.275768840824603,14.57418046637378,2.357215275430889,0.6252112200067591
P91035,2.152526074413788,2.825652784969302,1.560766328870479,13.63266513795399,1.938013166654339,0.4142318218803165
P91603,2.040816326530612,2.292605353829844,0.8216273522395972,13.01351709514975,1.815531407368142,0.3047972435727538
P91604,2.958222651533446,3.429123400144893,0.8150205264428882,14.35039845447959,1.931900507123883,0.5554213957981163
P91617,1.657687525901368,2.527973476999586,0.4558640696228761,8.702859510982181,1.491918773311231,0.3315375051802735
P91623,2.929636411195396,3.204289824744964,0.8631964425843578,16.71462202458802,2.131833638503793,0.6800941668846455
P91627,2.106709411495306,3.366155255324021,1.053354705747653,14.27753606594916,2.003663842454774,0.7213189832837188
P91629,1.082180101003476,2.682494917032859,0.8132747425723094,14.23886666229422,1.259264117531318,0.491900045910671
P91631,2.494517543859649,2.302631578947368,0.9594298245614036,14.74780701754386,1.754385964912281,0.4111842105263158
P92001,3.072224218469278,4.222062522457779,1.509162773984908,22.2601509162774,2.515271289974848,0.6647502694933525
P92002,2.676493405740885,3.878975950349107,0.8339798293250582,20.32583397982933,2.385570209464701,0.5624515128006207
P92003,3.046521202140799,3.447920955125566,1.245368464388637,19.84355701934953,2.254013997529848,0.8336764100452861
P92004,2.410449771074603,4.336116347966604,0.8618367896579585,19.13546997037436,2.033396175599246,0.5925127928898465
P92005,2.977725674091442,5.11137162954279,1.570926143024619,22.50879249706917,3.001172332942556,0.9613130128956624
P92006,2.799023596419854,4.556550040683483,1.855166802278275,20.52074857607811,2.489829129373474,0.9926769731489016
P92007,2.406417112299465,4.325259515570934,1.179616231519346,16.84491978609626,2.59515570934256,0.9279647687952188
P92008,3.408308469130136,4.762451227909112,2.226302501721368,20.82855175579527,2.834519164562773,0.9065871012164334
P92010,3.196897888841017,4.420508401551055,1.947436449806118,21.17190866006032,2.516156828953037,0.9220163722533392
P92011,2.829718274744453,3.926701570680628,1.919720767888307,20.94240837696335,2.455746696584393,1.047120418848168
P92012,3.136042402826855,4.085689045936395,1.148409893992933,22.28356890459364,2.252650176678445,0.9717314487632508
P92014,3.081986834231,3.747755834829444,1.5409934171155,20.6837223219629,2.266606822262119,0.6508078994614004
P92015,4.038905374216947,4.896142433234421,1.582591493570722,20.85393999340587,2.654137817342565,1.071546323771843
P92016,2.673656618610747,3.926605504587156,1.557011795543906,17.47313237221494,2.338138925294889,0.6657929226736566
P92017,3.92482451505774,4.370141142727753,1.434070495886482,21.60917805117368,2.626613329307872,0.6340101139708657
P92019,2.195494463535701,3.455517373043146,0.9068346697212676,18.53760977472318,2.09049255441008,0.8781977854142803
P92020,2.717282717282717,3.496503496503497,1.138861138861139,20.23976023976024,2.257742257742258,0.2597402597402597
P92021,2.973732033702296,4.311911448868329,1.387741615727738,21.44391210969767,2.395506360482405,0.743433008425574
P92023,3.070866141732283,3.959505061867267,1.271091113610799,18.88638920134983,2.924634420697413,0.8211473565804274
P92024,2.195880295375048,3.595025262339682,0.952195880295375,15.9152739992227,2.351340847260007,0.7967353284104158
P92026,2.530120481927711,3.520749665327979,1.137884872824632,17.21552878179384,2.289156626506024,0.6559571619812583
P92028,2.693184172363787,3.459705821421172,0.8286720530350113,17.25709550445411,1.760928112699399,0.870105655686762
P92029,2.121482804823582,3.640017865118356,1.29522108083966,15.52032157213042,1.719517641804377,0.7815989280928985
P92030,2.571491908667701,2.72666814453558,0.8867213478164486,18.79849257370871,1.706938594546664,0.6872090445577478
P92031,2.08105147864184,3.570646221248631,0.7667031763417306,14.15115005476451,1.796276013143483,0.1533406352683461
P92033,2.594685080560787,3.452605147520402,1.046243984097091,17.59782381251308,1.71584013391923,0.6905210295040803
P92034,3.524545944973925,4.873224240244561,1.546484445243661,23.32314331954684,3.021039381406222,0.7552598453515554
P92038,2.632403635224068,3.196490128486368,0.9714822939517392,16.67188968975243,1.598245064243184,0.407395800689439
P92041,2.724190342569858,3.460773997427803,1.145796796445692,16.12299777855723,2.314977200982112,0.6079738103589384
P92042,3.315708305794228,4.890945142101785,2.026878166997136,19.6078431372549,2.753910552985239,0.9693765146508042
P92602,1.777777777777778,3.515151515151515,0.9696969696969696,18.42424242424242,2.262626262626263,0.5252525252525253
P92605,2.053931451612903,2.658770161290323,0.5670362903225806,12.24798387096774,1.222278225806452,0.4032258064516129
P92607,2.623241667722722,4.258015460651375,1.039158535039919,17.72905842098593,2.572551007476872,0.7350145735648207
P92615,1.974496092143151,3.722747840394899,1.254627725215961,15.93994241053065,2.159605100781572,0.4730563554092966
P92620,1.740644038294169,2.511500683824444,0.6465249285092627,14.16138256869327,1.392515230635335,0.4600273529777446
P92621,2.320238915690329,3.216172754422238,0.781070526073972,16.01194578451643,1.95267631518493,0.7351252010107971
P92626,2.716957008150871,3.787757711363273,1.534281604602845,18.90682435672047,2.285440306856321,1.118747003356241
P92630,1.778385772913817,2.975376196990424,0.8207934336525308,17.30506155950752,1.573187414500684,0.478796169630643
P92633,1.833810888252149,2.550143266475644,0.8022922636103151,14.26934097421203,1.60458452722063,0.2578796561604584
P92634,2.540463019872977,3.257529194837124,0.6556033599672199,17.86519155910674,2.048760499897562,0.7580413849620979
P92635,2.694610778443114,4.341317365269461,0.8483033932135728,19.61077844311377,1.946107784431138,0.7984031936127743
P92637,1.435523114355231,2.311435523114355,0.8759124087591241,13.55231143552312,1.167883211678832,0.3892944038929441
P92639,2.701822916666667,3.255208333333333,1.009114583333333,16.40625,1.920572916666667,0.29296875
P92642,2.541743970315399,3.784786641929499,2.411873840445269,20.44526901669759,2.059369202226345,0.7792207792207793
P92646,2.319731693683622,2.906651760760202,0.7266629401900504,16.32196757965344,1.872554499720514,0.3912800447177194
P92647,2.973977695167286,4.120198265179678,1.59541511771995,21.70074349442379,2.772614622057001,0.7434944237918215
P92648,2.693661971830986,3.186619718309859,1.267605633802817,16.19718309859155,1.936619718309859,0.6690140845070423
P92651,1.849875489149769,3.486303806474564,0.7826396300249021,17.27143365350409,1.867662753468517,0.3735325506937033
Y00020,0.5835240274599542,0.9954233409610984,0.3890160183066362,8.924485125858125,0.8466819221967964,0.1716247139588101
Y00026,1.176470588235294,2.846299810246679,0.7210626185958254,12.97912713472486,1.935483870967742,0.4554079696394687
Y00033,0.6337509211495947,1.134856300663228,0.4274134119380987,9.50626381724392,0.7811348563006633,0.1621223286661754
Y00050,1.893777587925388,3.018652997294603,1.110636480136694,16.1327068204471,1.737149366367649,0.5837960985333903
Y00057,0.5189076992929882,1.368619056885257,0.4086398131932283,11.1824609197639,0.7134980865278588,0.2464811571641694
Y00078,2.024893182240386,2.043470183912317,1.040312093628089,12.4465911201932,1.690507152145644,0.2415010217350919
Y00080,3.253521126760563,3.028169014084507,1.070422535211268,18.38028169014084,2.676056338028169,0.5774647887323944
Y00090,0.6313744536182613,2.464788732394366,0.473530840213696,12.43322000971345,1.335599805730937,0.1699854298203011
Y00140,2.477793361383824,5.984104721832632,0.7947639083683964,15.94202898550724,2.057035998129968,1.075268817204301
Y00155,0.4981090305322387,1.153030163269071,0.3136242044091874,9.08587768656028,0.7840605110229684,0.0830181717553731
Y00159,1.404989919354839,2.661920362903226,0.8190524193548386,13.34110383064516,1.392389112903226,0.459929435483871
Y00184,0.251098556183302,1.37057961916719,0.3034107553881565,6.947060054404687,0.6486712701401968,0.240636116342331
Y00185,2.148947276840091,2.14024708543588,1.183226030972681,16.24325735166174,1.55733426135375,0.3306072733600139
Y00186,0.6841505131128849,2.33751425313569,0.5701254275940707,8.72291904218928,0.6841505131128849,0.057012542759407
Y00200,0.9883198562443846,0.9433962264150944,0.4492362982929021,6.64869721473495,1.033243486073675,0.2470799640610961
Y00206,0.6566510794945777,1.203860312406726,0.3482240573077306,8.53646403342951,0.8456869963187742,2.198786190428813
Y00228,0.3585657370517928,2.470119521912351,0.5577689243027889,8.48605577689243,0.6374501992031872,0.2390438247011952
Y00252,2.570694087403599,3.116966580976864,0.9640102827763496,16.03470437017995,1.992287917737789,0.3534704370179949
Y00265,0.3306713251809333,1.416271524831545,0.3743448964312453,7.505615173446468,0.6114299975043673,0.1809333666084352
Y00278,1.511063140852671,2.266594711279007,1.106314085267134,12.84403669724771,1.457096600107933,0.62061521856449
Y00286,2.274069698759598,3.012404016538689,1.210868281157708,18.31069108092144,1.535735380980508,0.7678676904902539
Y00293,2.849823887287864,3.415519265663358,1.035329277404205,16.98153484897001,1.995944070872025,0.5870423737858896
Y00297,2.565668906536347,3.217267358990022,0.8959478721238037,15.08857666463042,2.504581551618815,0.5294237426186112
Y00312,1.21054907047125,1.96714223951578,0.7565931690445309,9.814094249891916,1.448335495028102,0.2810203199308258
Y00316,1.243371731577985,1.353081002011337,0.5119765953556409,10.93435728652405,1.133662461144634,0.5851161089778752
Y00347,2.332786586477128,3.809003098232185,1.713140149444141,18.35246947330053,2.132312739201749,0.4920721705850191
Y00351,2.177828721139676,2.824627476666121,0.9006058621254299,15.1956770918618,1.68658915998035,0.5158015392172917
Y00352,0.4336181609488586,1.296603324405901,0.3230880414913064,8.625600476129746,0.8459805296943417,0.1402882285422778
Y00399,2.272727272727273,3.162055335968379,0.8152173913043478,18.55237154150198,2.149209486166008,0.8646245059288538
Y00403,0.1895135818066961,0.7201516108654453,0.2653190145293746,5.811749842072015,0.4042956411876185,0.2021478205938092
Y00411,2.042199813575121,3.906448606050335,1.28802643843742,15.95627489195831,2.347258706889247,1.127023133632743
Y00412,0.7467870788468218,3.560263980548802,0.6252170892671066,15.02257728377909,1.267801319902744,0.2084056964223689
Y00437,1.083780981999811,2.063895957025728,0.7068136839129205,13.09961360851946,0.8670247855998492,0.2733012911129959
Y00445,1.190658694874546,2.509070468598293,0.7971792120190095,11.28315192396137,1.619909039807859,0.6898666257856815
Y00446,2.997448979591836,4.815051020408164,2.200255102040817,20.34438775510204,2.487244897959183,0.8609693877551019
Y00469,2.395763281775387,3.539004707464694,1.487895090786819,17.02252858103564,2.53866845998655,0.6893073301950235
Y00471,0.7757951900698216,1.551590380139643,0.5559865528833722,8.094129816395139,0.8275148694078096,0.3878975950349108
Y00475,3.152132880332201,4.001510003775009,1.151377878444696,20.91355228388071,2.472631181577954,0.6417516043790109
Y00486,0.964460298586339,1.545778834720571,0.5020478266613819,10.71475756374686,0.9380367287620558,0.2906592680671159
Y00492,0.2473299606520517,1.079258010118044,0.2473299606520517,7.105115233277122,0.4609331084879146,0.2023608768971332
Y00507,0.8210645526613816,1.387315968289921,0.4530011325028313,9.28652321630804,0.8210645526613816,0.6511891279728199
Y00560,1.201304273210915,1.55025456209599,0.4919627023625651,10.91470739660202,1.109776328585321,0.2402608546421829
Y00568,1.569826707441386,1.977573904179409,0.6320081549439347,10.78491335372069,1.345565749235474,0.3465851172273191
Y00612,0.6443566826023696,1.995427146123467,0.3949282893369362,13.3236333402619,0.9353564747453752,0.4780710870920806
Y00726,1.885098743267504,2.728904847396768,1.454219030520646,16.91202872531418,2.208258527827648,1.436265709156194
Y00758,0.9667440061871616,1.778808971384378,0.3480278422273781,12.06496519721578,1.044083526682134,0.1933488012374323
Y00774,2.918438345574024,3.865481252415925,1.217626594511017,17.47197526091998,2.145342095090839,0.7151140316969463
Y00902,0.9137635636778983,1.684751570531125,0.6567675613934895,12.36436322101656,1.342090234151913,0.5996573386636208
Y00918,1.006512729425696,3.315571343990527,0.3848431024274719,13.43990526939017,1.228537596210776,0.2220248667850799
Y00969,3.553557798320753,4.859638707488763,1.39937240268001,20.90577559155288,3.21431600373166,0.610635230260368
Y00999,0.9471327707938696,1.43791975202342,0.5682796624763218,12.24384363698984,0.8524194937144826,0.266919235405545
Y01008,2.843341749917664,4.04361986313902,1.233212573645113,18.62992644637172,2.737219599663336,1.143557653602664
Y01011,1.336083213773314,1.614060258249641,0.6366571018651364,10.29411764705882,1.129842180774749,0.4214490674318508
Y01050,3.120042305658382,4.587519830777366,1.4806980433633,16.63141195134849,3.582760444209413,0.6081438392384982
Y01051,3.69815668202765,4.400921658986175,1.232718894009217,16.44009216589862,3.283410138248847,0.7603686635944701
Y01066,0.4312251216275984,0.9398496240601504,0.3095975232198143,7.06545776205219,0.6634232640424591,0.287483414418399
Y01068,0.3868865811443698,2.443494196701283,0.4276114844227245,7.330482590103848,0.8755854204846264,0.2036245163917736
Y01090,0.3675598766895897,0.924828076831871,0.0948541617263457,7.007351197533791,0.5454114299264881,0.0829973915105525
Y01108,1.979414093428345,3.246239113222486,1.214040643969385,14.22538928477171,1.477962523093165,0.5542359461599367
Y01118,1.5656712090461,2.957378950420412,0.8988112496375761,18.09220063786605,2.841403305305886,0.7248477819657871
Y01127,3.421582288279919,4.954327295246943,1.223099551014089,17.35562780616194,2.941631831552872,0.6192909119058678
Y01132,1.565722141602383,1.634461162453219,0.3666081112044604,8.73749331703964,0.8706942641105935,0.2749560834033453
Y01163,2.743826390621102,3.966076328261412,1.671239710651035,22.37465702170117,2.344724370167124,0.3741581441756049
Y01206,2.850855256576973,2.840852255676703,0.8802640792237671,12.43373011903571,1.800540162048615,0.3501050315094528
Y01221,1.042287075640262,3.454437164979154,0.6551518761167362,17.45086360929125,0.9231685527099464,0.1786777843954735
Y01280,0.2532714225411566,1.224145208948924,0.295483326298016,8.10468552131701,0.5909666525960321,0.2110595187842972
Y01281,3.901482127288579,5.187445510026155,2.136006974716652,20.09590235396687,2.746294681778553,0.7628596338273758
Y01291,1.712691234484749,2.29000288655826,1.183488886750698,14.56749735398826,1.616472625805831,0.2694121043009718
Y01652,4.156518915408346,5.796395518753044,2.289332683877253,22.53612599447962,2.873843156356552,0.649456080532554
Y01655,0.9651741293532338,0.9651741293532338,0.427860696517413,6.875621890547263,0.736318407960199,0.1691542288557214
Y01690,1.455830388692579,1.92226148409894,0.8904593639575971,10.75618374558304,1.187279151943463,0.4522968197879859
Y01695,0.7272727272727273,1.454545454545455,0.5575757575757576,8.727272727272728,0.8242424242424242,0.6787878787878788
Y01719,0.6203068886712374,1.077375122428991,0.4570682337577539,9.576667754924364,0.9903145064751332,0.185003808901948
Y01756,3.131021194605009,4.206807964033398,1.685934489402698,21.6281310211946,1.766217084136159,0.5459216441875401
Y01794,2.347542727937753,3.378333444171044,1.316752011704462,16.95816984770898,2.101483008578839,0.8046817849305048
Y01795,0.6868131868131868,1.423576423576424,0.4995004995004995,13.32417582417582,0.6993006993006993,0.1748251748251748
Y01812,2.231904677218567,2.827672061177307,1.235995020451716,15.30321892228348,2.178552374177485,0.8358527476436067
Y01839,1.007899754835195,1.688913102696813,0.5039498774175974,10.61018795968401,1.062380822664124,0.2587850721874149
Y01922,3.696253457379935,4.844522672030844,1.475148772106278,19.20207861872433,3.587293604894812,0.821389657195541
Y01929,1.554354857121114,2.517027510368707,1.01213804649747,12.99608081884251,1.615235341120962,0.5441193257486397
Y01948,0.4334121355397951,1.654846335697399,0.3546099290780142,5.988967691095351,0.7880220646178092,0.4334121355397951
Y01964,1.323324022346369,2.241620111731844,0.7122905027932961,11.22206703910615,1.110335195530726,0.3875698324022346
Y02002,0.1520117809130208,0.3040235618260415,0.1187592038382975,2.370433708612417,0.1520117809130208,0.0380029452282551
Y02117,0.6489824207674375,1.386176044357633,0.4536576145170437,11.85180517925776,0.9829248314535948,0.2835360090731523
Y02177,1.234567901234568,2.05761316872428,0.7936507936507936,11.94885361552028,1.3668430335097,0.4409171075837742
Y02212,2.290909090909091,3.781818181818182,1.090909090909091,17.49090909090909,1.490909090909091,0.8363636363636363
Y02274,1.003602676273804,1.77560473494596,0.4374678332475553,9.93309315491508,1.029336078229542,0.4374678332475553
Y02319,0.4111525118848773,1.002184247719389,0.2826673519208531,5.434922266478222,0.6295772838237184,0.154182191956829
Y02321,1.886465905157494,2.630668051228799,0.778816199376947,12.51298026998962,1.66147455867082,0.5538248528902735
Y02322,1.183865898376113,2.357255107386066,0.4609743321110529,11.69198533263489,1.320062860136197,0.5866946045049763
Y02325,0.6337371854613234,1.36067101584343,0.3727865796831314,8.3690587138863,1.043802423112768,0.4659832246039142
Y02332,0.7566340593417283,2.572555801761876,0.5134302545533157,10.33886396800519,1.075501270064314,0.2161811598119224
Y02342,0.4636785162287481,1.70015455950541,0.4121586810922205,13.47758887171561,0.6285419886656363,0.1442555383822772
Y02354,3.08695652173913,4.282608695652174,1.239130434782609,18.29347826086956,2.097826086956522,0.8804347826086957
Y02378,2.540233512148943,3.550015777847901,1.08867150520669,20.2745345534869,1.940675291890186,0.6311139160618492
Y02423,0.7578491519307109,1.407434139299892,0.4172681342475641,8.374684229520028,0.8458137856369542,0.171418260555756
Y02463,0.2995708849485871,1.125414946158206,0.2428953121204761,6.550076916848838,0.3967290097967776,0.1943162496963809
Y02466,1.040642412323828,1.52409046214356,0.5735824319895116,9.12815470337594,0.9423139954113404,0.237627007538512
Y02469,0.5774490933036167,1.519602877114781,0.5369263499138892,11.21466923310708,0.7496707527099584,0.1519602877114781
Y02476,0.329570156370521,0.5609704789285463,0.1963396676249912,6.051469041441695,0.329570156370521,0.0981698338124956
Y02494,0.2009456264775414,0.4846335697399528,0.1891252955082742,4.728132387706856,0.3309692671394799,0.1418439716312057
Y02510,2.21010755856785,3.698246648003536,1.119787829674378,14.2183586267865,2.21010755856785,0.663032267570355
Y02517,2.48730378578024,3.456832871652816,1.154201292705448,13.52146814404432,2.302631578947368,0.6463527239150507
Y02519,0.8540996784565916,1.838826366559486,0.3516881028938907,10.008038585209,1.12540192926045,0.4320739549839229
Y02520,0.642791551882461,1.212121212121212,0.5325987144168962,10.13774104683196,1.01010101010101,0.3489439853076217
Y02521,1.692129181976407,2.252949139431444,0.7832140785147941,11.91258944111391,1.498742989750532,0.6478437439566815
Y02567,0.6605222734254993,1.658986175115208,0.4608294930875576,10.30721966205837,0.9216589861751152,0.2918586789554531
Y02571,1.01010101010101,1.54486036838978,0.285204991087344,10.54070112893642,1.30718954248366,0.17825311942959
Y02575,0.3418957218048495,0.8412434207566692,0.1799451167393945,8.952269557784875,0.5938188852400018,0.0809753025327275
Y02578,0.2036991770553247,0.3585105516173715,0.0977756049865558,2.582905565061517,0.2933268149596676,0.0733317037399168
Y02586,0.6161314413741599,1.923076923076923,0.2987303958177745,9.578043315907394,0.7281553398058253,0.2987303958177745
Y02589,0.4589348886126781,1.061286929916818,0.1816617267425184,6.46333301462855,0.678841189406253,0.2772731618701597
Y02594,2.339776195320447,2.882332994235334,1.017293997965412,17.46354696507291,2.136317395727365,0.5425567989148864
Y02605,1.340123291342804,2.412221924417047,1.098901098901099,12.35593674618065,1.822567676226213,0.6164567140176896
Y02606,1.047977730473227,2.243327329294253,0.9333551662027182,9.64467005076142,1.424594727362044,0.5567381693139021
Y02611,0.8500341254575914,1.011354470434945,0.2854129180368555,6.998821120555935,0.7879878389278401,0.155115716324378
Y02622,0.1823440643863179,0.3709758551307847,0.0880281690140845,2.188128772635815,0.2263581488933602,0.0314386317907444
Y02626,1.60393498716852,3.592814371257485,0.4491017964071856,14.32848588537211,1.240376390076989,0.4918733960650128
Y02627,1.913677408665396,3.305442796785685,1.076961312235937,12.32706486620827,1.872255819733245,0.5219120205451081
Y02633,2.826975476839237,3.303814713896458,1.294277929155313,18.86920980926431,2.111716621253406,0.6471389645776567
Y02636,0.9783878504672896,1.752336448598131,0.8615654205607476,8.936915887850468,1.285046728971962,0.3942757009345794
Y02639,0.9891902916581684,1.550071384866408,0.4487048745665919,10.87089537018152,0.7138486640832143,0.112176218641648
Y02646,0.6072682417686688,1.318910712591328,0.4174969162159598,8.150678432488851,0.6831767719897524,0.1423284941645317
Y02653,2.120792992162287,3.457814661134163,1.037344398340249,16.1134163208852,1.798063623789765,0.6685108344859382
Y02657,1.840269425066153,2.573971614144816,0.8419533317296126,14.44551359153236,1.647822949242242,0.8660091412076015
Y02663,1.132502831257078,1.970554926387316,0.5662514156285391,13.00113250283126,1.676104190260476,0.6568516421291053
Y02669,1.350822239624119,2.564604541895067,1.096319498825372,10.94361785434612,1.507439310884886,0.548159749412686
Y02671,0.4180011942891265,1.56886162531893,0.374572498778568,11.8560338743825,0.6080017371478205,0.1031431518375767
Y02672,0.5048630187838741,0.8315390897616749,0.2078847724404187,8.508426757739995,0.4306184571980102,0.0965179300616229
Y02676,0.4201239365612856,0.5461611175296712,0.2100619682806428,3.224451213107867,0.2730805587648356,0.1050309841403214
Y02684,0.7378129117259552,2.345191040843215,0.5006587615283268,9.776021080368906,0.8432147562582345,0.6587615283267457
Y02686,0.3045685279187817,0.8798646362098138,0.1692047377326565,5.865764241398759,0.3158488437676255,0.1240834743372814
Y02692,0.2174588381484933,0.7517862690276483,0.1491146318732526,5.181733457595526,0.3727865796831314,0.0559179869524697
Y02701,1.018990273274664,2.165354330708662,0.4979157017137564,10.91940713293191,0.984251968503937,0.2894858730893932
Y02707,1.720082328726845,2.19053219641282,0.9997059688326962,13.68715083798883,1.867097912378712,0.5145545427815349
Y02713,1.246239793725827,2.750322303394929,0.6660936828534594,12.39793725827245,1.289213579716373,0.4082509669101848
Y02718,1.713502398903358,2.832990632853553,1.256568425862463,14.57619374000457,1.964816084075851,1.119488233950194
Y02720,0.4915102770330653,1.563896336014298,0.6478999106344951,8.958891867739052,1.117068811438785,0.4244861483467381
Y02721,0.9081735620585268,2.078708375378406,0.8274470232088799,10.81735620585267,1.392532795156408,0.6256306760847629
Y02736,0.6146109791870373,1.410811565861154,0.3352423522838385,11.99888252549239,0.949853331470876,0.3492107836289985
Y02751,1.351231220552938,1.89350164459063,0.6667259311938839,8.516312561116543,1.413458974131034,0.2666903724775536
Y02753,1.362862010221465,2.265758091993185,1.175468483816014,12.24872231686542,1.362862010221465,0.6814310051107325
Y02755,0.6667993630573249,1.33359872611465,0.2786624203821656,7.842356687898089,0.9255573248407644,0.3682324840764331
Y02757,1.055350553505535,1.896678966789668,0.870848708487085,9.527675276752769,1.151291512915129,0.3468634686346864
Y02767,1.127876848041457,1.585124218869075,0.6401463191586648,8.94680688919372,0.9754610577655846,0.3353147386069197
Y02769,0.944081336238199,1.512950859356088,0.3994190268700072,9.295570079883806,0.6656983781166788,0.3146937787460664
Y02790,0.6256656017039404,1.610756123535676,0.4659211927582535,8.49307774227902,0.8785942492012779,0.3594249201277955
Y02794,0.3666215031481629,1.649796764166733,0.3028612417310911,6.471666533832789,0.5658723200765123,0.1115804574798757
Y02795,0.9821253191907288,2.396385778825378,0.8053427617363976,12.27656648988411,1.41426045963465,0.4910626595953644
Y02807,0.3021616177268149,0.782521112574572,0.2324320136360115,7.77097698923065,0.6585573719686991,0.1162160068180057
Y02827,0.3936233024995079,2.184609328872269,0.5510726234993112,9.761857901987796,1.417043888998229,0.295217476874631
Y02842,0.6444053895723492,1.499707088459285,0.3632103104862332,8.400702987697715,0.8201523140011716,0.3983596953719977
Y02847,0.4285002491280518,0.7473841554559043,0.229197807673144,3.736920777279522,0.4484304932735426,0.179372197309417
Y02849,0.1562194883811756,0.2798932500162729,0.0585823081429408,2.037362494304498,0.1432011976827443,0.0195274360476469
Y02867,1.486288465564161,3.181913334728909,0.9210801758425792,14.00460540087921,2.386435001046682,0.8164119740422859
Y02875,0.6572191415074964,1.68412405011296,0.6161429451632778,8.749229821318547,0.8626001232285889,0.3286095707537482
Y02885,0.8808416931734768,1.68827991191583,0.5382921458282359,9.322241252752631,1.027648642035723,0.3914851969659897
Y02886,1.325088339222615,1.76678445229682,0.4637809187279152,12.54416961130742,1.170494699646643,0.3312720848056537
Y02890,0.3776873910517141,1.612434631028472,0.3776873910517141,6.856478791400349,0.7699012202208019,0.1743172574084834
Y02893,1.385254038444184,3.050266221460157,1.164154859669705,13.13509611045935,1.538669795144842,0.5279306921757965
Y02900,0.3248217991518542,0.6722006676892539,0.2255706938554543,6.234773978164757,0.424072904448254,0.0857168636650726
Y02906,0.4135148764498235,0.7766011094301564,0.1815431164901664,5.526979324256177,0.7463439233484619,0.2622289460413515
Y02928,0.3399311531841652,0.7142857142857143,0.2624784853700516,6.118760757314974,0.3958691910499139,0.1075731497418244
Y02933,1.392138511932616,2.246139447824052,0.947590079550772,11.92091717360786,1.462330369677117,0.6668226485727655
Y02936,1.239087580963109,1.577020557589412,0.7321881160236553,13.09490284426922,1.35173190650521,0.5068994649394537
Y02946,0.277713492247165,0.3702846563295534,0.1157139551029854,3.274704929414487,0.3587132608192548,0.0462855820411941
Y02960,0.2795899347623486,1.335818577197887,0.5902454178316247,7.517862690276483,0.6834420627524076,0.1708605156881019
Y02973,0.6949806949806949,0.9376723662437948,0.3640375068946498,7.655819084390513,0.7170435741864313,0.187534473248759
Y02974,0.2924901185770751,0.6561264822134387,0.2924901185770751,9.652173913043478,0.3794466403162055,0.0632411067193675
Y02986,0.4227517294388932,0.6917755572636434,0.3074558032282859,5.899308224442736,0.5572636433512683,0.1345119139123751
Y02987,0.3388381818736835,1.14777618364419,0.3205226044751061,7.478860771085809,0.5799932842882872,0.1098934643914649
Y03023,0.3709959582554141,1.553357060988116,0.3740121855583037,7.781866441455028,0.6605537793328106,0.1568438197502564
Y03035,1.566735584654261,1.801056742476453,0.6983689409602573,11.71146335860326,1.162416724098323,0.4043188605559385
Y03049,0.5817335660267597,1.751018033740547,0.7446189645142525,8.097731239092495,0.7911576497963932,0.2908667830133799
Y03052,1.817318776700346,2.353020953414254,0.8408489862344883,15.52180104428019,1.546077168237608,0.3458330507899912
Y03063,0.5618663735189935,1.135947233418835,0.622938805423232,9.967020886771712,0.9527299377061196,0.3664345914254306
Y03079,1.785825788323447,2.841086481423666,1.155167030908523,14.03684046206681,1.748360911645332,0.4058694973462379
Y03124,2.158273381294964,3.456746797683804,1.052816283558519,16.37129320933497,2.052991752939112,0.5088612037199508
Y03135,0.682113469034214,1.13685578172369,0.400606323083586,8.521004763967085,0.6929406669553919,0.151580770896492
Y03222,3.132566585956416,3.904358353510896,1.13498789346247,19.56719128329298,3.011501210653753,0.5599273607748184
Y03366,0.4091798612346558,2.294965308663939,0.5870841487279843,9.090909090909092,1.174168297455969,0.1779042874933286
Y03402,0.6312224160936057,1.785897567484348,0.7749153238222314,13.20948373191009,0.8724212254952273,0.3027814841424613
Y03441,0.3988663797627794,0.6717749553899444,0.1889367062034218,4.240579405899024,0.5143277002204262,0.2204261572373255
Y03595,2.452040963507861,3.851146689744699,1.125054089138901,19.24130967834992,2.408769652387134,0.7644598297995097
Y03597,0.4625850340136055,2.231292517006803,0.4353741496598639,8.231292517006802,0.6802721088435374,0.0952380952380952
Y03602,3.037807495459798,3.004787848770018,1.089648340762754,20.5712398877332,2.724120851906885,0.313686643552914
Y03663,0.7070076939072573,1.653150343106675,0.4262840507381992,9.27427739654814,0.7174048658764816,0.1247660636306925
Y03664,0.9431792040487692,1.460777547734069,0.5060961582700714,10.90407177363699,0.8741660915573959,0.1725327812284334
Y03755,0.9904543170889256,1.256010909351899,0.5669992105074284,6.933180219622479,1.456972654848202,0.2440249766740831
Y04225,18.53411962931761,18.87110362257793,11.71019376579612,63.18449873631003,22.74641954507161,4.212299915754001
Y04266,1.895261845386534,4.064837905236908,0.8977556109725686,17.23192019950125,2.643391521197008,0.8728179551122194
Y04273,0.3257007500986972,0.6217923410975128,0.1875246742992499,4.870706671930517,0.3799842084484801,0.0592183181997631
Y04662,0.4243041412084182,1.052274270196877,0.0848608282416836,6.704005431093007,0.4752206381534284,0.0339443312966734
Y04664,3.442844284428443,3.442844284428443,0.9225922592259226,15.88658865886589,2.43024302430243,0.45004500450045
Y04809,1.322860686233981,3.183133526250517,0.4960727573377429,13.5593220338983,1.488218272013229,0.5374121537825548
Y04882,1.865671641791045,2.705223880597015,1.305970149253731,17.3818407960199,2.114427860696518,0.6218905472636816
Y04884,3.091846013943619,3.031221582297666,1.18217641709609,15.55016671718703,1.970294028493483,0.6062443164595333
Y04925,1.093903638151426,1.868239921337266,0.4793510324483776,10.05408062930187,1.167649950835791,0.3687315634218289
Y04957,3.315540643587006,4.852829037669666,2.354735397285344,19.51502211377154,2.976971175842611,0.9638554216867472
Y04965,0.6820119352088662,1.112756315340782,0.4172836182527931,8.430923856956971,0.8031587921209674,0.2557544757033248
Y04969,1.295284355393645,1.619105444242056,0.8297915401740538,8.986035215543414,1.113134992916414,0.3845375430074883
Y04977,2.344309234073014,3.972798854688619,0.8768790264853258,22.1546170365068,2.487473156764495,1.109520400858983
Y04995,2.593584291489473,3.864125584081483,1.459547435291647,18.59610437339214,2.441329343203654,1.044783955478553
Y05023,1.537847014180148,2.31675654084282,0.5192730177751148,13.12162971839425,1.497902935889754,0.3794687437587377
Y05080,0.4238669709814151,2.706227583958265,0.358656667753505,11.28138245842843,0.78252363873492,0.4890772742093251
Y05167,0.4592681825026351,0.9938262309893088,0.308688450534558,6.791145911760276,0.6324348742659238,0.1957536515585002
Y05212,0.8864358588392707,1.705970898143502,0.5519317611640743,9.265763505602944,0.9867870881418296,0.4014049172102358
Y05248,2.149253731343284,3.91044776119403,1.313432835820896,18.38805970149254,1.970149253731343,1.522388059701492
Y05286,1.643708762588263,2.297719643477254,1.261720106493807,11.37863178608635,1.464289848362079,0.5614075703206389
Y05317,1.322426721199727,2.058623040218132,0.7634628493524199,12.43353783231084,1.567825494205862,0.354464894342195
Y05318,0.8451190065539842,1.655743359779234,0.5519144532597448,15.22938944463608,1.431528113142463,0.1379786133149362
Y05330,0.2273666804464655,0.5787515502273667,0.0826787928896238,5.560148821827202,0.2480363786688714,0.1033484911120298
Y05346,1.585976627712855,2.587646076794658,1.279910962715637,12.5765164162493,1.502504173622704,0.946021146355036
Y05349,0.1608291636883488,0.7326661901358114,0.1250893495353824,4.52108649035025,0.3931379556826304,0.1072194424588992
Y05363,1.700898587933248,3.145057766367137,1.31578947368421,15.85365853658537,1.668806161745828,0.994865211810013
Y05364,1.269393511988717,2.820874471086037,0.9873060648801129,13.00423131170663,2.002820874471086,1.354019746121298
Y05369,2.035236938031592,2.855407047387606,0.8961117861482382,16.2363304981774,2.004860267314702,0.3797083839611178
Y05622,0.8733624454148471,1.63280805012341,0.4746535029428517,9.66394531991646,1.02525156635656,0.3987089424719955
Y05690,1.539107317755702,2.308660976633552,0.6995942353435007,12.10298027144256,1.539107317755702,0.4617321953267105
Y05733,1.851573084449797,3.131115459882583,1.264488935721813,17.31145566762005,2.273069396357068,0.9634201415023332
Y05826,0.296411856474259,1.372854914196568,0.249609984399376,7.269890795631825,0.46801872074883,0.062402496099844
Y06007,1.800554016620499,2.643120960295476,1.073407202216067,11.83056325023084,1.789012003693444,0.6348107109879964
Y06218,1.004098360655738,1.588114754098361,0.4918032786885246,10.42008196721311,0.932377049180328,0.2766393442622951
Y06275,1.70774931528919,2.835508297083937,1.369421620750765,16.03028838408249,1.804414370871597,0.837763815047527
Y06345,21.76917760884589,15.68762957843815,8.84588804422944,61.36834830684175,23.22045611610228,3.386316516931583
Y06356,1.974641446684681,3.460818956557888,1.25753481604656,15.50613178133444,1.943462897526502,0.5819995842860112
Y06378,0.3743700503959683,1.627069834413247,0.388768898488121,7.703383729301656,1.007919366450684,0.2015838732901368
Y06443,2.327397688222431,3.194314276788504,1.249609497032178,15.8309903155264,2.210246797875664,0.648234926585442
Y06659,1.664233576642336,2.89051094890511,0.9051094890510948,14.8029197080292,1.430656934306569,0.8759124087591241
Y06792,0.90884790163058,1.750868751670676,0.6950013365410318,10.7457898957498,1.202886928628709,0.4811547714514836
Y06810,0.6949129672109028,1.545000674672784,0.4452840372419377,8.966401295371746,0.7016596950479017,0.249628929968965
Y07014,1.511066969353008,2.26305334846765,0.7377979568671964,15.51503972758229,1.46850170261067,0.6313847900113507
Y07025,2.165450121654501,3.199513381995134,1.45985401459854,15.31630170316302,2.043795620437956,0.7055961070559611
Y07057,1.76678445229682,2.769331908948969,0.8381954145780262,15.54770318021201,1.429862766044868,0.772454597748377
Y07059,2.058854112509099,2.963502131641884,1.226993865030675,15.4881979827389,1.694915254237288,0.493917021940314
Y07060,1.402620368137609,2.2827746965678,0.8238887549232377,12.8486456072663,1.269994373442649,0.522466039707419
Y07275,1.978479694550503,3.366886497743839,1.006594932315168,17.66747657063519,1.874349184311003,2.568552585907671
