practice_code,smoking_prev_15plus,smokers,list_15plus
A81001,14.19829,464,3268
A81002,15.66704,2492,15906
A81004,10.68922,1005,9402
A81005,8.4883,566,6668
A81006,17.23743,2109,12235
A81007,16.84697,1495,8874
A81009,15.92751,1081,6787
A81011,16.30979,1630,9994
A81012,22.28635,1004,4505
A81013,14.86613,955,6424
A81014,9.89011,351,3549
A81016,15.63574,1547,9894
A81017,10.93258,1667,15248
A81018,15.7495,1348,8559
A81019,20.03344,1438,7178
A81020,14.06226,908,6457
A81021,14.95471,2823,18877
A81022,13.81284,1110,8036
A81023,16.09101,1174,7296
A81025,15.27166,520,3405
A81026,18.6879,3122,16706
A81027,6.9655,864,12404
A81029,19.2012,1149,5984
A81030,10.44603,1438,13766
A81031,19.10659,2160,11305
A81032,10.49035,1044,9952
A81034,11.46719,1968,17162
A81035,17.53607,1422,8109
A81036,13.45131,1847,13731
A81037,14.72814,837,5683
A81038,18.64985,547,2933
A81039,7.85885,824,10485
A81040,12.19136,869,7128
A81041,16.61639,1322,7956
A81042,20.45364,2561,12521
A81044,16.14033,2581,15991
A81045,17.5,931,5320
A81046,14.13118,1450,10261
A81048,8.92799,548,6138
A81049,18.60108,968,5204
A81051,12.38349,744,6008
A81052,12.73156,1079,8475
A81053,20.06453,995,4959
A81054,14.89332,1075,7218
A81056,10.80818,222,2054
A81057,13.70701,1120,8171
A81058,11.09506,845,7616
A81060,14.55408,767,5270
A81063,17.6809,799,4519
A81064,16.31076,1161,7118
A81065,23.67622,702,2965
A81066,7.22813,333,4607
A81067,18.90231,1722,9110
A81070,16.30824,819,5022
A81602,10.72539,207,1930
A81608,15.64802,1997,12762
A81610,13.81055,901,6524
A81611,11.88793,908,7638
A81612,9.59507,327,3408
A81618,8.92594,787,8817
A81621,30.50268,625,2049
A81622,20.20444,929,4598
A81629,15.42488,884,5731
A81631,14.7567,931,6309
A81634,16.26483,425,2613
A82003,9.58313,1000,10435
A82004,14.46896,282,1949
A82005,14.96851,808,5398
A82006,10.58272,474,4479
A82007,15.47743,1488,9614
A82008,14.31221,1466,10243
A82009,13.52396,1050,7764
A82010,10.05856,584,5806
A82012,7.79691,1141,14634
A82013,10.15707,582,5730
A82014,6.91531,267,3861
A82015,18.04604,2054,11382
A82016,14.65859,4914,33523
A82018,13.8444,1582,11427
A82020,15.21873,1976,12984
A82021,7.04749,1119,15878
A82022,6.70126,297,4432
A82023,11.78092,641,5441
A82024,8.89446,461,5183
A82025,11.65564,1163,9978
A82026,9.52828,1422,14924
A82027,11.72609,1036,8835
A82028,11.25616,845,7507
A82029,8.52638,265,3108
A82030,5.1709,295,5705
A82031,9.50413,276,2904
A82032,15.00642,1752,11675
A82033,12.76065,869,6810
A82035,12.709,1619,12739
A82036,11.49657,1140,9916
A82037,11.63208,454,3903
A82038,8.12297,325,4001
A82039,10.73184,808,7529
A82041,11.88386,1408,11848
A82044,14.39312,2795,19419
A82045,11.38159,879,7723
A82046,17.28423,751,4345
A82047,15.28071,4276,27983
A82053,8.90676,598,6714
A82055,12.1582,747,6144
A82062,14.09725,748,5306
A82064,11.74278,630,5365
A82068,9.85016,401,4071
A82070,10.87901,651,5984
A82071,12.7081,458,3604
A82072,14.49415,904,6237
A82075,12.48648,808,6471
A82608,7.26773,291,4004
A82613,6.59574,62,940
A82617,6.17907,147,2379
A82620,11.89931,104,874
A82629,18.27279,493,2698
A82631,6.77083,221,3264
A82646,14.97717,492,3285
A82647,7.64266,225,2944
A82650,9.27481,243,2620
A82651,7.89109,342,4334
A82654,15.09916,1005,6656
A83001,12.88984,1678,13018
A83003,14.43286,1135,7864
A83005,14.1284,1437,10171
A83006,13.54427,976,7206
A83007,17.05762,1498,8782
A83008,20.93847,946,4518
A83009,11.78026,802,6808
A83010,13.23852,1508,11391
A83011,4.56906,1434,31385
A83012,17.47469,2296,13139
A83013,18.98314,2061,10857
A83014,11.56425,621,5370
A83015,12.42483,1033,8314
A83016,16.35213,1499,9167
A83018,14.14557,2062,14577
A83020,15.08772,1720,11400
A83021,15.53845,2059,13251
A83022,14.3671,3228,22468
A83023,17.73821,1843,10390
A83024,11.73978,554,4719
A83025,16.75704,1947,11619
A83026,13.55425,1223,9023
A83027,11.64054,750,6443
A83028,10.1405,830,8185
A83029,9.99116,452,4524
A83030,11.99735,1450,12086
A83031,7.97564,799,10018
A83032,10.10013,232,2297
A83033,13.28837,1123,8451
A83034,13.51009,1279,9467
A83035,7.91925,510,6440
A83036,6.26872,565,9013
A83037,11.28054,1265,11214
A83038,9.96517,515,5168
A83040,19.32962,1978,10233
A83041,15.4959,964,6221
A83043,6.41822,155,2415
A83044,17.67575,1232,6970
A83045,17.82131,2256,12659
A83046,9.38478,900,9590
A83047,17.43177,2210,12678
A83048,6.6741,359,5379
A83049,11.19332,1528,13651
A83050,8.92036,970,10874
A83051,14.12222,1345,9524
A83052,14.24691,1049,7363
A83054,10.59047,1503,14192
A83055,6.49895,279,4293
A83057,18.08024,2767,15304
A83060,8.8118,221,2508
A83061,6.01596,196,3258
A83066,16.11347,1670,10364
A83070,7.48674,381,5089
A83071,12.89992,504,3907
A83072,5.54769,196,3533
A83073,17.16567,774,4509
A83074,14.81036,1476,9966
A83075,12.63736,897,7098
A83610,14.869,437,2939
A83616,17.65119,1258,7127
A83617,15.98449,371,2321
A83618,10.8245,705,6513
A83619,18.61456,524,2815
A83622,15.38462,226,1469
A83626,18.88658,363,1922
A83627,14.62598,786,5374
A83634,17.58576,405,2303
A83635,11.89956,436,3664
A83636,14.26236,698,4894
A83637,16.05594,574,3575
A83641,25.28962,1026,4057
A83644,16.76998,514,3065
A84002,6.26575,348,5554
A84005,9.86903,1070,10842
A84006,9.38194,1562,16649
A84007,5.68797,525,9230
A84008,9.52614,390,4094
A84009,15.20684,3415,22457
A84011,4.68814,342,7295
A84013,15.8875,853,5369
A84014,13.55051,1564,11542
A84016,10.433,612,5866
A84018,5.65156,363,6423
A84020,11.8688,825,6951
A84022,13.52925,1441,10651
A84024,9.04495,823,9099
A84025,13.82149,638,4616
A84026,13.81922,1113,8054
A84027,10.64538,320,3006
A84028,16.31501,2745,16825
A84029,10.8674,436,4012
A84030,9.07781,882,9716
A84031,5.84589,547,9357
A84033,8.9331,458,5127
A84034,11.80683,577,4887
A84035,9.93789,512,5152
A84036,13.47097,5631,41801
A84037,10.44376,546,5228
A84038,7.81455,595,7614
A84039,4.93607,305,6179
A84040,10.03656,302,3009
A84042,7.36354,143,1942
A84044,13.96172,868,6217
A84045,8.83362,412,4664
A84047,5.83649,277,4746
A84604,10.98147,480,4371
A84614,13.40151,249,1858
A84619,13.07924,477,3647
A85001,9.66729,616,6372
A85002,17.46596,590,3378
A85004,14.17902,1215,8569
A85005,18.42439,2762,14991
A85006,15.6126,1928,12349
A85007,7.41442,548,7391
A85008,13.9456,1810,12979
A85009,16.67882,915,5486
A85010,11.93252,1167,9780
A85011,16.60917,1011,6087
A85013,19.34156,658,3402
A85014,10.25463,1772,17280
A85016,17.14399,1730,10091
A85017,8.09547,502,6201
A85018,14.98395,607,4051
A85019,18.16188,1656,9118
A85020,7.81169,1052,13467
A85021,11.73143,477,4066
A85024,21.20126,473,2231
A85026,15.79716,757,4792
A85611,12.96099,608,4691
A85614,13.72042,1009,7354
A85616,11.83432,500,4225
A85617,10.3057,327,3173
A86003,12.91805,5145,39828
A86004,16.79177,1991,11857
A86005,14.32836,720,5025
A86006,6.14984,307,4992
A86008,10.77894,1179,10938
A86010,13.49963,1261,9341
A86011,24.03584,2119,8816
A86012,19.54011,1946,9959
A86013,16.6258,1017,6117
A86016,8.08405,654,8090
A86017,22.72449,2227,9800
A86018,6.35955,722,11353
A86020,7.59683,1824,24010
A86021,16.05279,1338,8335
A86022,10.99301,786,7150
A86023,14.93682,1324,8864
A86024,22.01656,1356,6159
A86025,17.96059,1978,11013
A86026,12.79752,785,6134
A86027,10.83376,2309,21313
A86028,10.61399,669,6303
A86029,17.99924,3298,18323
A86030,20.25877,1785,8811
A86031,16.56519,1442,8705
A86033,4.24483,267,6290
A86037,21.48821,1467,6827
A86038,16.32848,853,5224
A86040,29.22784,1533,5245
A86041,8.92247,496,5559
A86601,15.0236,1146,7628
A87002,17.10576,909,5314
A87004,14.13199,2955,20910
A87005,7.70626,892,11575
A87006,9.53223,485,5088
A87007,13.73959,2063,15015
A87008,5.95934,428,7182
A87009,12.45407,1627,13064
A87011,4.71939,259,5488
A87012,13.15872,839,6376
A87013,17.7025,1390,7852
A87016,14.378,1558,10836
A87017,8.82512,489,5541
A87019,17.11543,731,4271
A87020,8.86021,1016,11467
A87022,11.06355,853,7710
A87029,16.29764,2878,17659
A87030,20.56444,1042,5067
A87600,7.45069,306,4107
A87612,11.97196,649,5421
A87615,12.16545,550,4521
A88001,15.33203,471,3072
A88002,17.80108,2529,14207
A88003,14.66477,2885,19673
A88004,13.31935,1016,7628
A88005,17.84153,653,3660
A88006,16.60842,1093,6581
A88008,17.69037,985,5568
A88009,10.30093,534,5184
A88010,12.52132,367,2931
A88012,13.54084,683,5044
A88013,15.68901,2474,15769
A88014,21.07587,525,2491
A88015,18.01529,1131,6278
A88016,10.08163,704,6983
A88022,13.94479,1268,9093
A88023,8.18751,379,4629
A88025,15.23661,586,3846
A88601,12.2634,460,3751
A88608,14.89949,756,5074
A88613,16.87764,600,3555
A89001,15.26853,1720,11265
A89002,20.14094,1229,6102
A89004,13.92074,1384,9942
A89005,12.64039,619,4897
A89006,14.60875,982,6722
A89007,13.07683,1125,8603
A89008,19.67391,905,4600
A89009,11.38763,906,7956
A89010,12.79291,1343,10498
A89011,12.40583,494,3982
A89012,15.81405,1524,9637
A89013,17.7712,901,5070
A89015,6.16422,503,8160
A89016,11.7848,966,8197
A89017,14.55923,1787,12274
A89018,18.1678,825,4541
A89019,19.38397,2404,12402
A89020,15.32582,1143,7458
A89021,13.48844,974,7221
A89022,13.39466,597,4457
A89023,13.34476,934,6999
A89024,12.77153,829,6491
A89025,14.71887,1233,8377
A89026,15.53978,963,6197
A89027,14.3339,765,5337
A89028,10.0316,635,6330
A89030,14.90606,841,5642
A89031,14.03623,860,6127
A89032,11.3818,897,7881
A89034,13.94799,531,3807
A89035,12.65939,1102,8705
A89036,15.72717,279,1774
A89040,11.27203,467,4143
A89041,18.09637,1213,6703
A89614,16.34691,622,3805
A89616,6.92275,164,2369
A89617,14.86227,464,3122
A89623,10.20727,261,2557
B81003,13.75228,1510,10980
B81004,12.21687,1343,10993
B81005,12.12747,1762,14529
B81006,15.79045,1709,10823
B81007,13.13579,1126,8572
B81008,21.46252,6683,31138
B81009,10.35742,794,7666
B81011,17.54386,1520,8664
B81012,24.47227,684,2795
B81013,21.77873,1626,7466
B81015,20.88418,2995,14341
B81016,21.56228,1797,8334
B81017,24.55036,3549,14456
B81018,26.13974,1938,7414
B81020,12.1635,863,7095
B81022,12.32839,1356,10999
B81024,5.46624,510,9330
B81025,12.45838,3667,29434
B81026,23.39379,3947,16872
B81027,26.59703,1757,6606
B81029,10.11669,1023,10112
B81030,11.94713,2504,20959
B81031,14.97992,2685,17924
B81032,25.8078,1238,4797
B81034,9.12347,917,10051
B81035,12.33058,746,6050
B81036,8.10744,1307,16121
B81037,11.05396,1397,12638
B81038,14.49254,991,6838
B81039,19.07247,5519,28937
B81040,25.05547,3162,12620
B81041,12.50465,673,5382
B81042,7.83754,934,11917
B81043,9.51723,1240,13029
B81045,17.35946,1825,10513
B81046,28.94184,2065,7135
B81047,21.90581,1400,6391
B81048,17.25975,8163,47295
B81051,6.61395,619,9359
B81052,23.67668,1655,6990
B81054,22.78408,1586,6961
B81061,7.91135,3195,40385
B81063,10.47202,670,6398
B81064,15.13309,1319,8716
B81065,13.42471,1283,9557
B81068,17.29784,2567,14840
B81069,17.6878,4495,25413
B81074,18.2422,1895,10388
B81075,12.78962,414,3237
B81082,6.55562,366,5583
B81085,13.47472,629,4668
B81087,14.20683,952,6701
B81088,8.79786,625,7104
B81090,18.55459,724,3902
B81091,13.28348,604,4547
B81092,8.63896,921,10661
B81097,22.09037,484,2191
B81099,10.63035,968,9106
B81100,6.97413,248,3556
B81101,10.12188,2043,20184
B81104,11.78627,836,7093
B81108,17.07445,649,3801
B81109,12.19016,1259,10328
B81112,23.2194,2432,10474
B81113,17.83478,1481,8304
B81118,19.83156,1248,6293
B81119,23.49548,1222,5201
B81606,25.15581,888,3530
B81616,12.99713,317,2439
B81617,26.34311,2030,7706
B81619,9.05512,207,2286
B81628,9.77413,238,2435
B81631,24.65825,938,3804
B81635,6.37412,199,3122
B81642,12.69968,477,3756
B81645,17.90734,344,1921
B81647,12.77883,338,2645
B81648,19.51567,274,1404
B81653,8.8267,574,6503
B81655,16.4242,429,2612
B81656,25.96706,1356,5222
B81663,19.7995,474,2394
B81665,8.96725,178,1985
B81666,3.77189,84,2227
B81675,24.96475,2833,11348
B81697,19.95745,469,2350
B82002,9.03888,616,6815
B82004,6.85999,660,9621
B82005,13.79261,6757,48990
B82007,7.29919,627,8590
B82008,8.84899,685,7741
B82010,10.93984,731,6682
B82011,10.11649,495,4893
B82012,5.38426,702,13038
B82013,12.64753,2229,17624
B82014,10.14395,599,5905
B82016,11.60827,825,7107
B82017,14.15796,1694,11965
B82018,5.85724,343,5856
B82019,8.29936,285,3434
B82021,7.99627,686,8579
B82022,7.21608,359,4975
B82023,17.35204,903,5204
B82024,16.50652,1254,7597
B82025,12.12405,2197,18121
B82026,9.33842,2593,27767
B82027,12.13792,1475,12152
B82029,6.65288,193,2901
B82030,8.51643,438,5143
B82031,9.75146,871,8932
B82032,8.36538,870,10400
B82033,9.75811,948,9715
B82034,8.30582,478,5755
B82035,8.33069,263,3157
B82036,11.99218,797,6646
B82037,12.47312,986,7905
B82038,16.7284,3523,21060
B82041,9.51529,1276,13410
B82042,10.73925,799,7440
B82044,6.63541,552,8319
B82045,8.54678,317,3709
B82046,13.27172,359,2705
B82047,4.80054,852,17748
B82049,10.91196,761,6974
B82050,9.39797,1739,18504
B82053,11.84352,1547,13062
B82054,9.49844,1337,14076
B82057,6.57473,410,6236
B82059,11.77976,1151,9771
B82060,11.90781,1302,10934
B82061,9.45038,619,6550
B82063,6.54339,552,8436
B82064,5.86735,184,3136
B82066,9.65278,834,8640
B82067,10.25316,729,7110
B82068,10.27181,325,3164
B82069,9.66763,637,6589
B82071,4.15491,265,6378
B82072,9.73372,435,4469
B82073,9.71504,883,9089
B82074,13.12887,2059,15683
B82075,10.50355,874,8321
B82077,8.33333,451,5412
B82078,9.07781,504,5552
B82079,6.62614,218,3290
B82080,7.52215,1214,16139
B82081,5.00886,311,6209
B82083,13.14076,5168,39328
B82086,6.41854,288,4487
B82088,18.27933,1653,9043
B82091,6.89708,451,6539
B82097,16.48177,1560,9465
B82098,10.64938,2514,23607
B82100,11.61943,861,7410
B82101,9.14199,423,4627
B82104,13.98972,871,6226
B82105,7.85373,625,7958
B82106,8.06052,325,4032
B82609,5.82822,209,3586
B82619,6.40264,97,1515
B82622,6.92641,96,1386
B82628,10.09916,387,3832
B83002,6.04338,287,4749
B83005,16.94853,922,5440
B83008,18.23288,2889,15845
B83009,18.06238,2351,13016
B83010,22.77156,1893,8313
B83012,18.36129,1609,8763
B83014,10.64596,1241,11657
B83015,25.58743,1775,6937
B83016,18.35698,1229,6695
B83018,14.99323,1550,10338
B83019,5.12517,303,5912
B83020,15.65533,2371,15145
B83022,7.69686,651,8458
B83025,17.65557,610,3455
B83026,15.15357,671,4428
B83028,16.39509,1469,8960
B83029,15.38739,1281,8325
B83031,8.96142,302,3370
B83032,16.46103,547,3323
B83033,15.73841,11453,72771
B83034,13.94248,766,5494
B83035,19.76275,2399,12139
B83037,10.56582,915,8660
B83038,15.0058,2200,14661
B83039,14.60221,2966,20312
B83041,23.36139,2748,11763
B83042,21.90614,1517,6925
B83045,19.53934,2019,10333
B83051,11.45054,1072,9362
B83052,19.49325,3639,18668
B83054,16.75273,876,5229
B83055,21.5968,5456,25263
B83056,17.69219,1199,6777
B83058,16.27481,1066,6550
B83062,20.78636,1475,7096
B83063,19.83952,3239,16326
B83064,18.78635,1712,9113
B83067,10.75141,724,6734
B83604,15.50084,554,3574
B83611,18.09203,1612,8910
B83614,16.34811,1206,7377
B83620,6.79739,208,3060
B83622,20.45455,675,3300
B83624,6.7261,1011,15031
B83626,15.79704,769,4868
B83627,18.12543,526,2902
B83628,19.63804,1530,7791
B83629,15.30905,374,2443
B83641,15.8535,1212,7645
B83642,15.42217,537,3482
B83653,14.04069,835,5947
B83657,38.02033,1982,5213
B83659,10.31537,314,3044
B83660,16.22689,781,4813
B83661,12.94741,293,2263
B84001,19.03819,1635,8588
B84003,15.62179,1064,6811
B84004,13.10755,2117,16151
B84006,15.70055,2156,13732
B84007,8.21619,754,9177
B84008,7.52735,1039,13803
B84009,10.29427,1004,9753
B84010,20.54683,1766,8595
B84011,12.83594,1237,9637
B84012,17.07201,3952,23149
B84013,15.88158,1207,7600
B84014,10.56399,487,4610
B84016,15.18679,1435,9449
B84019,13.83579,1889,13653
B84021,15.86716,1161,7317
B84612,22.39945,1643,7335
B84613,23.11193,1879,8130
B84618,23.89028,1620,6781
B84623,13.98285,587,4198
B85001,14.4925,841,5803
B85002,9.32425,356,3818
B85004,20.62844,1011,4901
B85005,6.64953,388,5835
B85006,9.83411,1316,13382
B85008,17.95918,880,4900
B85009,18.57163,1321,7113
B85010,16.23961,938,5776
B85012,17.36279,1509,8691
B85014,15.08872,1216,8059
B85015,17.5279,1272,7257
B85016,15.83126,1336,8439
B85018,17.79166,1339,7526
B85019,10.83345,1604,14806
B85020,22.9221,1230,5366
B85021,16.16619,1249,7726
B85022,9.24064,634,6861
B85023,17.02529,902,5298
B85024,15.85058,1256,7924
B85025,11.33373,1137,10032
B85026,8.26772,567,6858
B85027,8.56945,741,8647
B85028,18.30986,2522,13774
B85030,15.57429,1219,7827
B85031,11.79104,711,6030
B85032,11.30157,567,5017
B85033,10.6004,482,4547
B85036,16.91719,1193,7052
B85037,21.38338,1014,4742
B85038,19.88233,980,4929
B85041,12.04819,1500,12450
B85042,20.37289,1497,7348
B85044,12.46106,280,2247
B85048,23.97101,827,3450
B85051,16.1285,974,6039
B85054,13.24678,1153,8704
B85055,16.21037,1575,9716
B85058,16.60693,417,2511
B85059,11.67417,804,6887
B85060,12.22064,257,2103
B85061,9.33075,771,8263
B85062,15.61438,2159,13827
B85606,15.55497,590,3793
B85610,8.02815,730,9093
B85611,17.19724,524,3047
B85612,19.02965,706,3710
B85614,13.10633,689,5257
B85619,17.5915,447,2541
B85620,15.33688,346,2256
B85623,16.43885,457,2780
B85634,12.84075,358,2788
B85636,10.01651,364,3634
B85640,17.0926,515,3013
B85641,21.56385,797,3696
B85645,15.62998,294,1881
B85646,20.28986,1050,5175
B85650,16.63978,619,3720
B85652,12.49792,752,6017
B85655,16.13939,352,2181
B85659,34.94448,535,1531
B85660,19.39261,1060,5466
B86002,21.58162,2639,12228
B86003,23.69716,3274,13816
B86004,11.15515,788,7064
B86005,19.86957,914,4600
B86006,11.31826,1457,12873
B86007,20.49808,1498,7308
B86008,7.60124,1175,15458
B86009,11.39406,783,6872
B86010,5.76053,484,8402
B86011,11.46395,935,8156
B86012,22.04874,3474,15756
B86013,13.10664,2093,15969
B86014,12.26244,1355,11050
B86015,18.57957,2153,11588
B86016,18.02125,2663,14777
B86017,15.20307,2261,14872
B86018,13.09019,865,6608
B86019,12.40585,2026,16331
B86020,12.73504,1192,9360
B86022,16.93384,1912,11291
B86024,18.67365,1498,8022
B86025,15.9945,1511,9447
B86028,17.1621,739,4306
B86029,9.85191,479,4862
B86030,10.9107,1107,10146
B86032,7.89195,1268,16067
B86033,7.18604,737,10256
B86034,6.4862,369,5689
B86035,21.81442,1688,7738
B86036,9.2389,874,9460
B86038,10.83754,1008,9301
B86039,14.41791,1153,7997
B86041,18.24529,1202,6588
B86042,21.08289,2640,12522
B86043,22.75836,1830,8041
B86044,9.97549,2320,23257
B86048,7.76942,961,12369
B86049,19.05434,1620,8502
B86050,12.20778,2047,16768
B86051,8.81047,1111,12610
B86052,5.97843,593,9919
B86054,21.5826,1121,5194
B86055,16.62971,900,5412
B86057,11.87101,1951,16435
B86059,14.19108,1928,13586
B86060,20.55463,1853,9015
B86061,14.02844,592,4220
B86062,20.54679,1458,7096
B86064,11.91541,1679,14091
B86066,6.86133,806,11747
B86067,14.07267,2010,14283
B86068,14.93321,995,6663
B86069,19.9455,2562,12845
B86070,12.39544,489,3945
B86071,17.29582,1205,6967
B86075,14.37034,1601,11141
B86081,22.87411,2542,11113
B86086,11.12762,749,6731
B86089,15.39837,775,5033
B86092,14.87877,853,5733
B86093,17.4846,823,4707
B86094,17.39023,705,4054
B86096,24.49068,1130,4614
B86100,15.07674,1002,6646
B86101,13.58696,400,2944
B86103,14.29795,501,3504
B86104,22.09399,2929,13257
B86106,23.75814,1387,5838
B86108,15.92406,822,5162
B86109,17.45392,1212,6944
B86110,9.48027,4044,42657
B86623,22.27672,863,3874
B86642,21.69206,541,2494
B86643,13.80597,407,2948
B86648,8.81262,190,2156
B86655,20.05618,357,1780
B86658,12.8885,1186,9202
B86666,15.32652,690,4502
B86667,17.50874,1102,6294
B86669,40.5727,1091,2689
B86672,18.17691,1011,5562
B86673,11.38898,715,6278
B86675,18.10081,711,3928
B86678,11.07989,276,2491
B87001,9.70149,806,8308
B87002,12.68234,1165,9186
B87003,7.29683,677,9278
B87004,20.02334,1887,9424
B87005,15.27934,1496,9791
B87006,19.5279,1729,8854
B87007,15.14213,1955,12911
B87008,20.39604,2266,11110
B87009,19.00323,999,5257
B87011,14.76884,1642,11118
B87012,18.82708,1496,7946
B87013,10.69234,1305,12205
B87015,17.42236,1122,6440
B87016,17.97429,3677,20457
B87017,18.80596,4432,23567
B87018,19.0283,1829,9612
B87019,13.10546,809,6173
B87020,10.83663,1259,11618
B87021,19.55594,2061,10539
B87022,21.05189,1485,7054
B87025,19.00459,1325,6972
B87026,19.10627,2296,12017
B87027,9.03748,1061,11740
B87028,12.07195,1114,9228
B87030,17.39699,4391,25240
B87031,13.77249,2557,18566
B87032,16.59574,1092,6580
B87033,18.12994,826,4556
B87036,17.71676,613,3460
B87039,16.19775,2015,12440
B87042,23.9726,1085,4526
B87044,12.45855,263,2111
B87602,10.59222,313,2955
B87604,20.77512,461,2219
C81001,15.11015,1461,9669
C81002,10.77343,1145,10628
C81003,11.61202,1020,8784
C81004,11.48519,1020,8881
C81005,15.19687,2173,14299
C81006,19.25864,4120,21393
C81007,15.17079,1479,9749
C81008,24.31478,1996,8209
C81009,22.25065,4000,17977
C81010,14.40607,1710,11870
C81012,15.29901,2062,13478
C81013,5.5435,230,4149
C81014,19.31077,1894,9808
C81015,15.22115,1583,10400
C81016,9.03378,690,7638
C81017,10.03645,771,7682
C81018,7.97989,619,7757
C81020,13.34773,1236,9260
C81021,17.01105,2124,12486
C81022,15.29244,536,3505
C81023,13.12067,909,6928
C81025,6.9353,611,8810
C81026,12.34058,687,5567
C81027,15.78871,1088,6891
C81028,9.97673,643,6445
C81029,13.37422,1941,14513
C81030,8.73076,692,7926
C81031,15.96397,1276,7993
C81032,16.12191,1899,11779
C81033,21.09015,2840,13466
C81034,12.56124,1205,9593
C81035,15.16921,1533,10106
C81036,14.92042,675,4524
C81037,9.43086,860,9119
C81038,9.54947,1028,10765
C81039,7.2933,232,3181
C81040,4.31255,303,7026
C81041,14.09376,1395,9898
C81042,6.55018,716,10931
C81044,16.57783,1213,7317
C81045,23.25396,2627,11297
C81046,6.43985,265,4115
C81047,11.62186,1206,10377
C81048,5.03823,481,9547
C81049,15.02629,1229,8179
C81050,16.43374,1317,8014
C81051,13.08867,3085,23570
C81052,20.14436,1228,6096
C81053,13.69054,1252,9145
C81054,14.90278,4223,28337
C81055,17.44099,702,4025
C81056,14.59049,807,5531
C81057,7.86355,710,9029
C81058,13.17891,990,7512
C81059,17.86744,930,5205
C81060,14.9544,1361,9101
C81061,15.48649,2362,15252
C81062,11.34099,899,7927
C81063,10.54067,850,8064
C81064,11.83075,1275,10777
C81065,14.19155,1098,7737
C81066,10.01734,1040,10382
C81067,6.51565,558,8564
C81068,15.80168,1635,10347
C81069,10.42478,1232,11818
C81070,6.77868,234,3452
C81071,19.40072,2046,10546
C81072,21.46006,5062,23588
C81073,18.21723,1964,10781
C81074,15.94263,767,4811
C81075,6.58735,299,4539
C81080,10.32771,728,7049
C81081,11.64324,2013,17289
C81082,9.10904,274,3008
C81083,13.7692,1927,13995
C81084,13.34864,2326,17425
C81086,9.95769,706,7090
C81089,7.37105,383,5196
C81091,11.47994,830,7230
C81092,5.90543,301,5097
C81094,7.17521,507,7066
C81095,12.73916,526,4129
C81096,15.59029,758,4862
C81097,16.41355,843,5136
C81099,12.52013,1166,9313
C81101,12.41027,899,7244
C81106,13.24557,815,6153
C81108,7.32871,952,12990
C81110,6.65653,657,9870
C81113,7.44641,396,5318
C81114,13.19052,1447,10970
C81115,16.50127,715,4333
C81118,9.89044,650,6572
C81604,12.03202,466,3873
C81611,5.74713,125,2175
C81615,24.14698,460,1905
C81616,9.59981,403,4198
C81634,13.34356,522,3912
C81638,16.05642,535,3332
C81640,7.28435,228,3130
C81647,11.00137,401,3645
C81649,10.81,722,6679
C81652,18.78054,807,4297
C81653,14.60827,537,3676
C81655,15.70453,506,3222
C81658,7.17571,468,6522
C81662,9.201,661,7184
C82001,8.65172,1841,21279
C82002,8.83305,819,9272
C82003,8.24153,808,9804
C82005,18.23308,1649,9044
C82007,11.34908,1028,9058
C82008,19.32676,1332,6892
C82009,9.38554,2337,24900
C82010,10.59132,1372,12954
C82011,15.06459,1586,10528
C82012,13.17633,1298,9851
C82013,13.04189,1432,10980
C82014,8.95817,1362,15204
C82016,9.908,937,9457
C82017,11.59345,1557,13430
C82018,15.27385,1782,11667
C82019,19.91896,934,4689
C82020,17.03352,3374,19808
C82021,10.27053,653,6358
C82022,7.70713,480,6228
C82024,5.86676,1018,17352
C82025,9.63362,894,9280
C82026,13.63063,972,7131
C82027,9.76322,602,6166
C82028,10.84471,683,6298
C82030,6.192,367,5927
C82031,11.9789,1385,11562
C82032,10.45889,645,6167
C82033,12.58285,1177,9354
C82034,7.40785,615,8302
C82035,17.23537,1187,6887
C82037,6.01269,540,8981
C82038,14.54901,4539,31198
C82039,13.43615,1211,9013
C82040,9.11555,740,8118
C82041,13.13251,1443,10988
C82042,10.9427,1184,10820
C82043,11.86317,1134,9559
C82044,8.30293,660,7949
C82045,16.18462,1080,6673
C82046,21.24108,2978,14020
C82047,13.4243,1220,9088
C82048,7.74614,321,4144
C82050,16.75635,1993,11894
C82051,8.16225,823,10083
C82052,15.10769,491,3250
C82053,24,2112,8800
C82054,9.54837,981,10274
C82055,10.18534,1253,12302
C82056,9.55845,1130,11822
C82059,20.23047,316,1562
C82060,9.98793,331,3314
C82061,15.14588,1874,12373
C82062,9.90243,751,7584
C82063,13.75943,1423,10342
C82064,12.21797,1278,10460
C82066,9.70057,1338,13793
C82067,7.29877,535,7330
C82068,11.3565,1193,10505
C82070,15.4008,1391,9032
C82071,11.92824,1403,11762
C82072,16.29442,1160,7119
C82073,20.24663,2430,12002
C82075,10.32293,943,9135
C82076,7.85288,474,6036
C82077,8.36557,930,11117
C82078,11.12513,1146,10301
C82079,18.57905,1080,5813
C82080,15.1595,575,3793
C82082,16.86341,800,4744
C82084,9.98384,309,3095
C82086,21.96733,1896,8631
C82088,9.67478,827,8548
C82091,15.70505,1214,7730
C82092,16.3007,631,3871
C82093,9.58542,1015,10589
C82094,17.48455,962,5502
C82095,12.77445,960,7515
C82096,15.36289,1251,8143
C82097,11.87114,269,2266
C82098,13.68062,843,6162
C82099,9.42266,346,3672
C82100,21.59769,1049,4857
C82102,7.33902,310,4224
C82103,13.31549,796,5978
C82107,8.27427,537,6490
C82109,7.22616,316,4373
C82111,6.07631,1032,16984
C82112,8.95503,695,7761
C82114,24.70862,530,2145
C82116,13.49409,582,4313
C82119,11.87795,327,2753
C82120,12.78826,427,3339
C82121,16.13387,2044,12669
C82124,10.33581,2410,23317
C82600,16.14227,826,5117
C82610,19.48811,967,4962
C82611,11.74926,671,5711
C82614,7.98148,293,3671
C82620,18.5385,378,2039
C82624,19.94066,1277,6404
C82627,12.27174,793,6462
C82628,10.62308,312,2937
C82631,12.98859,751,5782
C82634,13.00928,645,4958
C82639,18.07955,1591,8800
C82642,8.73859,699,7999
C82643,5.78871,640,11056
C82644,13.37224,527,3941
C82649,8.50228,411,4834
C82650,11.10342,481,4332
C82651,5.16346,169,3273
C82653,25.07627,411,1639
C82656,15.97981,380,2378
C82659,8.63896,212,2454
C82660,14.57985,871,5974
C82662,13.67315,963,7043
C82667,10.64556,686,6444
C82669,19.85689,666,3354
C82671,3.2385,214,6608
C82676,16.61398,946,5694
C82678,11.3047,558,4936
C82680,11.48825,484,4213
C83001,15.88721,4141,26065
C83002,7.14944,543,7595
C83003,22.69825,4053,17856
C83004,25.39794,2521,9926
C83005,12.95218,845,6524
C83007,12.19176,2833,23237
C83008,17.91624,1061,5922
C83009,20.00279,1433,7164
C83010,20.30663,3245,15980
C83011,9.77255,1014,10376
C83013,11.79307,807,6843
C83014,17.32512,1491,8606
C83015,12.41656,930,7490
C83018,20.7506,2090,10072
C83019,21.27968,4104,19286
C83020,8.48007,732,8632
C83022,19.39948,3715,19150
C83023,13.52358,2033,15033
C83024,11.94931,396,3314
C83025,8.90198,1375,15446
C83026,9.79346,1982,20238
C83027,11.42635,1027,8988
C83028,16.80273,1132,6737
C83029,10.27449,408,3971
C83030,13.30764,587,4411
C83031,7.98175,857,10737
C83032,15.91616,972,6107
C83033,10.66221,351,3292
C83035,12.31361,1280,10395
C83036,12.51072,875,6994
C83037,7.27909,603,8284
C83038,8.49176,603,7101
C83039,10.40696,514,4939
C83040,16.11722,2024,12558
C83041,14.45985,949,6563
C83042,11.55306,700,6059
C83043,12.31473,1130,9176
C83044,22.55306,2242,9941
C83045,20.51073,3012,14685
C83046,11.37771,588,5168
C83048,17.95102,2001,11147
C83049,8.96084,833,9296
C83051,25.81881,1955,7572
C83052,10.67481,367,3438
C83053,12.19277,253,2075
C83054,10.2879,1315,12782
C83055,10.61663,563,5303
C83056,12.54715,1530,12194
C83057,16.74542,1134,6772
C83058,7.51003,580,7723
C83059,24.66429,2902,11766
C83060,23.80305,3152,13242
C83061,7.9096,630,7965
C83062,10.6493,515,4836
C83063,15.8029,2168,13719
C83064,19.79207,2532,12793
C83065,16.9256,1340,7917
C83067,5.69038,340,5975
C83072,12.96999,1059,8165
C83073,15.86018,1098,6923
C83074,10.28235,437,4250
C83075,10.3551,904,8730
C83078,16.27537,1227,7539
C83079,12.9194,670,5186
C83080,15.20881,732,4813
C83082,16.16868,1434,8869
C83083,16.32212,1058,6482
C83085,14.33557,1643,11461
C83611,8.13008,470,5781
C83613,10.68217,487,4559
C83614,13.77376,442,3209
C83617,12.85751,989,7692
C83626,20.65024,1861,9012
C83634,9.02007,382,4235
C83635,9.17548,434,4730
C83641,10.53526,372,3531
C83643,11.64221,246,2113
C83649,10.17287,459,4512
C83650,9.48864,334,3520
C84001,13.2152,3356,25395
C84004,22.62467,1774,7841
C84005,7.80266,1833,23492
C84008,10.45209,541,5176
C84009,15.97001,1853,11603
C84010,17.47788,2765,15820
C84011,12.5692,999,7948
C84012,16.86493,1758,10424
C84013,11.73025,1562,13316
C84014,11.17186,1083,9694
C84016,15.82866,2147,13564
C84017,10.02456,2245,22395
C84018,20.64078,2068,10019
C84019,14.46705,1550,10714
C84020,21.11427,1262,5977
C84021,15.99134,1772,11081
C84023,5.47709,2191,40003
C84024,16.92884,4380,25873
C84025,7.25358,496,6838
C84026,11.33973,1240,10935
C84028,8.69978,550,6322
C84029,18.60615,3460,18596
C84030,13.28171,1355,10202
C84032,11.93524,1902,15936
C84033,14.50251,1099,7578
C84034,19.80894,1493,7537
C84035,10.16166,1012,9959
C84036,18.51948,2842,15346
C84037,9.8966,1072,10832
C84039,14.02221,1566,11168
C84042,13.72097,833,6071
C84043,23.13607,2377,10274
C84044,7.51061,655,8721
C84045,8.3741,582,6950
C84046,18.35469,1332,7257
C84047,10.71068,954,8907
C84049,6.42091,688,10715
C84051,12.8003,2046,15984
C84053,12.39812,1719,13865
C84055,13.96761,1311,9386
C84057,13.46848,485,3601
C84059,15.39655,1588,10314
C84060,19.47743,1394,7157
C84061,22.43655,1768,7880
C84063,17.2523,1198,6944
C84064,22.00922,1814,8242
C84065,16.35026,689,4214
C84066,15.69997,1394,8879
C84067,12.82532,616,4803
C84069,15.92866,1813,11382
C84072,21.70704,1882,8670
C84074,18.24019,767,4205
C84076,14.05704,483,3436
C84077,16.09973,2499,15522
C84078,17.02826,1868,10970
C84080,10.3275,1233,11939
C84081,18.21086,1026,5634
C84084,7.99048,571,7146
C84085,15.08963,1389,9205
C84086,5.99623,731,12191
C84087,15.54234,758,4877
C84090,6.06613,499,8226
C84091,19.02605,1344,7064
C84092,20.83897,924,4434
C84094,14.54723,2837,19502
C84095,14.6536,882,6019
C84101,7.01861,230,3277
C84105,20.86247,1253,6006
C84106,18.02469,1314,7290
C84107,12.57679,778,6186
C84112,6.67502,213,3191
C84113,11.24031,696,6192
C84115,6.99697,555,7932
C84116,17.43767,1210,6939
C84117,12.27468,2431,19805
C84120,8.85164,1167,13184
C84122,8.60527,741,8611
C84123,15.42509,557,3611
C84129,14.50571,1168,8052
C84131,10.97016,761,6937
C84136,17.74347,747,4210
C84140,14.15292,609,4303
C84142,13.17847,590,4477
C84144,19.41702,826,4254
C84150,13.62858,557,4087
C84151,18.86207,547,2900
C84605,6.2382,925,14828
C84613,14.54599,1485,10209
C84619,16.08182,912,5671
C84621,9.93377,405,4077
C84624,11.30877,534,4722
C84628,20.00321,1247,6234
C84629,20.78667,761,3661
C84637,18.62429,1500,8054
C84646,6.74236,386,5725
C84654,13.22425,493,3728
C84656,12.02773,850,7067
C84658,16.82924,1432,8509
C84660,8.59232,329,3829
C84664,13.50763,620,4590
C84667,11.20033,544,4857
C84676,22.5859,1525,6752
C84679,28.39539,1060,3733
C84682,11.77033,492,4180
C84683,22.94149,2176,9485
C84691,21.54155,1607,7460
C84692,10.01273,236,2357
C84693,13.12073,576,4390
C84694,17.89883,644,3598
C84695,20.85083,745,3573
C84696,9.52724,397,4167
C84703,7.54923,414,5484
C84704,16.41697,1041,6341
C84705,13.90416,885,6365
C84714,7.90455,530,6705
C85001,18.79499,705,3751
C85003,20.78636,2231,10733
C85004,6.47871,910,14046
C85005,15.94848,1003,6289
C85006,12.68178,593,4676
C85007,16.87252,1530,9068
C85008,12.97999,1440,11094
C85009,27.72698,1698,6124
C85010,13.44603,1901,14138
C85013,16.49395,1512,9167
C85014,15.20337,1226,8064
C85016,13.30403,1241,9328
C85017,20.07553,2020,10062
C85018,18.14496,1074,5919
C85019,15.58552,1468,9419
C85020,12.25426,1309,10682
C85022,12.14841,1313,10808
C85023,19.66523,1868,9499
C85024,13.6949,755,5513
C85028,22.31722,757,3392
C85030,16.81657,1421,8450
C85033,14.48569,1397,9644
C85614,11.17486,409,3660
C85619,18.37753,1289,7014
C85622,16.35514,315,1926
C85623,6.66213,294,4413
C86001,18.45943,2557,13852
C86002,20.62927,1390,6738
C86003,13.25167,1071,8082
C86005,17.98916,730,4058
C86006,16.71989,1466,8768
C86007,12.32307,1837,14907
C86009,8.92801,573,6418
C86011,12.40045,1448,11677
C86012,13.6107,651,4783
C86013,8.5327,642,7524
C86015,16.15295,1111,6878
C86016,15.27796,1168,7645
C86017,19.59438,2512,12820
C86018,18.4179,1539,8356
C86019,17.38622,2380,13689
C86020,17.37305,1283,7385
C86021,15.38173,820,5331
C86023,17.76849,2040,11481
C86024,17.3591,1734,9989
C86025,24.89518,1425,5724
C86026,19.60689,808,4121
C86029,14.49107,1744,12035
C86032,11.71975,552,4710
C86033,21.04764,888,4219
C86034,22.66221,1425,6288
C86037,19.21533,1484,7723
C86038,14.42123,1125,7801
C86605,19.72659,1241,6291
C86606,8.27552,167,2018
C86609,15.66482,2606,16636
C86611,13.41527,775,5777
C86614,19.2989,1547,8016
C86616,23.87205,709,2970
C86621,15.63083,586,3749
C86625,19.51952,260,1332
C86626,9.1225,210,2302
C87002,12.10609,2159,17834
C87003,21.66007,2025,9349
C87004,9.54928,964,10095
C87005,19.03713,3025,15890
C87006,18.51973,2257,12187
C87007,7.96725,798,10016
C87008,11.5882,1568,13531
C87009,15.76327,1393,8837
C87010,21.02854,781,3714
C87012,12.23522,1548,12652
C87013,19.55645,1067,5456
C87014,10.51408,769,7314
C87015,9.30556,536,5760
C87016,9.04629,940,10391
C87017,15.82284,1722,10883
C87018,11.93335,795,6662
C87020,15.15152,680,4488
C87022,14.52378,1011,6961
C87024,18.65079,611,3276
C87029,15.23506,1575,10338
C87030,13.09023,1059,8090
C87031,19.00852,625,3288
C87603,22.6856,767,3381
C87604,11.80752,584,4946
C87608,27.06351,1223,4519
C87616,16.44119,875,5322
C87620,17.65822,1024,5799
C87622,25.75886,2130,8269
C88005,9.55963,1309,13693
C88006,16.83717,790,4692
C88007,14.06656,3631,25813
C88008,18.29951,2092,11432
C88009,19.10316,950,4973
C88010,8.92482,1104,12370
C88011,23.64414,885,3743
C88014,19.24098,1450,7536
C88015,15.42493,2443,15838
C88016,7.59259,861,11340
C88018,12.15599,932,7667
C88019,22.58762,1566,6933
C88020,21.89987,1321,6032
C88021,11.58218,754,6510
C88022,10.29445,458,4449
C88023,11.26334,929,8248
C88025,12.90239,998,7735
C88026,14.58407,1655,11348
C88027,17.95738,691,3848
C88028,5.75696,478,8303
C88030,19.09247,1338,7008
C88031,10.78961,1238,11474
C88032,9.29944,450,4839
C88034,4.26775,336,7873
C88035,16.13955,1337,8284
C88036,11.17034,964,8630
C88037,12.54622,1493,11900
C88038,12.92104,702,5433
C88039,11.88916,871,7326
C88040,6.41001,333,5195
C88041,9.58129,1016,10604
C88043,11.19288,1019,9104
C88044,5.97636,273,4568
C88045,15.2194,1155,7589
C88046,7.84279,445,5674
C88047,16.06501,1028,6399
C88048,18.32663,1139,6215
C88049,9.56815,483,5048
C88050,12.87733,401,3114
C88051,16.50238,1038,6290
C88052,8.56517,782,9130
C88053,4.36192,148,3393
C88054,9.58904,644,6716
C88059,19.08566,430,2253
C88060,16.59617,667,4019
C88062,5.66616,222,3918
C88069,17.37783,2187,12585
C88070,18.86459,1173,6218
C88072,15.80651,1611,10192
C88073,17.89151,818,4572
C88074,10.88435,480,4410
C88076,16.79634,1360,8097
C88077,19.51414,1221,6257
C88078,9.28249,555,5979
C88079,9.37327,679,7244
C88082,12.2559,659,5377
C88083,5.50293,122,2217
C88084,18.22169,457,2508
C88085,16.3865,1277,7793
C88086,22.21677,453,2039
C88087,19.56119,1480,7566
C88088,19.53883,1127,5768
C88090,23.83094,1590,6672
C88091,20.22175,383,1894
C88092,10.71946,888,8284
C88095,8.49525,411,4838
C88622,15.89852,376,2365
C88627,6.39665,2369,37035
C88631,14.18868,188,1325
C88647,14.92311,1378,9234
C88648,11.85592,734,6191
C88652,7.52948,249,3307
C88655,11.95876,116,970
D81001,7.9493,1085,13649
D81002,7.01991,1460,20798
D81003,12.06434,1170,9698
D81004,8.14662,949,11649
D81005,4.3258,632,14610
D81008,22.98085,3901,16975
D81010,17.88134,1742,9742
D81011,20.63511,1735,8408
D81012,10.51581,1001,9519
D81013,8.13806,1476,18137
D81014,17.08926,3471,20311
D81015,15.18215,946,6231
D81016,18.65458,2016,10807
D81017,12.84958,1020,7938
D81018,9.15831,630,6879
D81021,15.48752,1644,10615
D81022,13.63175,2016,14789
D81023,19.53785,2173,11122
D81025,13.50678,1085,8033
D81026,19.15827,5326,27800
D81027,11.7567,777,6609
D81028,7.87652,842,10690
D81029,17.75853,1968,11082
D81030,10.61384,1385,13049
D81031,11.55776,1935,16742
D81033,8.66236,362,4179
D81034,9.41102,1494,15875
D81035,7.51224,629,8373
D81036,12.49131,539,4315
D81037,7.47749,814,10886
D81038,6.42968,416,6470
D81041,6.97593,397,5691
D81042,10.7071,851,7948
D81043,9.30195,4600,49452
D81044,17.20598,2095,12176
D81045,8.88462,787,8858
D81046,14.68559,2235,15219
D81047,8.06735,551,6830
D81049,10.36604,1028,9917
D81050,12.0866,1725,14272
D81051,9.27029,747,8058
D81052,18.11357,1496,8259
D81054,14.66114,2901,19787
D81055,8.50071,419,4929
D81056,9.1109,580,6366
D81057,13.20088,2352,17817
D81058,6.73121,438,6507
D81059,13.81652,875,6333
D81060,9.54531,613,6422
D81061,16.24499,1663,10237
D81062,11.5805,784,6770
D81064,15.09434,872,5777
D81065,22.70019,1219,5370
D81066,8.40959,772,9180
D81070,8.76732,867,9889
D81073,21.58009,997,4620
D81078,11.72356,419,3574
D81081,7.80172,362,4640
D81082,15.22913,987,6481
D81084,8.40282,786,9354
D81085,9.07625,563,6203
D81086,14.67904,965,6574
D81603,19.94549,1244,6237
D81606,12.62026,1443,11434
D81607,8.78632,257,2925
D81611,13.39469,1499,11191
D81612,8.0664,345,4277
D81615,11.98695,1139,9502
D81618,16.80189,497,2958
D81622,25.34164,2930,11562
D81625,33.11188,8373,25287
D81629,18.18535,936,5147
D81630,10.27073,956,9308
D81631,24.28238,2910,11984
D81633,19.68805,1805,9168
D81637,9.47236,982,10367
D81645,16.34738,384,2349
D82001,10.78447,1361,12620
D82002,23.3576,2503,10716
D82003,17.39439,3677,21139
D82004,13.34674,1460,10939
D82005,10.60767,899,8475
D82006,10.01543,779,7778
D82007,25.86134,5502,21275
D82008,13.79571,2369,17172
D82009,14.01811,898,6406
D82010,10.25918,475,4630
D82011,16.5286,2514,15210
D82012,15.25831,1905,12485
D82013,13.11245,934,7123
D82015,12.58581,935,7429
D82016,10.60641,927,8740
D82017,16.94342,1602,9455
D82018,10.5049,1007,9586
D82019,12.83381,2153,16776
D82020,14.14233,1564,11059
D82022,14.82902,928,6258
D82023,12.35797,1490,12057
D82024,9.52381,660,6930
D82025,10.41295,933,8960
D82026,17.48514,1353,7738
D82027,11.68494,810,6932
D82028,11.48507,604,5259
D82029,9.56377,1550,16207
D82030,10.37821,804,7747
D82031,14.30559,1028,7186
D82032,9.6411,685,7105
D82034,12.82327,2028,15815
D82035,15.01059,1417,9440
D82036,8.12656,619,7617
D82037,9.36365,902,9633
D82038,15.20769,443,2913
D82039,10.64422,803,7544
D82040,25.40519,2602,10242
D82041,21.53637,1898,8813
D82042,11.00819,820,7449
D82043,10.2304,595,5816
D82044,16.50004,4258,25806
D82045,9.24651,1518,16417
D82046,11.21877,440,3922
D82047,19.96522,1263,6326
D82048,13.00705,1366,10502
D82049,10.21592,317,3103
D82050,14.54333,1371,9427
D82051,18.90436,2878,15224
D82053,12.85825,664,5164
D82054,14.97401,2045,13657
D82056,10.08344,858,8509
D82057,13.85457,886,6395
D82058,12.54423,1950,15545
D82059,13.73154,1423,10363
D82060,18.81474,781,4151
D82062,9.89301,749,7571
D82063,17.87379,2147,12012
D82064,7.85326,1430,18209
D82065,14.40551,962,6678
D82066,14.43282,855,5924
D82067,26.56449,3345,12592
D82068,11.43629,762,6663
D82070,12.0699,670,5551
D82071,11.64078,1409,12104
D82072,11.63769,415,3566
D82073,14.09353,1760,12488
D82076,14.50351,1075,7412
D82078,8.5139,723,8492
D82079,13.038,621,4763
D82080,8.47205,626,7389
D82084,13.37234,937,7007
D82085,8.18384,552,6745
D82087,27.55672,1579,5730
D82088,9.64124,1857,19261
D82096,26.08383,1811,6943
D82099,27.00428,3978,14731
D82100,10.4708,407,3887
D82104,10.16152,843,8296
D82105,12.91673,833,6449
D82106,15.64679,808,5164
D82600,12.79206,219,1712
D82604,11.53722,358,3103
D82618,9.42524,469,4976
D82621,13.03452,759,5823
D82624,10.89592,737,6764
D82628,8.51184,302,3548
D83001,8.09767,776,9583
D83002,20.94865,2725,13008
D83003,9.12556,407,4460
D83004,13.60505,1185,8710
D83005,12.9014,1599,12394
D83006,8.89718,572,6429
D83007,10.37432,837,8068
D83008,21.36452,2978,13939
D83009,12.42055,2091,16835
D83010,13.96619,793,5678
D83011,11.63188,1226,10540
D83012,14.43521,3021,20928
D83013,12.07945,1411,11681
D83015,13.29106,1006,7569
D83016,15.65436,1433,9154
D83017,12.09345,1439,11899
D83018,15.95327,1707,10700
D83019,10.5463,722,6846
D83020,8.53127,607,7115
D83021,17.07392,2781,16288
D83022,11.0676,537,4852
D83023,19.62541,1928,9824
D83024,10.53995,1261,11964
D83026,9.36422,760,8116
D83027,16.16975,1627,10062
D83028,13.71974,1122,8178
D83029,17.36663,2142,12334
D83030,27.76091,1737,6257
D83033,8.89922,785,8821
D83034,14.44912,1478,10229
D83035,11.40153,1060,9297
D83037,10.20952,1418,13889
D83038,10.2193,1370,13406
D83040,12.16413,1168,9602
D83041,9.74641,834,8557
D83043,11.19444,612,5467
D83044,12.75014,2453,19239
D83045,14.27971,679,4755
D83046,11.1394,2800,25136
D83047,12.91691,1735,13432
D83048,13.5444,2062,15224
D83049,9.30729,567,6092
D83050,18.53242,4344,23440
D83051,14.80508,2366,15981
D83053,11.95518,971,8122
D83054,10.38125,629,6059
D83055,9.65356,1318,13653
D83056,20.94875,1815,8664
D83057,7.98416,968,12124
D83059,21.32054,3665,17190
D83060,13.62365,2825,20736
D83061,10.31479,888,8609
D83062,18.52023,1199,6474
D83064,12.09011,483,3995
D83067,12.54096,842,6714
D83069,9.54774,532,5572
D83070,11.92333,535,4487
D83073,18.66,933,5000
D83074,17.35277,2095,12073
D83075,15.17248,1623,10697
D83076,8.18258,389,4754
D83078,14.6797,1171,7977
D83079,13.89334,1128,8119
D83080,7.9801,401,5025
D83081,17.86155,1303,7295
D83084,8.41087,461,5481
D83608,14.33969,797,5558
D83610,14.81515,1619,10928
E81002,7.2324,600,8296
E81003,11.34374,1918,16908
E81004,13.70058,1348,9839
E81005,12.73762,1119,8785
E81006,14.29664,1122,7848
E81007,8.26518,475,5747
E81008,16.08495,1636,10171
E81009,12.99062,1357,10446
E81010,12.17683,909,7465
E81012,10.15879,1094,10769
E81013,15.96663,2220,13904
E81014,16.8383,2469,14663
E81015,10.98569,1343,12225
E81016,11.02224,565,5126
E81018,11.92301,1307,10962
E81019,17.97238,3253,18100
E81021,13.97202,2437,17442
E81022,12.38568,1923,15526
E81024,8.6513,458,5294
E81025,11.10555,666,5997
E81026,13.04783,1042,7986
E81027,19.76385,2109,10671
E81028,8.39761,1056,12575
E81029,14.52537,2156,14843
E81030,19.82659,1715,8650
E81031,9.54329,420,4401
E81032,18.27836,7005,38324
E81033,11.09824,1821,16408
E81034,8.47609,569,6713
E81035,12.64691,1033,8168
E81036,10.16387,1073,10557
E81037,13.94419,4462,31999
E81038,14.1408,2579,18238
E81040,13.56325,1054,7771
E81041,15.99964,1767,11044
E81043,10.23454,912,8911
E81044,12.83213,2096,16334
E81045,16.08645,1377,8560
E81046,9.65311,999,10349
E81047,12.58884,1913,15196
E81048,14.58192,1294,8874
E81049,11.73616,774,6595
E81050,8.98159,971,10811
E81052,15.78255,1080,6843
E81057,11.229,2032,18096
E81060,17.49499,873,4990
E81061,8.44506,485,5743
E81063,12.59291,881,6996
E81069,12.03639,516,4287
E81073,18.45544,2655,14386
E81074,9.57758,950,9919
E81076,12.05049,506,4199
E81612,14.50937,658,4535
E81615,13.90421,479,3445
E81617,13.44442,589,4381
E81631,10.61684,821,7733
E81632,10.71064,734,6853
E81633,13.80941,555,4019
E81635,15.26475,911,5968
E82001,8.192,3014,36792
E82002,16.5107,1482,8976
E82004,11.90079,499,4193
E82005,14.84462,5995,40385
E82006,13.04412,878,6731
E82007,8.22835,823,10002
E82008,12.64826,1173,9274
E82009,14.15734,2631,18584
E82012,15.022,1775,11816
E82013,13.46677,3909,29027
E82014,9.49418,1541,16231
E82015,11.9389,891,7463
E82017,12.31546,1293,10499
E82018,16.04361,1957,12198
E82019,8.12713,1097,13498
E82020,16.84792,945,5609
E82021,9.1889,520,5659
E82022,14.93489,2248,15052
E82023,18.01236,1836,10193
E82024,11.74465,1722,14662
E82027,11.34369,1241,10940
E82031,9.39702,1507,16037
E82032,15.25571,1930,12651
E82035,12.1662,1303,10710
E82037,6.39015,815,12754
E82038,9.58306,1602,16717
E82040,15.56021,2747,17654
E82041,10.76023,1104,10260
E82042,19.17059,1507,7861
E82043,9.74948,1222,12534
E82044,8.0774,981,12145
E82045,17.61114,2884,16376
E82046,13.06271,1181,9041
E82050,17.38309,736,4234
E82051,14.71943,1726,11726
E82053,9.6673,1418,14668
E82055,7.10615,802,11286
E82056,15.07229,1251,8300
E82058,9.5673,1519,15877
E82059,7.72307,676,8753
E82060,7.57187,1359,17948
E82061,14.80515,1759,11881
E82062,11.52704,1552,13464
E82063,14.53744,1452,9988
E82064,5.70427,358,6276
E82066,8.1399,256,3145
E82067,11.50595,1606,13958
E82068,8.94475,918,10263
E82069,11.66805,845,7242
E82070,15.50095,410,2645
E82071,5.64252,775,13735
E82073,13.43591,5222,38866
E82074,11.16412,2153,19285
E82075,10.95798,1137,10376
E82077,6.12245,642,10486
E82078,13.28181,1117,8410
E82079,19.38411,1410,7274
E82081,9.40739,1062,11289
E82082,11.42036,1789,15665
E82083,10.98306,953,8677
E82084,7.80682,902,11554
E82085,9.32557,1474,15806
E82086,12.8634,2584,20088
E82088,10.7627,913,8483
E82090,8.80093,756,8590
E82091,12.21745,1762,14422
E82092,11.71322,1606,13711
E82093,16.86166,1888,11197
E82094,7.90739,806,10193
E82096,11.10985,982,8839
E82098,9.42073,618,6560
E82099,10.77008,1172,10882
E82100,10.2927,1171,11377
E82102,9.79189,1468,14992
E82105,14.39337,573,3981
E82106,8.12174,950,11697
E82107,13.75964,1177,8554
E82111,13.57746,723,5325
E82113,14.71446,858,5831
E82115,14.63662,1299,8875
E82117,14.7905,1532,10358
E82121,10.54196,461,4373
E82123,14.1118,1136,8050
E82124,12.53224,3450,27529
E82129,9.50807,1237,13010
E82132,12.67662,628,4954
E82133,16.03867,1128,7033
E82626,11.41925,280,2452
E82638,20.11598,1110,5518
E82643,9.42029,221,2346
E82652,10.46106,270,2581
E82654,8.91888,707,7927
E82655,15.60677,535,3428
E82657,8.94521,480,5366
E82661,17.71642,1187,6700
E83003,11.86068,1025,8642
E83005,12.89948,666,5163
E83006,15.93361,960,6025
E83007,14.54629,630,4331
E83008,6.56404,452,6886
E83009,8.0069,836,10441
E83010,12.8651,1339,10408
E83011,14.88213,1351,9078
E83012,9.97544,853,8551
E83013,11.79143,597,5063
E83016,8.79415,1708,19422
E83017,10.34038,1522,14719
E83018,11.82604,1792,15153
E83020,13.60435,1352,9938
E83021,12.40128,1319,10636
E83024,8.69253,847,9744
E83025,12.39594,819,6607
E83026,8.45672,297,3512
E83027,12.87862,1131,8782
E83028,14.99706,765,5101
E83030,8.76789,533,6079
E83031,11.51697,577,5010
E83032,15.64687,2258,14431
E83034,15.1198,650,4299
E83035,9.64832,1476,15298
E83038,15.15034,1174,7749
E83039,14.0559,699,4973
E83041,17.2123,694,4032
E83044,12.13271,991,8168
E83045,12.4367,1007,8097
E83046,14.02728,977,6965
E83049,11.97499,747,6238
E83050,11.79758,760,6442
E83053,10.22776,1190,11635
E83600,3.40792,166,4871
E83613,11.75159,1107,9420
E83621,12.022,940,7819
E83622,9.70526,731,7532
E83637,13.94426,1406,10083
E83638,6.693,288,4303
E83639,10.55713,559,5295
E83649,12.01999,457,3802
E83653,11.53496,1140,9883
E83668,10.91767,370,3389
E84002,11.74736,757,6444
E84003,8.63156,1095,12686
E84004,11.10772,728,6554
E84005,8.16042,527,6458
E84006,15.93444,2343,14704
E84007,8.58771,422,4914
E84008,12.01269,1060,8824
E84009,13.68792,1400,10228
E84011,22.92076,350,1527
E84012,15.62371,1136,7271
E84013,18.9158,1312,6936
E84014,12.24366,1009,8241
E84015,14.75625,1913,12964
E84017,12.50368,849,6790
E84018,9.07179,604,6658
E84020,15.98683,874,5467
E84021,18.32337,2483,13551
E84022,12.82879,795,6197
E84024,7.3413,1271,17313
E84025,13.38779,2196,16403
E84028,17.40678,929,5337
E84030,9.3588,343,3665
E84031,18.35749,1444,7866
E84032,14.06844,851,6049
E84033,13.44791,759,5644
E84036,18.75638,1469,7832
E84039,10.21019,1535,15034
E84040,11.75565,458,3896
E84042,14.89433,888,5962
E84044,8.89844,849,9541
E84048,11.36706,755,6642
E84049,13.40437,780,5819
E84051,10.79084,584,5412
E84053,7.43405,217,2919
E84057,8.57705,915,10668
E84058,12.13827,2630,21667
E84059,12.78395,529,4138
E84061,6.98663,674,9647
E84062,13.63832,635,4656
E84063,9.65872,733,7589
E84066,10.74788,9130,84947
E84067,10.61979,879,8277
E84068,8.24413,1032,12518
E84069,10.87126,1677,15426
E84070,8.45987,390,4610
E84074,15.90823,1671,10504
E84075,11.91816,1165,9775
E84076,12.36383,681,5508
E84078,10.50566,455,4331
E84080,13.84552,1002,7237
E84083,10.79557,555,5141
E84086,15.4661,949,6136
E84601,11.39315,772,6776
E84617,8.96069,538,6004
E84620,13.33333,722,5415
E84626,9.18565,379,4126
E84635,11.29848,536,4744
E84637,15.55671,598,3844
E84638,6.8646,363,5288
E84645,15.27298,1105,7235
E84646,13.50035,776,5748
E84647,8.52156,332,3896
E84653,17.27596,1068,6182
E84656,13.29305,660,4965
E84658,14.65576,645,4401
E84663,8.57571,572,6670
E84665,20.43134,1601,7836
E84674,21.43791,984,4590
E84676,8.33848,270,3238
E84678,10.41772,414,3974
E84680,11.87163,529,4456
E84684,16.41165,665,4052
E84685,11.85062,787,6641
E84693,11.38231,928,8153
E84699,10.89574,371,3405
E84701,9.86276,424,4299
E84702,18.54262,2023,10910
E84704,13.56098,278,2050
E84709,11.33209,2302,20314
E85001,12.44857,938,7535
E85003,18.33636,3128,17059
E85004,18.7055,1156,6180
E85005,16.96607,765,4509
E85006,12.02146,493,4101
E85007,13.46576,1471,10924
E85008,15.85009,922,5817
E85012,9.72711,442,4544
E85013,13.75704,684,4972
E85014,12.33493,878,7118
E85015,10.22865,841,8222
E85016,15.96804,1619,10139
E85019,14.71419,1094,7435
E85020,12.81409,1739,13571
E85021,15.97623,914,5721
E85023,11.79929,301,2551
E85024,16.64393,732,4398
E85025,12.62815,1318,10437
E85026,12.93064,1704,13178
E85028,12.56948,995,7916
E85029,16.82045,2224,13222
E85030,11.01549,640,5810
E85032,16.74817,685,4090
E85033,13.6834,1428,10436
E85034,18.04702,852,4721
E85035,15.90795,954,5997
E85038,9.95428,479,4812
E85040,10.52556,735,6983
E85041,16.81699,895,5322
E85042,17.60173,1142,6488
E85045,18.47417,540,2923
E85046,13.10171,675,5152
E85048,17.84387,1152,6456
E85049,6.65838,482,7239
E85050,17.3117,1163,6718
E85051,18.04511,768,4256
E85052,12.3748,766,6190
E85053,16.94796,482,2844
E85054,16.80985,1624,9661
E85055,19.31314,1957,10133
E85056,14.48905,906,6253
E85057,9.78382,878,8974
E85058,15.16618,940,6198
E85059,11.87896,844,7105
E85060,14.50864,781,5383
E85061,10.51331,553,5260
E85062,13.91492,1544,11096
E85064,16.73433,948,5665
E85066,7.81204,266,3405
E85069,16.37129,739,4514
E85071,13.5428,250,1846
E85074,13.2948,736,5536
E85075,14.38093,561,3901
E85077,20.91726,675,3227
E85083,6.98674,374,5353
E85088,18.70338,978,5229
E85090,5.11222,246,4812
E85091,14.44056,413,2860
E85096,11.5645,615,5318
E85098,16.99536,879,5172
E85099,10.31571,562,5448
E85103,8.5656,252,2942
E85107,12.92636,811,6274
E85108,17.32649,709,4092
E85109,17.1849,619,3602
E85111,20.75138,939,4525
E85112,15.64085,1141,7295
E85113,13.99191,830,5932
E85114,9.07529,581,6402
E85115,17.60968,582,3305
E85116,12.81366,623,4862
E85118,11.87777,723,6087
E85119,8.66277,1008,11636
E85120,11.39549,748,6564
E85121,6.64731,824,12396
E85122,12.32821,1525,12370
E85123,10.74712,830,7723
E85124,10.81256,10535,97433
E85125,12.84916,644,5012
E85126,8.76762,821,9364
E85127,17.35537,1281,7381
E85128,15.2836,1641,10737
E85129,15.03524,768,5108
E85130,14.3779,557,3874
E85600,12.89858,716,5551
E85605,15.64771,1098,7017
E85617,19.44743,542,2787
E85623,12.29947,299,2431
E85624,10.78207,659,6112
E85628,10.80548,876,8107
E85633,6.4001,533,8328
E85635,16.06914,753,4686
E85636,11.23439,1367,12168
E85640,17.98722,563,3130
E85643,9.4984,534,5622
E85649,13.20755,539,4081
E85656,8.98827,406,4517
E85657,16.53417,1643,9937
E85658,12.51633,479,3827
E85659,15.1608,297,1959
E85663,5.8299,523,8971
E85677,16.29313,1105,6782
E85680,15.21425,1367,8985
E85681,11.72477,898,7659
E85682,10.48825,522,4977
E85683,9.5852,342,3568
E85685,10.08711,1019,10102
E85687,14.9591,695,4646
E85693,10.29647,1931,18754
E85694,11.81294,533,4512
E85696,7.72317,539,6979
E85697,16.39153,844,5149
E85699,19.68173,1076,5467
E85707,12.55686,773,6156
E85708,12.98444,851,6554
E85712,15.11394,1280,8469
E85713,13.19572,716,5426
E85715,16.82228,1063,6319
E85716,10.22159,1370,13403
E85718,12.48822,530,4244
E85719,8.70677,783,8993
E85721,5.32765,100,1877
E85725,15.30612,975,6370
E85726,10.36455,290,2798
E85734,16.15385,819,5070
E85735,13.97612,761,5445
E85736,16.56339,989,5971
E85739,12.20115,1036,8491
E85743,12.49525,329,2633
E85744,14.64937,1197,8171
E85745,7.337,494,6733
E85746,9.2006,305,3315
E85748,19.61259,1053,5369
E85750,11.74326,741,6310
E86001,6.6212,631,9530
E86004,17.44757,1564,8964
E86005,9.43331,546,5788
E86006,9.49729,665,7002
E86007,13.75099,1047,7614
E86009,10.855,810,7462
E86010,18.09821,2381,13156
E86011,9.74155,490,5030
E86012,8.61889,825,9572
E86014,9.92745,561,5651
E86015,13.00294,1813,13943
E86016,10.52731,557,5291
E86017,9.10892,1563,17159
E86018,12.57705,857,6814
E86019,11.40823,657,5759
E86020,11.33472,490,4323
E86022,8.10072,415,5123
E86024,9.51638,366,3846
E86026,13.44267,918,6829
E86027,19.99308,1156,5782
E86028,6.33863,447,7052
E86029,14.11655,1216,8614
E86030,13.53303,1518,11217
E86033,10.81132,569,5263
E86034,16.697,367,2198
E86036,10.36148,751,7248
E86038,14.16667,850,6000
E86041,10.21028,471,4613
E86042,15.40009,995,6461
E86605,11.9349,264,2212
E86609,10.32427,866,8388
E86610,15.57734,429,2754
E86612,8.13978,382,4693
E86615,12.90917,280,2169
E86618,13.46121,800,5943
E86619,8.03774,213,2650
E86620,12.31952,529,4294
E86625,12.52663,294,2347
E86626,10.73345,540,5031
E86629,12.1,363,3000
E86632,12.43781,600,4824
E86637,14.92721,851,5701
E86640,8.2116,371,4518
E87002,15.56619,2440,15675
E87003,16.14279,719,4454
E87004,12.85174,1224,9524
E87005,10.3817,835,8043
E87006,13.19971,540,4091
E87008,16.19207,1649,10184
E87009,15.80737,558,3530
E87010,15.19488,807,5311
E87011,16.49338,1158,7021
E87013,8.41207,1202,14289
E87016,11.4028,1277,11199
E87021,18.63647,831,4459
E87024,20.43078,977,4782
E87026,21.25535,447,2103
E87029,14.04531,1085,7725
E87034,16.24109,2118,13041
E87037,15.28427,1570,10272
E87038,16.99314,694,4084
E87043,9.90033,596,6020
E87045,14.06218,692,4921
E87046,10.24485,1159,11313
E87047,19.24494,1254,6516
E87048,10.78401,348,3227
E87052,20.21555,619,3062
E87061,11.47284,1392,12133
E87063,12.45956,1733,13909
E87065,16.16945,542,3352
E87066,14.97437,1081,7219
E87067,18.71357,1766,9437
E87069,15.85669,447,2819
E87070,10.72727,708,6600
E87609,7.61945,1432,18794
E87637,17.40341,3189,18324
E87648,13.53423,512,3783
E87663,12.80891,368,2873
E87665,10.31882,602,5834
E87677,4.8838,973,19923
E87681,14.31031,1912,13361
E87701,11.69576,918,7849
E87702,8.89516,252,2833
E87706,22.49467,844,3752
E87714,15.45165,922,5967
E87715,12.01602,810,6741
E87720,17.90541,1484,8288
E87722,16.99429,1072,6308
E87733,20.31717,884,4351
E87737,11.97894,1092,9116
E87738,9.86262,1364,13830
E87739,13.67502,1190,8702
E87740,71.73632,1665,2321
E87741,17.13826,533,3110
E87742,20.03001,534,2666
E87745,11.16787,962,8614
E87746,13.89516,615,4426
E87750,16.34712,648,3964
E87751,13.03132,233,1788
E87753,11.22479,1130,10067
E87754,11.37584,678,5960
E87755,14.29603,396,2770
E87756,19.57954,624,3187
E87762,12.81467,1013,7905
E87768,7.84988,1759,22408
F81001,10.84403,1200,11066
F81003,18.36153,966,5261
F81004,10.03147,797,7945
F81006,23.50806,1036,4407
F81007,14.02662,2382,16982
F81009,9.61704,894,9296
F81010,15.03767,1517,10088
F81011,10.23457,685,6693
F81012,9.17334,607,6617
F81013,5.67781,596,10497
F81014,16.77321,1653,9855
F81015,8.99164,947,10532
F81017,14.9525,1086,7263
F81019,17.78494,2595,14591
F81020,9.5359,676,7089
F81021,10.61868,1071,10086
F81022,12.47997,1713,13726
F81023,10.99747,1215,11048
F81025,15.28519,1289,8433
F81026,9.09795,705,7749
F81027,18.42745,3110,16877
F81028,8.93506,688,7700
F81029,10.45926,665,6358
F81030,12.03561,1717,14266
F81031,20.96723,1318,6286
F81032,10.98901,300,2730
F81034,8.48148,687,8100
F81036,10.1476,1540,15176
F81037,20.81826,1496,7186
F81038,10.99509,1232,11205
F81040,7.78589,320,4110
F81041,10.64259,1267,11905
F81042,15.09595,5137,34029
F81043,10.91096,1696,15544
F81044,7.57294,488,6444
F81045,10.11926,577,5702
F81046,11.61731,459,3951
F81047,17.54212,1593,9081
F81048,12.08256,1042,8624
F81049,11.70578,1262,10781
F81051,18.37434,1180,6422
F81052,14.70611,1929,13117
F81053,11.74859,1972,16785
F81055,8.44843,942,11150
F81056,12.10072,1163,9611
F81057,11.72761,1469,12526
F81060,20.61108,796,3862
F81061,11.20219,738,6588
F81062,12.71334,946,7441
F81065,11.86674,431,3632
F81066,7.76147,423,5450
F81067,10.72226,1296,12087
F81068,14.43941,2040,14128
F81069,11.10141,763,6873
F81071,11.92048,1481,12424
F81072,10.28819,689,6697
F81075,10.88173,1186,10899
F81076,10.02994,402,4008
F81078,11.5795,1096,9465
F81080,6.47128,658,10168
F81081,21.09422,3844,18223
F81082,14.5489,537,3691
F81083,12.62765,1286,10184
F81085,12.2354,1393,11385
F81086,16.33733,1050,6427
F81087,15.10064,1763,11675
F81088,15.90074,346,2176
F81089,11.96063,1045,8737
F81090,10.28135,983,9561
F81091,15.78816,1267,8025
F81092,10.82448,428,3954
F81095,20.18707,3518,17427
F81096,15.70464,1442,9182
F81097,17.39455,2565,14746
F81098,10.25789,712,6941
F81099,12.54064,1350,10765
F81100,9.07371,1871,20620
F81101,8.11655,390,4805
F81102,8.11256,493,6077
F81104,9.55137,396,4146
F81105,7.53769,1305,17313
F81106,19.49025,1690,8671
F81108,18.01096,2760,15324
F81110,18.82805,1764,9369
F81112,9.47479,1169,12338
F81113,8.924,1045,11710
F81114,10.46471,1207,11534
F81115,11.14674,2607,23388
F81116,12.77229,1202,9411
F81117,15.14969,1255,8284
F81118,9.81575,1172,11940
F81119,9.98431,700,7011
F81120,18.71632,1980,10579
F81121,12.87136,1694,13161
F81122,13.07974,3497,26736
F81123,9.34117,1622,17364
F81125,9.57045,1192,12455
F81126,12.93379,1092,8443
F81128,11.10842,1377,12396
F81130,14.31595,744,5197
F81131,10.27893,796,7744
F81132,14.80164,2164,14620
F81133,10.94143,1132,10346
F81134,14.5169,906,6241
F81136,11.60202,1376,11860
F81137,10.19582,630,6179
F81141,15.31926,2380,15536
F81142,12.70492,682,5368
F81144,9.87167,1777,18001
F81147,12.95112,567,4378
F81149,10.65027,1022,9596
F81150,19.14446,1911,9982
F81152,13.94044,1367,9806
F81153,10.79808,1169,10826
F81155,14.23472,638,4482
F81156,20.49811,1572,7669
F81158,19.26282,601,3120
F81159,24.19964,1474,6091
F81163,9.72964,583,5992
F81164,16.20976,1289,7952
F81165,7.74611,299,3860
F81169,9.0249,609,6748
F81170,9.88163,1152,11658
F81173,17.48072,884,5057
F81176,17.91796,463,2584
F81177,14.51705,511,3520
F81181,19.06907,3556,18648
F81183,11.50778,577,5014
F81184,10.17662,363,3567
F81186,20.4253,1143,5596
F81192,12.66488,1085,8567
F81193,16.92308,957,5655
F81197,16.62024,358,2154
F81198,7.78022,177,2275
F81205,15.56074,734,4717
F81206,19.9027,900,4522
F81207,18.08761,384,2123
F81211,15.55766,657,4223
F81212,27.41935,2244,8184
F81213,11.07367,723,6529
F81215,8.22148,686,8344
F81216,9.36013,354,3782
F81219,12.46643,557,4468
F81221,16.50779,710,4301
F81222,8.63411,366,4239
F81223,15.33742,425,2771
F81606,8.72828,221,2532
F81613,17.3847,1259,7242
F81618,13.45566,484,3597
F81619,17.07547,543,3180
F81623,13.29735,271,2038
F81632,17.64839,782,4431
F81633,9.5262,380,3989
F81635,12.35409,254,2056
F81636,8.77791,1262,14377
F81640,20.21601,730,3611
F81641,16.13165,995,6168
F81645,14.8786,527,3542
F81649,12.87879,493,3828
F81652,17.0726,736,4311
F81656,21.15794,497,2349
F81665,9.53868,397,4162
F81666,13.10441,374,2854
F81669,17.39614,938,5392
F81674,9.39397,882,9389
F81675,13.32725,584,4382
F81679,13.81835,887,6419
F81681,19.27175,2731,14171
F81683,14.91075,1278,8571
F81690,13.20676,633,4793
F81696,13.93728,320,2296
F81697,15.6917,397,2530
F81700,15.69802,524,3338
F81704,9.40487,305,3243
F81707,18.33968,771,4204
F81708,17.58767,1620,9211
F81711,14.64681,423,2888
F81713,9.18233,210,2287
F81716,10.93366,890,8140
F81725,17.71649,1426,8049
F81729,16.76542,481,2869
F81730,8.80418,522,5929
F81732,14.02311,801,5712
F81737,10.04049,248,2470
F81739,15.69413,901,5741
F81740,14.92511,847,5675
F81741,16.86581,1595,9457
F81744,7.16444,166,2317
F81746,16.16231,470,2908
F81749,17.11306,2051,11985
F81751,14.3534,515,3588
F81757,8.4841,483,5693
F82001,15.30568,701,4580
F82002,6.95739,418,6008
F82003,15.2277,642,4216
F82005,15.91822,872,5478
F82006,6.20389,698,11251
F82007,10.85168,976,8994
F82008,11.0597,1219,11022
F82009,11.86273,2043,17222
F82010,15.7956,1085,6869
F82011,15.41282,1219,7909
F82013,10.96415,1633,14894
F82014,18.25658,1110,6080
F82015,18.17122,779,4287
F82016,17.24272,888,5150
F82017,18.04643,1236,6849
F82018,11.18601,1062,9494
F82019,12.24376,657,5366
F82021,11.37429,922,8106
F82022,11.58814,1301,11227
F82023,14.53218,438,3014
F82025,12.40277,590,4757
F82027,10.15453,184,1812
F82028,12.78878,1085,8484
F82030,14.24511,1704,11962
F82031,12.72727,448,3520
F82033,6.89189,204,2960
F82034,12.66335,1095,8647
F82038,16.43419,648,3943
F82039,12.39945,447,3605
F82040,15.61605,545,3490
F82042,13.71934,2187,15941
F82045,8.28767,242,2920
F82051,16.93049,1476,8718
F82055,9.14848,939,10264
F82604,13.00067,581,4469
F82607,12.56641,615,4894
F82609,9.41147,371,3942
F82610,12.98594,314,2418
F82612,11.81858,1084,9172
F82619,14.46936,484,3345
F82624,6.94718,317,4563
F82625,13.19703,852,6456
F82627,14.26212,950,6661
F82630,16.07522,983,6115
F82634,19.78642,982,4963
F82638,14.67456,868,5915
F82642,16.6607,931,5588
F82647,10.82582,468,4323
F82648,14.85181,446,3003
F82649,12.4676,481,3858
F82650,15.66446,1253,7999
F82660,15.3932,2484,16137
F82661,12.73986,405,3179
F82663,15.72422,520,3307
F82670,18.88412,704,3728
F82671,16.1183,436,2705
F82674,8.02059,374,4663
F82675,9.67417,288,2977
F82677,14.23958,926,6503
F82678,16.8931,659,3901
F82679,14.02012,641,4572
F82680,16.31223,1327,8135
F82686,13.07692,510,3900
F83002,15.22019,1417,9310
F83003,8.43768,593,7028
F83004,12.61462,3962,31408
F83005,5.52324,1054,19083
F83006,17.05375,2335,13692
F83007,19.30818,614,3180
F83008,19.85934,2146,10806
F83010,12.45106,2385,19155
F83011,10.07128,763,7576
F83012,15.58171,1046,6713
F83015,15.94437,1777,11145
F83017,11.41792,1807,15826
F83018,19.45327,1409,7243
F83019,13.76973,1605,11656
F83020,12.30845,1245,10115
F83021,14.53219,2291,15765
F83022,16.48592,2417,14661
F83023,16.58021,3324,20048
F83032,13.01331,1388,10666
F83033,14.71609,806,5477
F83034,20.13678,265,1316
F83039,18.7905,783,4167
F83042,14.03315,1143,8145
F83043,5.49362,887,16146
F83044,12.33852,1022,8283
F83045,12.51514,1033,8254
F83048,11.33287,988,8718
F83050,15.51724,468,3016
F83052,17.49473,581,3321
F83053,18.37869,1256,6834
F83055,15.38164,3184,20700
F83056,15.05073,1335,8870
F83057,13.48405,1002,7431
F83058,14.97101,1601,10694
F83059,20.47236,4126,20154
F83060,17.35368,1103,6356
F83061,12.72317,677,5321
F83063,15.82443,1882,11893
F83064,16.14403,1354,8387
F83615,8.87702,615,6928
F83623,7.34355,805,10962
F83624,12.62613,1977,15658
F83632,18.55362,1116,6015
F83633,10.74586,474,4411
F83635,9.81326,804,8193
F83652,12.47407,1323,10606
F83658,16.59013,867,5226
F83660,15.75924,1207,7659
F83664,16.5197,1761,10660
F83665,11.71902,1720,14677
F83666,17.69852,1052,5944
F83671,18.69801,517,2765
F83672,10.18536,1632,16023
F83673,16.27696,898,5517
F83674,15.8707,1306,8229
F83678,20.70815,386,1864
F83680,19.12458,852,4455
F83681,16.41337,1296,7896
F83683,14.35644,783,5454
F83686,16.6157,1467,8829
F84003,18.72311,2437,13016
F84004,14.88795,1621,10888
F84006,10.07665,1433,14221
F84008,17.00059,1731,10182
F84009,11.61476,1335,11494
F84010,13.78423,1178,8546
F84012,17.98869,1431,7955
F84013,8.12079,917,11292
F84014,12.10627,761,6286
F84015,17.7551,783,4410
F84016,18.20712,1832,10062
F84017,18.58864,3240,17430
F84018,19.2778,2002,10385
F84021,18.71936,1833,9792
F84022,18.80015,1523,8101
F84025,13.6622,1346,9852
F84030,15.98272,518,3241
F84031,15.01595,2024,13479
F84033,19.33386,1962,10148
F84034,17.50811,1942,11092
F84035,15.66321,3356,21426
F84036,17.00405,1302,7657
F84038,21.98249,703,3198
F84039,12.00826,3840,31978
F84044,16.87825,1170,6932
F84047,16.91857,1500,8866
F84050,13.1334,1397,10637
F84051,15.38907,1329,8636
F84052,14.32931,2019,14090
F84053,16.63248,1054,6337
F84054,16.49324,1696,10283
F84055,19.39994,666,3433
F84060,18.24126,809,4435
F84062,15.79771,1918,12141
F84063,21.88476,1261,5762
F84069,20.18449,2407,11925
F84070,13.53412,1083,8002
F84072,16.0996,1888,11727
F84074,12.80453,1130,8825
F84077,16.1632,1343,8309
F84079,12.31379,1273,10338
F84080,14.62313,1133,7748
F84081,15.60675,1897,12155
F84083,17.91721,1502,8383
F84086,17.07881,960,5621
F84087,13.79698,1105,8009
F84088,13.33856,851,6380
F84092,15.73395,1760,11186
F84093,19.05969,2858,14995
F84096,17.49562,2596,14838
F84097,13.4155,1328,9899
F84105,17.17089,1680,9784
F84111,18.77836,1697,9037
F84114,14.47132,1370,9467
F84115,16.57808,1310,7902
F84117,16.88868,1458,8633
F84118,17.28231,1820,10531
F84119,15.3443,1669,10877
F84121,11.06678,1359,12280
F84122,13.68749,2020,14758
F84123,13.52514,2327,17205
F84124,15.70954,662,4214
F84601,18.99696,1250,6580
F84619,19.36364,852,4400
F84620,18.54644,1304,7031
F84621,18.94711,781,4122
F84635,22.48625,1921,8543
F84636,15.12033,911,6025
F84640,7.96108,720,9044
F84641,11.34438,308,2715
F84642,11.1721,1323,11842
F84647,10.7424,1392,12958
F84656,13.38051,1248,9327
F84658,10.82969,868,8015
F84660,11.65085,307,2635
F84666,13.19149,682,5170
F84668,9.09948,386,4242
F84669,13.15596,1073,8156
F84670,12.78626,670,5240
F84672,14.62468,980,6701
F84677,10.63617,637,5989
F84681,13.62053,1056,7753
F84686,4.26645,212,4969
F84692,16.24324,1381,8502
F84694,20.1328,849,4217
F84696,16.87476,892,5286
F84698,14.25144,1663,11669
F84710,15.59805,1917,12290
F84716,13.25792,586,4420
F84717,15.6844,1642,10469
F84718,17.72321,2122,11973
F84719,13.86939,652,4701
F84720,18.6834,789,4223
F84724,11.78772,1717,14566
F84729,11.48767,461,4013
F84730,17.623,1422,8069
F84731,7.41286,151,2037
F84735,12.96754,891,6871
F84739,4.80298,206,4289
F84740,28.30085,1031,3643
F84741,8.50611,160,1881
F84747,10.63894,2476,23273
F84749,11.58745,2438,21040
F85002,16.39561,12511,76307
F85004,18.59484,1940,10433
F85007,20.54242,2954,14380
F85008,22.08601,2306,10441
F85010,18.92885,721,3809
F85013,16.94064,1350,7969
F85014,8.98622,1311,14589
F85016,10.03797,608,6057
F85017,19.97616,1173,5872
F85019,20.18407,2522,12495
F85020,12.60264,1059,8403
F85023,18.08641,1775,9814
F85025,13.74188,1693,12320
F85028,19.92923,1239,6217
F85029,10.17496,1041,10231
F85030,20.20767,2238,11075
F85031,23.00548,2477,10767
F85032,9.42324,763,8097
F85033,11.53245,2065,17906
F85034,17.10341,1214,7098
F85035,9.30743,891,9573
F85039,18.20418,1036,5691
F85044,17.0693,968,5671
F85046,23.02888,2249,9766
F85058,17.61738,908,5154
F85060,21.228,1013,4772
F85061,12.06362,311,2578
F85063,8.75335,1273,14543
F85064,19.90299,1272,6391
F85065,20.07326,548,2730
F85066,15.9831,2572,16092
F85067,19.95667,829,4154
F85069,11.61962,848,7298
F85071,17.4073,1751,10059
F85072,15.47792,1276,8244
F85615,25.90373,1297,5007
F85623,18.99273,758,3991
F85625,10.21328,589,5767
F85628,18.49964,1270,6865
F85634,16.21943,1227,7565
F85640,17.63662,994,5636
F85642,14.90651,1132,7594
F85650,15.93737,794,4982
F85663,16.38331,636,3882
F85666,17.43091,574,3293
F85669,23.09384,4725,20460
F85675,13.98323,667,4770
F85676,18.59903,847,4554
F85678,13.03358,458,3514
F85682,15.60627,807,5171
F85687,15.5078,1104,7119
F85688,11.11237,978,8801
F85697,24.58704,387,1574
F85700,17.25806,1177,6820
F85701,18.84862,1971,10457
F85705,21.77836,2317,10639
F86001,14.1265,1445,10229
F86004,12.70062,1646,12960
F86005,16.9124,1170,6918
F86006,15.69126,925,5895
F86007,15.49924,1737,11207
F86008,11.23939,1470,13079
F86009,9.09674,567,6233
F86010,12.31305,1663,13506
F86011,15.7081,1270,8085
F86012,9.18984,760,8270
F86013,10.88993,558,5124
F86018,15.99952,1323,8269
F86020,8.41418,451,5360
F86022,12.96012,1690,13040
F86023,8.99321,795,8840
F86025,13.74643,2072,15073
F86026,16.39231,946,5771
F86028,10.29813,905,8788
F86030,13.37409,897,6707
F86032,8.83604,665,7526
F86034,11.18702,655,5855
F86036,15.21345,1846,12134
F86038,13.08213,1236,9448
F86040,7.94297,351,4419
F86042,7.17713,344,4793
F86044,19.83708,1729,8716
F86045,19.63261,342,1742
F86057,12.88381,835,6481
F86058,15.77774,1982,12562
F86060,9.09015,1086,11947
F86062,14.17411,762,5376
F86064,10.48689,420,4005
F86066,11.86925,748,6302
F86074,17.22343,2052,11914
F86078,12.80891,736,5746
F86081,9.04602,513,5671
F86082,11.41192,607,5319
F86083,7.84716,421,5365
F86085,14.31917,428,2989
F86086,14.95443,722,4828
F86087,9.45012,574,6074
F86088,15.13401,655,4328
F86607,13.25866,1953,14730
F86612,11.60264,299,2577
F86616,13.33524,934,7004
F86621,16.23578,942,5802
F86624,7.89928,229,2899
F86625,17.33281,876,5054
F86626,17.65222,1206,6832
F86627,16.99749,1961,11537
F86637,8.9132,383,4297
F86638,12.46937,458,3673
F86641,10.73905,728,6779
F86644,16.7569,1238,7388
F86650,16.78457,1210,7209
F86652,9.65879,552,5715
F86657,11.54351,792,6861
F86658,9.46026,482,5095
F86664,15.00362,1036,6905
F86666,21.43024,2754,12851
F86679,14.93681,780,5222
F86689,8.86263,300,3385
F86691,11.64754,1076,9238
F86692,9.67195,855,8840
F86696,17.06343,1111,6511
F86698,9.0729,458,5048
F86700,12.30469,378,3072
F86701,18.75189,619,3301
F86702,7.91925,306,3864
F86705,18.22493,538,2952
F86707,9.47194,513,5416
F86708,13.44538,320,2380
F86712,14.51339,428,2949
F86731,10.80192,427,3953
G81001,14.34925,1097,7645
G81002,16.20773,877,5411
G81003,14.74165,2291,15541
G81004,9.91032,873,8809
G81006,21.75391,1280,5884
G81008,11.42973,1407,12310
G81011,23.6924,3959,16710
G81012,13.71841,760,5540
G81014,15.59608,1146,7348
G81016,16.91282,1649,9750
G81017,17.87936,1811,10129
G81018,15.61154,1704,10915
G81019,9.77554,932,9534
G81021,11.13723,2748,24674
G81022,13.12154,1586,12087
G81023,10.14652,741,7303
G81024,8.5305,786,9214
G81028,22.42169,2448,10918
G81029,10.95655,1725,15744
G81030,10.58193,711,6719
G81031,14.81091,2530,17082
G81032,14.12953,3399,24056
G81034,13.84424,3790,27376
G81036,9.33132,741,7941
G81037,11.79755,972,8239
G81038,15.7476,2573,16339
G81039,9.71922,1620,16668
G81040,7.34201,237,3228
G81041,16.06993,1912,11898
G81042,10.81896,1292,11942
G81043,12.53566,791,6310
G81044,16.4105,1057,6441
G81046,16.19116,1572,9709
G81047,21.17975,1368,6459
G81048,17.04727,1284,7532
G81049,14.27085,823,5767
G81050,10.45018,1098,10507
G81051,14.10756,905,6415
G81052,8.65777,318,3673
G81054,19.25965,1821,9455
G81055,9.61098,798,8303
G81057,12.33225,680,5514
G81059,14.85045,1420,9562
G81061,19.3889,863,4451
G81065,12.27248,917,7472
G81070,14.89992,3268,21933
G81071,15.69198,2914,18570
G81073,15.35774,1099,7156
G81074,17.06725,2670,15644
G81075,23.37936,1219,5214
G81076,8.35184,940,11255
G81077,14.67629,2217,15106
G81082,11.24685,580,5157
G81083,14.19891,888,6254
G81085,17.97453,607,3377
G81086,10.01977,659,6577
G81087,8.03896,487,6058
G81088,9.34306,1755,18784
G81089,16.655,476,2858
G81095,20.22304,4479,22148
G81096,16.09996,393,2441
G81098,9.63248,1051,10911
G81099,10.08524,840,8329
G81100,13.7147,2244,16362
G81102,10.23353,1376,13446
G81104,14.82396,1621,10935
G81613,24.65127,1078,4373
G81614,7.60146,354,4657
G81634,8.14371,408,5010
G81638,19.26352,4321,22431
G81641,20.60875,650,3154
G81646,10.9368,244,2231
G81656,17.27984,883,5110
G81658,25.05186,3744,14945
G81663,16.14692,699,4329
G81669,26.7027,494,1850
G81689,73.74225,1070,1451
G81694,26.49054,742,2801
G82002,16.29213,1276,7832
G82006,13.81636,1741,12601
G82007,15.71103,896,5703
G82013,6.59035,829,12579
G82014,15.49708,2544,16416
G82015,23.42829,2385,10180
G82016,7.91143,736,9303
G82018,12.13061,587,4839
G82019,12.37188,1364,11025
G82020,18.07091,1896,10492
G82021,14.06363,1945,13830
G82022,13.2837,1017,7656
G82023,23.5084,1316,5598
G82024,11.24115,2382,21190
G82025,12.41392,2037,16409
G82026,11.83815,787,6648
G82027,15.00791,1802,12007
G82028,14.15733,2867,20251
G82031,11.25162,1041,9252
G82032,15.22364,1906,12520
G82035,14.95041,1221,8167
G82036,13.83573,1388,10032
G82037,9.53714,1329,13935
G82038,15.16038,1347,8885
G82039,12.59818,2053,16296
G82041,13.16008,1585,12044
G82042,13.48545,1974,14638
G82044,16.9591,2948,17383
G82046,20.59524,1038,5040
G82048,15.84321,1257,7934
G82050,16.65413,3322,19947
G82051,14.64201,1544,10545
G82052,22.09831,3111,14078
G82053,8.97593,440,4902
G82055,11.34752,944,8319
G82056,11.52259,1089,9451
G82057,23.37161,2117,9058
G82058,13.68332,808,5905
G82059,9.76639,1505,15410
G82060,17.28312,3070,17763
G82062,14.48556,321,2216
G82063,10.73171,1232,11480
G82064,20.37375,1897,9311
G82066,19.50365,2059,10557
G82067,14.8004,1179,7966
G82069,13.6929,1376,10049
G82071,11.83265,4559,38529
G82073,7.90326,683,8642
G82074,6.42567,855,13306
G82076,14.5568,1166,8010
G82077,14.07553,1435,10195
G82079,11.86518,1042,8782
G82080,15.56062,4645,29851
G82082,16.9653,2386,14064
G82083,14.27161,1735,12157
G82085,16.60263,1642,9890
G82086,20.51312,1743,8497
G82087,13.10632,1986,15153
G82089,15.65173,1226,7833
G82090,15.32715,2380,15528
G82091,23.45502,1966,8382
G82092,11.21562,787,7017
G82093,11.67917,996,8528
G82094,11.1181,1060,9534
G82095,12.96957,1381,10648
G82097,9.31597,1223,13128
G82098,10.77784,751,6968
G82099,16.63395,4491,26999
G82100,10.78408,1363,12639
G82105,21.24658,3344,15739
G82106,11.49169,671,5839
G82107,10.3505,818,7903
G82108,15.66768,826,5272
G82110,6.43206,382,5939
G82111,11.41404,1122,9830
G82113,16.9037,1141,6750
G82114,10.89787,1465,13443
G82115,12.3465,1116,9039
G82117,15.96968,1222,7652
G82118,12.36895,1404,11351
G82119,14.24358,2946,20683
G82120,7.80938,1016,13010
G82121,12.48959,1350,10809
G82122,14.5056,4090,28196
G82125,9.3595,887,9477
G82126,15.66007,2051,13097
G82129,14.13276,594,4203
G82135,9.10798,1552,17040
G82137,11.03422,877,7948
G82138,11.15764,453,4060
G82139,14.05938,985,7006
G82140,9.21525,1233,13380
G82141,13.59174,803,5908
G82142,8.96061,794,8861
G82143,14.46994,864,5971
G82147,14.18189,722,5091
G82150,24.3513,1342,5511
G82152,11.87354,661,5567
G82154,8.26155,422,5108
G82155,9.70713,527,5429
G82158,8.90181,398,4471
G82160,10.41608,1114,10695
G82161,13.75682,3582,26038
G82162,10.14557,460,4534
G82164,14.65851,1629,11113
G82165,10.82251,925,8547
G82170,8.448,264,3125
G82180,10.26087,413,4025
G82184,17.34007,206,1188
G82185,9.5905,719,7497
G82186,11.07477,745,6727
G82200,10.09164,892,8839
G82203,18.43746,1567,8499
G82205,11.88832,809,6805
G82211,16.63727,1132,6804
G82212,13.02462,841,6457
G82215,12.39656,779,6284
G82217,20.19041,615,3046
G82218,10.78119,1151,10676
G82219,9.46388,376,3973
G82224,10.06631,334,3318
G82226,8.08219,354,4380
G82227,7.3089,371,5076
G82228,10.05377,2094,20828
G82229,11.57995,730,6304
G82231,13.22564,786,5943
G82232,18.44409,1496,8111
G82233,16.63138,1257,7558
G82234,12.46819,588,4716
G82235,11.39161,546,4793
G82600,10.78125,207,1920
G82604,15.46384,1937,12526
G82631,20.65713,1314,6361
G82634,15.83957,1481,9350
G82635,6.83531,127,1858
G82641,19.08367,983,5151
G82647,13.43416,2274,16927
G82648,9.56151,314,3284
G82650,10.78627,867,8038
G82652,10.75019,278,2586
G82658,10.5642,455,4307
G82665,13.40206,650,4850
G82666,14.23377,1605,11276
G82679,16.60429,976,5878
G82681,11.02695,626,5677
G82682,21.92982,1250,5700
G82684,6.78354,267,3936
G82687,22.28019,1751,7859
G82691,10.7015,299,2794
G82693,14.21715,2044,14377
G82696,13.75752,320,2326
G82697,19.58725,1585,8092
G82698,17.71273,587,3314
G82700,19.85807,1707,8596
G82702,17.91021,1145,6393
G82708,19.80082,676,3414
G82711,13.74394,482,3507
G82719,15.38577,2044,13285
G82721,9.39033,268,2854
G82729,19.93958,1650,8275
G82730,8.29851,854,10291
G82733,7.14286,244,3416
G82737,12.33795,1123,9102
G82741,16.47395,3861,23437
G82744,16.4184,4982,30344
G82753,21.01328,1377,6553
G82754,13.16313,397,3016
G82763,17.77597,438,2464
G82768,10.58523,662,6254
G82780,18.48752,2430,13144
G82790,10.91289,575,5269
G82796,13.00992,826,6349
G82799,15.99417,1867,11673
G82802,14.41362,982,6813
G82808,17.38577,1366,7857
G82809,8.75431,1194,13639
G82888,6.68422,330,4937
G83001,10.65203,1106,10383
G83002,11.70854,932,7960
G83004,9.80668,1116,11380
G83006,9.80273,1292,13180
G83009,10.25587,982,9575
G83010,16.02767,1923,11998
G83012,13.93089,1806,12964
G83013,14.25573,951,6671
G83015,16.64851,1070,6427
G83016,12.32141,1216,9869
G83018,14.61187,2272,15549
G83019,16.19789,2102,12977
G83021,11.1068,1717,15459
G83024,11.50844,457,3971
G83025,12.27743,1186,9660
G83026,15.65581,1048,6694
G83027,15.26332,2507,16425
G83028,14.44609,1660,11491
G83029,6.87257,425,6184
G83030,16.45689,876,5323
G83031,16.66942,1010,6059
G83033,8.1472,383,4701
G83039,16.86585,1383,8200
G83044,15.99885,1665,10407
G83046,10.58271,563,5320
G83047,9.26159,809,8735
G83049,8.98698,904,10059
G83052,13.03485,1904,14607
G83053,12.55013,2128,16956
G83057,8.73304,843,9653
G83058,11.0474,1079,9767
G83060,16.3186,1008,6177
G83062,15.19368,1365,8984
G83065,11.72502,1564,13339
G83066,11.32927,1933,17062
G83067,15.78171,4170,26423
G83628,11.93637,998,8361
G83630,15.24537,1516,9944
G83631,14.04399,581,4137
G83633,11.26731,545,4837
G83635,12.34076,465,3768
G83641,10.24096,306,2988
G83642,14.66276,1200,8184
G83647,13.99757,923,6594
G83651,14.65817,759,5178
G83654,14.91919,720,4826
G83673,17.73607,926,5221
G83680,13.60301,2892,21260
G84001,9.44484,1065,11276
G84002,9.89916,1070,10809
G84003,17.93731,1734,9667
G84004,11.92915,990,8299
G84005,17.66216,757,4286
G84006,7.11222,597,8394
G84007,13.92405,946,6794
G84008,9.74648,519,5325
G84009,8.2416,292,3543
G84010,8.89567,1777,19976
G84011,9.84087,705,7164
G84013,18.55908,644,3470
G84015,6.368,597,9375
G84016,10.51986,1200,11407
G84017,8.04781,606,7530
G84018,8.39182,562,6697
G84019,17.24252,1557,9030
G84020,8.45593,661,7817
G84023,11.03011,923,8368
G84024,12.13379,965,7953
G84025,17.60157,1343,7630
G84027,10.11859,1715,16949
G84028,11.37606,687,6039
G84029,17.04276,574,3368
G84030,6.21118,350,5635
G84032,8.58771,1010,11761
G84033,7.64513,536,7011
G84035,6.53163,445,6813
G84039,12.25219,377,3077
G84040,8.6982,743,8542
G84041,13.76446,464,3371
G84604,9.86282,683,6925
G84607,10.02356,468,4669
G84609,10.05642,303,3013
G84621,9.48351,325,3427
G84624,13.1441,301,2290
G84625,16.7535,1029,6142
G84627,8.60395,514,5974
G84629,9.08922,490,5391
G84630,15.17894,369,2431
G85001,12.43138,1087,8744
G85002,13.85675,2838,20481
G85004,16.1636,4782,29585
G85006,10.752,845,7859
G85011,12.24631,2305,18822
G85013,16.24462,1283,7898
G85014,12.77839,1268,9923
G85015,15.92168,1293,8121
G85016,14.7463,1953,13244
G85019,12.36203,392,3171
G85020,13.42479,1967,14652
G85021,19.23539,800,4159
G85022,14.90519,2028,13606
G85023,16.0808,2022,12574
G85024,15.94913,2019,12659
G85025,17.35794,2013,11597
G85026,15.52223,590,3801
G85028,18.12348,2090,11532
G85029,10.69854,1674,15647
G85030,12.55076,680,5418
G85031,14.03804,834,5941
G85032,14.00947,1391,9929
G85034,15.12545,9935,65684
G85038,16.02007,7057,44051
G85039,14.0184,2225,15872
G85040,16.85067,2091,12409
G85041,15.27299,1063,6960
G85042,14.36567,847,5896
G85044,14.64366,713,4869
G85045,16.83934,1219,7239
G85046,11.18922,1162,10385
G85047,16.17493,1546,9558
G85051,6.88735,516,7492
G85052,12.6602,1136,8973
G85053,14.00376,2980,21280
G85054,15.07001,1087,7213
G85057,14.89804,1578,10592
G85061,13.15789,1050,7980
G85073,16.14817,1116,6911
G85076,15.99906,1362,8513
G85083,10.66047,1238,11613
G85084,14.00519,1997,14259
G85085,15.58148,1790,11488
G85086,19.0634,1783,9353
G85087,15.1534,2193,14472
G85091,11.21134,609,5432
G85096,14.05486,1322,9406
G85100,15.36299,1257,8182
G85102,15.67088,1377,8787
G85104,17.21008,1441,8373
G85105,14.89591,830,5572
G85109,11.63512,2213,19020
G85114,14.21362,1521,10701
G85119,15.92723,858,5387
G85120,16.34255,916,5605
G85121,16.73584,1371,8192
G85123,13.68813,1286,9395
G85125,16.88239,900,5331
G85127,15.75768,913,5794
G85129,20.62214,1306,6333
G85130,13.95373,1333,9553
G85132,11.86349,1540,12981
G85134,12.44785,925,7431
G85135,16.84211,1712,10165
G85136,10.765,1486,13804
G85137,13.81727,1045,7563
G85138,15.43624,2093,13559
G85623,15.24524,1464,9603
G85632,15.06054,1219,8094
G85633,16.34266,2833,17335
G85642,11.04464,997,9027
G85644,9.74982,530,5436
G85647,14.01557,882,6293
G85651,12.85496,756,5881
G85662,16.27873,1105,6788
G85673,16.08438,976,6068
G85674,9.78568,589,6019
G85681,16.47914,703,4266
G85685,16.49605,1273,7717
G85690,17.54978,1093,6228
G85695,15.24187,961,6305
G85696,12.97817,1754,13515
G85698,18.47936,2569,13902
G85705,8.84186,610,6899
G85706,8.47526,423,4991
G85708,12.57914,1212,9635
G85711,16.0561,1740,10837
G85715,12.06009,1148,9519
G85716,16.88544,849,5028
G85721,14.8558,886,5964
G85722,15.17444,1344,8857
G85724,16.25856,2895,17806
G85726,15.14321,994,6564
G85727,12.82005,706,5507
G85736,12.8226,472,3681
H81002,11.71821,845,7211
H81003,12.39695,1970,15891
H81004,10.46306,1123,10733
H81005,12.90617,707,5478
H81006,7.68496,563,7326
H81009,11.43415,1522,13311
H81010,11.32,2547,22500
H81011,8.61723,602,6986
H81013,10.30308,2434,23624
H81015,8.75186,765,8741
H81016,6.89007,623,9042
H81017,8.85438,1494,16873
H81019,10.24176,1165,11375
H81020,6.46629,682,10547
H81021,8.36038,1159,13863
H81022,8.5832,375,4369
H81023,12.16202,1147,9431
H81024,10.55844,1159,10977
H81025,9.43144,919,9744
H81026,9.56784,921,9626
H81027,9.698,1307,13477
H81028,12.25465,1205,9833
H81029,13.37178,1507,11270
H81030,11.74027,2770,23594
H81031,8.89848,866,9732
H81032,8.76724,1278,14577
H81033,13.59637,2488,18299
H81034,9.19201,686,7463
H81035,8.26336,807,9766
H81036,10.48368,893,8518
H81038,8.86116,277,3126
H81039,11.10095,607,5468
H81040,9.96755,768,7705
H81041,13.16527,1175,8925
H81042,15.04532,2108,14011
H81043,7.31597,646,8830
H81044,8.04931,333,4137
H81045,10.58448,929,8777
H81046,11.49057,646,5622
H81047,11.79689,1229,10418
H81048,9.94978,852,8563
H81050,9.47095,947,9999
H81051,9.22587,1100,11923
H81052,9.06042,1378,15209
H81053,8.54002,637,7459
H81055,10.56385,800,7573
H81056,9.00374,1277,14183
H81057,13.83969,922,6662
H81058,10.31803,863,8364
H81061,10.61118,1382,13024
H81062,8.58892,1361,15846
H81064,10.01448,1176,11743
H81065,9.94876,796,8001
H81066,10.4933,1355,12913
H81067,8.13085,947,11647
H81068,10.32197,1090,10560
H81069,10.28493,1942,18882
H81070,9.01527,921,10216
H81071,9.82063,876,8920
H81072,11.03347,1279,11592
H81073,6.91909,1429,20653
H81074,5.86937,319,5435
H81075,11.79878,1161,9840
H81076,7.33364,788,10745
H81077,6.90995,498,7207
H81078,10.7325,1515,14116
H81080,8.07495,724,8966
H81081,12.62279,1028,8144
H81082,12.58238,1050,8345
H81084,4.76348,432,9069
H81085,5.88419,564,9585
H81086,7.4994,314,4187
H81087,17.64235,2203,12487
H81088,9.42408,1152,12224
H81089,8.15498,1467,17989
H81090,12.56239,1787,14225
H81091,8.38426,974,11617
H81094,11.76335,1020,8671
H81095,13.26564,405,3053
H81099,6.84295,766,11194
H81103,6.52017,451,6917
H81104,14.0968,1034,7335
H81107,4.97772,324,6509
H81109,6.88748,445,6461
H81110,5.86692,313,5335
H81111,6.96629,341,4895
H81113,11.84639,836,7057
H81116,9.65989,480,4969
H81119,11.90974,2106,17683
H81122,12.53307,900,7181
H81123,12.76756,340,2663
H81126,8.8548,583,6584
H81128,8.59251,594,6913
H81129,7.69027,290,3771
H81130,6.65547,872,13102
H81131,11.18663,395,3531
H81133,9.7189,2562,26361
H81134,11.45052,1282,11196
H81615,7.13443,847,11872
H81618,13.40247,685,5111
H81632,9.50846,236,2482
H81638,12.51423,3958,31628
H81641,11.45251,369,3222
H81642,11.64943,428,3674
H81643,12.17176,394,3237
H81644,10.47256,769,7343
H81656,8.33472,502,6023
H81658,7.82828,403,5148
H81663,12.71754,380,2988
H81672,7.086,365,5151
H82003,9.99211,887,8877
H82004,9.40934,411,4368
H82005,9.34616,952,10186
H82006,10.76894,563,5228
H82007,10.22226,1159,11338
H82009,11.60637,1617,13932
H82011,14.16377,1875,13238
H82012,15.19624,1843,12128
H82013,9.09091,1062,11682
H82014,10.57428,1230,11632
H82016,20.46868,2271,11095
H82017,9.91476,1675,16894
H82020,29.72212,2535,8529
H82021,8.66155,497,5738
H82022,8.6139,875,10158
H82023,12.27459,3737,30445
H82025,14.56771,2059,14134
H82026,12.47931,1960,15706
H82027,8.56305,292,3410
H82028,9.84866,1256,12753
H82030,9.24974,1080,11676
H82031,8.44056,492,5829
H82032,11.40037,1305,11447
H82033,16.46249,981,5959
H82034,9.47903,2278,24032
H82035,6.61572,606,9160
H82036,10.12104,786,7766
H82037,15.44535,1741,11272
H82038,9.82472,1121,11410
H82039,16.17162,1519,9393
H82040,10.68517,2648,24782
H82041,15.95331,1886,11822
H82042,14.4038,1760,12219
H82043,9.53967,945,9906
H82044,8.48033,774,9127
H82045,17.62821,3190,18096
H82046,12.64025,1273,10071
H82047,13.53223,1329,9821
H82048,11.29201,1186,10503
H82049,11.07088,1009,9114
H82050,17.53512,1548,8828
H82051,9.26712,1004,10834
H82052,9.76793,1389,14220
H82053,10.6264,665,6258
H82055,12.5917,1459,11587
H82056,9.09856,1081,11881
H82057,7.33521,1332,18159
H82058,18.13999,2760,15215
H82059,9.40708,944,10035
H82060,9.96344,872,8752
H82061,15.85937,1254,7907
H82063,9.85166,1388,14089
H82064,17.53735,1655,9437
H82065,13.45728,1701,12640
H82066,21.41598,2916,13616
H82067,13.19078,876,6641
H82070,8.656,1006,11622
H82072,8.63258,964,11167
H82076,7.81517,274,3506
H82077,10.4413,1157,11081
H82078,10.17303,876,8611
H82084,10.40621,684,6573
H82087,6.67408,240,3596
H82088,18.07206,958,5301
H82089,10.93058,1036,9478
H82091,13.619,998,7328
H82092,9.09687,833,9157
H82095,10.64275,967,9086
H82096,16.03893,758,4726
H82098,18.35828,1570,8552
H82099,13.49151,961,7123
H82100,9.27385,659,7106
H82615,9.60949,753,7836
H82640,8.11615,1118,13775
H83001,16.16074,2039,12617
H83004,10.37242,1011,9747
H83005,13.22532,1657,12529
H83006,18.81125,1766,9388
H83007,14.34672,1243,8664
H83008,15.06849,495,3285
H83009,14.39788,1302,9043
H83010,12.93768,739,5712
H83011,16.73426,1114,6657
H83012,18.52417,1456,7860
H83013,9.61564,1471,15298
H83014,8.29687,493,5942
H83015,12.61949,1439,11403
H83016,12.0156,2372,19741
H83017,14.65745,1718,11721
H83018,8.70268,1292,14846
H83019,12.9621,831,6411
H83020,14.3942,1232,8559
H83021,9.8916,511,5166
H83022,16.5677,837,5052
H83023,15.41787,856,5552
H83024,9.51695,1387,14574
H83028,15.75795,1289,8180
H83029,8.94812,376,4202
H83030,14.8051,395,2668
H83031,15.97044,497,3112
H83033,15.02181,551,3668
H83034,15.75819,928,5889
H83037,10.98549,719,6545
H83039,12.44813,870,6989
H83042,13.5146,1009,7466
H83043,9.71268,622,6404
H83044,14.09336,2983,21166
H83049,20.98194,453,2159
H83051,10.5955,1749,16507
H83052,9.82293,233,2372
H83053,15.82398,2003,12658
H83608,12.29708,1159,9425
H83609,12.6506,525,4150
H83611,15.78374,724,4587
H83624,15.29733,1119,7315
H83627,12.62048,838,6640
H83631,14.60515,1339,9168
H84002,7.12189,752,10559
H84005,8.71477,1070,12278
H84006,8.69476,1267,14572
H84007,10.00597,670,6696
H84010,9.76834,759,7770
H84012,8.20046,1008,12292
H84014,8.81681,193,2189
H84015,10.28426,767,7458
H84016,9.3787,1345,14341
H84017,10.34067,1114,10773
H84018,9.44909,542,5736
H84020,14.52292,3035,20898
H84023,8.33258,918,11017
H84025,14.86235,880,5921
H84027,14.56452,2194,15064
H84030,9.54574,1057,11073
H84031,9.75255,469,4809
H84032,10.12837,789,7790
H84033,7.39123,406,5493
H84034,12.05479,880,7300
H84039,9.45864,933,9864
H84040,11.19005,1071,9571
H84041,5.79588,343,5918
H84042,12.17689,1385,11374
H84044,13.44214,906,6740
H84048,5.89324,414,7025
H84050,13.12561,813,6194
H84051,13.11108,818,6239
H84053,11.47433,523,4558
H84054,15.91125,502,3155
H84055,9.3485,904,9670
H84057,12.56102,386,3073
H84059,7.64019,327,4280
H84060,8.16847,512,6268
H84061,9.97963,2254,22586
H84062,9.69199,708,7305
H84618,10.17025,454,4464
H84619,10.7049,978,9136
H84623,10.66171,775,7269
H84625,11.66271,491,4210
H84630,11.62634,346,2976
H84635,10.14346,1301,12826
H84639,8.71855,447,5127
H85001,11.97587,2065,17243
H85002,14.38991,1460,10146
H85003,17.67181,1134,6417
H85006,19.49153,1104,5664
H85007,8.84183,810,9161
H85008,16.38909,925,5644
H85009,12.53111,1561,12457
H85011,12.24466,1067,8714
H85012,10.62669,2357,22180
H85018,10.40163,764,7345
H85020,9.37064,2555,27266
H85021,18.10197,948,5237
H85022,11.17304,421,3768
H85023,17.1132,709,4143
H85024,16.75283,1199,7157
H85025,12.13386,1628,13417
H85026,7.04214,864,12269
H85027,6.24625,729,11671
H85028,9.27733,846,9119
H85029,13.65233,1749,12811
H85030,11.39073,1290,11325
H85031,11.4519,1150,10042
H85033,16.05725,1335,8314
H85037,15.68517,1947,12413
H85038,16.77158,1572,9373
H85041,8.94884,1151,12862
H85045,15.14584,1859,12274
H85047,14.87287,1632,10973
H85048,13.51939,1865,13795
H85049,7.22427,431,5966
H85051,8.55259,1297,15165
H85052,16.54658,643,3886
H85053,12.52494,565,4511
H85055,9.4164,597,6340
H85057,6.54332,435,6648
H85061,9.24892,1889,20424
H85063,8.75961,923,10537
H85065,17.00332,665,3911
H85066,8.60649,1515,17603
H85067,20.18385,505,2502
H85069,11.26865,1526,13542
H85070,9.98287,816,8174
H85075,10.99671,534,4856
H85076,11.89657,1003,8431
H85077,10.60771,583,5496
H85078,14.12639,532,3766
H85082,13.91714,561,4031
H85087,9.69995,889,9165
H85088,16.80144,374,2226
H85090,14.80477,1365,9220
H85092,11.71813,592,5052
H85095,12.35452,1518,12287
H85100,13.81413,929,6725
H85101,9.78605,741,7572
H85103,12.87265,747,5803
H85105,7.74387,878,11338
H85110,15.83261,734,4636
H85111,14.52371,1822,12545
H85112,7.27309,367,5046
H85113,8.60074,327,3802
H85114,6.45403,688,10660
H85115,10.1422,1077,10619
H85116,15.47174,1530,9889
H85618,11.24672,857,7620
H85634,16.33277,1068,6539
H85637,10.64022,118,1109
H85649,15.99959,1555,9719
H85653,10.21482,1650,16153
H85656,10.20161,506,4960
H85659,9.55266,946,9903
H85662,8.54315,397,4647
H85664,8.17334,149,1823
H85680,13.91141,1184,8511
H85682,14.20955,1306,9191
H85683,17.06099,649,3804
H85686,7.77089,715,9201
H85693,16.76785,1381,8236
J81002,7.12641,557,7816
J81006,15.36022,5134,33424
J81009,17.19619,1824,10607
J81010,12.67694,1218,9608
J81011,10.87784,772,7097
J81012,14.61432,7319,50081
J81013,15.40409,1582,10270
J81014,10.53304,1978,18779
J81016,7.96996,605,7591
J81017,8.19672,330,4026
J81018,14.2406,1443,10133
J81019,11.62628,2332,20058
J81020,10.63123,352,3311
J81021,21.64127,5000,23104
J81022,9.15421,447,4883
J81025,13.08001,685,5237
J81027,14.09393,3328,23613
J81028,7.79633,1055,13532
J81029,9.25164,450,4864
J81030,8.24546,563,6828
J81033,16.15803,3685,22806
J81034,8.80467,1373,15594
J81035,10.21077,436,4270
J81036,16.47519,1305,7921
J81039,12.31533,1017,8258
J81041,7.65286,1358,17745
J81042,13.42357,1081,8053
J81045,22.63246,2029,8965
J81046,8.72698,981,11241
J81047,11.56175,1203,10405
J81049,10.88042,959,8814
J81051,14.91525,1672,11210
J81053,8.38762,309,3684
J81056,13.72289,1968,14341
J81057,13.58215,706,5198
J81058,11.33392,1283,11320
J81059,11.79005,903,7659
J81061,7.34455,502,6835
J81062,13.04996,1225,9387
J81064,13.44334,611,4545
J81066,9.76033,900,9221
J81067,6.86236,353,5144
J81068,12.25143,727,5934
J81070,16.8921,1636,9685
J81072,18.77646,2839,15120
J81073,16.18622,2392,14778
J81074,9.15134,413,4513
J81075,11.55721,806,6974
J81076,12.90188,2773,21493
J81077,8.08737,548,6776
J81078,9.80551,1089,11106
J81081,11.84508,1361,11490
J81082,9.43396,660,6996
J81083,8.08287,277,3427
J81086,12.54584,821,6544
J81087,13.66659,1192,8722
J81609,9.06866,778,8579
J81612,9.12006,256,2807
J81616,8.8017,332,3772
J81620,12.93914,2987,23085
J81621,11.47338,834,7269
J81625,15.67533,1937,12357
J81626,13.24978,592,4468
J81631,10.0863,187,1854
J81633,16.50417,931,5641
J81634,27.874,3460,12413
J81646,11.17468,625,5593
J81647,9.55374,760,7955
J81648,13.54189,645,4763
J82001,18.88796,1583,8381
J82002,16.30681,1941,11903
J82005,7.42942,300,4038
J82007,11.31028,3382,29902
J82009,8.48421,1120,13201
J82010,15.09458,2394,15860
J82012,10.53717,1022,9699
J82015,12.9186,1030,7973
J82016,8.69395,665,7649
J82017,11.76471,1340,11390
J82018,9.47704,1486,15680
J82019,7.63628,975,12768
J82020,15.15478,1831,12082
J82021,11.63093,895,7695
J82022,16.88679,1611,9540
J82024,18.14207,3361,18526
J82025,11.06837,1410,12739
J82026,11.97797,1718,14343
J82028,14.21048,3400,23926
J82033,11.17101,891,7976
J82034,9.45494,1131,11962
J82035,13.75255,1953,14201
J82036,10.34337,244,2359
J82039,11.56682,1114,9631
J82040,18.27518,2598,14216
J82042,13.14674,1799,13684
J82049,10.01947,2522,25171
J82050,7.0519,1462,20732
J82051,12.48303,1931,15469
J82053,16.08232,1477,9184
J82054,8.21406,660,8035
J82055,13.51489,1330,9841
J82056,14.3577,2707,18854
J82058,13.30682,2175,16345
J82059,7.41717,450,6067
J82060,19.82294,2172,10957
J82061,8.18915,904,11039
J82062,20.11687,2582,12835
J82064,8.87124,1039,11712
J82066,15.06027,2761,18333
J82067,11.49376,1879,16348
J82069,14.27026,6199,43440
J82071,14.27128,1554,10889
J82072,10.15092,982,9674
J82073,14.09273,1158,8217
J82074,9.0468,1212,13397
J82075,10.01461,617,6161
J82076,16.75523,3090,18442
J82079,8.23655,539,6544
J82080,5.05585,1874,37066
J82081,17.49075,4206,24047
J82082,16.05853,1668,10387
J82083,16.49538,6741,40866
J82084,14.94344,753,5039
J82085,20.71992,6326,30531
J82087,18.26548,1171,6411
J82088,18.0571,2106,11663
J82089,8.54866,1330,15558
J82092,15.0417,1046,6954
J82094,11.33105,1889,16671
J82098,10.92908,3469,31741
J82099,7.38829,916,12398
J82101,16.90915,2801,16565
J82102,10.03043,2011,20049
J82103,15.27361,1630,10672
J82104,6.56606,731,11133
J82106,7.84742,467,5951
J82110,8.38585,1996,23802
J82112,11.07336,2216,20012
J82115,19.02219,926,4868
J82116,7.34245,628,8553
J82119,8.49717,765,9003
J82120,9.52885,811,8511
J82121,8.44483,688,8147
J82122,20.32546,1936,9525
J82124,8.42009,736,8741
J82125,13.76309,933,6779
J82126,10.57814,419,3961
J82128,15.70008,1137,7242
J82129,8.59107,575,6693
J82130,8.42718,1736,20600
J82131,9.58439,1017,10611
J82132,11.30748,1318,11656
J82134,14.9043,3177,21316
J82136,10.0318,978,9749
J82138,8.1013,1222,15084
J82139,9.33861,1299,13910
J82142,14.60168,1393,9540
J82143,6.04638,850,14058
J82144,14.4684,3349,23147
J82145,9.73943,1454,14929
J82146,7.79014,392,5032
J82147,7.83844,524,6685
J82149,16.46055,2276,13827
J82150,7.53094,779,10344
J82151,6.23283,295,4733
J82152,16.07367,1152,7167
J82154,9.86846,2986,30258
J82155,20.68664,10647,51468
J82156,11.55684,798,6905
J82157,11.7522,1713,14576
J82161,9.70819,865,8910
J82163,10.51744,1496,14224
J82169,13.88929,966,6955
J82174,7.6269,906,11879
J82178,15.066,1575,10454
J82181,17.20139,1335,7761
J82184,15.84958,569,3590
J82194,15.35655,1768,11513
J82196,20.63467,2627,12731
J82198,12.48457,607,4862
J82199,13.85642,2513,18136
J82201,9.6362,641,6652
J82207,14.34426,1435,10004
J82208,16.21668,955,5889
J82210,12.28343,1028,8369
J82213,19.27687,981,5089
J82214,10.27139,844,8217
J82215,8.74823,991,11328
J82216,7.85266,889,11321
J82218,9.24192,1313,14207
J82605,15.24276,653,4284
J82622,14.04799,5386,38340
J82625,7.93027,323,4073
J82628,6.38958,309,4836
J82630,13.27106,682,5139
J82639,8.91334,1442,16178
J82640,10.21948,596,5832
J82646,20.09883,2725,13558
J82669,18.31914,1334,7282
J83001,11.30645,1312,11604
J83002,12.9262,5137,39741
J83003,10.2288,1140,11145
J83004,6.96666,466,6689
J83005,14.40846,1308,9078
J83006,10.75049,997,9274
J83007,13.14525,1724,13115
J83008,14.62326,2358,16125
J83009,9.56445,1199,12536
J83010,11.07815,1083,9776
J83011,15.02975,1844,12269
J83013,7.69582,505,6562
J83014,14.27474,1858,13016
J83016,15.80028,4234,26797
J83018,13.69162,2140,15630
J83019,11.11523,1199,10787
J83021,13.11956,2639,20115
J83022,9.44135,747,7912
J83023,11.28312,809,7170
J83024,18.51034,1342,7250
J83026,11.80145,2418,20489
J83027,16.48105,1687,10236
J83029,11.41607,861,7542
J83030,8.61168,1418,16466
J83033,12.65022,2221,17557
J83034,13.25701,799,6027
J83035,14.72795,1727,11726
J83036,12.89689,1117,8661
J83037,10.38654,1537,14798
J83038,15.67692,3680,23474
J83039,12.50646,1451,11602
J83040,14.75441,3058,20726
J83041,8.15065,1160,14232
J83042,10.65782,1766,16570
J83043,10.47147,613,5854
J83045,7.85143,687,8750
J83046,12.11124,1546,12765
J83047,12.78413,883,6907
J83048,12.47591,712,5707
J83049,15.10239,1593,10548
J83050,10.94579,1361,12434
J83052,14.16467,1421,10032
J83053,13.15748,843,6407
J83055,9.9905,841,8418
J83056,9.61659,459,4773
J83057,12.13166,2005,16527
J83058,11.67705,431,3691
J83059,8.44525,654,7744
J83060,11.75666,516,4389
J83064,12.21359,1210,9907
J83601,8.43072,303,3594
J83603,6.94014,291,4193
J83609,9.16293,266,2903
J83615,10.70123,322,3009
J83618,7.81461,231,2956
J83619,8.11473,232,2859
J83625,9.46605,679,7173
J83629,8.62573,177,2052
J83630,10.36016,233,2249
J83633,13.23088,1145,8654
J83645,16.11018,579,3594
J83646,16.14713,1036,6416
J84003,18.19425,1330,7310
J84004,15.21104,1146,7534
J84005,16.06171,1239,7714
J84007,10.27548,608,5917
J84008,15.75913,738,4683
J84011,14.78206,3059,20694
J84012,17.63997,2196,12449
J84013,15.99197,3824,23912
J84015,12.33655,1651,13383
J84016,8.8739,513,5781
J84017,13.51928,1013,7493
J84019,13.16655,1321,10033
K81001,12.83725,1632,12713
K81002,14.12447,1802,12758
K81003,10.39013,1305,12560
K81004,12.2203,1480,12111
K81007,15.80665,775,4903
K81010,8.4646,532,6285
K81012,6.57792,672,10216
K81014,9.46167,1617,17090
K81015,11.97522,348,2906
K81017,10.45395,1285,12292
K81018,7.91633,685,8653
K81019,15.65236,715,4568
K81020,11.5887,1863,16076
K81021,12.2346,1043,8525
K81022,9.41093,2243,23834
K81024,13.08878,2462,18810
K81025,5.55696,880,15836
K81026,12.77552,881,6896
K81027,8.4787,802,9459
K81028,5.73604,452,7880
K81030,11.65228,3981,34165
K81034,13.2717,1292,9735
K81036,12.84756,1303,10142
K81040,16.14936,2742,16979
K81041,9.39611,918,9770
K81042,8.0853,546,6753
K81043,16.63923,2426,14580
K81045,10.89766,1543,14159
K81046,10.30782,730,7082
K81047,7.50078,1922,25624
K81048,16.12111,1182,7332
K81050,8.82801,812,9198
K81051,12.04928,1340,11121
K81052,15.06874,822,5455
K81055,7.87739,514,6525
K81056,11.68526,597,5109
K81057,12.40323,769,6200
K81060,7.80417,805,10315
K81062,15.4036,3557,23092
K81063,13.2485,2478,18704
K81066,10.24284,987,9636
K81068,10.85222,857,7897
K81069,9.0613,1113,12283
K81070,7.6157,780,10242
K81073,13.58611,2089,15376
K81074,7.93573,1136,14315
K81075,15.10854,4656,30817
K81076,7.00399,562,8024
K81077,13.58106,1239,9123
K81078,13.91721,1597,11475
K81080,6.37584,513,8046
K81081,12.54845,259,2064
K81082,11.58621,1008,8700
K81083,11.64475,1656,14221
K81084,7.64734,484,6329
K81085,6.7685,545,8052
K81086,9.19238,873,9497
K81087,15.42724,863,5594
K81092,6.7527,832,12321
K81094,15.53945,579,3726
K81097,10.81751,524,4844
K81100,12.64268,731,5782
K81102,10.89379,919,8436
K81103,7.35728,549,7462
K81605,8.7058,2425,27855
K81607,10.40724,276,2652
K81608,9.99756,409,4091
K81610,12.88793,3343,25939
K81616,7.10538,325,4574
K81630,12.34259,1431,11594
K81633,15.70605,1417,9022
K81636,13.54731,975,7197
K81644,12.19216,1609,13197
K81645,14.35854,845,5885
K81651,12.88473,1775,13776
K81655,9.2428,520,5626
K81656,14.9195,834,5590
K81657,13.24163,645,4871
K82001,6.84406,607,8869
K82003,18.4245,2388,12961
K82004,8.10046,945,11666
K82006,11.70253,919,7853
K82007,9.4186,2464,26161
K82008,6.21366,545,8771
K82009,10.68635,3634,34006
K82010,13.25522,1086,8193
K82011,7.71594,628,8139
K82012,8.93188,531,5945
K82013,13.87479,1640,11820
K82014,10.66374,535,5017
K82015,14.87379,1261,8478
K82016,11.07143,2728,24640
K82017,12.37326,1440,11638
K82019,15.63206,2075,13274
K82020,16.00743,862,5385
K82021,8.70439,1126,12936
K82022,13.91703,1154,8292
K82023,9.32343,2147,23028
K82024,12.02574,1084,9014
K82025,11.5525,1076,9314
K82026,16.11468,2788,17301
K82027,19.84597,1005,5064
K82028,8.5519,688,8045
K82029,12.74542,1175,9219
K82030,14.6885,1417,9647
K82031,8.55377,443,5179
K82032,17.06855,1713,10036
K82033,13.08716,2084,15924
K82035,6.51823,202,3099
K82036,14.00172,1303,9306
K82037,11.14434,1267,11369
K82038,13.91304,2656,19090
K82039,17.71797,2337,13190
K82040,14.84911,1668,11233
K82044,12.10894,987,8151
K82045,8.27633,484,5848
K82046,7.0979,1094,15413
K82047,9.18394,1741,18957
K82048,10.9771,628,5721
K82049,6.57489,683,10388
K82051,8.10499,772,9525
K82053,15.8524,1538,9702
K82054,19.74559,1723,8726
K82055,11.92443,1054,8839
K82057,7.97796,608,7621
K82058,14.32399,695,4852
K82059,15.53672,1100,7080
K82061,10.90083,432,3963
K82064,20.77156,1303,6273
K82065,15.52266,2863,18444
K82066,9.73376,1137,11681
K82068,9.80102,463,4724
K82070,8.95657,1485,16580
K82073,8.40736,2281,27131
K82078,7.40784,633,8545
K82079,8.25462,603,7305
K82603,13.74593,1266,9210
K82610,18.2989,1293,7066
K82615,13.19001,1589,12047
K82617,11.96697,797,6660
K82618,8.43373,245,2905
K82621,7.74704,294,3795
K82631,9.13308,1201,13150
K82633,9.80077,1279,13050
K83002,21.17951,8109,38287
K83003,21.1353,1709,8086
K83005,21.357,2515,11776
K83006,14.4683,1166,8059
K83007,14.22505,1608,11304
K83008,10.71511,929,8670
K83009,10.61072,1310,12346
K83010,15.41472,2403,15589
K83011,14.15104,1456,10289
K83012,13.86861,1406,10138
K83013,17.57235,2186,12440
K83014,21.71589,3331,15339
K83015,14.64494,1555,10618
K83017,8.71754,762,8741
K83018,8.74655,919,10507
K83019,10.66071,597,5600
K83020,19.1978,627,3266
K83021,14.06067,2517,17901
K83022,9.55495,906,9482
K83023,7.88451,710,9005
K83024,19.55583,1585,8105
K83025,21.94227,3170,14447
K83026,23.22535,3900,16792
K83027,18.19118,1589,8735
K83028,15.38621,1482,9632
K83029,13.73918,1476,10743
K83030,14.89016,1193,8012
K83031,11.22872,785,6991
K83032,16.82929,3139,18652
K83035,15.0806,870,5769
K83036,15.99627,2231,13947
K83037,12.3893,1427,11518
K83039,15.33909,1581,10307
K83040,20.18902,1773,8782
K83041,12.80213,2447,19114
K83042,18.1477,2273,12525
K83043,17.15802,2101,12245
K83044,13.41678,1522,11344
K83047,15.35438,3438,22391
K83048,18.17634,905,4979
K83049,10.95126,1492,13624
K83050,18.78028,1124,5985
K83051,17.03966,4043,23727
K83052,10.67139,1990,18648
K83053,8.7749,467,5322
K83055,8.03448,522,6497
K83056,19.77819,749,3787
K83059,19.40414,3504,18058
K83064,8.97317,1254,13975
K83065,9.55969,571,5973
K83066,8.33661,1059,12703
K83068,8.79503,481,5469
K83069,14.26863,358,2509
K83070,10.4109,940,9029
K83076,20.03014,1462,7299
K83077,17.46052,1393,7978
K83080,13.00535,608,4675
K83081,20.65217,304,1472
K83601,11.84664,859,7251
K83610,10.04818,855,8509
K83614,18.15691,1259,6934
K83616,12.33393,622,5043
K83618,19.45924,1936,9949
K83620,10.12809,767,7573
K83621,27.49205,3373,12269
K83622,14.26954,1764,12362
K84001,10.03282,917,9140
K84002,13.44786,2137,15891
K84003,9.10476,538,5909
K84004,13.84547,1568,11325
K84006,9.51932,1313,13793
K84007,17.42519,1252,7185
K84008,10.26292,687,6694
K84009,12.00503,2771,23082
K84010,9.49677,736,7750
K84011,7.18746,1174,16334
K84012,8.00529,545,6808
K84013,15.58397,4119,26431
K84014,9.88546,958,9691
K84015,8.02019,286,3566
K84016,7.6387,1666,21810
K84017,11.42139,2045,17905
K84019,13.72505,1822,13275
K84020,7.95333,668,8399
K84021,5.32869,505,9477
K84023,14.49636,757,5222
K84024,16.51894,1230,7446
K84026,8.43193,955,11326
K84027,12.74217,1664,13059
K84028,18.47055,6461,34980
K84030,11.61484,1550,13345
K84031,23.11325,2349,10163
K84032,14.76612,1269,8594
K84033,10.46533,1680,16053
K84034,6.67355,194,2907
K84035,7.86577,736,9357
K84036,7.88873,380,4817
K84037,9.95592,1581,15880
K84038,12.84477,1765,13741
K84041,9.67344,1176,12157
K84042,8.66322,720,8311
K84043,10.65513,1589,14913
K84044,8.76556,1908,21767
K84045,11.24805,721,6410
K84046,8.31758,440,5290
K84047,9.03706,595,6584
K84050,9.18691,1044,11364
K84051,10.37464,1656,15962
K84052,13.4588,2174,16153
K84054,9.63169,1522,15802
K84055,9.01403,906,10051
K84056,8.79515,392,4457
K84058,8.32248,575,6909
K84059,11.94901,1228,10277
K84060,10.74468,606,5640
K84062,15.88726,1257,7912
K84063,15.92155,1656,10401
K84065,7.49822,211,2814
K84071,7.07015,639,9038
K84072,12.49756,1282,10258
K84075,12.40517,1161,9359
K84078,4.90611,533,10864
K84079,7.03094,534,7595
K84080,6.74424,852,12633
K84082,12.84185,1404,10933
K84605,5.5201,346,6268
K84610,9.12766,429,4700
K84613,10.24069,1821,17782
K84618,9.60246,686,7144
K84624,9.90227,841,8493
L81004,8.26496,1249,15112
L81007,16.55035,5573,33673
L81008,18.90049,1774,9386
L81009,16.65161,1475,8858
L81010,16.85393,1125,6675
L81012,24.03593,4201,17478
L81013,15.92704,1755,11019
L81014,7.59079,926,12199
L81015,21.27006,3460,16267
L81016,22.51199,1925,8551
L81017,6.03698,604,10005
L81018,9.13764,711,7781
L81019,10.6146,1601,15083
L81020,11.32569,909,8026
L81021,10.03741,966,9624
L81022,16.71682,2500,14955
L81023,21.09113,2768,13124
L81024,11.64559,1501,12889
L81025,11.84482,1896,16007
L81026,11.70478,2723,23264
L81027,7.47777,555,7422
L81029,7.24638,590,8142
L81030,8.71688,500,5736
L81031,13.58043,1843,13571
L81033,15.45037,1916,12401
L81034,7.21894,2101,29104
L81037,21.18805,4027,19006
L81038,16.79088,1915,11405
L81039,12.34982,2796,22640
L81040,11.57518,1649,14246
L81041,27.38159,1532,5595
L81042,12.04495,1254,10411
L81044,15.1075,1581,10465
L81045,9.40437,1541,16386
L81046,10.95536,719,6563
L81047,11.98168,1491,12444
L81050,10.35135,657,6347
L81051,16.82732,3509,20853
L81053,13.97237,981,7021
L81054,21.95967,2156,9818
L81055,16.99233,1861,10952
L81058,12.57402,998,7937
L81059,11.45339,844,7369
L81061,24.1431,2254,9336
L81062,17.99911,3654,20301
L81063,15.60297,1704,10921
L81065,8.36856,970,11591
L81066,14.75853,1311,8883
L81068,10.8878,1246,11444
L81069,23.78919,1616,6793
L81070,8.90402,680,7637
L81071,10.68874,1375,12864
L81072,6.84885,604,8819
L81073,11.70338,797,6810
L81075,13.7539,4053,29468
L81078,13.90317,2596,18672
L81079,10.73952,1930,17971
L81081,9.41064,1675,17799
L81082,16.34241,1974,12079
L81083,25.8827,1752,6769
L81084,14.59134,1405,9629
L81085,11.11889,635,5711
L81086,10.18983,3940,38666
L81087,17.18432,1859,10818
L81089,18.78663,1827,9725
L81090,12.04929,1858,15420
L81091,10.10375,1529,15133
L81095,22.08004,2571,11644
L81098,17.21179,1705,9906
L81103,10.14571,752,7412
L81106,8.03955,374,4652
L81117,14.16554,522,3685
L81118,12.28733,2080,16928
L81120,16.77219,1298,7739
L81122,8.31583,396,4762
L81123,11.7963,593,5027
L81125,13.1758,1104,8379
L81127,6.83431,337,4931
L81130,12.41335,1343,10819
L81131,5.91209,573,9692
L81132,12.98856,545,4196
L81133,10.0933,1904,18864
L81600,6.13139,588,9590
L81617,5.71862,791,13832
L81632,10.05109,905,9004
L81642,9.30862,447,4802
L81643,13.80791,1961,14202
L81644,10.55819,802,7596
L81649,10.04809,1567,15595
L81669,16.32679,5140,31482
L81670,32.34278,1404,4341
L82001,14.44403,2346,16242
L82003,10.11921,764,7550
L82004,13.05604,904,6924
L82006,12.77572,2450,19177
L82007,13.4768,764,5669
L82008,13.54257,1247,9208
L82010,18.59434,3733,20076
L82011,13.92308,724,5200
L82012,12.70759,1890,14873
L82013,12.60121,856,6793
L82015,12.45985,737,5915
L82016,11.53294,1686,14619
L82018,14.24567,1728,12130
L82022,13.56812,1202,8859
L82023,15.30035,2137,13967
L82025,12.86536,559,4345
L82026,17.31199,1006,5811
L82028,11.50524,1745,15167
L82029,15.08988,2107,13963
L82030,14.9577,2369,15838
L82035,11.7267,853,7274
L82036,12.84073,1352,10529
L82038,17.47177,1841,10537
L82039,9.69749,452,4661
L82041,18.86449,4665,24729
L82042,17.6046,2512,14269
L82043,8.15884,339,4155
L82044,18.37664,1372,7466
L82045,10.24795,839,8187
L82046,11.03727,1146,10383
L82047,11.22853,765,6813
L82048,12.25273,415,3387
L82049,14.88911,1336,8973
L82050,14.70012,1201,8170
L82051,19.91307,2199,11043
L82052,13.46552,1236,9179
L82054,11.79659,914,7748
L82056,11.07617,810,7313
L82057,12.71811,328,2579
L82058,12.70138,544,4283
L82059,10.5799,478,4518
L82061,7.18045,382,5320
L82066,9.91979,606,6109
L82068,13.48049,1026,7611
L82070,15.09695,872,5776
L82620,13.87012,739,5328
L82622,13.70009,899,6562
L83002,11.08226,1707,15403
L83003,17.86815,1797,10057
L83004,11.80894,1162,9840
L83005,13.63603,1838,13479
L83006,17.86191,5086,28474
L83007,9.375,759,8096
L83008,17.58491,4411,25084
L83010,11.2571,694,6165
L83011,8.04875,601,7467
L83012,9.97831,276,2766
L83013,14.25786,1901,13333
L83014,13.93411,2491,17877
L83015,21.34726,1369,6413
L83016,9.81099,3649,37193
L83019,14.72822,1241,8426
L83020,10.74178,1186,11041
L83021,9.39107,822,8753
L83023,9.4877,463,4880
L83024,12.94915,955,7375
L83025,10.71913,711,6633
L83026,12.82507,577,4499
L83027,23.98878,1625,6774
L83028,19.43504,1837,9452
L83029,17.49406,1251,7151
L83030,24.93737,2190,8782
L83031,8.99263,940,10453
L83034,15.72159,1353,8606
L83035,12.44872,1760,14138
L83036,7.99125,804,10061
L83038,8.68911,1040,11969
L83039,16.47866,745,4521
L83040,9.5268,1367,14349
L83041,9.72401,754,7754
L83042,14.11498,1181,8367
L83043,11.00126,1402,12744
L83044,10.19783,732,7178
L83045,9.30933,1205,12944
L83046,12.27681,997,8121
L83048,9.07127,840,9260
L83049,10.55108,314,2976
L83050,12.91736,1474,11411
L83051,15.03785,1331,8851
L83052,14.32006,1608,11229
L83054,11.44933,583,5092
L83055,10.57329,1457,13780
L83056,11.34386,2621,23105
L83057,9.81999,671,6833
L83058,16.77763,1134,6759
L83059,12.44566,1088,8742
L83064,8.79494,932,10597
L83066,14.17856,2155,15199
L83067,8.94472,1207,13494
L83069,11.90423,1586,13323
L83070,14.02341,611,4357
L83071,18.66571,1301,6970
L83072,17.05533,1865,10935
L83073,15.44068,2521,16327
L83075,8.09818,419,5174
L83076,16.59055,1562,9415
L83077,10.56235,725,6864
L83079,9.84649,712,7231
L83081,8.48903,468,5513
L83082,8.17241,237,2900
L83083,14.45096,1874,12968
L83084,11.04277,772,6991
L83085,14.30458,2275,15904
L83086,7.42259,326,4392
L83087,12.39382,1605,12950
L83088,10.01754,457,4562
L83089,11.01014,1260,11444
L83092,12.01634,1618,13465
L83094,12.6907,940,7407
L83095,7.73192,1051,13593
L83096,15.54545,2461,15831
L83097,10.23462,1108,10826
L83098,7.43113,348,4683
L83099,12.20401,603,4941
L83100,10.01883,3672,36651
L83101,11.92063,1592,13355
L83102,7.62299,516,6769
L83103,16.13249,2255,13978
L83105,11.72379,691,5894
L83106,14.6096,1205,8248
L83111,15.18714,2041,13439
L83112,15.30724,837,5468
L83113,23.52651,1433,6091
L83115,18.91125,733,3876
L83116,7.30634,332,4544
L83118,16.76103,2546,15190
L83120,11.80988,1784,15106
L83127,12.39906,1689,13622
L83128,15.13663,986,6514
L83129,10.84475,285,2628
L83131,15.10276,3351,22188
L83134,9.27039,324,3495
L83136,15.60948,817,5234
L83137,12.03509,1317,10943
L83143,8.99054,342,3804
L83146,11.75769,493,4193
L83147,15.57445,1868,11994
L83148,8.69828,288,3311
L83607,18.73813,888,4739
L83616,10.27054,205,1996
L83624,23.89655,1543,6457
L83628,15.26468,842,5516
L83639,4.84066,120,2479
L83646,21.5502,1582,7341
L83648,8.29194,1803,21744
L83651,35.67438,1341,3759
L83655,20.44892,1239,6059
L83657,11.19497,534,4770
L83663,8.19734,216,2635
L83666,18.77877,612,3259
L84003,10.41265,1027,9863
L84004,9.08419,615,6770
L84005,6.5709,462,7031
L84006,7.32667,447,6101
L84007,12.75373,1332,10444
L84008,14.08133,1437,10205
L84009,12.15563,1937,15935
L84010,10.44623,1016,9726
L84011,12.75466,889,6970
L84012,8.92425,1879,21055
L84014,8.49665,659,7756
L84015,6.687,614,9182
L84016,8.19447,477,5821
L84018,12.98643,1445,11127
L84021,13.0998,991,7565
L84022,15.58806,1055,6768
L84023,14.20707,1600,11262
L84024,13.63777,442,3241
L84025,5.512,225,4082
L84026,15.03107,4016,26718
L84027,10.31998,1590,15407
L84028,15.70681,1590,10123
L84029,11.83287,337,2848
L84030,10.9513,1637,14948
L84031,9.84939,497,5046
L84033,13.50935,2190,16211
L84034,15.43349,1579,10231
L84036,8.36071,789,9437
L84037,10.35857,1066,10291
L84038,9.79671,959,9789
L84039,12.47059,954,7650
L84040,5.32832,581,10904
L84041,10.1375,1128,11127
L84043,7.47941,327,4372
L84045,9.83712,610,6201
L84046,18.14168,945,5209
L84047,8.63461,1144,13249
L84048,7.92648,690,8705
L84049,14.23163,1015,7132
L84050,17.19264,5535,32194
L84051,9.94764,817,8213
L84052,21.87835,1838,8401
L84053,8.84943,593,6701
L84054,12.04582,1409,11697
L84058,18.72725,1492,7967
L84059,12.0373,839,6970
L84060,10.31494,976,9462
L84063,6.51659,275,4220
L84065,11.17055,877,7851
L84067,9.56044,783,8190
L84068,8.85534,434,4901
L84069,13.64752,1613,11819
L84072,8.9815,403,4487
L84075,12.82919,1023,7974
L84077,14.93883,1905,12752
L84080,12.99539,1269,9765
L84081,19.06292,712,3735
L84084,13.53309,1233,9111
L84085,17.11906,555,3242
L84606,10.19814,1050,10296
L84613,12.19765,353,2894
L84617,11.0703,633,5718
L85001,11.98399,1797,14995
L85002,10.48985,1090,10391
L85003,10.79465,379,3511
L85004,12.63787,1375,10880
L85006,13.3226,1158,8692
L85007,12.80515,1154,9012
L85008,16.03025,3942,24591
L85009,14.40778,1349,9363
L85010,18.0205,2092,11609
L85011,9.89933,708,7152
L85012,11.98423,1641,13693
L85013,12.38305,450,3634
L85014,19.00937,2130,11205
L85015,12.82629,1651,12872
L85016,14.24215,1868,13116
L85017,14.08608,1260,8945
L85018,11.64855,525,4507
L85019,17.44548,1792,10272
L85020,9.46554,905,9561
L85021,7.74716,956,12340
L85022,14.57827,1680,11524
L85023,16.10257,2336,14507
L85024,10.48752,996,9497
L85025,20.74487,2345,11304
L85026,11.55539,604,5227
L85027,15.94968,1179,7392
L85029,13.61303,1538,11298
L85030,15.78625,2576,16318
L85031,11.58108,742,6407
L85032,11.30069,510,4513
L85033,9.77431,1191,12185
L85034,11.27686,824,7307
L85035,18.35209,2675,14576
L85036,9.61835,499,5188
L85037,7.98784,289,3618
L85038,10.22937,611,5973
L85039,13.43146,1606,11957
L85040,12.20823,727,5955
L85042,19.83558,2630,13259
L85043,17.06593,1610,9434
L85044,9.85523,531,5388
L85046,12.42803,626,5037
L85047,18.93121,999,5277
L85048,15.01969,763,5080
L85050,12.66551,727,5740
L85051,21.71485,1322,6088
L85052,12.97643,892,6874
L85053,16.859,935,5546
L85054,11.36736,833,7328
L85055,9.32978,735,7878
L85056,11.48026,698,6080
L85061,14.90838,537,3602
L85062,19.2148,1018,5298
L85064,24.47964,2164,8840
L85065,8.96088,639,7131
L85066,12.50379,825,6598
L85601,7.60692,233,3063
L85607,17.81386,779,4373
L85609,10.59263,454,4286
L85611,9.06028,242,2671
L85624,7.79794,318,4078
M81001,16.88491,2450,14510
M81002,17.92979,2186,12192
M81004,16.68536,2231,13371
M81005,18.14183,2062,11366
M81006,10.62977,1990,18721
M81007,6.98947,345,4936
M81008,18.82394,3246,17244
M81009,9.09818,455,5001
M81010,18.90043,2293,12132
M81011,8.86182,531,5992
M81012,10.4465,1240,11870
M81015,11.02624,895,8117
M81016,16.62855,2763,16616
M81017,22.05985,2204,9991
M81018,8.75332,495,5655
M81019,17.99392,2603,14466
M81020,16.54368,1659,10028
M81021,8.70988,958,10999
M81022,15.16534,2293,15120
M81024,7.47953,338,4519
M81025,11.63111,507,4359
M81026,16.6436,6614,39739
M81027,5.95342,478,8029
M81029,7.71054,553,7172
M81032,11.71379,1272,10859
M81033,8.63818,562,6506
M81034,14.94314,1130,7562
M81035,11.98885,1419,11836
M81037,12.36842,1269,10260
M81038,9.85435,1069,10848
M81039,10.16146,1051,10343
M81040,14.40085,2698,18735
M81041,12.47187,1164,9333
M81042,11.98484,1012,8444
M81043,8.63107,674,7809
M81044,14.26747,1452,10177
M81045,6.96188,305,4381
M81046,10.96282,1150,10490
M81047,14.37333,1289,8968
M81048,13.12928,1111,8462
M81049,12.31778,1183,9604
M81054,12.64045,810,6408
M81055,15.54295,740,4761
M81056,18.28222,2003,10956
M81057,10.75739,1453,13507
M81058,17.37264,1538,8853
M81061,13.81208,1079,7812
M81063,13.31202,1541,11576
M81064,8.82396,604,6845
M81066,16.39207,1174,7162
M81067,10.40948,483,4640
M81068,13.19317,1732,13128
M81069,11.96757,989,8264
M81070,12.41717,1218,9809
M81072,13.92468,843,6054
M81074,12.01735,1136,9453
M81075,14.29463,1603,11214
M81076,7.45156,200,2684
M81077,8.97833,377,4199
M81078,4.41047,251,5691
M81081,12.19718,579,4747
M81082,12.17574,1563,12837
M81083,9.40955,400,4251
M81084,10.91954,513,4698
M81090,7.1775,222,3093
M81091,9.50087,1144,12041
M81092,13.12369,626,4770
M81093,18.46099,1557,8434
M81094,14.40089,1161,8062
M81600,8.77545,306,3487
M81604,7.3762,429,5816
M81605,8.16884,389,4762
M81608,9.85541,334,3389
M81616,15.56031,436,2802
M81617,13.5426,604,4460
M81627,20.38591,1458,7152
M81629,11.32138,1017,8983
M82002,8.3599,708,8469
M82003,19.83168,4006,20200
M82004,11.58007,1948,16822
M82005,11.90823,981,8238
M82006,18.59982,1881,10113
M82007,13.99371,1780,12720
M82008,7.53467,489,6490
M82009,18.68312,1711,9158
M82010,12.38343,1859,15012
M82011,9.27781,352,3794
M82012,18.6761,2164,11587
M82013,10.45643,252,2410
M82014,12.32348,1021,8285
M82016,7.60506,704,9257
M82017,7.79896,315,4039
M82018,8.31255,500,6015
M82019,8.01837,611,7620
M82020,8.36502,308,3682
M82021,8.20603,607,7397
M82022,16.62535,2012,12102
M82023,7.96582,522,6553
M82024,9.14937,313,3421
M82025,11.9555,2160,18067
M82026,11.44149,1316,11502
M82028,8.76002,1148,13105
M82030,9.35873,845,9029
M82032,16.59593,2307,13901
M82033,10.09812,494,4892
M82034,9.91688,692,6978
M82035,12.20132,1297,10630
M82038,8.92391,991,11105
M82039,16.78955,2186,13020
M82040,13.45434,719,5344
M82041,9.14221,567,6202
M82042,23.77691,1215,5110
M82043,11.91308,784,6581
M82046,16.14323,550,3407
M82047,9.62636,894,9287
M82048,12.68199,723,5701
M82051,11.65675,470,4032
M82056,7.58245,1030,13584
M82057,14.19221,889,6264
M82058,9.50213,334,3515
M82059,8.57081,1191,13896
M82060,10.8747,828,7614
M82601,8.41393,174,2068
M82606,9.67001,463,4788
M82616,19.02688,1267,6659
M82620,9.08408,242,2664
M83001,13.96698,1396,9995
M83004,11.31283,916,8097
M83005,19.05079,859,4509
M83006,9.45967,2486,26280
M83007,12.10591,791,6534
M83009,8.93931,847,9475
M83010,17.80034,1455,8174
M83011,9.45281,653,6908
M83012,13.19689,935,7085
M83013,6.75839,280,4143
M83014,16.51255,1375,8327
M83015,9.1305,608,6659
M83016,10.51109,654,6222
M83017,8.41469,362,4302
M83018,8.34783,624,7475
M83020,9.30288,774,8320
M83021,19.25318,1619,8409
M83022,7.07851,495,6993
M83023,13.47962,1075,7975
M83024,11.42561,993,8691
M83025,13.12217,696,5304
M83026,14.71037,2024,13759
M83027,9.92709,885,8915
M83028,20.09926,1863,9269
M83030,11.74765,1337,11381
M83031,7.48536,409,5464
M83032,12.35373,1478,11964
M83033,15.01025,879,5856
M83034,17.4282,1766,10133
M83035,6.50934,411,6314
M83036,16.68904,1243,7448
M83037,7.88319,575,7294
M83038,14.33322,1250,8721
M83042,13.04196,1122,8603
M83044,17.20072,1911,11110
M83045,9.33908,845,9048
M83046,10.07383,846,8398
M83047,13.0404,736,5644
M83048,12.59718,1037,8232
M83049,13.7729,1105,8023
M83050,14.9465,1299,8691
M83051,16.97265,1775,10458
M83052,9.75986,1772,18156
M83054,11.82394,1045,8838
M83056,12.38826,1178,9509
M83057,14.7676,1309,8864
M83059,7.57032,253,3342
M83061,11.32926,779,6876
M83062,13.08497,1426,10898
M83063,11.09011,352,3174
M83065,7.58301,475,6264
M83066,10.84356,716,6603
M83067,16.12426,1090,6760
M83068,16.96975,2053,12098
M83069,9.28012,1244,13405
M83070,8.36939,619,7396
M83071,12.22686,1231,10068
M83072,11.63296,1179,10135
M83073,18.8417,1464,7770
M83074,10.33695,1267,12257
M83075,16.478,2693,16343
M83076,17.1338,1351,7885
M83079,11.55517,931,8057
M83084,11.30373,639,5653
M83088,12.47068,1648,13215
M83089,11.57542,1072,9261
M83090,16.81261,768,4568
M83092,8.53283,638,7477
M83093,10.23478,558,5452
M83094,17.47063,2097,12003
M83096,13.58996,639,4702
M83097,8.7859,673,7660
M83100,12.47172,441,3536
M83102,21.26516,1227,5770
M83103,8.45661,343,4056
M83107,14.50463,814,5612
M83108,11.93915,777,6508
M83109,13.95776,456,3267
M83110,16.01512,2118,13225
M83111,14.75962,307,2080
M83113,17.10202,347,2029
M83117,15.31019,1076,7028
M83121,7.31754,380,5193
M83122,10.28287,269,2616
M83123,18.01592,1471,8165
M83125,8.18423,247,3018
M83126,16.00056,1153,7206
M83127,18.56477,996,5365
M83129,11.64467,1050,9017
M83130,12.73148,440,3456
M83132,9.20424,443,4813
M83138,9.60413,558,5810
M83139,14.83287,639,4308
M83140,12.97862,522,4022
M83141,8.91115,685,7687
M83143,15.75702,690,4379
M83146,20.41759,2210,10824
M83148,15.39234,1840,11954
M83601,7.02258,367,5226
M83608,12.0474,549,4557
M83616,17.009,737,4333
M83617,11.30505,2254,19938
M83619,14.94963,460,3077
M83624,20.08971,627,3121
M83625,20.64343,1925,9325
M83627,18.29582,1211,6619
M83632,9.0084,397,4407
M83637,16.26581,656,4033
M83638,12.95276,1552,11982
M83640,6.0251,144,2390
M83641,11.9403,208,1742
M83650,17.65475,1891,10711
M83661,19.26572,1060,5502
M83668,12.47993,544,4359
M83670,4.02307,279,6935
M83680,9.64957,570,5907
M83681,21.52778,1860,8640
M83682,23.16093,1124,4853
M83691,6.66667,110,1650
M83693,15.30576,866,5658
M83697,16.25811,451,2774
M83698,13.87368,380,2739
M83701,15.41873,591,3833
M83703,13.3957,630,4703
M83709,9.27814,464,5001
M83711,6.57969,232,3526
M83713,16.63586,720,4328
M83715,12.92435,533,4124
M83717,12.44592,374,3005
M83718,21.58338,717,3322
M83719,14.07833,514,3651
M83723,19.27089,3732,19366
M83725,26.78344,841,3140
M83727,11.26521,398,3533
M83738,12.93507,773,5976
M84001,15.89708,1835,11543
M84002,12.6842,878,6922
M84003,17.68346,1429,8081
M84004,13.6965,2205,16099
M84005,19.75128,810,4101
M84006,12.04013,1080,8970
M84007,13.56582,1521,11212
M84008,15.70126,1068,6802
M84009,7.31813,337,4605
M84010,11.98063,1064,8881
M84011,16.03066,2886,18003
M84012,12.90323,1760,13640
M84013,7.16711,781,10897
M84014,11.20965,948,8457
M84015,17.12752,2106,12296
M84016,9.65092,376,3896
M84017,8.93028,1122,12564
M84018,9.98683,1213,12146
M84019,14.55947,2059,14142
M84020,13.53304,1667,12318
M84021,12.44723,1828,14686
M84022,17.70878,1249,7053
M84023,14.64656,2447,16707
M84024,8.67321,504,5811
M84025,10.42714,1079,10348
M84026,10.67506,661,6192
M84028,11.75852,1901,16167
M84029,10.33007,676,6544
M84030,8.9136,1010,11331
M84031,6.90591,458,6632
M84032,12.62287,1541,12208
M84034,10.01032,194,1938
M84035,18.89447,1880,9950
M84036,7.36321,981,13323
M84037,7.70216,782,10153
M84040,12.0496,1137,9436
M84041,14.22911,826,5805
M84042,9.0085,795,8825
M84043,11.10443,2030,18281
M84044,7.35324,367,4991
M84046,4.82819,333,6897
M84047,6.00962,275,4576
M84049,11.87304,606,5104
M84050,15.61975,1022,6543
M84051,16.12202,1781,11047
M84055,16.74208,333,1989
M84059,11.28983,372,3295
M84060,11.42271,668,5848
M84061,8.18519,419,5119
M84062,10.8968,661,6066
M84063,8.67776,506,5831
M84064,12.19681,704,5772
M84065,14.76723,977,6616
M84066,9.87609,542,5488
M84067,12.63286,832,6586
M84069,7.51866,413,5493
M84070,11.17389,1068,9558
M84609,14.50723,552,3805
M84612,14.35276,948,6605
M84615,15.60763,1039,6657
M84616,8.88889,332,3735
M84618,14.3163,468,3269
M84620,6.57945,171,2599
M84621,16.70291,384,2299
M84627,17.71919,578,3262
M84629,10.07652,935,9279
M85001,24.73146,944,3817
M85005,10.44293,613,5870
M85006,18.1959,1527,8392
M85007,18.13552,2457,13548
M85009,12.6652,690,5448
M85011,15.31156,919,6002
M85013,22.06166,687,3114
M85014,18.49762,623,3368
M85016,20.70249,890,4299
M85018,16.03576,1381,8612
M85019,12.20765,1806,14794
M85020,14.64675,2353,16065
M85021,14.56612,564,3872
M85023,21.25708,1576,7414
M85024,12.77164,717,5614
M85025,16.02301,2340,14604
M85026,7.72887,992,12835
M85027,19.57466,1307,6677
M85028,12.59053,2573,20436
M85029,11.36734,1814,15958
M85030,16.93818,2433,14364
M85031,20.71453,1809,8733
M85033,8.41238,1215,14443
M85034,12.45964,1582,12697
M85035,20.28195,892,4398
M85037,10.66565,838,7857
M85041,8.17551,1131,13834
M85042,12.91133,565,4376
M85043,25,874,3496
M85046,8.01308,3553,44340
M85047,14.68713,737,5018
M85048,14.51767,1368,9423
M85051,12.99104,797,6135
M85053,16.96106,893,5265
M85055,11.91027,669,5617
M85056,17.45774,1074,6152
M85058,9.99704,1351,13514
M85060,13.63565,1738,12746
M85061,13.42568,1260,9385
M85062,13.1738,523,3970
M85063,17.60737,8507,48315
M85065,14.11616,1677,11880
M85066,13.55525,790,5828
M85070,15.56374,1691,10865
M85071,15.02514,1016,6762
M85074,16.08026,1106,6878
M85076,20.8233,1816,8721
M85077,11.12221,891,8011
M85078,10.97723,911,8299
M85079,19.24154,1649,8570
M85081,19.88973,1479,7436
M85082,5.12484,234,4566
M85084,16.95815,863,5089
M85086,15.96481,1361,8525
M85087,17.67236,1561,8833
M85088,15.85769,2398,15122
M85094,21.56479,441,2045
M85097,13.47007,243,1804
M85098,15.64852,707,4518
M85105,16.76273,698,4164
M85107,18.62813,535,2872
M85108,12.34724,586,4746
M85110,13.62361,1117,8199
M85113,13.77787,686,4979
M85115,14.3469,268,1868
M85116,11.86797,791,6665
M85117,19.9833,957,4789
M85118,12.62666,324,2566
M85123,11.29355,791,7004
M85124,12.15636,1331,10949
M85128,14.88339,619,4159
M85136,21.13451,1766,8356
M85139,10.899,491,4505
M85141,21.79487,544,2496
M85143,18.92916,1149,6070
M85145,9.61442,763,7936
M85146,10.66772,540,5062
M85149,10.8283,502,4636
M85153,12.90426,403,3123
M85154,10.08307,352,3491
M85155,19.97753,1067,5341
M85156,14.46354,1220,8435
M85158,15.72717,279,1774
M85164,11.60773,1231,10605
M85167,4.49361,658,14643
M85170,14.96992,622,4155
M85171,13.41463,319,2378
M85172,13.68899,1537,11228
M85174,15.10373,546,3615
M85175,6.10554,560,9172
M85176,12.50561,557,4454
M85177,18.04437,919,5093
M85178,17.12549,6115,35707
M85179,16.05058,660,4112
M85600,15.78056,2051,12997
M85624,17.54724,910,5186
M85634,16.03044,1264,7885
M85642,12.96848,609,4696
M85669,23.55036,1389,5898
M85670,11.5493,328,2840
M85676,16.86771,839,4974
M85679,10.10797,440,4353
M85680,16.54639,321,1940
M85684,14.33158,491,3426
M85686,18.14548,227,1251
M85693,12.75234,259,2031
M85694,16.3142,486,2979
M85697,19.13328,702,3669
M85699,11.30169,481,4256
M85701,12.32589,469,3805
M85706,16.68153,1871,11216
M85711,14.94431,483,3232
M85713,12.3784,509,4112
M85715,13.01393,1168,8975
M85716,23.1403,983,4248
M85717,24.57933,818,3328
M85721,10.79527,995,9217
M85722,3.68664,160,4340
M85730,20.32684,908,4467
M85732,14.34804,296,2063
M85733,15.28109,897,5870
M85735,12.76507,614,4810
M85736,20.44466,846,4138
M85739,10.1899,440,4318
M85746,23.46395,1012,4313
M85749,10.80183,260,2407
M85756,12.34672,292,2365
M85757,15.4733,510,3296
M85759,13.72515,780,5683
M85766,14.67309,487,3319
M85770,13.93397,249,1787
M85774,12.00142,674,5616
M85778,10.56047,1790,16950
M85779,22.32025,506,2267
M85781,11.97094,379,3166
M85783,10.45706,453,4332
M85792,13.55324,378,2789
M85794,12.68928,419,3302
M85797,13.23615,1362,10290
M85803,13.23753,1133,8559
M86001,22.65434,1299,5734
M86002,18.64994,1293,6933
M86003,11.63429,1611,13847
M86004,6.50444,1275,19602
M86005,15.56604,825,5300
M86006,12.90621,1116,8647
M86007,7.77927,406,5219
M86008,15.6531,1323,8452
M86009,17.70099,4093,23123
M86010,13.73724,1467,10679
M86012,14.15449,1279,9036
M86014,13.36042,2302,17230
M86015,14.20129,1634,11506
M86016,17.93982,3154,17581
M86017,14.75618,1277,8654
M86018,13.73107,1351,9839
M86019,16.96306,620,3655
M86020,23.01379,1402,6092
M86021,12.27664,742,6044
M86027,7.29184,860,11794
M86028,15.52035,431,2777
M86029,7.46269,1310,17554
M86030,14.35695,691,4813
M86032,18.2415,1834,10054
M86033,21.79813,771,3537
M86034,13.71671,1164,8486
M86035,20.71396,1352,6527
M86037,12.40829,389,3135
M86038,11.50479,276,2399
M86039,8.72532,358,4103
M86040,9.61479,312,3245
M86041,16.93053,1433,8464
M86044,18.00766,705,3915
M86045,11.81644,739,6254
M86046,12.68607,571,4501
M86048,15.53013,1018,6555
M86605,14.015,355,2533
M86610,9.03216,601,6654
M86612,12.85801,422,3282
M86617,12.21991,469,3838
M86622,10.06374,300,2981
M86624,14.78699,1496,10117
M86627,18.28223,960,5251
M86633,14.91763,661,4431
M86638,14.11513,792,5611
M87001,9.02729,516,5716
M87003,9.556,1569,16419
M87005,11.85553,1290,10881
M87006,17.57642,1288,7328
M87007,12.20896,1227,10050
M87008,11.98725,865,7216
M87009,15.25043,2107,13816
M87010,21.27285,1571,7385
M87011,11.49833,2722,23673
M87012,21.31953,1215,5699
M87013,16.19568,1513,9342
M87014,9.96756,676,6782
M87015,13.90187,952,6848
M87016,13.24357,777,5867
M87017,17.38702,1235,7103
M87018,8.52407,540,6335
M87019,18.95994,937,4942
M87020,11.61767,897,7721
M87021,16.96757,1062,6259
M87023,13.45643,1115,8286
M87024,16.05003,3054,19028
M87025,17.75417,702,3954
M87026,16.93416,823,4860
M87027,21.81918,794,3639
M87028,19.51354,1420,7277
M87030,17.19563,661,3844
M87034,16.46983,767,4657
M87036,23.10231,700,3030
M87037,9.31482,624,6699
M87041,12.54383,644,5134
M87601,18.37535,984,5355
M87602,11.06635,934,8440
M87605,19.0625,671,3520
M87612,15.72758,321,2041
M87617,18.64195,895,4801
M87618,11.83527,296,2501
M87620,15.44104,821,5317
M87621,20.00899,445,2224
M87623,14.25234,366,2568
M87628,10.83197,332,3065
M87638,16.01987,516,3221
M88001,20.78255,1705,8204
M88002,11.82058,896,7580
M88003,11.22159,1106,9856
M88004,17.38557,5667,32596
M88006,14.21569,1363,9588
M88007,15.64584,1267,8098
M88008,15.60976,672,4305
M88009,17.62871,1356,7692
M88010,21.07285,1481,7028
M88013,16.98031,1949,11478
M88014,14.11872,773,5475
M88015,12.29088,1080,8787
M88016,19.18141,553,2883
M88018,16.12252,2874,17826
M88019,16.30568,399,2447
M88020,13.11687,1422,10841
M88021,9.98817,929,9301
M88022,12.12023,375,3094
M88023,17.67768,883,4995
M88026,15.50915,1025,6609
M88030,17.3374,909,5243
M88035,16.79835,489,2911
M88038,15.36789,1767,11498
M88040,8.42607,477,5661
M88041,16.37869,455,2778
M88042,15.75884,758,4810
M88043,13.24926,893,6740
M88600,13.7653,461,3349
M88610,11.07276,417,3766
M88612,24.16086,763,3158
M88616,16.18025,2201,13603
M88618,16.57658,276,1665
M88619,13.02888,1164,8934
M88620,13.85809,375,2706
M88625,13.2012,353,2674
M88626,8.97184,274,3054
M88628,9.47981,277,2922
M88630,14.10749,588,4168
M88633,9.34532,551,5896
M88635,13.33705,239,1792
M88639,10.61472,297,2798
M88640,7.81575,263,3365
M88643,16.69288,743,4451
M88645,16.7487,1259,7517
M88646,15.35344,341,2221
M88647,11.61438,559,4813
M89001,15.22525,463,3041
M89002,24.52683,1257,5125
M89003,10.03787,3313,33005
M89005,7.39559,533,7207
M89007,11.65766,647,5550
M89008,21.49891,2358,10968
M89009,14.41081,1333,9250
M89010,5.96739,549,9200
M89012,25.5814,2288,8944
M89013,23.09618,1107,4793
M89015,9.05215,913,10086
M89016,6.43155,693,10775
M89017,7.77439,3672,47232
M89019,11.76978,1092,9278
M89021,13.43612,549,4086
M89024,19.48795,647,3320
M89026,12.78503,1127,8815
M89027,21.18644,1375,6490
M89030,4.51677,229,5070
M89608,7.32097,229,3128
M91003,13.52781,793,5862
M91004,20.47193,1579,7713
M91006,18.544,647,3489
M91007,12.61579,967,7665
M91008,17.37132,1323,7616
M91009,14.13871,687,4859
M91010,10.19706,771,7561
M91013,19.58979,1681,8581
M91014,14.47929,374,2583
M91015,12.02201,2207,18358
M91016,14.78321,849,5743
M91017,9.53147,830,8708
M91018,15.81607,626,3958
M91019,13.24476,1625,12269
M91021,16.16067,1038,6423
M91024,12.05737,269,2231
M91026,16.19702,707,4365
M91028,15.26422,1063,6964
M91029,20.03165,886,4423
M91032,10.91438,450,4123
M91033,15.76035,826,5241
M91034,13.33333,572,4290
M91036,19.34058,569,2942
M91602,19.80519,366,1848
M91609,17.95985,331,1843
M91611,20.83697,478,2294
M91612,19.71119,546,2770
M91613,17.44322,1344,7705
M91614,13.95842,987,7071
M91616,13.01412,848,6516
M91619,9.21799,455,4936
M91621,11.53463,463,4014
M91623,16.30901,266,1631
M91624,19.48224,587,3013
M91626,15.81309,599,3788
M91628,12.04437,304,2524
M91629,17.43864,945,5419
M91637,6.72497,223,3316
M91639,17.85962,257,1439
M91640,22.59923,706,3124
M91641,16.60448,534,3216
M91642,16.07531,222,1381
M91647,16.75603,750,4476
M91650,17.60939,1320,7496
M91654,14.80798,401,2708
M91659,11.13654,292,2622
M91660,17.97212,709,3945
M92001,18.41181,524,2846
M92004,14.32653,351,2450
M92006,14.49638,580,4001
M92008,9.10511,991,10884
M92009,14.29228,1555,10880
M92010,9.29661,908,9767
M92011,13.55771,4286,31613
M92012,11.00567,1067,9695
M92013,16.45957,967,5875
M92015,16.03577,538,3355
M92016,15.25765,2801,18358
M92019,18.33917,943,5142
M92022,18.27924,597,3266
M92026,16.52257,688,4164
M92028,15.96859,1281,8022
M92029,9.35194,469,5015
M92039,13.7816,785,5696
M92040,15.46852,1489,9626
M92041,14.39414,550,3821
M92043,9.97997,598,5992
M92607,17.03114,2461,14450
M92609,14.21441,712,5009
M92612,14.06699,4456,31677
M92627,15.58947,521,3342
M92629,19.04762,628,3297
M92630,17.81848,856,4804
M92649,15.1532,544,3590
M92654,21.30326,1190,5586
N81001,7.08838,316,4458
N81002,6.1014,639,10473
N81005,9.84388,826,8391
N81006,6.98671,326,4666
N81007,12.77301,1117,8745
N81008,7.96639,787,9879
N81009,7.52705,487,6470
N81010,6.41374,448,6985
N81011,11.13107,1363,12245
N81012,14.53008,1461,10055
N81013,12.46411,738,5921
N81014,5.88014,469,7976
N81016,22.04305,5796,26294
N81018,7.17884,513,7146
N81019,18.49343,2266,12253
N81020,7.48678,821,10966
N81022,6.85342,2011,29343
N81024,14.55866,1303,8950
N81025,9.97562,900,9022
N81027,10.24216,1290,12595
N81028,14.04612,1072,7632
N81029,12.39102,1336,10782
N81030,7.33017,1065,14529
N81031,6.28687,341,5424
N81032,9.52937,2286,23989
N81033,5.93913,443,7459
N81034,9.34232,1054,11282
N81035,9.08046,948,10440
N81036,14.7967,1059,7157
N81037,15.69026,1082,6896
N81038,7.26349,486,6691
N81039,11.5765,1147,9908
N81040,16.90813,957,5660
N81041,14.43523,1062,7357
N81043,7.08554,362,5109
N81044,15.01587,1372,9137
N81045,14.29679,1660,11611
N81046,11.69722,989,8455
N81047,8.74861,941,10756
N81048,16.90839,1877,11101
N81049,7.24303,1441,19895
N81050,13.16668,2170,16481
N81051,10.0659,611,6070
N81052,10.12941,1088,10741
N81053,17.76108,2529,14239
N81054,17.71602,1345,7592
N81055,12.8917,794,6159
N81056,18.01802,1480,8214
N81057,12.56973,1397,11114
N81059,8.85402,948,10707
N81060,9.07102,705,7772
N81061,13.12783,1103,8402
N81062,12.79313,1653,12921
N81063,22.57781,2314,10249
N81064,18.12684,1049,5787
N81065,17.68055,1180,6674
N81066,15.87225,1968,12399
N81067,11.05125,841,7610
N81068,21.40542,2708,12651
N81069,6.20347,250,4030
N81070,13.32184,1159,8700
N81071,8.25641,322,3900
N81072,16.62396,1103,6635
N81074,17.38639,769,4423
N81075,6.73484,955,14180
N81077,6.46262,720,11141
N81079,14.41043,1238,8591
N81080,13.66564,1061,7764
N81081,10.73331,947,8823
N81082,12.95217,1733,13380
N81083,18.45195,770,4173
N81084,7.39693,1333,18021
N81085,11.49371,968,8422
N81086,7.40327,993,13413
N81087,9.49286,2001,21079
N81088,13.60192,1472,10822
N81089,15.65887,1098,7012
N81090,9.95729,443,4449
N81092,11.23558,1364,12140
N81093,12.75499,1732,13579
N81096,13.9351,1022,7334
N81097,14.28953,535,3744
N81100,7.23684,473,6536
N81101,7.44213,508,6826
N81102,9.86893,384,3891
N81107,14.62926,438,2994
N81108,5.82567,526,9029
N81109,12.96329,745,5747
N81111,9.12815,557,6102
N81113,16.08675,994,6179
N81114,14.12015,1328,9405
N81115,16.37999,1038,6337
N81117,18.57842,873,4699
N81118,9.36304,685,7316
N81119,18.45822,771,4177
N81120,6.45676,324,5018
N81121,11.89371,743,6247
N81122,8.02814,719,8956
N81123,16.43034,927,5642
N81125,9.83679,669,6801
N81127,12.98629,938,7223
N81607,24.45415,728,2977
N81614,7.4437,357,4796
N81619,22.35445,695,3109
N81623,3.94001,310,7868
N81624,6.41185,463,7221
N81626,23.69734,855,3608
N81628,22.46692,2326,10353
N81632,12.47418,604,4842
N81637,17.56,439,2500
N81642,10.90591,437,4007
N81645,21.35307,404,1892
N81651,11.97791,347,2897
N82001,22.62443,1150,5083
N82002,21.27193,873,4104
N82003,16.80233,578,3440
N82004,21.75943,606,2785
N82009,8.59603,619,7201
N82011,19.21113,1768,9203
N82014,12.10938,682,5632
N82018,18.72185,1954,10437
N82019,22.35006,913,4085
N82022,20.29854,1727,8508
N82024,11.34208,1184,10439
N82026,10.29653,566,5497
N82033,20.21488,1016,5026
N82034,19.18479,979,5103
N82035,10.51039,764,7269
N82036,23.36481,668,2859
N82037,12.76086,1278,10015
N82039,7.61934,249,3268
N82041,7.99692,832,10404
N82046,18.1921,1608,8839
N82048,17.84411,1076,6030
N82049,23.66886,1258,5315
N82050,17.97913,379,2108
N82052,21.37131,1013,4740
N82053,11.39956,1493,13097
N82054,19.9466,1270,6367
N82058,17.36156,812,4677
N82059,10.8795,595,5469
N82062,7.99665,477,5965
N82065,24.40688,823,3372
N82066,7.638,595,7790
N82067,23.76574,1189,5003
N82070,19.71797,1650,8368
N82073,8.88538,507,5706
N82074,18.02161,1401,7774
N82076,18.89719,1669,8832
N82077,20.20291,458,2267
N82078,20.10454,500,2487
N82079,11.04842,607,5494
N82081,20.24443,1027,5073
N82082,17.28561,1415,8186
N82083,14.28742,1200,8399
N82084,11.45645,634,5534
N82086,19.37054,597,3082
N82087,22.90503,451,1969
N82089,24.11887,698,2894
N82090,17.42263,1475,8466
N82091,20.96347,396,1889
N82092,8.12422,586,7213
N82093,16.93912,601,3548
N82094,16.31365,1163,7129
N82095,20.14478,807,4006
N82097,23.05231,1657,7188
N82099,27.52776,1884,6844
N82101,19.53628,455,2329
N82103,22.35565,1750,7828
N82104,12.73585,459,3604
N82106,8.35992,262,3134
N82107,10.31553,170,1648
N82108,6.29979,427,6778
N82109,21.80622,961,4407
N82110,21.09124,1380,6543
N82113,21.34486,1457,6826
N82115,22.05354,1656,7509
N82116,12.06923,788,6529
N82117,13.87153,8100,58393
N82617,13.98021,1399,10007
N82633,14.77013,453,3067
N82641,21.20914,1077,5078
N82645,15.50191,1220,7870
N82646,22.76521,1691,7428
N82648,17.16926,353,2056
N82650,23.32657,920,3944
N82651,23.94958,855,3570
N82655,17.69306,362,2046
N82662,19.89937,1226,6161
N82663,13.50518,482,3569
N82664,9.90231,223,2252
N82668,22.63196,626,2766
N82669,27.4087,788,2875
N82671,23.51399,538,2288
N82676,9.4933,326,3434
N82678,22.74108,599,2634
N83001,15.87711,1907,12011
N83002,12.31586,1229,9979
N83003,13.97131,857,6134
N83005,13.11745,956,7288
N83006,17.65734,505,2860
N83007,13.7931,368,2668
N83008,19.83962,1336,6734
N83009,18.37,1837,10000
N83010,6.85,411,6000
N83012,16.00495,1423,8891
N83013,14.08909,563,3996
N83014,14.22609,1227,8625
N83017,16.84823,897,5324
N83018,22.12278,1582,7151
N83019,7.82359,518,6621
N83020,13.44234,2006,14923
N83021,17.2229,1125,6532
N83023,17.5644,1725,9821
N83024,11.82022,789,6675
N83025,21.53139,2528,11741
N83026,14.26009,318,2230
N83027,12.05699,677,5615
N83028,16.46371,3015,18313
N83030,12.89301,570,4421
N83031,18.90847,440,2327
N83032,16.48749,1641,9953
N83033,16.90323,786,4650
N83035,14.42655,878,6086
N83041,6.48306,266,4103
N83043,18.42346,603,3273
N83045,14.51455,1187,8178
N83047,9.40774,413,4390
N83049,6.12745,225,3672
N83050,14.39206,580,4030
N83053,7.12511,545,7649
N83054,12.15268,433,3563
N83601,19.14721,1181,6168
N83603,11.66339,711,6096
N83605,10.54936,530,5024
N83608,16.93378,2166,12791
N83609,12.97027,493,3801
N83610,15.20376,291,1914
N83614,7.16573,358,4996
N83619,8.93869,363,4061
N83620,20.03317,604,3015
N83621,17.20751,403,2342
N83622,27.67296,572,2067
N83633,16.69286,531,3181
N83637,15.79513,441,2792
N84001,9.05414,694,7665
N84002,21.96643,458,2085
N84003,6.26413,554,8844
N84004,16.42565,1045,6362
N84005,12.94732,1364,10535
N84006,5.57827,573,10272
N84007,13.21526,679,5138
N84008,10.63127,901,8475
N84010,11.05698,522,4721
N84011,12.58729,703,5585
N84012,8.60311,869,10101
N84013,14.16623,1338,9445
N84014,11.76833,382,3246
N84015,19.36591,959,4952
N84016,20.70337,989,4777
N84017,11.79671,954,8087
N84018,5.16436,652,12625
N84019,22.5974,1218,5390
N84020,7.041,632,8976
N84021,24.98045,3513,14063
N84023,19.73128,1307,6624
N84024,7.89566,675,8549
N84025,7.31851,622,8499
N84027,16.9976,779,4583
N84028,21.80784,1380,6328
N84029,17.84449,856,4797
N84034,18.95863,1187,6261
N84035,12.42622,400,3219
N84038,20.44939,992,4851
N84041,9.91415,485,4892
N84605,20.4386,1398,6840
N84613,10.25184,403,3931
N84614,9.52895,265,2781
N84615,21.45719,589,2745
N84617,12.98578,548,4220
N84621,12.37429,849,6861
N84625,12.53792,620,4945
N84626,6.04765,99,1637
N85002,7.19542,1193,16580
N85005,9.65969,914,9462
N85006,8.3354,672,8062
N85007,7.53116,1402,18616
N85008,5.97372,700,11718
N85012,13.99677,1128,8059
N85013,8.10244,541,6677
N85015,14.65582,973,6639
N85016,20.25772,1462,7217
N85017,19.90602,932,4682
N85018,7.93382,422,5319
N85019,20.66712,1518,7345
N85020,15.50648,1987,12814
N85021,30.16822,807,2675
N85022,10.82418,394,3640
N85023,15.26639,745,4880
N85024,17.84832,1372,7687
N85025,15.84099,793,5006
N85027,18.97849,1438,7577
N85028,12.78129,1437,11243
N85031,24.7796,787,3176
N85032,5.73414,330,5755
N85037,17.55451,781,4449
N85038,27.26512,978,3587
N85044,13.28233,2309,17384
N85046,10.52754,453,4303
N85047,9.44868,545,5768
N85048,12.62157,571,4524
N85051,14.9379,2225,14895
N85052,9.61828,383,3982
N85054,8.19634,354,4319
N85057,13.09454,223,1703
N85059,8.07246,557,6900
N85616,16.68413,637,3818
N85617,5.84384,241,4124
N85620,10.15873,576,5670
N85625,19.12091,2584,13514
N85629,26.55308,1013,3815
N85633,8.89852,349,3922
N85634,21.8853,332,1517
N85640,23.32739,523,2242
N85643,14.0518,472,3359
N85648,15.9953,544,3401
P81002,11.99154,6916,57674
P81003,10.0248,768,7661
P81005,13.14119,1304,9923
P81006,8.31511,1483,17835
P81008,18.7021,1147,6133
P81010,7.92759,381,4806
P81013,11.32229,1531,13522
P81014,7.81194,658,8423
P81015,9.18899,1022,11122
P81016,27.45594,2820,10271
P81017,6.66195,848,12729
P81018,6.51461,457,7015
P81020,19.70997,3996,20274
P81022,16.04952,1452,9047
P81025,20.60354,2178,10571
P81027,18.57565,2324,12511
P81029,7.62874,1634,21419
P81031,13.8459,832,6009
P81032,16.843,1974,11720
P81033,15.00366,1024,6825
P81035,16.01521,1053,6575
P81036,16.50876,2422,14671
P81037,8.24521,920,11158
P81038,14.49693,1206,8319
P81039,20.93895,950,4537
P81040,6.93616,628,9054
P81041,8.90982,738,8283
P81042,28.28974,3515,12425
P81043,27.14979,1566,5768
P81044,15.82087,2254,14247
P81045,9.0535,374,4131
P81046,18.50251,1070,5783
P81047,18.13957,2459,13556
P81051,13.45325,1623,12064
P81053,13.80711,952,6895
P81054,17.95163,1425,7938
P81055,9.41137,1124,11943
P81057,13.74135,1648,11993
P81058,13.86114,1138,8210
P81059,7.59851,511,6725
P81061,16.51786,629,3808
P81062,12.93593,842,6509
P81063,26.8285,2564,9557
P81065,16.67457,2111,12660
P81066,25.25476,1710,6771
P81067,9.71551,1045,10756
P81069,10.23982,1029,10049
P81070,14.40909,951,6600
P81071,22.01016,1257,5711
P81072,16.64061,2022,12151
P81073,13.99654,1618,11560
P81074,16.14726,1886,11680
P81076,12.61115,1163,9222
P81077,7.32082,714,9753
P81078,16.45257,1665,10120
P81079,10.01424,1125,11234
P81081,17.19855,900,5233
P81082,13.63686,1252,9181
P81083,12.0431,883,7332
P81084,6.92362,494,7135
P81086,18.35707,1495,8144
P81087,10.76908,1109,10298
P81088,16.98113,990,5830
P81089,23.80367,2517,10574
P81092,12.87086,885,6876
P81095,13.74927,941,6844
P81096,5.43638,332,6107
P81099,13.06011,1195,9150
P81100,9.9569,1340,13458
P81103,12.113,1162,9593
P81107,9.24092,644,6969
P81112,15.49892,2232,14401
P81113,8.30906,542,6523
P81115,29.30786,4065,13870
P81117,14.50197,661,4558
P81118,14.51167,1156,7966
P81119,21.14943,1840,8700
P81123,21.06633,2185,10372
P81125,13.89859,1154,8303
P81127,16.30614,1289,7905
P81128,13.03509,1081,8293
P81129,10.25792,1042,10158
P81130,17.77549,2068,11634
P81132,16.45986,1300,7898
P81133,11.57354,901,7785
P81136,13.44605,334,2484
P81137,20.92774,1173,5605
P81138,8.58941,232,2701
P81140,14.42404,1877,13013
P81143,8.15698,794,9734
P81147,20.49902,838,4088
P81149,7.63537,588,7701
P81150,13.6479,1452,10639
P81154,9.43045,659,6988
P81155,11.28901,557,4934
P81157,9.09091,901,9911
P81159,16.2996,1717,10534
P81160,18.98881,2460,12955
P81165,20.66225,468,2265
P81166,19.19959,379,1974
P81167,16.24176,739,4550
P81169,18.42799,1048,5687
P81170,13.49342,1107,8204
P81171,6.71927,264,3929
P81172,18.19897,1833,10072
P81179,13.63381,729,5347
P81180,23.10381,661,2861
P81181,13.96037,613,4391
P81182,17.35537,882,5082
P81184,26.88712,1927,7167
P81185,10.29171,942,9153
P81186,16.32807,651,3987
P81191,9.3159,798,8566
P81196,16.32926,4638,28403
P81197,18.68908,767,4104
P81201,15.1304,760,5023
P81208,20.10236,2985,14849
P81212,16.12713,822,5097
P81213,7.50254,1183,15768
P81214,12.27545,451,3674
P81218,18.12342,931,5137
P81620,7.89877,103,1304
P81622,11.52648,1036,8988
P81633,12.21564,392,3209
P81646,7.87423,293,3721
P81647,11.74603,407,3465
P81655,7.35877,650,8833
P81664,17.81119,2630,14766
P81668,21.18628,1143,5395
P81674,7.85276,384,4890
P81681,17.51374,2040,11648
P81683,8.78738,529,6020
P81685,15.5481,556,3576
P81686,14.92754,309,2070
P81687,5.99002,108,1803
P81692,10.12304,181,1788
P81694,19.37708,815,4206
P81695,5.56383,299,5374
P81699,18.71376,355,1897
P81701,14.7929,375,2535
P81704,14.10083,1253,8886
P81707,13.07158,546,4177
P81709,26.58808,1218,4581
P81710,9.64257,839,8701
P81711,21.40725,502,2345
P81714,19.70624,966,4902
P81721,19.60784,410,2091
P81724,14.6283,305,2085
P81726,19.43024,266,1369
P81730,14.83957,1110,7480
P81731,13.5367,284,2098
P81732,10.21953,405,3963
P81734,21.45129,3305,15407
P81735,33.72668,886,2627
P81736,15.99488,500,3126
P81740,15.63707,1458,9324
P81741,21.4322,422,1969
P81742,13.20104,306,2318
P81748,14.23052,884,6212
P81755,16.86812,1242,7363
P81757,9.08801,285,3136
P81770,21.85168,1376,6297
P81771,13.78378,1071,7770
P81780,20.91032,928,4438
P82001,16.81238,1423,8464
P82002,19.73945,1197,6064
P82003,11.96307,1529,12781
P82004,10.0039,769,7687
P82005,12.41058,746,6011
P82006,11.38527,969,8511
P82007,17.34287,1915,11042
P82008,19.90561,2362,11866
P82009,12.44847,755,6065
P82010,17.36057,1105,6365
P82011,14.90101,858,5758
P82012,23.17968,1232,5315
P82013,18.68204,567,3035
P82014,13.46844,751,5576
P82015,10.89998,1870,17156
P82016,11.66453,1185,10159
P82018,22.22031,1293,5819
P82020,15.06741,570,3783
P82021,13.54497,768,5670
P82022,14.24877,606,4253
P82023,8.58518,642,7478
P82025,13.3837,496,3706
P82029,22.55133,670,2971
P82030,14.09692,448,3178
P82031,9.23112,820,8883
P82033,19.09722,330,1728
P82034,7.71971,260,3368
P82036,15.0803,385,2553
P82037,16.91906,648,3830
P82607,17.32725,835,4819
P82609,11.44681,538,4700
P82613,14.70449,622,4230
P82616,13.83453,403,2913
P82624,12.95203,351,2710
P82625,9.7493,175,1795
P82626,16.31944,658,4032
P82627,14.40096,482,3347
P82629,14.60203,244,1671
P82633,18.74356,364,1942
P82634,14.20831,472,3322
P82640,12.37061,490,3961
P82643,6.27941,387,6163
P82652,15.74344,540,3430
P82660,21.03571,589,2800
P83001,11.82749,1363,11524
P83004,14.17383,923,6512
P83005,16.56179,658,3973
P83006,10.74476,743,6915
P83007,19.08423,1688,8845
P83009,8,526,6575
P83010,17.71242,542,3060
P83011,13.35521,814,6095
P83012,12.7034,5137,40438
P83015,14.96459,951,6355
P83017,14.08671,809,5743
P83021,17.46667,1441,8250
P83024,14.84043,558,3760
P83025,7.7272,494,6393
P83027,11.17389,178,1593
P83603,13.81827,1098,7946
P83605,11.79612,729,6180
P83608,14.24376,776,5448
P83609,12.3506,403,3263
P83611,11.95495,414,3463
P83612,8.36106,377,4509
P83620,8.91635,404,4531
P83621,22.09073,560,2535
P83623,11.97356,489,4084
P84004,19.78534,1401,7081
P84005,7.6649,1097,14312
P84009,15.90407,1512,9507
P84010,18.27208,1601,8762
P84012,15.7683,1176,7458
P84014,22.48062,928,4128
P84016,12.25841,907,7399
P84017,17.87914,1858,10392
P84018,13.11391,510,3889
P84019,16.99399,1471,8656
P84020,20.03896,1543,7700
P84021,20.0871,1476,7348
P84022,14.26903,733,5137
P84023,13.95374,1267,9080
P84024,17.76513,1186,6676
P84025,16.40846,985,6003
P84026,13.04516,1011,7750
P84027,14.46131,953,6590
P84028,17.28949,1388,8028
P84029,24.82253,2098,8452
P84030,12.83835,1366,10640
P84032,19.27935,931,4829
P84033,18.63598,664,3563
P84034,8.22264,1139,13852
P84035,17.53417,2668,15216
P84037,15.47777,818,5285
P84038,13.47085,1502,11150
P84039,15.96502,1771,11093
P84040,18.64436,1081,5798
P84041,15.88483,982,6182
P84042,15.35602,1322,8609
P84043,22.39232,1726,7708
P84045,20.06058,861,4292
P84046,13.45763,2187,16251
P84047,26.4892,1214,4583
P84048,24.12643,1374,5695
P84049,17.81377,1628,9139
P84050,21.38672,1314,6144
P84051,15.86103,735,4634
P84052,16.72009,991,5927
P84053,17.10345,1116,6525
P84054,20.11046,1056,5251
P84056,17.91956,646,3605
P84059,14.58481,1031,7069
P84061,16.1284,824,5109
P84064,14.73357,1659,11260
P84065,15.34884,528,3440
P84066,18.6021,1187,6381
P84067,14.70752,1056,7180
P84068,13.5005,2552,18903
P84070,17.56283,1153,6565
P84071,10.68314,441,4128
P84072,10.97658,3327,30310
P84074,16.70642,1471,8805
P84605,25.97484,413,1590
P84611,12.18781,854,7007
P84626,11.70799,595,5082
P84630,16.33663,3531,21614
P84635,15.75728,644,4087
P84637,18.96172,431,2273
P84639,14.4208,488,3384
P84644,10.20149,562,5509
P84645,14.99521,782,5215
P84650,12.70665,661,5202
P84651,18.48988,813,4397
P84663,17.29505,789,4562
P84665,14.55682,629,4321
P84669,16.19189,2609,16113
P84672,11.90397,357,2999
P84673,19.41456,2454,12640
P84678,9.29102,1300,13992
P84679,23.31395,401,1720
P84683,11.57668,1561,13484
P84684,11.66568,589,5049
P84689,12.56781,1390,11060
P84690,20.04435,452,2255
P85002,22.01567,1208,5487
P85003,13.56989,631,4650
P85004,13.21063,646,4890
P85005,10.57824,847,8007
P85007,19.07314,605,3172
P85010,12.50433,1443,11540
P85011,16.01244,1648,10292
P85012,19.06046,848,4449
P85013,12.61755,2281,18078
P85014,17.66398,921,5214
P85015,14.77043,875,5924
P85016,6.98287,848,12144
P85017,12.98442,1042,8025
P85018,17.52434,630,3595
P85019,14.85416,825,5554
P85020,20.67841,1268,6132
P85021,18.76015,1501,8001
P85022,17.2873,701,4055
P85026,12.84733,1720,13388
P85601,16.13546,405,2510
P85605,13.17487,776,5890
P85606,16.2782,866,5320
P85608,25.85132,539,2085
P85610,14.5712,926,6355
P85612,11.03979,344,3116
P85614,17.58593,660,3753
P85615,12.09921,1083,8951
P85622,14.25747,1154,8094
P86001,14.38295,972,6758
P86002,18.86535,276,1463
P86003,10.36552,950,9165
P86004,14.28182,1048,7338
P86005,21.15272,1079,5101
P86006,14.26383,1955,13706
P86007,18.89509,2100,11114
P86008,16.63347,1336,8032
P86009,16.02661,1373,8567
P86010,14.02151,978,6975
P86011,15.95789,1137,7125
P86012,19.73183,1398,7085
P86013,13.23101,681,5147
P86014,14.02488,868,6189
P86015,16.34136,787,4816
P86016,21.48148,1537,7155
P86017,13.96237,512,3667
P86018,12.12038,878,7244
P86019,15.35104,1266,8247
P86021,12.77139,400,3132
P86022,15.57089,1151,7392
P86023,13.99182,1061,7583
P86026,17.12195,1053,6150
P86602,21.01731,595,2831
P86606,24.54627,825,3361
P86608,12.86068,468,3639
P86609,12.79307,251,1962
P86614,11.02426,409,3710
P86619,10.89598,529,4855
P86620,22.36724,497,2222
P86624,14.31688,525,3667
P87002,13.43299,1303,9700
P87004,12.02673,1566,13021
P87008,12.86709,942,7321
P87015,14.32854,956,6672
P87016,6.45786,734,11366
P87017,13.85571,580,4186
P87019,16.95967,1804,10637
P87020,18.19828,2412,13254
P87022,20.18977,383,1897
P87024,20.80882,1981,9520
P87025,14.49014,1205,8316
P87026,17.43282,1862,10681
P87027,17.99595,3107,17265
P87028,12.31912,962,7809
P87032,11.47853,604,5262
P87035,16.33987,1700,10404
P87040,17.98689,1317,7322
P87610,17.24105,1796,10417
P87613,19.78211,690,3488
P87620,14.45908,1120,7746
P87624,5.78076,241,4169
P87625,24.17633,521,2155
P87627,8.25688,234,2834
P87630,26.91368,661,2456
P87634,20.00219,1828,9139
P87639,19.38748,709,3657
P87648,3.88373,159,4094
P87649,17.3493,898,5176
P87651,3.45528,102,2952
P87654,21.07534,2003,9504
P87657,17.59607,609,3461
P87658,17.61859,546,3099
P87661,22.72727,420,1848
P88002,5.06563,274,5409
P88003,15.67647,1285,8197
P88005,16.72742,1606,9601
P88006,8.99625,864,9604
P88007,7.05373,848,12022
P88008,8.23844,586,7113
P88009,12.06012,329,2728
P88011,20.66682,1841,8908
P88012,9.20955,621,6743
P88013,13.20968,1403,10621
P88014,15.25465,623,4084
P88015,5.30837,550,10361
P88016,13.70532,1572,11470
P88017,9.04004,517,5719
P88018,14.968,1263,8438
P88019,14.00223,628,4485
P88020,9.28236,908,9782
P88021,9.34421,550,5886
P88023,8.88044,537,6047
P88024,7.1812,602,8383
P88025,8.45182,749,8862
P88026,12.55566,5583,44466
P88031,9.59658,471,4908
P88041,4.45386,305,6848
P88042,8.45346,475,5619
P88043,26.71407,1991,7453
P88044,13.90506,621,4466
P88606,11.41832,541,4738
P88615,19.17808,560,2920
P88623,6.76493,436,6445
P88625,13.33533,890,6674
P88632,16.95997,2525,14888
P89002,14.45566,2406,16644
P89003,15.49313,1285,8294
P89004,11.15589,609,5459
P89005,12.26182,843,6875
P89006,10.67079,1034,9690
P89007,16.56394,1075,6490
P89008,17.39583,2509,14423
P89010,12.21234,796,6518
P89011,15.50648,646,4166
P89012,18.46181,1061,5747
P89013,25.25853,977,3868
P89014,16.43467,1712,10417
P89015,14.91129,2639,17698
P89016,16.60015,1123,6765
P89018,17.26165,1233,7143
P89020,17.68224,1094,6187
P89021,15.7032,1437,9151
P89022,21.66489,609,2811
P89023,16.14919,801,4960
P89025,15.82792,390,2464
P89026,16.87975,911,5397
P89029,13.37528,829,6198
P89030,18.48512,615,3327
P89602,13.18017,436,3308
P89609,18.05128,704,3900
P89612,16.17801,309,1910
P89613,16.72701,462,2762
P89618,13.66186,341,2496
P91003,7.42987,490,6595
P91004,8.29212,570,6874
P91006,10.97958,1215,11066
P91007,8.13259,422,5189
P91008,5.30245,277,5224
P91009,10.06841,942,9356
P91011,5.17353,240,4639
P91012,10.09942,640,6337
P91013,14.44645,1361,9421
P91014,8.42997,1134,13452
P91016,8.75657,650,7423
P91017,11.17443,804,7195
P91018,14.93135,1827,12236
P91019,24.00273,704,2933
P91020,15.94073,1248,7829
P91021,11.42611,1459,12769
P91026,19.62271,1009,5142
P91029,11.4028,1125,9866
P91035,8.68117,938,10805
P91603,7.4988,468,6241
P91604,5.57937,768,13765
P91617,12.02628,238,1979
P91623,6.72909,424,6301
P91627,14.23724,1007,7073
P91629,14.04521,1777,12652
P91631,4.967,143,2879
P92001,10.85691,522,4808
P92002,7.23758,322,4449
P92003,13.98206,1138,8139
P92004,16.71438,1051,6288
P92005,11.25828,408,3624
P92006,16.84394,871,5171
P92007,19.21649,1035,5386
P92008,12.43734,918,7381
P92010,10.66803,1046,9805
P92011,16.81792,1149,6832
P92012,15.11929,583,3856
P92014,7.66147,860,11225
P92015,9.68481,507,5235
P92016,13.67437,2208,16147
P92017,6.35074,721,11353
P92019,18.28789,1536,8399
P92020,9.54447,396,4149
P92021,16.05133,813,5065
P92023,15.05532,1143,7592
P92024,12.22769,522,4269
P92026,17.11409,1071,6258
P92028,14.33249,569,3970
P92029,18.91524,694,3669
P92030,14.11489,543,3847
P92031,15.39298,566,3677
P92033,17.54342,707,4030
P92034,10.28595,500,4861
P92038,8.56385,226,2639
P92041,12.99224,937,7212
P92042,15.21429,1175,7723
P92602,18.3703,381,2074
P92605,7.86724,512,6508
P92607,13.45379,901,6697
P92615,15.45117,625,4045
P92620,23.01587,1479,6426
P92621,14.74342,543,3683
P92626,13.76147,705,5123
P92630,15.60226,386,2474
P92633,14.99136,434,2895
P92634,10.49894,444,4229
P92635,17.77399,313,1761
P92637,9.59196,315,3284
P92639,13.90416,354,2546
P92642,11.45258,518,4523
P92646,8.56661,254,2965
P92647,11.80771,646,5471
P92648,7.77136,363,4671
P92651,15.56694,729,4683
Y00020,14.6464,1166,7961
Y00026,17.06183,367,2151
Y00033,16.8635,871,5165
Y00050,18.19782,1034,5682
Y00057,12.76665,1580,12376
Y00078,18.07312,786,4349
Y00080,10.72192,652,6081
Y00090,12.91229,873,6761
Y00137,13.9506,3705,26558
Y00140,14.86864,266,1789
Y00155,10.87262,927,8526
Y00159,13.53202,3419,25266
Y00184,16.67318,1279,7671
Y00185,9.99261,946,9467
Y00186,17.36215,233,1342
Y00200,17.08003,668,3911
Y00206,16.88391,1386,8209
Y00228,11.167,222,1988
Y00252,8.4818,219,2582
Y00265,16.55038,2040,12326
Y00278,16.94625,495,2921
Y00286,15.25424,432,2832
Y00293,12.3449,975,7898
Y00297,18.57392,745,4011
Y00312,15.74716,568,3607
Y00316,12.37885,562,4540
Y00344,24.62217,391,1588
Y00347,14.14708,656,4637
Y00351,14.87889,1505,10115
Y00352,9.22209,1732,18781
Y00399,16.56531,572,3453
Y00403,19.44084,1349,6939
Y00411,20.80615,1977,9502
Y00412,10.46658,498,4758
Y00437,11.53939,961,8328
Y00445,22.67277,3517,15512
Y00446,8.62069,235,2726
Y00469,18.24094,1767,9687
Y00471,15.82876,1039,6564
Y00475,7.90948,353,4463
Y00486,14.86846,893,6006
Y00492,22.3638,1527,6828
Y00507,12.93047,398,3078
Y00560,10.73571,1414,13171
Y00568,17.20276,722,4197
Y00612,20.95142,828,3952
Y00726,17.24138,755,4379
Y00758,16.22288,329,2028
Y00774,20.15158,904,4486
Y00902,22.21488,672,3025
Y00918,9.62722,532,5526
Y00969,13.59602,1394,10253
Y00996,21.27931,835,3924
Y00999,14.35123,1283,8940
Y01008,17.28247,7905,45740
Y01011,16.27932,1527,9380
Y01050,15.63074,1021,6532
Y01051,19.90108,1529,7683
Y01057,54.82494,642,1171
Y01066,14.66009,1130,7708
Y01068,11.17363,417,3732
Y01090,6.94345,485,6985
Y01108,13.22418,420,3176
Y01118,19.37302,550,2839
Y01127,12.95896,720,5556
Y01132,10.94776,1251,11427
Y01163,11.08871,385,3472
Y01206,7.91158,680,8595
Y01221,8.89874,261,2933
Y01280,14.19525,269,1895
Y01281,9.22003,370,4013
Y01291,15.77693,1324,8392
Y01652,9.19519,497,5405
Y01655,12.78399,1086,8495
Y01690,27.75338,1580,5693
Y01695,18.13595,611,3369
Y01719,15.75165,1096,6958
Y01756,14.10354,741,5254
Y01794,16.12696,2012,12476
Y01795,13.6964,840,6133
Y01812,15.8375,1458,9206
Y01839,16.15282,964,5968
Y01922,14.40952,1513,10500
Y01929,16.32745,6851,41960
Y01948,44.63119,956,2142
Y01964,14.74501,3192,21648
Y02002,12.76119,2504,19622
Y02117,16.36259,2269,13867
Y02177,22.76498,1235,5425
Y02212,20.69426,465,2247
Y02274,22.31874,668,2993
Y02319,18.0616,1079,5974
Y02321,16.80162,747,4446
Y02322,19.14297,1434,7491
Y02325,19.54603,775,3965
Y02332,10.44479,1524,14591
Y02342,6.8259,543,7955
Y02354,14.31143,1113,7777
Y02378,14.3448,763,5319
Y02423,7.64452,2941,38472
Y02463,23.65797,2349,9929
Y02466,8.45223,782,9252
Y02469,11.2779,864,7661
Y02476,15.43365,1840,11922
Y02494,16.17625,1094,6763
Y02510,14.65657,813,5547
Y02517,19.54256,2888,14778
Y02519,29.23372,2289,7830
Y02520,15.48355,626,4043
Y02521,19.08599,1516,7943
Y02567,16.85319,768,4557
Y02571,11.90912,781,6558
Y02575,14.85542,2466,16600
Y02578,15.97294,1865,11676
Y02586,17.79854,705,3961
Y02589,13.498,1246,9231
Y02594,10.28596,241,2343
Y02605,21.25172,618,2908
Y02606,25.12853,1173,4668
Y02611,9.62034,1158,12037
Y02622,13.2232,1977,14951
Y02626,19.75884,721,3649
Y02627,22.17386,1987,8961
Y02633,11.47476,575,5011
Y02636,18.87678,1005,5324
Y02639,13.99144,1046,7476
Y02646,14.69306,1180,8031
Y02653,24.07848,810,3364
Y02657,23.71955,1519,6404
Y02663,17.04276,574,3368
Y02669,31.48797,1348,4281
Y02671,12.46583,1824,14632
Y02672,14.7448,1560,10580
Y02676,21.30138,1902,8929
Y02684,40.68241,1240,3048
Y02686,17.69912,1320,7458
Y02692,5.59034,750,13416
Y02701,18.11899,1206,6656
Y02707,20.76583,1128,5432
Y02713,14.73569,538,3651
Y02718,18.47922,627,3393
Y02720,18.21429,612,3360
Y02721,21.44652,768,3581
Y02736,18.37004,976,5313
Y02747,15.65429,2188,13977
Y02751,18.60175,1788,9612
Y02753,23.11569,1009,4365
Y02755,19.29825,1463,7581
Y02757,17.59669,1788,10161
Y02767,15.3111,785,5127
Y02769,15.10616,989,6547
Y02787,31.86109,1789,5615
Y02790,15.55064,843,5421
Y02794,10.40249,902,8671
Y02795,18.87935,748,3962
Y02807,17.1624,1656,9649
Y02811,12.97884,1196,9215
Y02827,14.0211,545,3887
Y02842,18.69083,1382,7394
Y02847,22.991,2120,9221
Y02849,13.54661,1969,14535
Y02867,26.00367,991,3811
Y02875,18.74831,695,3707
Y02885,23.70322,722,3046
Y02886,11.44661,417,3643
Y02890,14.45381,823,5694
Y02893,17.57676,2971,16903
Y02900,10.3833,1731,16671
Y02906,14.34747,1228,8559
Y02928,12.11509,2337,19290
Y02933,20.72226,1337,6452
Y02936,19.23782,525,2729
Y02946,14.0854,1115,7916
Y02960,15.59976,792,5077
Y02973,15.15152,1040,6864
Y02974,11.22407,1104,9836
Y02986,17.94989,788,4390
Y02987,12.41828,3229,26002
Y03023,13.7292,3704,26979
Y03035,14.24702,2630,18460
Y03049,16.5523,2195,13261
Y03052,12.90157,1510,11704
Y03063,17.07813,1259,7372
Y03079,12.76546,1647,12902
Y03124,16.52599,744,4502
Y03135,21.78998,1826,8380
Y03222,13.21492,744,5630
Y03366,12.19396,513,4207
Y03402,20.2127,3174,15703
Y03441,14.12639,1216,8608
Y03595,16.21668,943,5815
Y03597,11.01438,582,5284
Y03602,5.98733,312,5211
Y03663,13.08201,1048,8011
Y03664,14.46292,1061,7336
Y03755,11.26381,1336,11861
Y04266,18.43388,605,3282
Y04273,11.24131,1957,17409
Y04662,11.81536,494,4181
Y04664,4.85462,187,3852
Y04809,20.16086,376,1865
Y04882,18.55358,490,2641
Y04884,11.38976,327,2871
Y04925,7.43063,474,6379
Y04957,16.93127,4703,27777
Y04965,18.05612,3134,17357
Y04969,25.42464,943,3709
Y04977,21.42093,1001,4673
Y04995,28.62701,4562,15936
Y05023,14.68392,590,4018
Y05080,11.21783,292,2603
Y05167,29.6156,3128,10562
Y05212,17.3247,803,4635
Y05248,18.09009,502,2775
Y05286,18.66406,2484,13309
Y05317,16.07991,982,6107
Y05318,16.69411,811,4858
Y05330,14.96471,636,4250
Y05346,23.44448,682,2909
Y05349,14.7162,713,4845
Y05363,21.39703,533,2491
Y05364,21.10553,588,2786
Y05369,11.52423,623,5406
Y05622,21.51563,812,3774
Y05690,15.40541,855,5550
Y05733,19.80924,1080,5452
Y05826,12.77908,601,4703
Y06007,22.21447,1591,7162
Y06218,15.61445,1202,7698
Y06275,28.55735,1449,5074
Y06356,17.95856,1404,7818
Y06378,20.24631,1085,5359
Y06443,15.2496,1616,10597
Y06659,17.84087,509,2853
Y06792,22.05541,1234,5595
Y06810,11.74282,1357,11556
Y07014,18.30094,2081,11371
Y07025,19.24434,1309,6802
Y07057,20.83795,2069,9929
Y07059,15.9072,2482,15603
Y07060,21.51348,4452,20694
Y07275,20.64087,496,2403
Y08371,11.6215,253,2177
